Date|symbol|sector|quantity|buy_price|price
2024-01-02|CVX|Integrated Oil & Gas - Energy|6|149.48|149.48
2024-01-02|WYNN|Casinos & Gaming - Consumer Discretionary|10|94.6|94.6
2024-01-02|ZTS|Pharmaceuticals - Health Care|5|196.57|196.57
2024-01-02|ZBRA|Electronic Equipment & Instruments - Information Technology|3|267.98|267.98
2024-01-02|ZBH|Health Care Equipment - Health Care|8|121.39|121.39
2024-01-02|YUM|Restaurants - Consumer Discretionary|7|129.03|129.03
2024-01-02|XYL|Industrial Machinery & Supplies & Components - Industrials|8|113.67|113.67
2024-01-02|XOM|Integrated Oil & Gas - Energy|1|102.36|102.36
2024-01-02|XEL|Multi-Utilities - Utilities|15|63.47|63.47
2024-01-02|WY|Timber REITs - Real Estate|28|34.79|34.79
2024-01-02|WTW|Insurance Brokers - Financials|4|239.95|239.95
2024-01-02|WST|Health Care Supplies - Health Care|1|348.69|348.69
2024-01-02|WRB|Property & Casualty Insurance - Financials|5|48.1|48.1
2024-01-03|CVX|Integrated Oil & Gas - Energy|6|149.48|152.33
2024-01-03|WYNN|Casinos & Gaming - Consumer Discretionary|10|94.6|94.03
2024-01-03|ZTS|Pharmaceuticals - Health Care|5|196.57|192.93
2024-01-03|ZBH|Health Care Equipment - Health Care|8|121.39|120.47
2024-01-03|YUM|Restaurants - Consumer Discretionary|7|129.03|129.1
2024-01-03|XYL|Industrial Machinery & Supplies & Components - Industrials|8|113.67|111.56
2024-01-03|XOM|Integrated Oil & Gas - Energy|1|102.36|103.22
2024-01-03|XEL|Multi-Utilities - Utilities|15|63.47|63.58
2024-01-03|WY|Timber REITs - Real Estate|28|34.79|34.06
2024-01-03|WTW|Insurance Brokers - Financials|4|239.95|240.63
2024-01-03|WST|Health Care Supplies - Health Care|1|348.69|338.27
2024-01-03|WRB|Property & Casualty Insurance - Financials|5|48.1|48.37
2024-01-03|MPC|Oil & Gas Refining & Marketing - Energy|4|157.89|157.89
2024-01-03|BWA|Automotive Parts & Equipment - Consumer Discretionary|3|34.03|34.03
2024-01-03|WBD|Broadcasting - Communication Services|2|11.3|11.3
2024-01-11|CVX|Integrated Oil & Gas - Energy|6|149.48|145.28
2024-01-11|WYNN|Casinos & Gaming - Consumer Discretionary|10|94.6|93.9
2024-01-11|ZTS|Pharmaceuticals - Health Care|5|196.57|196.71
2024-01-11|ZBH|Health Care Equipment - Health Care|8|121.39|122.38
2024-01-11|YUM|Restaurants - Consumer Discretionary|7|129.03|129.0
2024-01-11|XYL|Industrial Machinery & Supplies & Components - Industrials|8|113.67|111.67
2024-01-11|XOM|Integrated Oil & Gas - Energy|1|102.36|98.67
2024-01-11|XEL|Multi-Utilities - Utilities|15|63.47|61.0
2024-01-11|WY|Timber REITs - Real Estate|28|34.79|33.85
2024-01-11|WTW|Insurance Brokers - Financials|4|239.95|247.07
2024-01-11|WST|Health Care Supplies - Health Care|1|348.69|354.63
2024-01-11|WRB|Property & Casualty Insurance - Financials|5|48.1|48.59
2024-01-11|MPC|Oil & Gas Refining & Marketing - Energy|4|157.89|155.39
2024-01-11|BWA|Automotive Parts & Equipment - Consumer Discretionary|3|34.03|34.07
2024-01-11|WBD|Broadcasting - Communication Services|2|10.54|10.54
2024-01-16|CVX|Integrated Oil & Gas - Energy|6|149.48|143.69
2024-01-16|WYNN|Casinos & Gaming - Consumer Discretionary|10|94.6|94.56
2024-01-16|ZTS|Pharmaceuticals - Health Care|5|196.57|192.99
2024-01-16|ZBH|Health Care Equipment - Health Care|8|121.39|122.64
2024-01-16|YUM|Restaurants - Consumer Discretionary|7|129.03|129.81
2024-01-16|XYL|Industrial Machinery & Supplies & Components - Industrials|8|113.67|110.96
2024-01-16|XOM|Integrated Oil & Gas - Energy|1|102.36|97.69
2024-01-16|XEL|Multi-Utilities - Utilities|15|63.47|60.91
2024-01-16|WY|Timber REITs - Real Estate|28|34.79|33.07
2024-01-16|WTW|Insurance Brokers - Financials|4|239.95|245.79
2024-01-16|WST|Health Care Supplies - Health Care|1|348.69|346.5
2024-01-16|WRB|Property & Casualty Insurance - Financials|5|48.1|48.87
2024-01-16|MPC|Oil & Gas Refining & Marketing - Energy|4|157.89|154.12
2024-01-16|BWA|Automotive Parts & Equipment - Consumer Discretionary|3|34.03|33.11
2024-01-16|WBD|Broadcasting - Communication Services|2|10.54|10.35
2024-01-16|WBD|Broadcasting - Communication Services|1|10.35|10.35
2024-01-17|CVX|Integrated Oil & Gas - Energy|6|149.48|143.12
2024-01-17|WYNN|Casinos & Gaming - Consumer Discretionary|10|94.6|91.16
2024-01-17|ZTS|Pharmaceuticals - Health Care|5|196.57|190.9
2024-01-17|ZBH|Health Care Equipment - Health Care|8|121.39|122.23
2024-01-17|YUM|Restaurants - Consumer Discretionary|7|129.03|129.08
2024-01-17|XYL|Industrial Machinery & Supplies & Components - Industrials|8|113.67|109.69
2024-01-17|WTW|Insurance Brokers - Financials|4|239.95|247.07
2024-01-17|WST|Health Care Supplies - Health Care|1|348.69|339.51
2024-01-17|WRB|Property & Casualty Insurance - Financials|5|48.1|49.15
2024-01-17|MPC|Oil & Gas Refining & Marketing - Energy|4|157.89|152.0
2024-01-17|BWA|Automotive Parts & Equipment - Consumer Discretionary|3|34.03|32.71
2024-01-17|WBD|Broadcasting - Communication Services|2|10.54|10.16
2024-01-17|WBD|Broadcasting - Communication Services|1|10.35|10.16
2024-01-17|FOXA|Broadcasting - Communication Services|31|30.64|30.64
2024-01-17|WMT|Consumer Staples Merchandise Retail - Consumer Staples|17|53.69|53.69
2024-01-17|WY|Timber REITs - Real Estate|1|32.47|32.47
2024-01-17|HBAN|Regional Banks - Financials|1|12.24|12.24
2024-01-18|WYNN|Casinos & Gaming - Consumer Discretionary|10|94.6|94.1
2024-01-18|ZTS|Pharmaceuticals - Health Care|5|196.57|190.5
2024-01-18|ZBH|Health Care Equipment - Health Care|8|121.39|123.83
2024-01-18|YUM|Restaurants - Consumer Discretionary|7|129.03|130.46
2024-01-18|XYL|Industrial Machinery & Supplies & Components - Industrials|8|113.67|111.4
2024-01-18|WTW|Insurance Brokers - Financials|4|239.95|247.77
2024-01-18|WST|Health Care Supplies - Health Care|1|348.69|342.87
2024-01-18|WRB|Property & Casualty Insurance - Financials|5|48.1|49.59
2024-01-18|MPC|Oil & Gas Refining & Marketing - Energy|4|157.89|151.8
2024-01-18|BWA|Automotive Parts & Equipment - Consumer Discretionary|3|34.03|32.75
2024-01-18|WBD|Broadcasting - Communication Services|2|10.54|10.28
2024-01-18|WBD|Broadcasting - Communication Services|1|10.35|10.28
2024-01-18|FOXA|Broadcasting - Communication Services|31|30.64|30.87
2024-01-18|WMT|Consumer Staples Merchandise Retail - Consumer Staples|17|53.69|54.41
2024-01-18|WY|Timber REITs - Real Estate|1|32.47|32.59
2024-01-18|HBAN|Regional Banks - Financials|1|12.24|12.24
2024-01-18|ZBRA|Electronic Equipment & Instruments - Information Technology|3|249.59|249.59
2024-01-18|XOM|Integrated Oil & Gas - Energy|1|96.8|96.8
2024-01-24|WYNN|Casinos & Gaming - Consumer Discretionary|10|94.6|94.29
2024-01-24|ZBH|Health Care Equipment - Health Care|8|121.39|120.52
2024-01-24|YUM|Restaurants - Consumer Discretionary|7|129.03|129.44
2024-01-24|XYL|Industrial Machinery & Supplies & Components - Industrials|8|113.67|111.7
2024-01-24|WTW|Insurance Brokers - Financials|4|239.95|250.99
2024-01-24|WST|Health Care Supplies - Health Care|1|348.69|348.71
2024-01-24|WRB|Property & Casualty Insurance - Financials|5|48.1|51.79
2024-01-24|MPC|Oil & Gas Refining & Marketing - Energy|4|157.89|155.1
2024-01-24|BWA|Automotive Parts & Equipment - Consumer Discretionary|3|34.03|33.27
2024-01-24|WBD|Broadcasting - Communication Services|2|10.54|10.41
2024-01-24|WBD|Broadcasting - Communication Services|1|10.35|10.41
2024-01-24|FOXA|Broadcasting - Communication Services|31|30.64|31.41
2024-01-24|WMT|Consumer Staples Merchandise Retail - Consumer Staples|17|53.69|53.5
2024-01-24|WY|Timber REITs - Real Estate|1|32.47|33.13
2024-01-24|HBAN|Regional Banks - Financials|1|12.24|13.08
2024-01-24|ZBRA|Electronic Equipment & Instruments - Information Technology|3|249.59|254.17
2024-01-24|XOM|Integrated Oil & Gas - Energy|1|96.8|99.6
2024-01-24|ZTS|Pharmaceuticals - Health Care|5|186.07|186.07
2024-01-25|WYNN|Casinos & Gaming - Consumer Discretionary|10|94.6|96.41
2024-01-25|ZBH|Health Care Equipment - Health Care|8|121.39|121.96
2024-01-25|YUM|Restaurants - Consumer Discretionary|7|129.03|130.22
2024-01-25|XYL|Industrial Machinery & Supplies & Components - Industrials|8|113.67|112.98
2024-01-25|WTW|Insurance Brokers - Financials|4|239.95|250.72
2024-01-25|WST|Health Care Supplies - Health Care|1|348.69|354.22
2024-01-25|MPC|Oil & Gas Refining & Marketing - Energy|4|157.89|157.27
2024-01-25|BWA|Automotive Parts & Equipment - Consumer Discretionary|3|34.03|33.79
2024-01-25|WBD|Broadcasting - Communication Services|2|10.54|10.58
2024-01-25|WBD|Broadcasting - Communication Services|1|10.35|10.58
2024-01-25|FOXA|Broadcasting - Communication Services|31|30.64|32.13
2024-01-25|WMT|Consumer Staples Merchandise Retail - Consumer Staples|17|53.69|54.28
2024-01-25|WY|Timber REITs - Real Estate|1|32.47|33.32
2024-01-25|HBAN|Regional Banks - Financials|1|12.24|12.94
2024-01-25|ZBRA|Electronic Equipment & Instruments - Information Technology|3|249.59|256.99
2024-01-25|XOM|Integrated Oil & Gas - Energy|1|96.8|102.13
2024-01-25|ZTS|Pharmaceuticals - Health Care|5|186.07|187.32
2024-01-25|PG|Personal Care Products - Consumer Staples|1|155.62|155.62
2024-01-25|XOM|Integrated Oil & Gas - Energy|1|102.13|102.13
2024-01-25|VTRS|Pharmaceuticals - Health Care|2|11.74|11.74
2024-02-05|WYNN|Casinos & Gaming - Consumer Discretionary|10|94.6|97.49
2024-02-05|ZBH|Health Care Equipment - Health Care|8|121.39|125.36
2024-02-05|YUM|Restaurants - Consumer Discretionary|7|129.03|126.33
2024-02-05|XYL|Industrial Machinery & Supplies & Components - Industrials|8|113.67|114.08
2024-02-05|WTW|Insurance Brokers - Financials|4|239.95|250.46
2024-02-05|MPC|Oil & Gas Refining & Marketing - Energy|4|157.89|171.12
2024-02-05|BWA|Automotive Parts & Equipment - Consumer Discretionary|3|34.03|33.48
2024-02-05|WBD|Broadcasting - Communication Services|2|10.54|10.07
2024-02-05|WBD|Broadcasting - Communication Services|1|10.35|10.07
2024-02-05|FOXA|Broadcasting - Communication Services|31|30.64|31.41
2024-02-05|WMT|Consumer Staples Merchandise Retail - Consumer Staples|17|53.69|56.22
2024-02-05|WY|Timber REITs - Real Estate|1|32.47|32.37
2024-02-05|HBAN|Regional Banks - Financials|1|12.24|12.4
2024-02-05|ZBRA|Electronic Equipment & Instruments - Information Technology|3|249.59|242.07
2024-02-05|XOM|Integrated Oil & Gas - Energy|1|96.8|101.55
2024-02-05|ZTS|Pharmaceuticals - Health Care|5|186.07|190.17
2024-02-05|PG|Personal Care Products - Consumer Staples|1|155.62|158.21
2024-02-05|XOM|Integrated Oil & Gas - Energy|1|102.13|101.55
2024-02-05|VTRS|Pharmaceuticals - Health Care|2|11.74|11.58
2024-02-05|CEG|Electric Utilities - Utilities|3|127.03|127.03
2024-02-05|VTRS|Pharmaceuticals - Health Care|1|11.58|11.58
2024-02-06|WYNN|Casinos & Gaming - Consumer Discretionary|10|94.6|100.06
2024-02-06|ZBH|Health Care Equipment - Health Care|8|121.39|127.6
2024-02-06|YUM|Restaurants - Consumer Discretionary|7|129.03|127.27
2024-02-06|XYL|Industrial Machinery & Supplies & Components - Industrials|8|113.67|119.56
2024-02-06|MPC|Oil & Gas Refining & Marketing - Energy|4|157.89|166.64
2024-02-06|BWA|Automotive Parts & Equipment - Consumer Discretionary|3|34.03|34.07
2024-02-06|WBD|Broadcasting - Communication Services|2|10.54|10.07
2024-02-06|WBD|Broadcasting - Communication Services|1|10.35|10.07
2024-02-06|FOXA|Broadcasting - Communication Services|31|30.64|31.62
2024-02-06|WMT|Consumer Staples Merchandise Retail - Consumer Staples|17|53.69|56.6
2024-02-06|WY|Timber REITs - Real Estate|1|32.47|32.81
2024-02-06|HBAN|Regional Banks - Financials|1|12.24|12.37
2024-02-06|ZBRA|Electronic Equipment & Instruments - Information Technology|3|249.59|242.49
2024-02-06|XOM|Integrated Oil & Gas - Energy|1|96.8|102.25
2024-02-06|ZTS|Pharmaceuticals - Health Care|5|186.07|196.14
2024-02-06|PG|Personal Care Products - Consumer Staples|1|155.62|158.96
2024-02-06|XOM|Integrated Oil & Gas - Energy|1|102.13|102.25
2024-02-06|VTRS|Pharmaceuticals - Health Care|2|11.74|11.89
2024-02-06|CEG|Electric Utilities - Utilities|3|127.03|131.01
2024-02-06|VTRS|Pharmaceuticals - Health Care|1|11.58|11.89
2024-02-06|ODFL|Cargo Ground Transportation - Industrials|4|212.77|212.77
2024-02-06|XOM|Integrated Oil & Gas - Energy|2|102.25|102.25
2024-02-06|WBD|Broadcasting - Communication Services|1|10.07|10.07
2024-02-06|VTRS|Pharmaceuticals - Health Care|1|11.89|11.89
2024-02-07|WYNN|Casinos & Gaming - Consumer Discretionary|10|94.6|99.83
2024-02-07|ZBH|Health Care Equipment - Health Care|8|121.39|127.55
2024-02-07|YUM|Restaurants - Consumer Discretionary|7|129.03|129.64
2024-02-07|XYL|Industrial Machinery & Supplies & Components - Industrials|8|113.67|123.35
2024-02-07|MPC|Oil & Gas Refining & Marketing - Energy|4|157.89|169.59
2024-02-07|BWA|Automotive Parts & Equipment - Consumer Discretionary|3|34.03|33.83
2024-02-07|FOXA|Broadcasting - Communication Services|31|30.64|29.47
2024-02-07|WMT|Consumer Staples Merchandise Retail - Consumer Staples|17|53.69|56.46
2024-02-07|WY|Timber REITs - Real Estate|1|32.47|32.86
2024-02-07|HBAN|Regional Banks - Financials|1|12.24|12.35
2024-02-07|ZBRA|Electronic Equipment & Instruments - Information Technology|3|249.59|247.11
2024-02-07|XOM|Integrated Oil & Gas - Energy|1|96.8|102.22
2024-02-07|ZTS|Pharmaceuticals - Health Care|5|186.07|197.09
2024-02-07|PG|Personal Care Products - Consumer Staples|1|155.62|159.12
2024-02-07|XOM|Integrated Oil & Gas - Energy|1|102.13|102.22
2024-02-07|VTRS|Pharmaceuticals - Health Care|2|11.74|11.74
2024-02-07|CEG|Electric Utilities - Utilities|3|127.03|132.5
2024-02-07|VTRS|Pharmaceuticals - Health Care|1|11.58|11.74
2024-02-07|ODFL|Cargo Ground Transportation - Industrials|4|212.77|216.23
2024-02-07|XOM|Integrated Oil & Gas - Energy|2|102.25|102.22
2024-02-07|WBD|Broadcasting - Communication Services|1|10.07|9.75
2024-02-07|VTRS|Pharmaceuticals - Health Care|1|11.89|11.74
2024-02-07|WBD|Broadcasting - Communication Services|3|9.75|9.75
2024-02-08|ZBH|Health Care Equipment - Health Care|8|121.39|123.04
2024-02-08|YUM|Restaurants - Consumer Discretionary|7|129.03|130.4
2024-02-08|XYL|Industrial Machinery & Supplies & Components - Industrials|8|113.67|122.38
2024-02-08|MPC|Oil & Gas Refining & Marketing - Energy|4|157.89|169.68
2024-02-08|WMT|Consumer Staples Merchandise Retail - Consumer Staples|17|53.69|56.46
2024-02-08|WY|Timber REITs - Real Estate|1|32.47|33.01
2024-02-08|HBAN|Regional Banks - Financials|1|12.24|12.32
2024-02-08|ZBRA|Electronic Equipment & Instruments - Information Technology|3|249.59|247.12
2024-02-08|XOM|Integrated Oil & Gas - Energy|1|96.8|103.97
2024-02-08|ZTS|Pharmaceuticals - Health Care|5|186.07|195.75
2024-02-08|PG|Personal Care Products - Consumer Staples|1|155.62|158.64
2024-02-08|XOM|Integrated Oil & Gas - Energy|1|102.13|103.97
2024-02-08|VTRS|Pharmaceuticals - Health Care|2|11.74|11.56
2024-02-08|CEG|Electric Utilities - Utilities|3|127.03|130.72
2024-02-08|VTRS|Pharmaceuticals - Health Care|1|11.58|11.56
2024-02-08|ODFL|Cargo Ground Transportation - Industrials|4|212.77|217.58
2024-02-08|XOM|Integrated Oil & Gas - Energy|2|102.25|103.97
2024-02-08|WBD|Broadcasting - Communication Services|1|10.07|9.83
2024-02-08|VTRS|Pharmaceuticals - Health Care|1|11.89|11.56
2024-02-08|WBD|Broadcasting - Communication Services|3|9.75|9.83
2024-02-08|SNPS|Application Software - Information Technology|1|570.69|570.69
2024-02-08|EG|Reinsurance - Financials|2|354.56|354.56
2024-02-08|PLTR|Internet Services & Infrastructure - Information Technology|31|24.51|24.51
2024-02-08|WBD|Broadcasting - Communication Services|1|9.83|9.83
2024-02-13|ZBH|Health Care Equipment - Health Care|8|121.39|123.16
2024-02-13|YUM|Restaurants - Consumer Discretionary|7|129.03|131.21
2024-02-13|XYL|Industrial Machinery & Supplies & Components - Industrials|8|113.67|121.73
2024-02-13|MPC|Oil & Gas Refining & Marketing - Energy|4|157.89|169.88
2024-02-13|WMT|Consumer Staples Merchandise Retail - Consumer Staples|17|53.69|56.38
2024-02-13|WY|Timber REITs - Real Estate|1|32.47|32.84
2024-02-13|HBAN|Regional Banks - Financials|1|12.24|12.34
2024-02-13|ZBRA|Electronic Equipment & Instruments - Information Technology|3|249.59|245.8
2024-02-13|XOM|Integrated Oil & Gas - Energy|1|96.8|101.34
2024-02-13|ZTS|Pharmaceuticals - Health Care|5|186.07|183.49
2024-02-13|PG|Personal Care Products - Consumer Staples|1|155.62|156.27
2024-02-13|XOM|Integrated Oil & Gas - Energy|1|102.13|101.34
2024-02-13|VTRS|Pharmaceuticals - Health Care|2|11.74|11.97
2024-02-13|CEG|Electric Utilities - Utilities|3|127.03|127.91
2024-02-13|VTRS|Pharmaceuticals - Health Care|1|11.58|11.97
2024-02-13|ODFL|Cargo Ground Transportation - Industrials|4|212.77|211.97
2024-02-13|XOM|Integrated Oil & Gas - Energy|2|102.25|101.34
2024-02-13|VTRS|Pharmaceuticals - Health Care|1|11.89|11.97
2024-02-13|WBD|Broadcasting - Communication Services|3|9.75|9.54
2024-02-13|SNPS|Application Software - Information Technology|1|570.69|548.53
2024-02-13|EG|Reinsurance - Financials|2|354.56|368.16
2024-02-13|PLTR|Internet Services & Infrastructure - Information Technology|31|24.51|24.01
2024-02-13|WBD|Broadcasting - Communication Services|1|9.83|9.54
2024-02-13|WBD|Broadcasting - Communication Services|1|9.54|9.54
2024-02-15|ZBH|Health Care Equipment - Health Care|8|121.39|124.4
2024-02-15|YUM|Restaurants - Consumer Discretionary|7|129.03|135.4
2024-02-15|XYL|Industrial Machinery & Supplies & Components - Industrials|8|113.67|124.42
2024-02-15|MPC|Oil & Gas Refining & Marketing - Energy|4|157.89|171.31
2024-02-15|WMT|Consumer Staples Merchandise Retail - Consumer Staples|17|53.69|56.43
2024-02-15|WY|Timber REITs - Real Estate|1|32.47|33.42
2024-02-15|HBAN|Regional Banks - Financials|1|12.24|12.84
2024-02-15|XOM|Integrated Oil & Gas - Energy|1|96.8|103.73
2024-02-15|ZTS|Pharmaceuticals - Health Care|5|186.07|189.65
2024-02-15|PG|Personal Care Products - Consumer Staples|1|155.62|157.01
2024-02-15|XOM|Integrated Oil & Gas - Energy|1|102.13|103.73
2024-02-15|VTRS|Pharmaceuticals - Health Care|2|11.74|12.82
2024-02-15|CEG|Electric Utilities - Utilities|3|127.03|131.5
2024-02-15|ODFL|Cargo Ground Transportation - Industrials|4|212.77|216.16
2024-02-15|XOM|Integrated Oil & Gas - Energy|2|102.25|103.73
2024-02-15|VTRS|Pharmaceuticals - Health Care|1|11.89|12.82
2024-02-15|WBD|Broadcasting - Communication Services|3|9.75|10.14
2024-02-15|SNPS|Application Software - Information Technology|1|570.69|557.83
2024-02-15|EG|Reinsurance - Financials|2|354.56|374.38
2024-02-15|PLTR|Internet Services & Infrastructure - Information Technology|31|24.51|25.41
2024-02-15|WBD|Broadcasting - Communication Services|1|9.83|10.14
2024-02-15|WBD|Broadcasting - Communication Services|1|9.54|10.14
2024-02-15|CRL|Life Sciences Tools & Services - Health Care|3|245.4|245.4
2024-02-15|XOM|Integrated Oil & Gas - Energy|1|103.73|103.73
2024-02-15|WBD|Broadcasting - Communication Services|2|10.14|10.14
2024-02-16|ZBH|Health Care Equipment - Health Care|8|121.39|124.71
2024-02-16|YUM|Restaurants - Consumer Discretionary|7|129.03|134.55
2024-02-16|XYL|Industrial Machinery & Supplies & Components - Industrials|8|113.67|123.79
2024-02-16|MPC|Oil & Gas Refining & Marketing - Energy|4|157.89|170.01
2024-02-16|WMT|Consumer Staples Merchandise Retail - Consumer Staples|17|53.69|56.79
2024-02-16|WY|Timber REITs - Real Estate|1|32.47|32.99
2024-02-16|HBAN|Regional Banks - Financials|1|12.24|12.87
2024-02-16|XOM|Integrated Oil & Gas - Energy|1|96.8|103.73
2024-02-16|ZTS|Pharmaceuticals - Health Care|5|186.07|188.39
2024-02-16|PG|Personal Care Products - Consumer Staples|1|155.62|157.51
2024-02-16|XOM|Integrated Oil & Gas - Energy|1|102.13|103.73
2024-02-16|CEG|Electric Utilities - Utilities|3|127.03|131.16
2024-02-16|ODFL|Cargo Ground Transportation - Industrials|4|212.77|211.73
2024-02-16|XOM|Integrated Oil & Gas - Energy|2|102.25|103.73
2024-02-16|VTRS|Pharmaceuticals - Health Care|1|11.89|13.06
2024-02-16|WBD|Broadcasting - Communication Services|3|9.75|9.83
2024-02-16|SNPS|Application Software - Information Technology|1|570.69|552.91
2024-02-16|EG|Reinsurance - Financials|2|354.56|367.87
2024-02-16|PLTR|Internet Services & Infrastructure - Information Technology|31|24.51|24.44
2024-02-16|WBD|Broadcasting - Communication Services|1|9.83|9.83
2024-02-16|WBD|Broadcasting - Communication Services|1|9.54|9.83
2024-02-16|CRL|Life Sciences Tools & Services - Health Care|3|245.4|244.96
2024-02-16|XOM|Integrated Oil & Gas - Energy|1|103.73|103.73
2024-02-16|WBD|Broadcasting - Communication Services|2|10.14|9.83
2024-02-16|WBD|Broadcasting - Communication Services|3|9.83|9.83
2024-02-20|ZBH|Health Care Equipment - Health Care|8|121.39|124.98
2024-02-20|YUM|Restaurants - Consumer Discretionary|7|129.03|133.95
2024-02-20|XYL|Industrial Machinery & Supplies & Components - Industrials|8|113.67|124.1
2024-02-20|MPC|Oil & Gas Refining & Marketing - Energy|4|157.89|164.29
2024-02-20|WMT|Consumer Staples Merchandise Retail - Consumer Staples|17|53.69|58.62
2024-02-20|WY|Timber REITs - Real Estate|1|32.47|33.06
2024-02-20|HBAN|Regional Banks - Financials|1|12.24|12.76
2024-02-20|XOM|Integrated Oil & Gas - Energy|1|96.8|102.75
2024-02-20|ZTS|Pharmaceuticals - Health Care|5|186.07|186.55
2024-02-20|PG|Personal Care Products - Consumer Staples|1|155.62|158.51
2024-02-20|XOM|Integrated Oil & Gas - Energy|1|102.13|102.75
2024-02-20|CEG|Electric Utilities - Utilities|3|127.03|131.8
2024-02-20|ODFL|Cargo Ground Transportation - Industrials|4|212.77|209.71
2024-02-20|XOM|Integrated Oil & Gas - Energy|2|102.25|102.75
2024-02-20|WBD|Broadcasting - Communication Services|3|9.75|9.89
2024-02-20|SNPS|Application Software - Information Technology|1|570.69|547.98
2024-02-20|EG|Reinsurance - Financials|2|354.56|368.11
2024-02-20|PLTR|Internet Services & Infrastructure - Information Technology|31|24.51|23.4
2024-02-20|WBD|Broadcasting - Communication Services|1|9.83|9.89
2024-02-20|WBD|Broadcasting - Communication Services|1|9.54|9.89
2024-02-20|CRL|Life Sciences Tools & Services - Health Care|3|245.4|238.94
2024-02-20|XOM|Integrated Oil & Gas - Energy|1|103.73|102.75
2024-02-20|WBD|Broadcasting - Communication Services|2|10.14|9.89
2024-02-20|WBD|Broadcasting - Communication Services|3|9.83|9.89
2024-02-20|WBD|Broadcasting - Communication Services|1|9.89|9.89
2024-02-21|ZBH|Health Care Equipment - Health Care|8|121.39|128.35
2024-02-21|YUM|Restaurants - Consumer Discretionary|7|129.03|135.23
2024-02-21|XYL|Industrial Machinery & Supplies & Components - Industrials|8|113.67|123.49
2024-02-21|MPC|Oil & Gas Refining & Marketing - Energy|4|157.89|166.05
2024-02-21|WMT|Consumer Staples Merchandise Retail - Consumer Staples|17|53.69|57.9
2024-02-21|WY|Timber REITs - Real Estate|1|32.47|33.16
2024-02-21|HBAN|Regional Banks - Financials|1|12.24|12.87
2024-02-21|XOM|Integrated Oil & Gas - Energy|1|96.8|104.85
2024-02-21|ZTS|Pharmaceuticals - Health Care|5|186.07|188.38
2024-02-21|PG|Personal Care Products - Consumer Staples|1|155.62|160.4
2024-02-21|XOM|Integrated Oil & Gas - Energy|1|102.13|104.85
2024-02-21|CEG|Electric Utilities - Utilities|3|127.03|131.4
2024-02-21|ODFL|Cargo Ground Transportation - Industrials|4|212.77|212.21
2024-02-21|XOM|Integrated Oil & Gas - Energy|2|102.25|104.85
2024-02-21|WBD|Broadcasting - Communication Services|3|9.75|9.57
2024-02-21|SNPS|Application Software - Information Technology|1|570.69|543.57
2024-02-21|EG|Reinsurance - Financials|2|354.56|361.9
2024-02-21|WBD|Broadcasting - Communication Services|1|9.83|9.57
2024-02-21|WBD|Broadcasting - Communication Services|1|9.54|9.57
2024-02-21|CRL|Life Sciences Tools & Services - Health Care|3|245.4|241.1
2024-02-21|XOM|Integrated Oil & Gas - Energy|1|103.73|104.85
2024-02-21|WBD|Broadcasting - Communication Services|3|9.83|9.57
2024-02-21|WBD|Broadcasting - Communication Services|1|9.89|9.57
2024-02-21|EL|Personal Care Products - Consumer Staples|4|147.48|147.48
2024-02-21|XOM|Integrated Oil & Gas - Energy|1|104.85|104.85
2024-02-21|WY|Timber REITs - Real Estate|1|33.16|33.16
2024-02-22|ZBH|Health Care Equipment - Health Care|8|121.39|128.54
2024-02-22|YUM|Restaurants - Consumer Discretionary|7|129.03|137.33
2024-02-22|MPC|Oil & Gas Refining & Marketing - Energy|4|157.89|167.75
2024-02-22|WMT|Consumer Staples Merchandise Retail - Consumer Staples|17|53.69|58.47
2024-02-22|WY|Timber REITs - Real Estate|1|32.47|33.69
2024-02-22|HBAN|Regional Banks - Financials|1|12.24|12.86
2024-02-22|XOM|Integrated Oil & Gas - Energy|1|96.8|104.76
2024-02-22|ZTS|Pharmaceuticals - Health Care|5|186.07|196.66
2024-02-22|PG|Personal Care Products - Consumer Staples|1|155.62|160.56
2024-02-22|XOM|Integrated Oil & Gas - Energy|1|102.13|104.76
2024-02-22|CEG|Electric Utilities - Utilities|3|127.03|133.39
2024-02-22|ODFL|Cargo Ground Transportation - Industrials|4|212.77|218.46
2024-02-22|XOM|Integrated Oil & Gas - Energy|2|102.25|104.76
2024-02-22|WBD|Broadcasting - Communication Services|3|9.75|9.56
2024-02-22|SNPS|Application Software - Information Technology|1|570.69|580.9
2024-02-22|EG|Reinsurance - Financials|2|354.56|370.45
2024-02-22|WBD|Broadcasting - Communication Services|1|9.83|9.56
2024-02-22|WBD|Broadcasting - Communication Services|1|9.54|9.56
2024-02-22|CRL|Life Sciences Tools & Services - Health Care|3|245.4|246.9
2024-02-22|XOM|Integrated Oil & Gas - Energy|1|103.73|104.76
2024-02-22|WBD|Broadcasting - Communication Services|3|9.83|9.56
2024-02-22|WBD|Broadcasting - Communication Services|1|9.89|9.56
2024-02-22|EL|Personal Care Products - Consumer Staples|4|147.48|148.67
2024-02-22|XOM|Integrated Oil & Gas - Energy|1|104.85|104.76
2024-02-22|WY|Timber REITs - Real Estate|1|33.16|33.69
2024-02-22|OKE|Oil & Gas Storage & Transportation - Energy|13|73.72|73.72
2024-02-22|DAL|Passenger Airlines - Industrials|1|42.12|42.12
2024-02-23|ZBH|Health Care Equipment - Health Care|8|121.39|129.18
2024-02-23|YUM|Restaurants - Consumer Discretionary|7|129.03|138.32
2024-02-23|MPC|Oil & Gas Refining & Marketing - Energy|4|157.89|169.54
2024-02-23|WMT|Consumer Staples Merchandise Retail - Consumer Staples|17|53.69|58.52
2024-02-23|WY|Timber REITs - Real Estate|1|32.47|33.38
2024-02-23|HBAN|Regional Banks - Financials|1|12.24|12.86
2024-02-23|XOM|Integrated Oil & Gas - Energy|1|96.8|103.84
2024-02-23|ZTS|Pharmaceuticals - Health Care|5|186.07|197.21
2024-02-23|PG|Personal Care Products - Consumer Staples|1|155.62|161.03
2024-02-23|XOM|Integrated Oil & Gas - Energy|1|102.13|103.84
2024-02-23|CEG|Electric Utilities - Utilities|3|127.03|133.99
2024-02-23|ODFL|Cargo Ground Transportation - Industrials|4|212.77|220.11
2024-02-23|XOM|Integrated Oil & Gas - Energy|2|102.25|103.84
2024-02-23|SNPS|Application Software - Information Technology|1|570.69|575.65
2024-02-23|EG|Reinsurance - Financials|2|354.56|370.88
2024-02-23|CRL|Life Sciences Tools & Services - Health Care|3|245.4|247.71
2024-02-23|XOM|Integrated Oil & Gas - Energy|1|103.73|103.84
2024-02-23|EL|Personal Care Products - Consumer Staples|4|147.48|149.99
2024-02-23|XOM|Integrated Oil & Gas - Energy|1|104.85|103.84
2024-02-23|WY|Timber REITs - Real Estate|1|33.16|33.38
2024-02-23|OKE|Oil & Gas Storage & Transportation - Energy|13|73.72|72.97
2024-02-23|DAL|Passenger Airlines - Industrials|1|42.12|41.72
2024-02-23|JCI|Building Products - Industrials|1|58.44|58.44
2024-02-23|WBD|Broadcasting - Communication Services|2|8.61|8.61
2024-02-26|ZBH|Health Care Equipment - Health Care|8|121.39|126.88
2024-02-26|YUM|Restaurants - Consumer Discretionary|7|129.03|138.06
2024-02-26|MPC|Oil & Gas Refining & Marketing - Energy|4|157.89|172.44
2024-02-26|WY|Timber REITs - Real Estate|1|32.47|32.78
2024-02-26|HBAN|Regional Banks - Financials|1|12.24|12.78
2024-02-26|XOM|Integrated Oil & Gas - Energy|1|96.8|104.25
2024-02-26|ZTS|Pharmaceuticals - Health Care|5|186.07|197.04
2024-02-26|PG|Personal Care Products - Consumer Staples|1|155.62|160.22
2024-02-26|XOM|Integrated Oil & Gas - Energy|1|102.13|104.25
2024-02-26|CEG|Electric Utilities - Utilities|3|127.03|133.22
2024-02-26|ODFL|Cargo Ground Transportation - Industrials|4|212.77|222.95
2024-02-26|XOM|Integrated Oil & Gas - Energy|2|102.25|104.25
2024-02-26|SNPS|Application Software - Information Technology|1|570.69|575.7
2024-02-26|EG|Reinsurance - Financials|2|354.56|367.0
2024-02-26|CRL|Life Sciences Tools & Services - Health Care|3|245.4|249.56
2024-02-26|XOM|Integrated Oil & Gas - Energy|1|103.73|104.25
2024-02-26|EL|Personal Care Products - Consumer Staples|4|147.48|145.02
2024-02-26|XOM|Integrated Oil & Gas - Energy|1|104.85|104.25
2024-02-26|WY|Timber REITs - Real Estate|1|33.16|32.78
2024-02-26|OKE|Oil & Gas Storage & Transportation - Energy|13|73.72|72.91
2024-02-26|DAL|Passenger Airlines - Industrials|1|42.12|41.79
2024-02-26|JCI|Building Products - Industrials|1|58.44|58.58
2024-02-26|WBD|Broadcasting - Communication Services|2|8.61|8.55
2024-02-26|SBUX|Restaurants - Consumer Discretionary|1|94.28|94.28
2024-02-26|ZBRA|Electronic Equipment & Instruments - Information Technology|3|278.06|278.06
2024-02-26|XEL|Multi-Utilities - Utilities|1|58.05|58.05
2024-02-26|WBD|Broadcasting - Communication Services|3|8.55|8.55
2024-02-27|ZBH|Health Care Equipment - Health Care|8|121.39|126.37
2024-02-27|YUM|Restaurants - Consumer Discretionary|7|129.03|137.04
2024-02-27|MPC|Oil & Gas Refining & Marketing - Energy|4|157.89|171.13
2024-02-27|WY|Timber REITs - Real Estate|1|32.47|32.9
2024-02-27|HBAN|Regional Banks - Financials|1|12.24|13.02
2024-02-27|XOM|Integrated Oil & Gas - Energy|1|96.8|104.03
2024-02-27|ZTS|Pharmaceuticals - Health Care|5|186.07|199.0
2024-02-27|PG|Personal Care Products - Consumer Staples|1|155.62|159.3
2024-02-27|XOM|Integrated Oil & Gas - Energy|1|102.13|104.03
2024-02-27|ODFL|Cargo Ground Transportation - Industrials|4|212.77|220.53
2024-02-27|XOM|Integrated Oil & Gas - Energy|2|102.25|104.03
2024-02-27|SNPS|Application Software - Information Technology|1|570.69|574.0
2024-02-27|EG|Reinsurance - Financials|2|354.56|367.71
2024-02-27|CRL|Life Sciences Tools & Services - Health Care|3|245.4|252.95
2024-02-27|XOM|Integrated Oil & Gas - Energy|1|103.73|104.03
2024-02-27|EL|Personal Care Products - Consumer Staples|4|147.48|148.51
2024-02-27|XOM|Integrated Oil & Gas - Energy|1|104.85|104.03
2024-02-27|WY|Timber REITs - Real Estate|1|33.16|32.9
2024-02-27|OKE|Oil & Gas Storage & Transportation - Energy|13|73.72|74.37
2024-02-27|DAL|Passenger Airlines - Industrials|1|42.12|41.98
2024-02-27|JCI|Building Products - Industrials|1|58.44|59.42
2024-02-27|WBD|Broadcasting - Communication Services|2|8.61|8.7
2024-02-27|SBUX|Restaurants - Consumer Discretionary|1|94.28|94.13
2024-02-27|ZBRA|Electronic Equipment & Instruments - Information Technology|3|278.06|275.78
2024-02-27|XEL|Multi-Utilities - Utilities|1|58.05|58.28
2024-02-27|WBD|Broadcasting - Communication Services|3|8.55|8.7
2024-02-27|WELL|Health Care REITs - Real Estate|5|92.12|92.12
2024-02-27|WBD|Broadcasting - Communication Services|1|8.7|8.7
2024-02-29|ZBH|Health Care Equipment - Health Care|8|121.39|124.36
2024-02-29|YUM|Restaurants - Consumer Discretionary|7|129.03|138.42
2024-02-29|MPC|Oil & Gas Refining & Marketing - Energy|4|157.89|169.23
2024-02-29|WY|Timber REITs - Real Estate|1|32.47|34.38
2024-02-29|HBAN|Regional Banks - Financials|1|12.24|13.04
2024-02-29|XOM|Integrated Oil & Gas - Energy|1|96.8|104.52
2024-02-29|ZTS|Pharmaceuticals - Health Care|5|186.07|198.33
2024-02-29|PG|Personal Care Products - Consumer Staples|1|155.62|158.94
2024-02-29|XOM|Integrated Oil & Gas - Energy|1|102.13|104.52
2024-02-29|ODFL|Cargo Ground Transportation - Industrials|4|212.77|221.24
2024-02-29|XOM|Integrated Oil & Gas - Energy|2|102.25|104.52
2024-02-29|SNPS|Application Software - Information Technology|1|570.69|573.73
2024-02-29|EG|Reinsurance - Financials|2|354.56|368.88
2024-02-29|CRL|Life Sciences Tools & Services - Health Care|3|245.4|254.19
2024-02-29|XOM|Integrated Oil & Gas - Energy|1|103.73|104.52
2024-02-29|EL|Personal Care Products - Consumer Staples|4|147.48|148.58
2024-02-29|XOM|Integrated Oil & Gas - Energy|1|104.85|104.52
2024-02-29|WY|Timber REITs - Real Estate|1|33.16|34.38
2024-02-29|OKE|Oil & Gas Storage & Transportation - Energy|13|73.72|75.12
2024-02-29|DAL|Passenger Airlines - Industrials|1|42.12|42.27
2024-02-29|JCI|Building Products - Industrials|1|58.44|59.27
2024-02-29|WBD|Broadcasting - Communication Services|2|8.61|8.79
2024-02-29|SBUX|Restaurants - Consumer Discretionary|1|94.28|94.9
2024-02-29|ZBRA|Electronic Equipment & Instruments - Information Technology|3|278.06|279.48
2024-02-29|WBD|Broadcasting - Communication Services|3|8.55|8.79
2024-02-29|WELL|Health Care REITs - Real Estate|5|92.12|92.16
2024-02-29|WBD|Broadcasting - Communication Services|1|8.7|8.79
2024-02-29|XEL|Multi-Utilities - Utilities|1|52.69|52.69
2024-03-01|ZBH|Health Care Equipment - Health Care|8|121.39|124.01
2024-03-01|YUM|Restaurants - Consumer Discretionary|7|129.03|137.42
2024-03-01|MPC|Oil & Gas Refining & Marketing - Energy|4|157.89|173.21
2024-03-01|WY|Timber REITs - Real Estate|1|32.47|34.91
2024-03-01|HBAN|Regional Banks - Financials|1|12.24|12.95
2024-03-01|XOM|Integrated Oil & Gas - Energy|1|96.8|105.84
2024-03-01|ZTS|Pharmaceuticals - Health Care|5|186.07|190.82
2024-03-01|PG|Personal Care Products - Consumer Staples|1|155.62|158.85
2024-03-01|XOM|Integrated Oil & Gas - Energy|1|102.13|105.84
2024-03-01|ODFL|Cargo Ground Transportation - Industrials|4|212.77|222.14
2024-03-01|XOM|Integrated Oil & Gas - Energy|2|102.25|105.84
2024-03-01|SNPS|Application Software - Information Technology|1|570.69|591.35
2024-03-01|EG|Reinsurance - Financials|2|354.56|369.92
2024-03-01|CRL|Life Sciences Tools & Services - Health Care|3|245.4|264.38
2024-03-01|XOM|Integrated Oil & Gas - Energy|1|103.73|105.84
2024-03-01|EL|Personal Care Products - Consumer Staples|4|147.48|148.83
2024-03-01|XOM|Integrated Oil & Gas - Energy|1|104.85|105.84
2024-03-01|WY|Timber REITs - Real Estate|1|33.16|34.91
2024-03-01|OKE|Oil & Gas Storage & Transportation - Energy|13|73.72|75.13
2024-03-01|DAL|Passenger Airlines - Industrials|1|42.12|42.16
2024-03-01|JCI|Building Products - Industrials|1|58.44|60.12
2024-03-01|WBD|Broadcasting - Communication Services|2|8.61|8.67
2024-03-01|SBUX|Restaurants - Consumer Discretionary|1|94.28|93.16
2024-03-01|ZBRA|Electronic Equipment & Instruments - Information Technology|3|278.06|289.64
2024-03-01|WBD|Broadcasting - Communication Services|3|8.55|8.67
2024-03-01|WELL|Health Care REITs - Real Estate|5|92.12|92.72
2024-03-01|WBD|Broadcasting - Communication Services|1|8.7|8.67
2024-03-01|XEL|Multi-Utilities - Utilities|1|49.57|49.57
2024-03-04|ZBH|Health Care Equipment - Health Care|8|121.39|125.51
2024-03-04|YUM|Restaurants - Consumer Discretionary|7|129.03|138.55
2024-03-04|WY|Timber REITs - Real Estate|1|32.47|35.36
2024-03-04|HBAN|Regional Banks - Financials|1|12.24|13.36
2024-03-04|XOM|Integrated Oil & Gas - Energy|1|96.8|104.36
2024-03-04|ZTS|Pharmaceuticals - Health Care|5|186.07|187.86
2024-03-04|PG|Personal Care Products - Consumer Staples|1|155.62|159.56
2024-03-04|XOM|Integrated Oil & Gas - Energy|1|102.13|104.36
2024-03-04|ODFL|Cargo Ground Transportation - Industrials|4|212.77|223.12
2024-03-04|XOM|Integrated Oil & Gas - Energy|2|102.25|104.36
2024-03-04|SNPS|Application Software - Information Technology|1|570.69|594.32
2024-03-04|EG|Reinsurance - Financials|2|354.56|367.5
2024-03-04|CRL|Life Sciences Tools & Services - Health Care|3|245.4|258.92
2024-03-04|XOM|Integrated Oil & Gas - Energy|1|103.73|104.36
2024-03-04|EL|Personal Care Products - Consumer Staples|4|147.48|147.78
2024-03-04|XOM|Integrated Oil & Gas - Energy|1|104.85|104.36
2024-03-04|WY|Timber REITs - Real Estate|1|33.16|35.36
2024-03-04|OKE|Oil & Gas Storage & Transportation - Energy|13|73.72|76.56
2024-03-04|DAL|Passenger Airlines - Industrials|1|42.12|41.57
2024-03-04|JCI|Building Products - Industrials|1|58.44|60.36
2024-03-04|SBUX|Restaurants - Consumer Discretionary|1|94.28|92.46
2024-03-04|ZBRA|Electronic Equipment & Instruments - Information Technology|3|278.06|291.65
2024-03-04|WELL|Health Care REITs - Real Estate|5|92.12|93.4
2024-03-04|XEL|Multi-Utilities - Utilities|1|49.57|51.06
2024-03-04|PEG|Electric Utilities - Utilities|11|63.36|63.36
2024-03-04|WY|Timber REITs - Real Estate|1|35.36|35.36
2024-03-04|WBD|Broadcasting - Communication Services|1|8.11|8.11
2024-03-05|ZBH|Health Care Equipment - Health Care|8|121.39|124.78
2024-03-05|YUM|Restaurants - Consumer Discretionary|7|129.03|138.7
2024-03-05|WY|Timber REITs - Real Estate|1|32.47|34.44
2024-03-05|XOM|Integrated Oil & Gas - Energy|1|96.8|105.64
2024-03-05|ZTS|Pharmaceuticals - Health Care|5|186.07|185.23
2024-03-05|PG|Personal Care Products - Consumer Staples|1|155.62|159.32
2024-03-05|XOM|Integrated Oil & Gas - Energy|1|102.13|105.64
2024-03-05|ODFL|Cargo Ground Transportation - Industrials|4|212.77|215.04
2024-03-05|XOM|Integrated Oil & Gas - Energy|2|102.25|105.64
2024-03-05|SNPS|Application Software - Information Technology|1|570.69|565.26
2024-03-05|EG|Reinsurance - Financials|2|354.56|366.93
2024-03-05|CRL|Life Sciences Tools & Services - Health Care|3|245.4|261.27
2024-03-05|XOM|Integrated Oil & Gas - Energy|1|103.73|105.64
2024-03-05|EL|Personal Care Products - Consumer Staples|4|147.48|147.32
2024-03-05|XOM|Integrated Oil & Gas - Energy|1|104.85|105.64
2024-03-05|WY|Timber REITs - Real Estate|1|33.16|34.44
2024-03-05|OKE|Oil & Gas Storage & Transportation - Energy|13|73.72|77.52
2024-03-05|DAL|Passenger Airlines - Industrials|1|42.12|41.8
2024-03-05|JCI|Building Products - Industrials|1|58.44|60.35
2024-03-05|SBUX|Restaurants - Consumer Discretionary|1|94.28|91.22
2024-03-05|ZBRA|Electronic Equipment & Instruments - Information Technology|3|278.06|284.54
2024-03-05|WELL|Health Care REITs - Real Estate|5|92.12|91.55
2024-03-05|XEL|Multi-Utilities - Utilities|1|49.57|48.65
2024-03-05|PEG|Electric Utilities - Utilities|11|63.36|64.21
2024-03-05|WY|Timber REITs - Real Estate|1|35.36|34.44
2024-03-05|WBD|Broadcasting - Communication Services|1|8.11|8.14
2024-03-05|HBAN|Regional Banks - Financials|1|13.66|13.66
2024-03-06|ZBH|Health Care Equipment - Health Care|8|121.39|125.83
2024-03-06|YUM|Restaurants - Consumer Discretionary|7|129.03|139.55
2024-03-06|WY|Timber REITs - Real Estate|1|32.47|34.56
2024-03-06|ZTS|Pharmaceuticals - Health Care|5|186.07|183.53
2024-03-06|PG|Personal Care Products - Consumer Staples|1|155.62|159.57
2024-03-06|XOM|Integrated Oil & Gas - Energy|1|102.13|106.77
2024-03-06|ODFL|Cargo Ground Transportation - Industrials|4|212.77|217.73
2024-03-06|XOM|Integrated Oil & Gas - Energy|2|102.25|106.77
2024-03-06|SNPS|Application Software - Information Technology|1|570.69|575.97
2024-03-06|EG|Reinsurance - Financials|2|354.56|370.18
2024-03-06|CRL|Life Sciences Tools & Services - Health Care|3|245.4|263.44
2024-03-06|XOM|Integrated Oil & Gas - Energy|1|103.73|106.77
2024-03-06|EL|Personal Care Products - Consumer Staples|4|147.48|145.41
2024-03-06|XOM|Integrated Oil & Gas - Energy|1|104.85|106.77
2024-03-06|WY|Timber REITs - Real Estate|1|33.16|34.56
2024-03-06|OKE|Oil & Gas Storage & Transportation - Energy|13|73.72|77.59
2024-03-06|DAL|Passenger Airlines - Industrials|1|42.12|42.02
2024-03-06|JCI|Building Products - Industrials|1|58.44|60.51
2024-03-06|SBUX|Restaurants - Consumer Discretionary|1|94.28|91.65
2024-03-06|ZBRA|Electronic Equipment & Instruments - Information Technology|3|278.06|287.27
2024-03-06|WELL|Health Care REITs - Real Estate|5|92.12|92.07
2024-03-06|XEL|Multi-Utilities - Utilities|1|49.57|48.44
2024-03-06|PEG|Electric Utilities - Utilities|11|63.36|64.89
2024-03-06|WY|Timber REITs - Real Estate|1|35.36|34.56
2024-03-06|WBD|Broadcasting - Communication Services|1|8.11|8.41
2024-03-06|HBAN|Regional Banks - Financials|1|13.66|13.55
2024-03-06|NKE|Apparel, Accessories & Luxury Goods - Consumer Discretionary|1|97.63|97.63
2024-03-06|WBD|Broadcasting - Communication Services|1|8.41|8.41
2024-03-07|ZBH|Health Care Equipment - Health Care|8|121.39|127.36
2024-03-07|YUM|Restaurants - Consumer Discretionary|7|129.03|140.38
2024-03-07|WY|Timber REITs - Real Estate|1|32.47|34.37
2024-03-07|ZTS|Pharmaceuticals - Health Care|5|186.07|181.51
2024-03-07|PG|Personal Care Products - Consumer Staples|1|155.62|160.62
2024-03-07|XOM|Integrated Oil & Gas - Energy|1|102.13|107.37
2024-03-07|ODFL|Cargo Ground Transportation - Industrials|4|212.77|221.54
2024-03-07|XOM|Integrated Oil & Gas - Energy|2|102.25|107.37
2024-03-07|SNPS|Application Software - Information Technology|1|570.69|583.35
2024-03-07|EG|Reinsurance - Financials|2|354.56|367.5
2024-03-07|XOM|Integrated Oil & Gas - Energy|1|103.73|107.37
2024-03-07|EL|Personal Care Products - Consumer Staples|4|147.48|148.17
2024-03-07|XOM|Integrated Oil & Gas - Energy|1|104.85|107.37
2024-03-07|WY|Timber REITs - Real Estate|1|33.16|34.37
2024-03-07|OKE|Oil & Gas Storage & Transportation - Energy|13|73.72|77.44
2024-03-07|DAL|Passenger Airlines - Industrials|1|42.12|42.78
2024-03-07|JCI|Building Products - Industrials|1|58.44|61.32
2024-03-07|SBUX|Restaurants - Consumer Discretionary|1|94.28|90.95
2024-03-07|ZBRA|Electronic Equipment & Instruments - Information Technology|3|278.06|288.59
2024-03-07|WELL|Health Care REITs - Real Estate|5|92.12|92.04
2024-03-07|XEL|Multi-Utilities - Utilities|1|49.57|50.04
2024-03-07|PEG|Electric Utilities - Utilities|11|63.36|65.26
2024-03-07|WY|Timber REITs - Real Estate|1|35.36|34.37
2024-03-07|WBD|Broadcasting - Communication Services|1|8.11|8.74
2024-03-07|HBAN|Regional Banks - Financials|1|13.66|13.53
2024-03-07|NKE|Apparel, Accessories & Luxury Goods - Consumer Discretionary|1|97.63|98.19
2024-03-07|WBD|Broadcasting - Communication Services|1|8.41|8.74
2024-03-07|ES|Electric Utilities - Utilities|5|59.42|59.42
2024-03-07|BMY|Pharmaceuticals - Health Care|2|53.28|53.28
2024-03-07|MTB|Regional Banks - Financials|2|143.37|143.37
2024-03-07|EXC|Electric Utilities - Utilities|1|36.83|36.83
2024-03-07|TAP|Brewers - Consumer Staples|1|64.02|64.02
2024-03-07|WBD|Broadcasting - Communication Services|2|8.74|8.74
2024-03-11|ZBH|Health Care Equipment - Health Care|8|121.39|128.04
2024-03-11|YUM|Restaurants - Consumer Discretionary|7|129.03|140.08
2024-03-11|WY|Timber REITs - Real Estate|1|32.47|35.07
2024-03-11|ZTS|Pharmaceuticals - Health Care|5|186.07|183.49
2024-03-11|PG|Personal Care Products - Consumer Staples|1|155.62|161.55
2024-03-11|XOM|Integrated Oil & Gas - Energy|1|102.13|109.02
2024-03-11|ODFL|Cargo Ground Transportation - Industrials|4|212.77|216.44
2024-03-11|XOM|Integrated Oil & Gas - Energy|2|102.25|109.02
2024-03-11|SNPS|Application Software - Information Technology|1|570.69|565.32
2024-03-11|EG|Reinsurance - Financials|2|354.56|379.67
2024-03-11|XOM|Integrated Oil & Gas - Energy|1|103.73|109.02
2024-03-11|EL|Personal Care Products - Consumer Staples|4|147.48|153.92
2024-03-11|XOM|Integrated Oil & Gas - Energy|1|104.85|109.02
2024-03-11|WY|Timber REITs - Real Estate|1|33.16|35.07
2024-03-11|OKE|Oil & Gas Storage & Transportation - Energy|13|73.72|77.29
2024-03-11|DAL|Passenger Airlines - Industrials|1|42.12|42.68
2024-03-11|JCI|Building Products - Industrials|1|58.44|61.21
2024-03-11|SBUX|Restaurants - Consumer Discretionary|1|94.28|92.07
2024-03-11|ZBRA|Electronic Equipment & Instruments - Information Technology|3|278.06|280.23
2024-03-11|WELL|Health Care REITs - Real Estate|5|92.12|92.7
2024-03-11|XEL|Multi-Utilities - Utilities|1|49.57|52.91
2024-03-11|PEG|Electric Utilities - Utilities|11|63.36|64.95
2024-03-11|WY|Timber REITs - Real Estate|1|35.36|35.07
2024-03-11|HBAN|Regional Banks - Financials|1|13.66|13.46
2024-03-11|NKE|Apparel, Accessories & Luxury Goods - Consumer Discretionary|1|97.63|101.08
2024-03-11|WBD|Broadcasting - Communication Services|1|8.41|9.07
2024-03-11|ES|Electric Utilities - Utilities|5|59.42|60.65
2024-03-11|BMY|Pharmaceuticals - Health Care|2|53.28|54.36
2024-03-11|MTB|Regional Banks - Financials|2|143.37|142.83
2024-03-11|EXC|Electric Utilities - Utilities|1|36.83|37.19
2024-03-11|TAP|Brewers - Consumer Staples|1|64.02|65.95
2024-03-11|WBD|Broadcasting - Communication Services|2|8.74|9.07
2024-03-11|KEY|Regional Banks - Financials|1|14.92|14.92
2024-03-13|ZBH|Health Care Equipment - Health Care|8|121.39|126.59
2024-03-13|YUM|Restaurants - Consumer Discretionary|7|129.03|138.36
2024-03-13|WY|Timber REITs - Real Estate|1|32.47|34.56
2024-03-13|PG|Personal Care Products - Consumer Staples|1|155.62|162.3
2024-03-13|XOM|Integrated Oil & Gas - Energy|1|102.13|109.53
2024-03-13|ODFL|Cargo Ground Transportation - Industrials|4|212.77|216.91
2024-03-13|XOM|Integrated Oil & Gas - Energy|2|102.25|109.53
2024-03-13|SNPS|Application Software - Information Technology|1|570.69|561.2
2024-03-13|EG|Reinsurance - Financials|2|354.56|386.04
2024-03-13|XOM|Integrated Oil & Gas - Energy|1|103.73|109.53
2024-03-13|EL|Personal Care Products - Consumer Staples|4|147.48|157.94
2024-03-13|XOM|Integrated Oil & Gas - Energy|1|104.85|109.53
2024-03-13|WY|Timber REITs - Real Estate|1|33.16|34.56
2024-03-13|OKE|Oil & Gas Storage & Transportation - Energy|13|73.72|77.12
2024-03-13|DAL|Passenger Airlines - Industrials|1|42.12|43.91
2024-03-13|JCI|Building Products - Industrials|1|58.44|62.3
2024-03-13|SBUX|Restaurants - Consumer Discretionary|1|94.28|91.61
2024-03-13|ZBRA|Electronic Equipment & Instruments - Information Technology|3|278.06|284.5
2024-03-13|WELL|Health Care REITs - Real Estate|5|92.12|92.68
2024-03-13|XEL|Multi-Utilities - Utilities|1|49.57|51.5
2024-03-13|PEG|Electric Utilities - Utilities|11|63.36|63.93
2024-03-13|WY|Timber REITs - Real Estate|1|35.36|34.56
2024-03-13|HBAN|Regional Banks - Financials|1|13.66|13.44
2024-03-13|NKE|Apparel, Accessories & Luxury Goods - Consumer Discretionary|1|97.63|101.36
2024-03-13|WBD|Broadcasting - Communication Services|1|8.41|8.85
2024-03-13|ES|Electric Utilities - Utilities|5|59.42|59.14
2024-03-13|BMY|Pharmaceuticals - Health Care|2|53.28|52.65
2024-03-13|MTB|Regional Banks - Financials|2|143.37|143.19
2024-03-13|EXC|Electric Utilities - Utilities|1|36.83|36.99
2024-03-13|TAP|Brewers - Consumer Staples|1|64.02|66.21
2024-03-13|WBD|Broadcasting - Communication Services|2|8.74|8.85
2024-03-13|KEY|Regional Banks - Financials|1|14.92|14.93
2024-03-13|AVB|Multi-Family Residential REITs - Real Estate|4|186.24|186.24
2024-03-13|HPQ|Technology Hardware, Storage & Peripherals - Information Technology|4|30.75|30.75
2024-03-13|WBD|Broadcasting - Communication Services|1|8.85|8.85
2024-03-15|ZBH|Health Care Equipment - Health Care|8|121.39|125.17
2024-03-15|YUM|Restaurants - Consumer Discretionary|7|129.03|136.84
2024-03-15|WY|Timber REITs - Real Estate|1|32.47|34.33
2024-03-15|PG|Personal Care Products - Consumer Staples|1|155.62|161.38
2024-03-15|XOM|Integrated Oil & Gas - Energy|1|102.13|111.27
2024-03-15|ODFL|Cargo Ground Transportation - Industrials|4|212.77|210.55
2024-03-15|XOM|Integrated Oil & Gas - Energy|2|102.25|111.27
2024-03-15|SNPS|Application Software - Information Technology|1|570.69|550.03
2024-03-15|XOM|Integrated Oil & Gas - Energy|1|103.73|111.27
2024-03-15|EL|Personal Care Products - Consumer Staples|4|147.48|149.75
2024-03-15|XOM|Integrated Oil & Gas - Energy|1|104.85|111.27
2024-03-15|WY|Timber REITs - Real Estate|1|33.16|34.33
2024-03-15|OKE|Oil & Gas Storage & Transportation - Energy|13|73.72|77.0
2024-03-15|DAL|Passenger Airlines - Industrials|1|42.12|43.12
2024-03-15|JCI|Building Products - Industrials|1|58.44|63.19
2024-03-15|SBUX|Restaurants - Consumer Discretionary|1|94.28|90.12
2024-03-15|ZBRA|Electronic Equipment & Instruments - Information Technology|3|278.06|285.86
2024-03-15|WELL|Health Care REITs - Real Estate|5|92.12|91.35
2024-03-15|XEL|Multi-Utilities - Utilities|1|49.57|51.99
2024-03-15|PEG|Electric Utilities - Utilities|11|63.36|63.78
2024-03-15|WY|Timber REITs - Real Estate|1|35.36|34.33
2024-03-15|HBAN|Regional Banks - Financials|1|13.66|13.05
2024-03-15|NKE|Apparel, Accessories & Luxury Goods - Consumer Discretionary|1|97.63|99.64
2024-03-15|WBD|Broadcasting - Communication Services|1|8.41|8.54
2024-03-15|ES|Electric Utilities - Utilities|5|59.42|58.92
2024-03-15|BMY|Pharmaceuticals - Health Care|2|53.28|52.34
2024-03-15|MTB|Regional Banks - Financials|2|143.37|140.53
2024-03-15|EXC|Electric Utilities - Utilities|1|36.83|36.48
2024-03-15|TAP|Brewers - Consumer Staples|1|64.02|67.47
2024-03-15|WBD|Broadcasting - Communication Services|2|8.74|8.54
2024-03-15|KEY|Regional Banks - Financials|1|14.92|14.48
2024-03-15|AVB|Multi-Family Residential REITs - Real Estate|4|186.24|183.82
2024-03-15|HPQ|Technology Hardware, Storage & Peripherals - Information Technology|4|30.75|30.42
2024-03-15|WBD|Broadcasting - Communication Services|1|8.85|8.54
2024-03-15|NOC|Aerospace & Defense - Industrials|1|461.75|461.75
2024-03-15|TSN|Packaged Foods & Meats - Consumer Staples|5|56.15|56.15
2024-03-15|FCX|Copper - Materials|1|44.61|44.61
2024-03-19|ZBH|Health Care Equipment - Health Care|8|121.39|126.66
2024-03-19|YUM|Restaurants - Consumer Discretionary|7|129.03|137.29
2024-03-19|WY|Timber REITs - Real Estate|1|32.47|34.53
2024-03-19|PG|Personal Care Products - Consumer Staples|1|155.62|161.83
2024-03-19|ODFL|Cargo Ground Transportation - Industrials|4|212.77|212.04
2024-03-19|SNPS|Application Software - Information Technology|1|570.69|584.71
2024-03-19|XOM|Integrated Oil & Gas - Energy|1|103.73|113.09
2024-03-19|EL|Personal Care Products - Consumer Staples|4|147.48|146.19
2024-03-19|XOM|Integrated Oil & Gas - Energy|1|104.85|113.09
2024-03-19|WY|Timber REITs - Real Estate|1|33.16|34.53
2024-03-19|OKE|Oil & Gas Storage & Transportation - Energy|13|73.72|78.39
2024-03-19|DAL|Passenger Airlines - Industrials|1|42.12|43.74
2024-03-19|JCI|Building Products - Industrials|1|58.44|63.76
2024-03-19|SBUX|Restaurants - Consumer Discretionary|1|94.28|91.59
2024-03-19|ZBRA|Electronic Equipment & Instruments - Information Technology|3|278.06|285.19
2024-03-19|WELL|Health Care REITs - Real Estate|5|92.12|93.66
2024-03-19|XEL|Multi-Utilities - Utilities|1|49.57|52.43
2024-03-19|PEG|Electric Utilities - Utilities|11|63.36|64.07
2024-03-19|WY|Timber REITs - Real Estate|1|35.36|34.53
2024-03-19|HBAN|Regional Banks - Financials|1|13.66|13.0
2024-03-19|NKE|Apparel, Accessories & Luxury Goods - Consumer Discretionary|1|97.63|99.96
2024-03-19|WBD|Broadcasting - Communication Services|1|8.41|8.5
2024-03-19|ES|Electric Utilities - Utilities|5|59.42|58.8
2024-03-19|BMY|Pharmaceuticals - Health Care|2|53.28|51.8
2024-03-19|MTB|Regional Banks - Financials|2|143.37|139.61
2024-03-19|EXC|Electric Utilities - Utilities|1|36.83|36.81
2024-03-19|TAP|Brewers - Consumer Staples|1|64.02|68.0
2024-03-19|WBD|Broadcasting - Communication Services|2|8.74|8.5
2024-03-19|KEY|Regional Banks - Financials|1|14.92|14.49
2024-03-19|AVB|Multi-Family Residential REITs - Real Estate|4|186.24|182.16
2024-03-19|HPQ|Technology Hardware, Storage & Peripherals - Information Technology|4|30.75|29.82
2024-03-19|WBD|Broadcasting - Communication Services|1|8.85|8.5
2024-03-19|NOC|Aerospace & Defense - Industrials|1|461.75|467.48
2024-03-19|TSN|Packaged Foods & Meats - Consumer Staples|5|56.15|57.17
2024-03-19|FCX|Copper - Materials|1|44.61|44.33
2024-03-19|MRNA|Biotechnology - Health Care|3|105.11|105.11
2024-03-19|CNP|Multi-Utilities - Utilities|1|28.18|28.18
2024-03-21|ZBH|Health Care Equipment - Health Care|8|121.39|127.07
2024-03-21|YUM|Restaurants - Consumer Discretionary|7|129.03|136.57
2024-03-21|WY|Timber REITs - Real Estate|1|32.47|35.53
2024-03-21|PG|Personal Care Products - Consumer Staples|1|155.62|161.86
2024-03-21|ODFL|Cargo Ground Transportation - Industrials|4|212.77|222.41
2024-03-21|SNPS|Application Software - Information Technology|1|570.69|602.01
2024-03-21|XOM|Integrated Oil & Gas - Energy|1|103.73|113.49
2024-03-21|EL|Personal Care Products - Consumer Staples|4|147.48|146.25
2024-03-21|XOM|Integrated Oil & Gas - Energy|1|104.85|113.49
2024-03-21|WY|Timber REITs - Real Estate|1|33.16|35.53
2024-03-21|OKE|Oil & Gas Storage & Transportation - Energy|13|73.72|79.47
2024-03-21|DAL|Passenger Airlines - Industrials|1|42.12|46.0
2024-03-21|SBUX|Restaurants - Consumer Discretionary|1|94.28|91.66
2024-03-21|ZBRA|Electronic Equipment & Instruments - Information Technology|3|278.06|295.06
2024-03-21|WELL|Health Care REITs - Real Estate|5|92.12|93.1
2024-03-21|XEL|Multi-Utilities - Utilities|1|49.57|52.3
2024-03-21|PEG|Electric Utilities - Utilities|11|63.36|63.84
2024-03-21|WY|Timber REITs - Real Estate|1|35.36|35.53
2024-03-21|HBAN|Regional Banks - Financials|1|13.66|13.61
2024-03-21|NKE|Apparel, Accessories & Luxury Goods - Consumer Discretionary|1|97.63|100.82
2024-03-21|WBD|Broadcasting - Communication Services|1|8.41|8.72
2024-03-21|ES|Electric Utilities - Utilities|5|59.42|57.89
2024-03-21|BMY|Pharmaceuticals - Health Care|2|53.28|51.59
2024-03-21|MTB|Regional Banks - Financials|2|143.37|145.85
2024-03-21|EXC|Electric Utilities - Utilities|1|36.83|37.03
2024-03-21|TAP|Brewers - Consumer Staples|1|64.02|67.07
2024-03-21|WBD|Broadcasting - Communication Services|2|8.74|8.72
2024-03-21|KEY|Regional Banks - Financials|1|14.92|15.36
2024-03-21|AVB|Multi-Family Residential REITs - Real Estate|4|186.24|184.79
2024-03-21|HPQ|Technology Hardware, Storage & Peripherals - Information Technology|4|30.75|30.08
2024-03-21|WBD|Broadcasting - Communication Services|1|8.85|8.72
2024-03-21|NOC|Aerospace & Defense - Industrials|1|461.75|467.49
2024-03-21|TSN|Packaged Foods & Meats - Consumer Staples|5|56.15|58.07
2024-03-21|FCX|Copper - Materials|1|44.61|46.24
2024-03-21|MRNA|Biotechnology - Health Care|3|105.11|104.09
2024-03-21|CNP|Multi-Utilities - Utilities|1|28.18|27.99
2024-03-21|IP|Paper & Plastic Packaging Products & Materials - Materials|1|39.88|39.88
2024-03-21|T|Integrated Telecommunication Services - Communication Services|1|17.16|17.16
2024-03-21|WBD|Broadcasting - Communication Services|1|8.72|8.72
2024-03-25|ZBH|Health Care Equipment - Health Care|8|121.39|127.91
2024-03-25|YUM|Restaurants - Consumer Discretionary|7|129.03|134.62
2024-03-25|WY|Timber REITs - Real Estate|1|32.47|35.49
2024-03-25|PG|Personal Care Products - Consumer Staples|1|155.62|160.19
2024-03-25|ODFL|Cargo Ground Transportation - Industrials|4|212.77|217.51
2024-03-25|SNPS|Application Software - Information Technology|1|570.69|584.32
2024-03-25|XOM|Integrated Oil & Gas - Energy|1|104.85|114.65
2024-03-25|WY|Timber REITs - Real Estate|1|33.16|35.49
2024-03-25|OKE|Oil & Gas Storage & Transportation - Energy|13|73.72|79.32
2024-03-25|DAL|Passenger Airlines - Industrials|1|42.12|45.42
2024-03-25|SBUX|Restaurants - Consumer Discretionary|1|94.28|90.67
2024-03-25|ZBRA|Electronic Equipment & Instruments - Information Technology|3|278.06|297.94
2024-03-25|WELL|Health Care REITs - Real Estate|5|92.12|91.27
2024-03-25|XEL|Multi-Utilities - Utilities|1|49.57|52.48
2024-03-25|PEG|Electric Utilities - Utilities|11|63.36|65.32
2024-03-25|WY|Timber REITs - Real Estate|1|35.36|35.49
2024-03-25|HBAN|Regional Banks - Financials|1|13.66|13.37
2024-03-25|NKE|Apparel, Accessories & Luxury Goods - Consumer Discretionary|1|97.63|93.75
2024-03-25|WBD|Broadcasting - Communication Services|1|8.41|8.46
2024-03-25|ES|Electric Utilities - Utilities|5|59.42|57.52
2024-03-25|BMY|Pharmaceuticals - Health Care|2|53.28|52.25
2024-03-25|MTB|Regional Banks - Financials|2|143.37|142.3
2024-03-25|EXC|Electric Utilities - Utilities|1|36.83|36.85
2024-03-25|TAP|Brewers - Consumer Staples|1|64.02|67.67
2024-03-25|WBD|Broadcasting - Communication Services|2|8.74|8.46
2024-03-25|KEY|Regional Banks - Financials|1|14.92|15.19
2024-03-25|AVB|Multi-Family Residential REITs - Real Estate|4|186.24|182.01
2024-03-25|HPQ|Technology Hardware, Storage & Peripherals - Information Technology|4|30.75|29.88
2024-03-25|WBD|Broadcasting - Communication Services|1|8.85|8.46
2024-03-25|NOC|Aerospace & Defense - Industrials|1|461.75|469.32
2024-03-25|TSN|Packaged Foods & Meats - Consumer Staples|5|56.15|58.45
2024-03-25|FCX|Copper - Materials|1|44.61|45.35
2024-03-25|MRNA|Biotechnology - Health Care|3|105.11|110.38
2024-03-25|CNP|Multi-Utilities - Utilities|1|28.18|27.6
2024-03-25|IP|Paper & Plastic Packaging Products & Materials - Materials|1|39.88|40.85
2024-03-25|T|Integrated Telecommunication Services - Communication Services|1|17.16|17.12
2024-03-25|WBD|Broadcasting - Communication Services|1|8.72|8.46
2024-03-25|ADM|Agricultural Products & Services - Consumer Staples|10|62.51|62.51
2024-03-25|WY|Timber REITs - Real Estate|1|35.49|35.49
2024-03-25|WBD|Broadcasting - Communication Services|1|8.46|8.46
2024-03-26|ZBH|Health Care Equipment - Health Care|8|121.39|127.87
2024-03-26|YUM|Restaurants - Consumer Discretionary|7|129.03|134.8
2024-03-26|WY|Timber REITs - Real Estate|1|32.47|35.45
2024-03-26|PG|Personal Care Products - Consumer Staples|1|155.62|160.55
2024-03-26|ODFL|Cargo Ground Transportation - Industrials|4|212.77|216.66
2024-03-26|SNPS|Application Software - Information Technology|1|570.69|584.32
2024-03-26|XOM|Integrated Oil & Gas - Energy|1|104.85|113.79
2024-03-26|WY|Timber REITs - Real Estate|1|33.16|35.45
2024-03-26|OKE|Oil & Gas Storage & Transportation - Energy|13|73.72|78.67
2024-03-26|DAL|Passenger Airlines - Industrials|1|42.12|45.93
2024-03-26|SBUX|Restaurants - Consumer Discretionary|1|94.28|90.36
2024-03-26|ZBRA|Electronic Equipment & Instruments - Information Technology|3|278.06|291.38
2024-03-26|WELL|Health Care REITs - Real Estate|5|92.12|91.01
2024-03-26|XEL|Multi-Utilities - Utilities|1|49.57|51.8
2024-03-26|PEG|Electric Utilities - Utilities|11|63.36|65.51
2024-03-26|WY|Timber REITs - Real Estate|1|35.36|35.45
2024-03-26|HBAN|Regional Banks - Financials|1|13.66|13.34
2024-03-26|WBD|Broadcasting - Communication Services|1|8.41|8.38
2024-03-26|BMY|Pharmaceuticals - Health Care|2|53.28|52.55
2024-03-26|MTB|Regional Banks - Financials|2|143.37|141.23
2024-03-26|EXC|Electric Utilities - Utilities|1|36.83|36.56
2024-03-26|TAP|Brewers - Consumer Staples|1|64.02|66.9
2024-03-26|WBD|Broadcasting - Communication Services|2|8.74|8.38
2024-03-26|KEY|Regional Banks - Financials|1|14.92|15.06
2024-03-26|AVB|Multi-Family Residential REITs - Real Estate|4|186.24|180.67
2024-03-26|HPQ|Technology Hardware, Storage & Peripherals - Information Technology|4|30.75|29.99
2024-03-26|NOC|Aerospace & Defense - Industrials|1|461.75|469.91
2024-03-26|TSN|Packaged Foods & Meats - Consumer Staples|5|56.15|58.17
2024-03-26|FCX|Copper - Materials|1|44.61|44.73
2024-03-26|MRNA|Biotechnology - Health Care|3|105.11|107.41
2024-03-26|CNP|Multi-Utilities - Utilities|1|28.18|27.23
2024-03-26|IP|Paper & Plastic Packaging Products & Materials - Materials|1|39.88|38.2
2024-03-26|T|Integrated Telecommunication Services - Communication Services|1|17.16|17.18
2024-03-26|WBD|Broadcasting - Communication Services|1|8.72|8.38
2024-03-26|ADM|Agricultural Products & Services - Consumer Staples|10|62.51|61.82
2024-03-26|WY|Timber REITs - Real Estate|1|35.49|35.45
2024-03-26|WBD|Broadcasting - Communication Services|1|8.46|8.38
2024-03-26|TFC|Diversified Banks - Financials|10|37.6|37.6
2024-03-26|WBD|Broadcasting - Communication Services|1|8.38|8.38
2024-03-27|ZBH|Health Care Equipment - Health Care|8|121.39|132.61
2024-03-27|YUM|Restaurants - Consumer Discretionary|7|129.03|137.32
2024-03-27|PG|Personal Care Products - Consumer Staples|1|155.62|162.61
2024-03-27|ODFL|Cargo Ground Transportation - Industrials|4|212.77|213.98
2024-03-27|SNPS|Application Software - Information Technology|1|570.69|573.35
2024-03-27|XOM|Integrated Oil & Gas - Energy|1|104.85|114.97
2024-03-27|WY|Timber REITs - Real Estate|1|33.16|35.93
2024-03-27|OKE|Oil & Gas Storage & Transportation - Energy|13|73.72|79.6
2024-03-27|SBUX|Restaurants - Consumer Discretionary|1|94.28|91.5
2024-03-27|ZBRA|Electronic Equipment & Instruments - Information Technology|3|278.06|299.16
2024-03-27|WELL|Health Care REITs - Real Estate|5|92.12|92.8
2024-03-27|XEL|Multi-Utilities - Utilities|1|49.57|53.38
2024-03-27|PEG|Electric Utilities - Utilities|11|63.36|66.65
2024-03-27|WY|Timber REITs - Real Estate|1|35.36|35.93
2024-03-27|HBAN|Regional Banks - Financials|1|13.66|13.79
2024-03-27|WBD|Broadcasting - Communication Services|1|8.41|8.64
2024-03-27|BMY|Pharmaceuticals - Health Care|2|53.28|53.25
2024-03-27|MTB|Regional Banks - Financials|2|143.37|144.8
2024-03-27|EXC|Electric Utilities - Utilities|1|36.83|37.31
2024-03-27|TAP|Brewers - Consumer Staples|1|64.02|67.34
2024-03-27|WBD|Broadcasting - Communication Services|2|8.74|8.64
2024-03-27|KEY|Regional Banks - Financials|1|14.92|15.64
2024-03-27|AVB|Multi-Family Residential REITs - Real Estate|4|186.24|183.69
2024-03-27|HPQ|Technology Hardware, Storage & Peripherals - Information Technology|4|30.75|30.12
2024-03-27|NOC|Aerospace & Defense - Industrials|1|461.75|477.36
2024-03-27|TSN|Packaged Foods & Meats - Consumer Staples|5|56.15|58.81
2024-03-27|FCX|Copper - Materials|1|44.61|45.88
2024-03-27|MRNA|Biotechnology - Health Care|3|105.11|110.59
2024-03-27|CNP|Multi-Utilities - Utilities|1|28.18|28.29
2024-03-27|IP|Paper & Plastic Packaging Products & Materials - Materials|1|39.88|39.39
2024-03-27|T|Integrated Telecommunication Services - Communication Services|1|17.16|17.55
2024-03-27|WBD|Broadcasting - Communication Services|1|8.72|8.64
2024-03-27|ADM|Agricultural Products & Services - Consumer Staples|10|62.51|62.99
2024-03-27|WY|Timber REITs - Real Estate|1|35.49|35.93
2024-03-27|WBD|Broadcasting - Communication Services|1|8.46|8.64
2024-03-27|TFC|Diversified Banks - Financials|10|37.6|38.59
2024-03-27|WBD|Broadcasting - Communication Services|1|8.38|8.64
2024-03-27|AMCR|Paper & Plastic Packaging Products & Materials - Materials|1|47.4|47.4
2024-03-27|KVUE|Personal Care Products - Consumer Staples|1|21.45|21.45
2024-03-27|WBD|Broadcasting - Communication Services|1|8.64|8.64
2024-03-28|ZBH|Health Care Equipment - Health Care|8|121.39|131.98
2024-03-28|YUM|Restaurants - Consumer Discretionary|7|129.03|138.65
2024-03-28|PG|Personal Care Products - Consumer Staples|1|155.62|162.25
2024-03-28|ODFL|Cargo Ground Transportation - Industrials|4|212.77|219.31
2024-03-28|SNPS|Application Software - Information Technology|1|570.69|571.5
2024-03-28|WY|Timber REITs - Real Estate|1|33.16|35.91
2024-03-28|OKE|Oil & Gas Storage & Transportation - Energy|13|73.72|80.17
2024-03-28|SBUX|Restaurants - Consumer Discretionary|1|94.28|91.39
2024-03-28|ZBRA|Electronic Equipment & Instruments - Information Technology|3|278.06|301.44
2024-03-28|WELL|Health Care REITs - Real Estate|5|92.12|93.44
2024-03-28|XEL|Multi-Utilities - Utilities|1|49.57|53.75
2024-03-28|PEG|Electric Utilities - Utilities|11|63.36|66.78
2024-03-28|WY|Timber REITs - Real Estate|1|35.36|35.91
2024-03-28|HBAN|Regional Banks - Financials|1|13.66|13.95
2024-03-28|WBD|Broadcasting - Communication Services|1|8.41|8.73
2024-03-28|BMY|Pharmaceuticals - Health Care|2|53.28|54.23
2024-03-28|MTB|Regional Banks - Financials|2|143.37|145.44
2024-03-28|EXC|Electric Utilities - Utilities|1|36.83|37.57
2024-03-28|TAP|Brewers - Consumer Staples|1|64.02|67.25
2024-03-28|WBD|Broadcasting - Communication Services|2|8.74|8.73
2024-03-28|KEY|Regional Banks - Financials|1|14.92|15.81
2024-03-28|AVB|Multi-Family Residential REITs - Real Estate|4|186.24|185.56
2024-03-28|HPQ|Technology Hardware, Storage & Peripherals - Information Technology|4|30.75|30.22
2024-03-28|NOC|Aerospace & Defense - Industrials|1|461.75|478.66
2024-03-28|TSN|Packaged Foods & Meats - Consumer Staples|5|56.15|58.73
2024-03-28|FCX|Copper - Materials|1|44.61|47.02
2024-03-28|MRNA|Biotechnology - Health Care|3|105.11|106.56
2024-03-28|CNP|Multi-Utilities - Utilities|1|28.18|28.49
2024-03-28|IP|Paper & Plastic Packaging Products & Materials - Materials|1|39.88|39.02
2024-03-28|T|Integrated Telecommunication Services - Communication Services|1|17.16|17.6
2024-03-28|WBD|Broadcasting - Communication Services|1|8.72|8.73
2024-03-28|ADM|Agricultural Products & Services - Consumer Staples|10|62.51|62.81
2024-03-28|WY|Timber REITs - Real Estate|1|35.49|35.91
2024-03-28|WBD|Broadcasting - Communication Services|1|8.46|8.73
2024-03-28|TFC|Diversified Banks - Financials|10|37.6|38.98
2024-03-28|WBD|Broadcasting - Communication Services|1|8.38|8.73
2024-03-28|AMCR|Paper & Plastic Packaging Products & Materials - Materials|1|47.4|47.55
2024-03-28|KVUE|Personal Care Products - Consumer Staples|1|21.45|21.46
2024-03-28|WBD|Broadcasting - Communication Services|1|8.64|8.73
2024-03-28|BWA|Automotive Parts & Equipment - Consumer Discretionary|3|34.74|34.74
2024-03-28|WBD|Broadcasting - Communication Services|2|8.73|8.73
2024-04-02|ZBH|Health Care Equipment - Health Care|8|121.39|128.47
2024-04-02|YUM|Restaurants - Consumer Discretionary|7|129.03|140.71
2024-04-02|PG|Personal Care Products - Consumer Staples|1|155.62|160.57
2024-04-02|ODFL|Cargo Ground Transportation - Industrials|4|212.77|216.57
2024-04-02|SNPS|Application Software - Information Technology|1|570.69|569.82
2024-04-02|WY|Timber REITs - Real Estate|1|33.16|35.43
2024-04-02|OKE|Oil & Gas Storage & Transportation - Energy|13|73.72|80.0
2024-04-02|ZBRA|Electronic Equipment & Instruments - Information Technology|3|278.06|296.5
2024-04-02|WELL|Health Care REITs - Real Estate|5|92.12|90.98
2024-04-02|XEL|Multi-Utilities - Utilities|1|49.57|54.08
2024-04-02|PEG|Electric Utilities - Utilities|11|63.36|66.42
2024-04-02|WY|Timber REITs - Real Estate|1|35.36|35.43
2024-04-02|HBAN|Regional Banks - Financials|1|13.66|13.6
2024-04-02|WBD|Broadcasting - Communication Services|1|8.41|8.48
2024-04-02|BMY|Pharmaceuticals - Health Care|2|53.28|52.74
2024-04-02|MTB|Regional Banks - Financials|2|143.37|140.65
2024-04-02|EXC|Electric Utilities - Utilities|1|36.83|37.58
2024-04-02|TAP|Brewers - Consumer Staples|1|64.02|68.19
2024-04-02|WBD|Broadcasting - Communication Services|2|8.74|8.48
2024-04-02|KEY|Regional Banks - Financials|1|14.92|15.26
2024-04-02|AVB|Multi-Family Residential REITs - Real Estate|4|186.24|179.85
2024-04-02|HPQ|Technology Hardware, Storage & Peripherals - Information Technology|4|30.75|29.56
2024-04-02|NOC|Aerospace & Defense - Industrials|1|461.75|466.36
2024-04-02|TSN|Packaged Foods & Meats - Consumer Staples|5|56.15|57.6
2024-04-02|FCX|Copper - Materials|1|44.61|48.38
2024-04-02|MRNA|Biotechnology - Health Care|3|105.11|103.61
2024-04-02|CNP|Multi-Utilities - Utilities|1|28.18|28.44
2024-04-02|IP|Paper & Plastic Packaging Products & Materials - Materials|1|39.88|38.7
2024-04-02|T|Integrated Telecommunication Services - Communication Services|1|17.16|17.52
2024-04-02|WBD|Broadcasting - Communication Services|1|8.72|8.48
2024-04-02|ADM|Agricultural Products & Services - Consumer Staples|10|62.51|62.7
2024-04-02|WY|Timber REITs - Real Estate|1|35.49|35.43
2024-04-02|WBD|Broadcasting - Communication Services|1|8.46|8.48
2024-04-02|TFC|Diversified Banks - Financials|10|37.6|37.89
2024-04-02|WBD|Broadcasting - Communication Services|1|8.38|8.48
2024-04-02|AMCR|Paper & Plastic Packaging Products & Materials - Materials|1|47.4|46.55
2024-04-02|KVUE|Personal Care Products - Consumer Staples|1|21.45|20.82
2024-04-02|WBD|Broadcasting - Communication Services|1|8.64|8.48
2024-04-02|BWA|Automotive Parts & Equipment - Consumer Discretionary|3|34.74|34.74
2024-04-02|WBD|Broadcasting - Communication Services|2|8.73|8.48
2024-04-02|IVZ|Asset Management & Custody Banks - Financials|5|16.47|16.47
2024-04-03|ZBH|Health Care Equipment - Health Care|8|121.39|130.01
2024-04-03|YUM|Restaurants - Consumer Discretionary|7|129.03|139.01
2024-04-03|PG|Personal Care Products - Consumer Staples|1|155.62|156.15
2024-04-03|ODFL|Cargo Ground Transportation - Industrials|4|212.77|219.84
2024-04-03|SNPS|Application Software - Information Technology|1|570.69|578.87
2024-04-03|WY|Timber REITs - Real Estate|1|33.16|34.94
2024-04-03|OKE|Oil & Gas Storage & Transportation - Energy|13|73.72|80.15
2024-04-03|ZBRA|Electronic Equipment & Instruments - Information Technology|3|278.06|292.75
2024-04-03|WELL|Health Care REITs - Real Estate|5|92.12|91.27
2024-04-03|XEL|Multi-Utilities - Utilities|1|49.57|54.09
2024-04-03|PEG|Electric Utilities - Utilities|11|63.36|66.64
2024-04-03|WY|Timber REITs - Real Estate|1|35.36|34.94
2024-04-03|HBAN|Regional Banks - Financials|1|13.66|13.61
2024-04-03|WBD|Broadcasting - Communication Services|1|8.41|8.73
2024-04-03|BMY|Pharmaceuticals - Health Care|2|53.28|52.18
2024-04-03|MTB|Regional Banks - Financials|2|143.37|139.05
2024-04-03|EXC|Electric Utilities - Utilities|1|36.83|37.21
2024-04-03|TAP|Brewers - Consumer Staples|1|64.02|68.14
2024-04-03|WBD|Broadcasting - Communication Services|2|8.74|8.73
2024-04-03|KEY|Regional Banks - Financials|1|14.92|15.24
2024-04-03|AVB|Multi-Family Residential REITs - Real Estate|4|186.24|180.17
2024-04-03|HPQ|Technology Hardware, Storage & Peripherals - Information Technology|4|30.75|29.66
2024-04-03|NOC|Aerospace & Defense - Industrials|1|461.75|457.01
2024-04-03|TSN|Packaged Foods & Meats - Consumer Staples|5|56.15|57.81
2024-04-03|MRNA|Biotechnology - Health Care|3|105.11|101.21
2024-04-03|CNP|Multi-Utilities - Utilities|1|28.18|28.15
2024-04-03|IP|Paper & Plastic Packaging Products & Materials - Materials|1|39.88|39.07
2024-04-03|T|Integrated Telecommunication Services - Communication Services|1|17.16|17.61
2024-04-03|WBD|Broadcasting - Communication Services|1|8.72|8.73
2024-04-03|ADM|Agricultural Products & Services - Consumer Staples|10|62.51|62.65
2024-04-03|WY|Timber REITs - Real Estate|1|35.49|34.94
2024-04-03|WBD|Broadcasting - Communication Services|1|8.46|8.73
2024-04-03|TFC|Diversified Banks - Financials|10|37.6|37.95
2024-04-03|WBD|Broadcasting - Communication Services|1|8.38|8.73
2024-04-03|AMCR|Paper & Plastic Packaging Products & Materials - Materials|1|47.4|45.9
2024-04-03|WBD|Broadcasting - Communication Services|1|8.64|8.73
2024-04-03|BWA|Automotive Parts & Equipment - Consumer Discretionary|3|34.74|34.8
2024-04-03|WBD|Broadcasting - Communication Services|2|8.73|8.73
2024-04-03|IVZ|Asset Management & Custody Banks - Financials|5|16.47|16.68
2024-04-03|DOC|Health Care REITs - Real Estate|4|18.38|18.38
2024-04-05|ZBH|Health Care Equipment - Health Care|8|121.39|127.33
2024-04-05|YUM|Restaurants - Consumer Discretionary|7|129.03|136.1
2024-04-05|PG|Personal Care Products - Consumer Staples|1|155.62|156.1
2024-04-05|ODFL|Cargo Ground Transportation - Industrials|4|212.77|224.57
2024-04-05|SNPS|Application Software - Information Technology|1|570.69|575.45
2024-04-05|WY|Timber REITs - Real Estate|1|33.16|34.59
2024-04-05|OKE|Oil & Gas Storage & Transportation - Energy|13|73.72|79.65
2024-04-05|ZBRA|Electronic Equipment & Instruments - Information Technology|3|278.06|290.38
2024-04-05|WELL|Health Care REITs - Real Estate|5|92.12|91.76
2024-04-05|XEL|Multi-Utilities - Utilities|1|49.57|53.53
2024-04-05|PEG|Electric Utilities - Utilities|11|63.36|66.52
2024-04-05|WY|Timber REITs - Real Estate|1|35.36|34.59
2024-04-05|HBAN|Regional Banks - Financials|1|13.66|13.6
2024-04-05|WBD|Broadcasting - Communication Services|1|8.41|8.32
2024-04-05|BMY|Pharmaceuticals - Health Care|2|53.28|51.32
2024-04-05|MTB|Regional Banks - Financials|2|143.37|138.71
2024-04-05|EXC|Electric Utilities - Utilities|1|36.83|37.34
2024-04-05|TAP|Brewers - Consumer Staples|1|64.02|67.35
2024-04-05|WBD|Broadcasting - Communication Services|2|8.74|8.32
2024-04-05|KEY|Regional Banks - Financials|1|14.92|15.06
2024-04-05|AVB|Multi-Family Residential REITs - Real Estate|4|186.24|181.08
2024-04-05|NOC|Aerospace & Defense - Industrials|1|461.75|454.5
2024-04-05|TSN|Packaged Foods & Meats - Consumer Staples|5|56.15|59.05
2024-04-05|MRNA|Biotechnology - Health Care|3|105.11|102.88
2024-04-05|CNP|Multi-Utilities - Utilities|1|28.18|28.05
2024-04-05|IP|Paper & Plastic Packaging Products & Materials - Materials|1|39.88|38.66
2024-04-05|T|Integrated Telecommunication Services - Communication Services|1|17.16|17.42
2024-04-05|WBD|Broadcasting - Communication Services|1|8.72|8.32
2024-04-05|ADM|Agricultural Products & Services - Consumer Staples|10|62.51|63.46
2024-04-05|WY|Timber REITs - Real Estate|1|35.49|34.59
2024-04-05|WBD|Broadcasting - Communication Services|1|8.46|8.32
2024-04-05|TFC|Diversified Banks - Financials|10|37.6|38.09
2024-04-05|WBD|Broadcasting - Communication Services|1|8.38|8.32
2024-04-05|AMCR|Paper & Plastic Packaging Products & Materials - Materials|1|47.4|46.05
2024-04-05|WBD|Broadcasting - Communication Services|1|8.64|8.32
2024-04-05|BWA|Automotive Parts & Equipment - Consumer Discretionary|3|34.74|34.61
2024-04-05|WBD|Broadcasting - Communication Services|2|8.73|8.32
2024-04-05|IVZ|Asset Management & Custody Banks - Financials|5|16.47|16.65
2024-04-05|DOC|Health Care REITs - Real Estate|4|18.38|18.63
2024-04-05|VZ|Integrated Telecommunication Services - Communication Services|2|42.12|42.12
2024-04-05|WY|Timber REITs - Real Estate|1|34.59|34.59
2024-04-09|ZBH|Health Care Equipment - Health Care|8|121.39|129.4
2024-04-09|YUM|Restaurants - Consumer Discretionary|7|129.03|137.02
2024-04-09|PG|Personal Care Products - Consumer Staples|1|155.62|156.66
2024-04-09|ODFL|Cargo Ground Transportation - Industrials|4|212.77|222.52
2024-04-09|SNPS|Application Software - Information Technology|1|570.69|568.99
2024-04-09|WY|Timber REITs - Real Estate|1|33.16|35.03
2024-04-09|OKE|Oil & Gas Storage & Transportation - Energy|13|73.72|79.87
2024-04-09|WELL|Health Care REITs - Real Estate|5|92.12|92.0
2024-04-09|XEL|Multi-Utilities - Utilities|1|49.57|54.37
2024-04-09|PEG|Electric Utilities - Utilities|11|63.36|67.2
2024-04-09|WY|Timber REITs - Real Estate|1|35.36|35.03
2024-04-09|HBAN|Regional Banks - Financials|1|13.66|14.04
2024-04-09|WBD|Broadcasting - Communication Services|1|8.41|8.69
2024-04-09|BMY|Pharmaceuticals - Health Care|2|53.28|51.6
2024-04-09|MTB|Regional Banks - Financials|2|143.37|140.76
2024-04-09|EXC|Electric Utilities - Utilities|1|36.83|37.87
2024-04-09|TAP|Brewers - Consumer Staples|1|64.02|67.33
2024-04-09|WBD|Broadcasting - Communication Services|2|8.74|8.69
2024-04-09|KEY|Regional Banks - Financials|1|14.92|15.53
2024-04-09|AVB|Multi-Family Residential REITs - Real Estate|4|186.24|188.86
2024-04-09|NOC|Aerospace & Defense - Industrials|1|461.75|454.66
2024-04-09|TSN|Packaged Foods & Meats - Consumer Staples|5|56.15|59.41
2024-04-09|MRNA|Biotechnology - Health Care|3|105.11|111.6
2024-04-09|CNP|Multi-Utilities - Utilities|1|28.18|28.28
2024-04-09|IP|Paper & Plastic Packaging Products & Materials - Materials|1|39.88|38.14
2024-04-09|T|Integrated Telecommunication Services - Communication Services|1|17.16|16.9
2024-04-09|WBD|Broadcasting - Communication Services|1|8.72|8.69
2024-04-09|ADM|Agricultural Products & Services - Consumer Staples|10|62.51|63.9
2024-04-09|WY|Timber REITs - Real Estate|1|35.49|35.03
2024-04-09|WBD|Broadcasting - Communication Services|1|8.46|8.69
2024-04-09|TFC|Diversified Banks - Financials|10|37.6|38.97
2024-04-09|WBD|Broadcasting - Communication Services|1|8.38|8.69
2024-04-09|AMCR|Paper & Plastic Packaging Products & Materials - Materials|1|47.4|46.9
2024-04-09|WBD|Broadcasting - Communication Services|1|8.64|8.69
2024-04-09|BWA|Automotive Parts & Equipment - Consumer Discretionary|3|34.74|35.61
2024-04-09|WBD|Broadcasting - Communication Services|2|8.73|8.69
2024-04-09|IVZ|Asset Management & Custody Banks - Financials|5|16.47|16.94
2024-04-09|DOC|Health Care REITs - Real Estate|4|18.38|19.34
2024-04-09|VZ|Integrated Telecommunication Services - Communication Services|2|42.12|40.84
2024-04-09|WY|Timber REITs - Real Estate|1|34.59|35.03
2024-04-09|FOX|Broadcasting - Communication Services|31|28.8|28.8
2024-04-09|WBD|Broadcasting - Communication Services|3|8.69|8.69
2024-04-10|ZBH|Health Care Equipment - Health Care|8|121.39|127.72
2024-04-10|YUM|Restaurants - Consumer Discretionary|7|129.03|137.95
2024-04-10|PG|Personal Care Products - Consumer Staples|1|155.62|157.24
2024-04-10|ODFL|Cargo Ground Transportation - Industrials|4|212.77|215.04
2024-04-10|SNPS|Application Software - Information Technology|1|570.69|561.23
2024-04-10|WY|Timber REITs - Real Estate|1|33.16|33.6
2024-04-10|OKE|Oil & Gas Storage & Transportation - Energy|13|73.72|79.06
2024-04-10|WELL|Health Care REITs - Real Estate|5|92.12|90.2
2024-04-10|XEL|Multi-Utilities - Utilities|1|49.57|53.75
2024-04-10|PEG|Electric Utilities - Utilities|11|63.36|66.57
2024-04-10|WY|Timber REITs - Real Estate|1|35.36|33.6
2024-04-10|HBAN|Regional Banks - Financials|1|13.66|13.58
2024-04-10|WBD|Broadcasting - Communication Services|1|8.41|8.32
2024-04-10|EXC|Electric Utilities - Utilities|1|36.83|36.91
2024-04-10|TAP|Brewers - Consumer Staples|1|64.02|67.46
2024-04-10|WBD|Broadcasting - Communication Services|2|8.74|8.32
2024-04-10|KEY|Regional Banks - Financials|1|14.92|14.84
2024-04-10|AVB|Multi-Family Residential REITs - Real Estate|4|186.24|186.1
2024-04-10|NOC|Aerospace & Defense - Industrials|1|461.75|457.91
2024-04-10|TSN|Packaged Foods & Meats - Consumer Staples|5|56.15|58.17
2024-04-10|MRNA|Biotechnology - Health Care|3|105.11|107.14
2024-04-10|CNP|Multi-Utilities - Utilities|1|28.18|27.37
2024-04-10|IP|Paper & Plastic Packaging Products & Materials - Materials|1|39.88|38.25
2024-04-10|T|Integrated Telecommunication Services - Communication Services|1|17.16|16.73
2024-04-10|WBD|Broadcasting - Communication Services|1|8.72|8.32
2024-04-10|ADM|Agricultural Products & Services - Consumer Staples|10|62.51|63.89
2024-04-10|WBD|Broadcasting - Communication Services|1|8.46|8.32
2024-04-10|TFC|Diversified Banks - Financials|10|37.6|37.5
2024-04-10|WBD|Broadcasting - Communication Services|1|8.38|8.32
2024-04-10|AMCR|Paper & Plastic Packaging Products & Materials - Materials|1|47.4|45.55
2024-04-10|WBD|Broadcasting - Communication Services|1|8.64|8.32
2024-04-10|BWA|Automotive Parts & Equipment - Consumer Discretionary|3|34.74|34.83
2024-04-10|WBD|Broadcasting - Communication Services|2|8.73|8.32
2024-04-10|IVZ|Asset Management & Custody Banks - Financials|5|16.47|15.87
2024-04-10|DOC|Health Care REITs - Real Estate|4|18.38|18.68
2024-04-10|VZ|Integrated Telecommunication Services - Communication Services|2|42.12|40.52
2024-04-10|WY|Timber REITs - Real Estate|1|34.59|33.6
2024-04-10|FOX|Broadcasting - Communication Services|31|28.8|28.37
2024-04-10|WBD|Broadcasting - Communication Services|3|8.69|8.32
2024-04-10|MRK|Pharmaceuticals - Health Care|3|126.75|126.75
2024-04-10|WBD|Broadcasting - Communication Services|3|8.32|8.32
2024-04-11|ZBH|Health Care Equipment - Health Care|8|121.39|127.52
2024-04-11|YUM|Restaurants - Consumer Discretionary|7|129.03|138.33
2024-04-11|PG|Personal Care Products - Consumer Staples|1|155.62|155.84
2024-04-11|ODFL|Cargo Ground Transportation - Industrials|4|212.77|219.79
2024-04-11|SNPS|Application Software - Information Technology|1|570.69|561.97
2024-04-11|WY|Timber REITs - Real Estate|1|33.16|33.65
2024-04-11|OKE|Oil & Gas Storage & Transportation - Energy|13|73.72|79.34
2024-04-11|WELL|Health Care REITs - Real Estate|5|92.12|90.37
2024-04-11|XEL|Multi-Utilities - Utilities|1|49.57|53.49
2024-04-11|PEG|Electric Utilities - Utilities|11|63.36|66.45
2024-04-11|WY|Timber REITs - Real Estate|1|35.36|33.65
2024-04-11|HBAN|Regional Banks - Financials|1|13.66|13.49
2024-04-11|WBD|Broadcasting - Communication Services|1|8.41|8.54
2024-04-11|EXC|Electric Utilities - Utilities|1|36.83|36.8
2024-04-11|TAP|Brewers - Consumer Staples|1|64.02|67.81
2024-04-11|WBD|Broadcasting - Communication Services|2|8.74|8.54
2024-04-11|KEY|Regional Banks - Financials|1|14.92|14.72
2024-04-11|AVB|Multi-Family Residential REITs - Real Estate|4|186.24|185.95
2024-04-11|NOC|Aerospace & Defense - Industrials|1|461.75|457.83
2024-04-11|TSN|Packaged Foods & Meats - Consumer Staples|5|56.15|59.34
2024-04-11|MRNA|Biotechnology - Health Care|3|105.11|107.01
2024-04-11|CNP|Multi-Utilities - Utilities|1|28.18|27.58
2024-04-11|T|Integrated Telecommunication Services - Communication Services|1|17.16|16.42
2024-04-11|WBD|Broadcasting - Communication Services|1|8.72|8.54
2024-04-11|ADM|Agricultural Products & Services - Consumer Staples|10|62.51|62.57
2024-04-11|WBD|Broadcasting - Communication Services|1|8.46|8.54
2024-04-11|TFC|Diversified Banks - Financials|10|37.6|37.3
2024-04-11|WBD|Broadcasting - Communication Services|1|8.38|8.54
2024-04-11|AMCR|Paper & Plastic Packaging Products & Materials - Materials|1|47.4|45.35
2024-04-11|WBD|Broadcasting - Communication Services|1|8.64|8.54
2024-04-11|BWA|Automotive Parts & Equipment - Consumer Discretionary|3|34.74|34.5
2024-04-11|WBD|Broadcasting - Communication Services|2|8.73|8.54
2024-04-11|IVZ|Asset Management & Custody Banks - Financials|5|16.47|15.71
2024-04-11|DOC|Health Care REITs - Real Estate|4|18.38|18.68
2024-04-11|VZ|Integrated Telecommunication Services - Communication Services|2|42.12|40.16
2024-04-11|WY|Timber REITs - Real Estate|1|34.59|33.65
2024-04-11|FOX|Broadcasting - Communication Services|31|28.8|28.24
2024-04-11|WBD|Broadcasting - Communication Services|3|8.69|8.54
2024-04-11|MRK|Pharmaceuticals - Health Care|3|126.75|126.15
2024-04-11|WBD|Broadcasting - Communication Services|3|8.32|8.54
2024-04-11|EQT|Oil & Gas Exploration & Production - Energy|1|37.49|37.49
2024-04-12|ZBH|Health Care Equipment - Health Care|8|121.39|124.48
2024-04-12|YUM|Restaurants - Consumer Discretionary|7|129.03|137.8
2024-04-12|PG|Personal Care Products - Consumer Staples|1|155.62|155.33
2024-04-12|ODFL|Cargo Ground Transportation - Industrials|4|212.77|221.13
2024-04-12|SNPS|Application Software - Information Technology|1|570.69|557.16
2024-04-12|WY|Timber REITs - Real Estate|1|33.16|33.24
2024-04-12|OKE|Oil & Gas Storage & Transportation - Energy|13|73.72|78.7
2024-04-12|WELL|Health Care REITs - Real Estate|5|92.12|89.79
2024-04-12|XEL|Multi-Utilities - Utilities|1|49.57|53.17
2024-04-12|PEG|Electric Utilities - Utilities|11|63.36|65.87
2024-04-12|HBAN|Regional Banks - Financials|1|13.66|13.31
2024-04-12|WBD|Broadcasting - Communication Services|1|8.41|8.34
2024-04-12|EXC|Electric Utilities - Utilities|1|36.83|36.48
2024-04-12|TAP|Brewers - Consumer Staples|1|64.02|66.34
2024-04-12|WBD|Broadcasting - Communication Services|2|8.74|8.34
2024-04-12|KEY|Regional Banks - Financials|1|14.92|14.61
2024-04-12|AVB|Multi-Family Residential REITs - Real Estate|4|186.24|183.78
2024-04-12|NOC|Aerospace & Defense - Industrials|1|461.75|456.11
2024-04-12|TSN|Packaged Foods & Meats - Consumer Staples|5|56.15|57.78
2024-04-12|MRNA|Biotechnology - Health Care|3|105.11|105.14
2024-04-12|CNP|Multi-Utilities - Utilities|1|28.18|27.46
2024-04-12|T|Integrated Telecommunication Services - Communication Services|1|17.16|16.31
2024-04-12|WBD|Broadcasting - Communication Services|1|8.72|8.34
2024-04-12|ADM|Agricultural Products & Services - Consumer Staples|10|62.51|60.97
2024-04-12|WBD|Broadcasting - Communication Services|1|8.46|8.34
2024-04-12|TFC|Diversified Banks - Financials|10|37.6|36.77
2024-04-12|WBD|Broadcasting - Communication Services|1|8.38|8.34
2024-04-12|WBD|Broadcasting - Communication Services|1|8.64|8.34
2024-04-12|BWA|Automotive Parts & Equipment - Consumer Discretionary|3|34.74|33.5
2024-04-12|WBD|Broadcasting - Communication Services|2|8.73|8.34
2024-04-12|DOC|Health Care REITs - Real Estate|4|18.38|18.52
2024-04-12|WY|Timber REITs - Real Estate|1|34.59|33.24
2024-04-12|FOX|Broadcasting - Communication Services|31|28.8|27.66
2024-04-12|WBD|Broadcasting - Communication Services|3|8.69|8.34
2024-04-12|MRK|Pharmaceuticals - Health Care|3|126.75|125.74
2024-04-12|WBD|Broadcasting - Communication Services|3|8.32|8.34
2024-04-12|EQT|Oil & Gas Exploration & Production - Energy|1|37.49|37.25
2024-04-12|KDP|Soft Drinks & Non-alcoholic Beverages - Consumer Staples|7|30.22|30.22
2024-04-12|PCG|Multi-Utilities - Utilities|1|16.6|16.6
2024-04-15|ZBH|Health Care Equipment - Health Care|8|121.39|124.0
2024-04-15|YUM|Restaurants - Consumer Discretionary|7|129.03|137.67
2024-04-15|PG|Personal Care Products - Consumer Staples|1|155.62|155.45
2024-04-15|ODFL|Cargo Ground Transportation - Industrials|4|212.77|219.95
2024-04-15|SNPS|Application Software - Information Technology|1|570.69|543.91
2024-04-15|WY|Timber REITs - Real Estate|1|33.16|32.69
2024-04-15|OKE|Oil & Gas Storage & Transportation - Energy|13|73.72|77.85
2024-04-15|WELL|Health Care REITs - Real Estate|5|92.12|89.1
2024-04-15|XEL|Multi-Utilities - Utilities|1|49.57|53.17
2024-04-15|PEG|Electric Utilities - Utilities|11|63.36|65.2
2024-04-15|HBAN|Regional Banks - Financials|1|13.66|13.26
2024-04-15|WBD|Broadcasting - Communication Services|1|8.41|8.36
2024-04-15|EXC|Electric Utilities - Utilities|1|36.83|36.27
2024-04-15|TAP|Brewers - Consumer Staples|1|64.02|64.77
2024-04-15|WBD|Broadcasting - Communication Services|2|8.74|8.36
2024-04-15|KEY|Regional Banks - Financials|1|14.92|14.43
2024-04-15|AVB|Multi-Family Residential REITs - Real Estate|4|186.24|180.72
2024-04-15|NOC|Aerospace & Defense - Industrials|1|461.75|451.29
2024-04-15|TSN|Packaged Foods & Meats - Consumer Staples|5|56.15|58.12
2024-04-15|MRNA|Biotechnology - Health Care|3|105.11|103.86
2024-04-15|CNP|Multi-Utilities - Utilities|1|28.18|27.4
2024-04-15|WBD|Broadcasting - Communication Services|1|8.72|8.36
2024-04-15|ADM|Agricultural Products & Services - Consumer Staples|10|62.51|60.52
2024-04-15|WBD|Broadcasting - Communication Services|1|8.46|8.36
2024-04-15|TFC|Diversified Banks - Financials|10|37.6|36.7
2024-04-15|WBD|Broadcasting - Communication Services|1|8.38|8.36
2024-04-15|WBD|Broadcasting - Communication Services|1|8.64|8.36
2024-04-15|BWA|Automotive Parts & Equipment - Consumer Discretionary|3|34.74|33.13
2024-04-15|WBD|Broadcasting - Communication Services|2|8.73|8.36
2024-04-15|DOC|Health Care REITs - Real Estate|4|18.38|18.29
2024-04-15|FOX|Broadcasting - Communication Services|31|28.8|27.92
2024-04-15|WBD|Broadcasting - Communication Services|3|8.69|8.36
2024-04-15|MRK|Pharmaceuticals - Health Care|3|126.75|126.19
2024-04-15|WBD|Broadcasting - Communication Services|3|8.32|8.36
2024-04-15|EQT|Oil & Gas Exploration & Production - Energy|1|37.49|36.52
2024-04-15|KDP|Soft Drinks & Non-alcoholic Beverages - Consumer Staples|7|30.22|30.43
2024-04-15|PCG|Multi-Utilities - Utilities|1|16.6|16.29
2024-04-15|CSCO|Communications Equipment - Information Technology|1|48.24|48.24
2024-04-16|ZBH|Health Care Equipment - Health Care|8|121.39|122.07
2024-04-16|YUM|Restaurants - Consumer Discretionary|7|129.03|138.0
2024-04-16|PG|Personal Care Products - Consumer Staples|1|155.62|155.95
2024-04-16|ODFL|Cargo Ground Transportation - Industrials|4|212.77|220.48
2024-04-16|WY|Timber REITs - Real Estate|1|33.16|31.97
2024-04-16|OKE|Oil & Gas Storage & Transportation - Energy|13|73.72|77.08
2024-04-16|WELL|Health Care REITs - Real Estate|5|92.12|88.31
2024-04-16|XEL|Multi-Utilities - Utilities|1|49.57|52.53
2024-04-16|PEG|Electric Utilities - Utilities|11|63.36|64.28
2024-04-16|HBAN|Regional Banks - Financials|1|13.66|13.04
2024-04-16|WBD|Broadcasting - Communication Services|1|8.41|8.14
2024-04-16|EXC|Electric Utilities - Utilities|1|36.83|35.75
2024-04-16|TAP|Brewers - Consumer Staples|1|64.02|63.26
2024-04-16|KEY|Regional Banks - Financials|1|14.92|14.22
2024-04-16|AVB|Multi-Family Residential REITs - Real Estate|4|186.24|178.98
2024-04-16|NOC|Aerospace & Defense - Industrials|1|461.75|450.35
2024-04-16|TSN|Packaged Foods & Meats - Consumer Staples|5|56.15|58.15
2024-04-16|MRNA|Biotechnology - Health Care|3|105.11|103.79
2024-04-16|CNP|Multi-Utilities - Utilities|1|28.18|27.22
2024-04-16|ADM|Agricultural Products & Services - Consumer Staples|10|62.51|60.27
2024-04-16|WBD|Broadcasting - Communication Services|1|8.46|8.14
2024-04-16|WBD|Broadcasting - Communication Services|1|8.38|8.14
2024-04-16|DOC|Health Care REITs - Real Estate|4|18.38|17.82
2024-04-16|FOX|Broadcasting - Communication Services|31|28.8|27.95
2024-04-16|MRK|Pharmaceuticals - Health Care|3|126.75|125.06
2024-04-16|WBD|Broadcasting - Communication Services|3|8.32|8.14
2024-04-16|EQT|Oil & Gas Exploration & Production - Energy|1|37.49|36.2
2024-04-16|KDP|Soft Drinks & Non-alcoholic Beverages - Consumer Staples|7|30.22|30.44
2024-04-16|PCG|Multi-Utilities - Utilities|1|16.6|16.03
2024-04-16|CSCO|Communications Equipment - Information Technology|1|48.24|47.92
2024-04-16|ZTS|Pharmaceuticals - Health Care|4|153.02|153.02
2024-04-16|ZBRA|Electronic Equipment & Instruments - Information Technology|1|280.42|280.42
2024-04-16|YUM|Restaurants - Consumer Discretionary|1|138.0|138.0
2024-04-16|WY|Timber REITs - Real Estate|1|31.97|31.97
2024-04-16|WBD|Broadcasting - Communication Services|1|8.14|8.14
2024-04-18|ZBH|Health Care Equipment - Health Care|8|121.39|119.33
2024-04-18|YUM|Restaurants - Consumer Discretionary|7|129.03|137.87
2024-04-18|PG|Personal Care Products - Consumer Staples|1|155.62|157.29
2024-04-18|ODFL|Cargo Ground Transportation - Industrials|4|212.77|207.82
2024-04-18|OKE|Oil & Gas Storage & Transportation - Energy|13|73.72|77.88
2024-04-18|WELL|Health Care REITs - Real Estate|5|92.12|90.81
2024-04-18|XEL|Multi-Utilities - Utilities|1|49.57|53.76
2024-04-18|PEG|Electric Utilities - Utilities|11|63.36|65.1
2024-04-18|HBAN|Regional Banks - Financials|1|13.66|13.18
2024-04-18|WBD|Broadcasting - Communication Services|1|8.41|8.31
2024-04-18|EXC|Electric Utilities - Utilities|1|36.83|36.68
2024-04-18|TAP|Brewers - Consumer Staples|1|64.02|63.88
2024-04-18|KEY|Regional Banks - Financials|1|14.92|14.38
2024-04-18|AVB|Multi-Family Residential REITs - Real Estate|4|186.24|182.02
2024-04-18|NOC|Aerospace & Defense - Industrials|1|461.75|452.5
2024-04-18|TSN|Packaged Foods & Meats - Consumer Staples|5|56.15|58.87
2024-04-18|MRNA|Biotechnology - Health Care|3|105.11|102.0
2024-04-18|CNP|Multi-Utilities - Utilities|1|28.18|27.95
2024-04-18|ADM|Agricultural Products & Services - Consumer Staples|10|62.51|61.72
2024-04-18|WBD|Broadcasting - Communication Services|1|8.46|8.31
2024-04-18|WBD|Broadcasting - Communication Services|1|8.38|8.31
2024-04-18|DOC|Health Care REITs - Real Estate|4|18.38|18.01
2024-04-18|FOX|Broadcasting - Communication Services|31|28.8|28.29
2024-04-18|MRK|Pharmaceuticals - Health Care|3|126.75|125.23
2024-04-18|WBD|Broadcasting - Communication Services|3|8.32|8.31
2024-04-18|EQT|Oil & Gas Exploration & Production - Energy|1|37.49|36.22
2024-04-18|KDP|Soft Drinks & Non-alcoholic Beverages - Consumer Staples|7|30.22|31.13
2024-04-18|PCG|Multi-Utilities - Utilities|1|16.6|16.54
2024-04-18|CSCO|Communications Equipment - Information Technology|1|48.24|48.11
2024-04-18|ZTS|Pharmaceuticals - Health Care|4|153.02|153.11
2024-04-18|ZBRA|Electronic Equipment & Instruments - Information Technology|1|280.42|273.03
2024-04-18|YUM|Restaurants - Consumer Discretionary|1|138.0|137.87
2024-04-18|WY|Timber REITs - Real Estate|1|31.97|31.35
2024-04-18|WBD|Broadcasting - Communication Services|1|8.14|8.31
2024-04-18|WY|Timber REITs - Real Estate|1|31.35|31.35
2024-04-19|ZBH|Health Care Equipment - Health Care|8|121.39|119.43
2024-04-19|YUM|Restaurants - Consumer Discretionary|7|129.03|138.5
2024-04-19|PG|Personal Care Products - Consumer Staples|1|155.62|158.14
2024-04-19|ODFL|Cargo Ground Transportation - Industrials|4|212.77|211.82
2024-04-19|OKE|Oil & Gas Storage & Transportation - Energy|13|73.72|79.63
2024-04-19|WELL|Health Care REITs - Real Estate|5|92.12|91.32
2024-04-19|PEG|Electric Utilities - Utilities|11|63.36|65.74
2024-04-19|HBAN|Regional Banks - Financials|1|13.66|13.28
2024-04-19|WBD|Broadcasting - Communication Services|1|8.41|8.4
2024-04-19|EXC|Electric Utilities - Utilities|1|36.83|37.55
2024-04-19|TAP|Brewers - Consumer Staples|1|64.02|64.23
2024-04-19|KEY|Regional Banks - Financials|1|14.92|14.63
2024-04-19|AVB|Multi-Family Residential REITs - Real Estate|4|186.24|184.13
2024-04-19|NOC|Aerospace & Defense - Industrials|1|461.75|462.58
2024-04-19|TSN|Packaged Foods & Meats - Consumer Staples|5|56.15|59.95
2024-04-19|MRNA|Biotechnology - Health Care|3|105.11|101.41
2024-04-19|CNP|Multi-Utilities - Utilities|1|28.18|28.53
2024-04-19|ADM|Agricultural Products & Services - Consumer Staples|10|62.51|62.6
2024-04-19|WBD|Broadcasting - Communication Services|1|8.46|8.4
2024-04-19|WBD|Broadcasting - Communication Services|1|8.38|8.4
2024-04-19|DOC|Health Care REITs - Real Estate|4|18.38|17.98
2024-04-19|FOX|Broadcasting - Communication Services|31|28.8|28.87
2024-04-19|MRK|Pharmaceuticals - Health Care|3|126.75|125.78
2024-04-19|WBD|Broadcasting - Communication Services|3|8.32|8.4
2024-04-19|EQT|Oil & Gas Exploration & Production - Energy|1|37.49|36.65
2024-04-19|KDP|Soft Drinks & Non-alcoholic Beverages - Consumer Staples|7|30.22|31.5
2024-04-19|PCG|Multi-Utilities - Utilities|1|16.6|16.85
2024-04-19|CSCO|Communications Equipment - Information Technology|1|48.24|48.32
2024-04-19|ZTS|Pharmaceuticals - Health Care|4|153.02|146.5
2024-04-19|ZBRA|Electronic Equipment & Instruments - Information Technology|1|280.42|268.07
2024-04-19|YUM|Restaurants - Consumer Discretionary|1|138.0|138.5
2024-04-19|WY|Timber REITs - Real Estate|1|31.97|31.47
2024-04-19|WBD|Broadcasting - Communication Services|1|8.14|8.4
2024-04-19|WY|Timber REITs - Real Estate|1|31.35|31.47
2024-04-19|XEL|Multi-Utilities - Utilities|1|54.72|54.72
2024-04-24|ZBH|Health Care Equipment - Health Care|8|121.39|121.17
2024-04-24|YUM|Restaurants - Consumer Discretionary|7|129.03|141.81
2024-04-24|PG|Personal Care Products - Consumer Staples|1|155.62|162.6
2024-04-24|OKE|Oil & Gas Storage & Transportation - Energy|13|73.72|80.95
2024-04-24|WELL|Health Care REITs - Real Estate|5|92.12|93.7
2024-04-24|PEG|Electric Utilities - Utilities|11|63.36|67.23
2024-04-24|HBAN|Regional Banks - Financials|1|13.66|13.76
2024-04-24|WBD|Broadcasting - Communication Services|1|8.41|8.38
2024-04-24|EXC|Electric Utilities - Utilities|1|36.83|37.77
2024-04-24|TAP|Brewers - Consumer Staples|1|64.02|63.7
2024-04-24|KEY|Regional Banks - Financials|1|14.92|14.93
2024-04-24|AVB|Multi-Family Residential REITs - Real Estate|4|186.24|191.34
2024-04-24|NOC|Aerospace & Defense - Industrials|1|461.75|474.57
2024-04-24|TSN|Packaged Foods & Meats - Consumer Staples|5|56.15|61.32
2024-04-24|MRNA|Biotechnology - Health Care|3|105.11|108.85
2024-04-24|CNP|Multi-Utilities - Utilities|1|28.18|29.07
2024-04-24|ADM|Agricultural Products & Services - Consumer Staples|10|62.51|61.56
2024-04-24|WBD|Broadcasting - Communication Services|1|8.46|8.38
2024-04-24|WBD|Broadcasting - Communication Services|1|8.38|8.38
2024-04-24|DOC|Health Care REITs - Real Estate|4|18.38|18.63
2024-04-24|FOX|Broadcasting - Communication Services|31|28.8|29.31
2024-04-24|MRK|Pharmaceuticals - Health Care|3|126.75|127.0
2024-04-24|WBD|Broadcasting - Communication Services|3|8.32|8.38
2024-04-24|EQT|Oil & Gas Exploration & Production - Energy|1|37.49|39.43
2024-04-24|KDP|Soft Drinks & Non-alcoholic Beverages - Consumer Staples|7|30.22|32.34
2024-04-24|PCG|Multi-Utilities - Utilities|1|16.6|17.0
2024-04-24|CSCO|Communications Equipment - Information Technology|1|48.24|48.35
2024-04-24|ZTS|Pharmaceuticals - Health Care|4|153.02|150.88
2024-04-24|ZBRA|Electronic Equipment & Instruments - Information Technology|1|280.42|277.53
2024-04-24|YUM|Restaurants - Consumer Discretionary|1|138.0|141.81
2024-04-24|WY|Timber REITs - Real Estate|1|31.97|31.54
2024-04-24|WBD|Broadcasting - Communication Services|1|8.14|8.38
2024-04-24|WY|Timber REITs - Real Estate|1|31.35|31.54
2024-04-24|XEL|Multi-Utilities - Utilities|1|54.72|55.33
2024-04-24|ZBRA|Electronic Equipment & Instruments - Information Technology|2|277.53|277.53
2024-04-24|XYL|Industrial Machinery & Supplies & Components - Industrials|1|130.67|130.67
2024-04-24|XEL|Multi-Utilities - Utilities|1|55.33|55.33
2024-04-24|WY|Timber REITs - Real Estate|1|31.54|31.54
2024-04-24|WBD|Broadcasting - Communication Services|1|8.38|8.38
2024-04-25|ZBH|Health Care Equipment - Health Care|8|121.39|119.75
2024-04-25|YUM|Restaurants - Consumer Discretionary|7|129.03|141.56
2024-04-25|PG|Personal Care Products - Consumer Staples|1|155.62|162.55
2024-04-25|WELL|Health Care REITs - Real Estate|5|92.12|94.0
2024-04-25|PEG|Electric Utilities - Utilities|11|63.36|68.09
2024-04-25|HBAN|Regional Banks - Financials|1|13.66|13.58
2024-04-25|WBD|Broadcasting - Communication Services|1|8.41|8.29
2024-04-25|EXC|Electric Utilities - Utilities|1|36.83|37.66
2024-04-25|TAP|Brewers - Consumer Staples|1|64.02|62.82
2024-04-25|KEY|Regional Banks - Financials|1|14.92|14.61
2024-04-25|AVB|Multi-Family Residential REITs - Real Estate|4|186.24|191.32
2024-04-25|NOC|Aerospace & Defense - Industrials|1|461.75|488.06
2024-04-25|TSN|Packaged Foods & Meats - Consumer Staples|5|56.15|60.89
2024-04-25|MRNA|Biotechnology - Health Care|3|105.11|106.18
2024-04-25|CNP|Multi-Utilities - Utilities|1|28.18|29.34
2024-04-25|ADM|Agricultural Products & Services - Consumer Staples|10|62.51|61.0
2024-04-25|WBD|Broadcasting - Communication Services|1|8.46|8.29
2024-04-25|WBD|Broadcasting - Communication Services|1|8.38|8.29
2024-04-25|DOC|Health Care REITs - Real Estate|4|18.38|18.34
2024-04-25|FOX|Broadcasting - Communication Services|31|28.8|29.25
2024-04-25|MRK|Pharmaceuticals - Health Care|3|126.75|130.72
2024-04-25|WBD|Broadcasting - Communication Services|3|8.32|8.29
2024-04-25|EQT|Oil & Gas Exploration & Production - Energy|1|37.49|40.41
2024-04-25|PCG|Multi-Utilities - Utilities|1|16.6|17.07
2024-04-25|CSCO|Communications Equipment - Information Technology|1|48.24|48.1
2024-04-25|ZTS|Pharmaceuticals - Health Care|4|153.02|153.36
2024-04-25|ZBRA|Electronic Equipment & Instruments - Information Technology|1|280.42|292.53
2024-04-25|YUM|Restaurants - Consumer Discretionary|1|138.0|141.56
2024-04-25|WY|Timber REITs - Real Estate|1|31.97|31.46
2024-04-25|WBD|Broadcasting - Communication Services|1|8.14|8.29
2024-04-25|WY|Timber REITs - Real Estate|1|31.35|31.46
2024-04-25|XEL|Multi-Utilities - Utilities|1|54.72|55.01
2024-04-25|ZBRA|Electronic Equipment & Instruments - Information Technology|2|277.53|292.53
2024-04-25|XYL|Industrial Machinery & Supplies & Components - Industrials|1|130.67|130.61
2024-04-25|XEL|Multi-Utilities - Utilities|1|55.33|55.01
2024-04-25|WY|Timber REITs - Real Estate|1|31.54|31.46
2024-04-25|WBD|Broadcasting - Communication Services|1|8.38|8.29
2024-04-25|PM|Tobacco - Consumer Staples|10|96.09|96.09
2024-04-25|XYL|Industrial Machinery & Supplies & Components - Industrials|2|130.61|130.61
2024-04-25|XEL|Multi-Utilities - Utilities|1|55.01|55.01
2024-04-25|WBD|Broadcasting - Communication Services|2|8.29|8.29
2024-04-29|ZBH|Health Care Equipment - Health Care|8|121.39|121.71
2024-04-29|PG|Personal Care Products - Consumer Staples|1|155.62|161.66
2024-04-29|WELL|Health Care REITs - Real Estate|5|92.12|95.78
2024-04-29|PEG|Electric Utilities - Utilities|11|63.36|68.64
2024-04-29|HBAN|Regional Banks - Financials|1|13.66|13.57
2024-04-29|WBD|Broadcasting - Communication Services|1|8.41|8.15
2024-04-29|EXC|Electric Utilities - Utilities|1|36.83|37.72
2024-04-29|TAP|Brewers - Consumer Staples|1|64.02|63.56
2024-04-29|KEY|Regional Banks - Financials|1|14.92|14.73
2024-04-29|AVB|Multi-Family Residential REITs - Real Estate|4|186.24|191.02
2024-04-29|NOC|Aerospace & Defense - Industrials|1|461.75|486.22
2024-04-29|TSN|Packaged Foods & Meats - Consumer Staples|5|56.15|60.96
2024-04-29|MRNA|Biotechnology - Health Care|3|105.11|111.62
2024-04-29|CNP|Multi-Utilities - Utilities|1|28.18|29.22
2024-04-29|ADM|Agricultural Products & Services - Consumer Staples|10|62.51|60.69
2024-04-29|WBD|Broadcasting - Communication Services|1|8.46|8.15
2024-04-29|WBD|Broadcasting - Communication Services|1|8.38|8.15
2024-04-29|DOC|Health Care REITs - Real Estate|4|18.38|18.94
2024-04-29|FOX|Broadcasting - Communication Services|31|28.8|29.15
2024-04-29|MRK|Pharmaceuticals - Health Care|3|126.75|130.12
2024-04-29|WBD|Broadcasting - Communication Services|3|8.32|8.15
2024-04-29|EQT|Oil & Gas Exploration & Production - Energy|1|37.49|41.05
2024-04-29|PCG|Multi-Utilities - Utilities|1|16.6|17.26
2024-04-29|CSCO|Communications Equipment - Information Technology|1|48.24|47.78
2024-04-29|ZTS|Pharmaceuticals - Health Care|4|153.02|159.7
2024-04-29|ZBRA|Electronic Equipment & Instruments - Information Technology|1|280.42|300.01
2024-04-29|YUM|Restaurants - Consumer Discretionary|1|138.0|143.19
2024-04-29|WY|Timber REITs - Real Estate|1|31.97|31.18
2024-04-29|WBD|Broadcasting - Communication Services|1|8.14|8.15
2024-04-29|WY|Timber REITs - Real Estate|1|31.35|31.18
2024-04-29|XEL|Multi-Utilities - Utilities|1|54.72|54.48
2024-04-29|ZBRA|Electronic Equipment & Instruments - Information Technology|2|277.53|300.01
2024-04-29|XYL|Industrial Machinery & Supplies & Components - Industrials|1|130.67|132.59
2024-04-29|XEL|Multi-Utilities - Utilities|1|55.33|54.48
2024-04-29|WY|Timber REITs - Real Estate|1|31.54|31.18
2024-04-29|WBD|Broadcasting - Communication Services|1|8.38|8.15
2024-04-29|PM|Tobacco - Consumer Staples|10|96.09|95.6
2024-04-29|XYL|Industrial Machinery & Supplies & Components - Industrials|2|130.61|132.59
2024-04-29|XEL|Multi-Utilities - Utilities|1|55.01|54.48
2024-04-29|WBD|Broadcasting - Communication Services|2|8.29|8.15
2024-04-29|FRT|Retail REITs - Real Estate|9|103.29|103.29
2024-04-29|XEL|Multi-Utilities - Utilities|1|54.48|54.48
2024-04-29|WBD|Broadcasting - Communication Services|2|8.15|8.15
2024-04-30|ZBH|Health Care Equipment - Health Care|8|121.39|120.28
2024-04-30|PG|Personal Care Products - Consumer Staples|1|155.62|163.2
2024-04-30|WELL|Health Care REITs - Real Estate|5|92.12|95.28
2024-04-30|PEG|Electric Utilities - Utilities|11|63.36|69.08
2024-04-30|HBAN|Regional Banks - Financials|1|13.66|13.47
2024-04-30|EXC|Electric Utilities - Utilities|1|36.83|37.58
2024-04-30|KEY|Regional Banks - Financials|1|14.92|14.49
2024-04-30|AVB|Multi-Family Residential REITs - Real Estate|4|186.24|189.57
2024-04-30|NOC|Aerospace & Defense - Industrials|1|461.75|485.03
2024-04-30|TSN|Packaged Foods & Meats - Consumer Staples|5|56.15|60.65
2024-04-30|MRNA|Biotechnology - Health Care|3|105.11|110.31
2024-04-30|CNP|Multi-Utilities - Utilities|1|28.18|29.14
2024-04-30|DOC|Health Care REITs - Real Estate|4|18.38|18.61
2024-04-30|FOX|Broadcasting - Communication Services|31|28.8|28.68
2024-04-30|MRK|Pharmaceuticals - Health Care|3|126.75|129.22
2024-04-30|EQT|Oil & Gas Exploration & Production - Energy|1|37.49|40.09
2024-04-30|PCG|Multi-Utilities - Utilities|1|16.6|17.11
2024-04-30|CSCO|Communications Equipment - Information Technology|1|48.24|46.98
2024-04-30|ZTS|Pharmaceuticals - Health Care|4|153.02|159.24
2024-04-30|YUM|Restaurants - Consumer Discretionary|1|138.0|141.25
2024-04-30|WY|Timber REITs - Real Estate|1|31.35|30.17
2024-04-30|XEL|Multi-Utilities - Utilities|1|54.72|53.73
2024-04-30|XYL|Industrial Machinery & Supplies & Components - Industrials|1|130.67|130.7
2024-04-30|XEL|Multi-Utilities - Utilities|1|55.33|53.73
2024-04-30|WY|Timber REITs - Real Estate|1|31.54|30.17
2024-04-30|PM|Tobacco - Consumer Staples|10|96.09|94.94
2024-04-30|XYL|Industrial Machinery & Supplies & Components - Industrials|2|130.61|130.7
2024-04-30|XEL|Multi-Utilities - Utilities|1|55.01|53.73
2024-04-30|FRT|Retail REITs - Real Estate|9|103.29|104.17
2024-04-30|XEL|Multi-Utilities - Utilities|1|54.48|53.73
2024-04-30|LDOS|Diversified Support Services - Industrials|7|140.22|140.22
2024-04-30|ZBRA|Electronic Equipment & Instruments - Information Technology|2|314.56|314.56
2024-04-30|XEL|Multi-Utilities - Utilities|1|53.73|53.73
2024-04-30|WY|Timber REITs - Real Estate|1|30.17|30.17
2024-04-30|WBD|Broadcasting - Communication Services|2|7.36|7.36
2024-05-01|ZBH|Health Care Equipment - Health Care|8|121.39|119.56
2024-05-01|PG|Personal Care Products - Consumer Staples|1|155.62|163.4
2024-05-01|WELL|Health Care REITs - Real Estate|5|92.12|94.36
2024-05-01|HBAN|Regional Banks - Financials|1|13.66|13.65
2024-05-01|EXC|Electric Utilities - Utilities|1|36.83|37.84
2024-05-01|KEY|Regional Banks - Financials|1|14.92|14.71
2024-05-01|AVB|Multi-Family Residential REITs - Real Estate|4|186.24|187.93
2024-05-01|NOC|Aerospace & Defense - Industrials|1|461.75|486.37
2024-05-01|TSN|Packaged Foods & Meats - Consumer Staples|5|56.15|60.29
2024-05-01|MRNA|Biotechnology - Health Care|3|105.11|111.46
2024-05-01|CNP|Multi-Utilities - Utilities|1|28.18|29.32
2024-05-01|DOC|Health Care REITs - Real Estate|4|18.38|18.88
2024-05-01|FOX|Broadcasting - Communication Services|31|28.8|28.87
2024-05-01|MRK|Pharmaceuticals - Health Care|3|126.75|128.8
2024-05-01|EQT|Oil & Gas Exploration & Production - Energy|1|37.49|38.66
2024-05-01|PCG|Multi-Utilities - Utilities|1|16.6|17.41
2024-05-01|CSCO|Communications Equipment - Information Technology|1|48.24|46.84
2024-05-01|ZTS|Pharmaceuticals - Health Care|4|153.02|158.5
2024-05-01|YUM|Restaurants - Consumer Discretionary|1|138.0|135.33
2024-05-01|WY|Timber REITs - Real Estate|1|31.35|30.2
2024-05-01|XEL|Multi-Utilities - Utilities|1|54.72|53.78
2024-05-01|XYL|Industrial Machinery & Supplies & Components - Industrials|1|130.67|130.96
2024-05-01|XEL|Multi-Utilities - Utilities|1|55.33|53.78
2024-05-01|WY|Timber REITs - Real Estate|1|31.54|30.2
2024-05-01|PM|Tobacco - Consumer Staples|10|96.09|96.05
2024-05-01|XYL|Industrial Machinery & Supplies & Components - Industrials|2|130.61|130.96
2024-05-01|XEL|Multi-Utilities - Utilities|1|55.01|53.78
2024-05-01|FRT|Retail REITs - Real Estate|9|103.29|104.28
2024-05-01|XEL|Multi-Utilities - Utilities|1|54.48|53.78
2024-05-01|LDOS|Diversified Support Services - Industrials|7|140.22|142.19
2024-05-01|ZBRA|Electronic Equipment & Instruments - Information Technology|2|314.56|309.05
2024-05-01|XEL|Multi-Utilities - Utilities|1|53.73|53.78
2024-05-01|WY|Timber REITs - Real Estate|1|30.17|30.2
2024-05-01|WBD|Broadcasting - Communication Services|2|7.36|7.62
2024-05-01|AWK|Water Utilities - Utilities|6|125.12|125.12
2024-05-01|WBD|Broadcasting - Communication Services|2|7.62|7.62
2024-05-02|ZBH|Health Care Equipment - Health Care|8|121.39|118.46
2024-05-02|PG|Personal Care Products - Consumer Staples|1|155.62|163.84
2024-05-02|WELL|Health Care REITs - Real Estate|5|92.12|96.08
2024-05-02|HBAN|Regional Banks - Financials|1|13.66|13.67
2024-05-02|EXC|Electric Utilities - Utilities|1|36.83|37.89
2024-05-02|KEY|Regional Banks - Financials|1|14.92|14.87
2024-05-02|AVB|Multi-Family Residential REITs - Real Estate|4|186.24|192.45
2024-05-02|NOC|Aerospace & Defense - Industrials|1|461.75|475.0
2024-05-02|TSN|Packaged Foods & Meats - Consumer Staples|5|56.15|60.95
2024-05-02|CNP|Multi-Utilities - Utilities|1|28.18|29.4
2024-05-02|DOC|Health Care REITs - Real Estate|4|18.38|19.17
2024-05-02|FOX|Broadcasting - Communication Services|31|28.8|29.25
2024-05-02|MRK|Pharmaceuticals - Health Care|3|126.75|128.26
2024-05-02|EQT|Oil & Gas Exploration & Production - Energy|1|37.49|39.48
2024-05-02|PCG|Multi-Utilities - Utilities|1|16.6|17.53
2024-05-02|CSCO|Communications Equipment - Information Technology|1|48.24|46.79
2024-05-02|ZTS|Pharmaceuticals - Health Care|4|153.02|167.23
2024-05-02|YUM|Restaurants - Consumer Discretionary|1|138.0|135.07
2024-05-02|WY|Timber REITs - Real Estate|1|31.35|31.01
2024-05-02|XEL|Multi-Utilities - Utilities|1|54.72|53.79
2024-05-02|XYL|Industrial Machinery & Supplies & Components - Industrials|1|130.67|135.99
2024-05-02|XEL|Multi-Utilities - Utilities|1|55.33|53.79
2024-05-02|WY|Timber REITs - Real Estate|1|31.54|31.01
2024-05-02|PM|Tobacco - Consumer Staples|10|96.09|97.31
2024-05-02|XYL|Industrial Machinery & Supplies & Components - Industrials|2|130.61|135.99
2024-05-02|XEL|Multi-Utilities - Utilities|1|55.01|53.79
2024-05-02|FRT|Retail REITs - Real Estate|9|103.29|104.91
2024-05-02|XEL|Multi-Utilities - Utilities|1|54.48|53.79
2024-05-02|LDOS|Diversified Support Services - Industrials|7|140.22|142.66
2024-05-02|ZBRA|Electronic Equipment & Instruments - Information Technology|2|314.56|312.71
2024-05-02|XEL|Multi-Utilities - Utilities|1|53.73|53.79
2024-05-02|WY|Timber REITs - Real Estate|1|30.17|31.01
2024-05-02|WBD|Broadcasting - Communication Services|2|7.36|7.95
2024-05-02|AWK|Water Utilities - Utilities|6|125.12|125.95
2024-05-02|WBD|Broadcasting - Communication Services|2|7.62|7.95
2024-05-02|VTR|Health Care REITs - Real Estate|8|46.22|46.22
2024-05-02|WBD|Broadcasting - Communication Services|1|7.95|7.95
2024-05-03|ZBH|Health Care Equipment - Health Care|8|121.39|121.66
2024-05-03|PG|Personal Care Products - Consumer Staples|1|155.62|164.46
2024-05-03|WELL|Health Care REITs - Real Estate|5|92.12|95.81
2024-05-03|HBAN|Regional Banks - Financials|1|13.66|13.8
2024-05-03|EXC|Electric Utilities - Utilities|1|36.83|37.41
2024-05-03|KEY|Regional Banks - Financials|1|14.92|14.93
2024-05-03|AVB|Multi-Family Residential REITs - Real Estate|4|186.24|192.81
2024-05-03|NOC|Aerospace & Defense - Industrials|1|461.75|469.09
2024-05-03|CNP|Multi-Utilities - Utilities|1|28.18|29.45
2024-05-03|DOC|Health Care REITs - Real Estate|4|18.38|18.97
2024-05-03|FOX|Broadcasting - Communication Services|31|28.8|29.58
2024-05-03|MRK|Pharmaceuticals - Health Care|3|126.75|127.51
2024-05-03|EQT|Oil & Gas Exploration & Production - Energy|1|37.49|40.27
2024-05-03|PCG|Multi-Utilities - Utilities|1|16.6|17.57
2024-05-03|CSCO|Communications Equipment - Information Technology|1|48.24|47.12
2024-05-03|ZTS|Pharmaceuticals - Health Care|4|153.02|167.07
2024-05-03|YUM|Restaurants - Consumer Discretionary|1|138.0|134.34
2024-05-03|WY|Timber REITs - Real Estate|1|31.35|31.09
2024-05-03|XEL|Multi-Utilities - Utilities|1|54.72|54.25
2024-05-03|XYL|Industrial Machinery & Supplies & Components - Industrials|1|130.67|137.21
2024-05-03|XEL|Multi-Utilities - Utilities|1|55.33|54.25
2024-05-03|WY|Timber REITs - Real Estate|1|31.54|31.09
2024-05-03|PM|Tobacco - Consumer Staples|10|96.09|97.4
2024-05-03|XYL|Industrial Machinery & Supplies & Components - Industrials|2|130.61|137.21
2024-05-03|XEL|Multi-Utilities - Utilities|1|55.01|54.25
2024-05-03|FRT|Retail REITs - Real Estate|9|103.29|102.01
2024-05-03|XEL|Multi-Utilities - Utilities|1|54.48|54.25
2024-05-03|LDOS|Diversified Support Services - Industrials|7|140.22|141.67
2024-05-03|ZBRA|Electronic Equipment & Instruments - Information Technology|2|314.56|309.59
2024-05-03|XEL|Multi-Utilities - Utilities|1|53.73|54.25
2024-05-03|WY|Timber REITs - Real Estate|1|30.17|31.09
2024-05-03|WBD|Broadcasting - Communication Services|2|7.36|7.97
2024-05-03|AWK|Water Utilities - Utilities|6|125.12|128.75
2024-05-03|WBD|Broadcasting - Communication Services|2|7.62|7.97
2024-05-03|VTR|Health Care REITs - Real Estate|8|46.22|46.79
2024-05-03|WBD|Broadcasting - Communication Services|1|7.95|7.97
2024-05-03|TXN|Semiconductors - Information Technology|1|178.91|178.91
2024-05-03|WELL|Health Care REITs - Real Estate|1|95.81|95.81
2024-05-03|WY|Timber REITs - Real Estate|1|31.09|31.09
2024-05-03|WBD|Broadcasting - Communication Services|1|7.97|7.97
2024-05-07|ZBH|Health Care Equipment - Health Care|8|121.39|121.43
2024-05-07|PG|Personal Care Products - Consumer Staples|1|155.62|165.76
2024-05-07|WELL|Health Care REITs - Real Estate|5|92.12|97.46
2024-05-07|HBAN|Regional Banks - Financials|1|13.66|13.85
2024-05-07|EXC|Electric Utilities - Utilities|1|36.83|37.91
2024-05-07|KEY|Regional Banks - Financials|1|14.92|14.93
2024-05-07|AVB|Multi-Family Residential REITs - Real Estate|4|186.24|195.89
2024-05-07|NOC|Aerospace & Defense - Industrials|1|461.75|473.75
2024-05-07|CNP|Multi-Utilities - Utilities|1|28.18|29.6
2024-05-07|DOC|Health Care REITs - Real Estate|4|18.38|19.2
2024-05-07|FOX|Broadcasting - Communication Services|31|28.8|29.85
2024-05-07|MRK|Pharmaceuticals - Health Care|3|126.75|130.38
2024-05-07|EQT|Oil & Gas Exploration & Production - Energy|1|37.49|40.51
2024-05-07|PCG|Multi-Utilities - Utilities|1|16.6|17.73
2024-05-07|CSCO|Communications Equipment - Information Technology|1|48.24|47.28
2024-05-07|YUM|Restaurants - Consumer Discretionary|1|138.0|135.91
2024-05-07|WY|Timber REITs - Real Estate|1|31.35|30.85
2024-05-07|XEL|Multi-Utilities - Utilities|1|54.72|55.02
2024-05-07|XYL|Industrial Machinery & Supplies & Components - Industrials|1|130.67|140.03
2024-05-07|XEL|Multi-Utilities - Utilities|1|55.33|55.02
2024-05-07|WY|Timber REITs - Real Estate|1|31.54|30.85
2024-05-07|PM|Tobacco - Consumer Staples|10|96.09|97.53
2024-05-07|XYL|Industrial Machinery & Supplies & Components - Industrials|2|130.61|140.03
2024-05-07|XEL|Multi-Utilities - Utilities|1|55.01|55.02
2024-05-07|FRT|Retail REITs - Real Estate|9|103.29|103.09
2024-05-07|XEL|Multi-Utilities - Utilities|1|54.48|55.02
2024-05-07|LDOS|Diversified Support Services - Industrials|7|140.22|142.85
2024-05-07|ZBRA|Electronic Equipment & Instruments - Information Technology|2|314.56|317.87
2024-05-07|XEL|Multi-Utilities - Utilities|1|53.73|55.02
2024-05-07|WY|Timber REITs - Real Estate|1|30.17|30.85
2024-05-07|WBD|Broadcasting - Communication Services|2|7.36|7.77
2024-05-07|AWK|Water Utilities - Utilities|6|125.12|131.82
2024-05-07|WBD|Broadcasting - Communication Services|2|7.62|7.77
2024-05-07|VTR|Health Care REITs - Real Estate|8|46.22|47.13
2024-05-07|WBD|Broadcasting - Communication Services|1|7.95|7.77
2024-05-07|TXN|Semiconductors - Information Technology|1|178.91|182.67
2024-05-07|WELL|Health Care REITs - Real Estate|1|95.81|97.46
2024-05-07|WY|Timber REITs - Real Estate|1|31.09|30.85
2024-05-07|WBD|Broadcasting - Communication Services|1|7.97|7.77
2024-05-07|PANW|Systems Software - Information Technology|4|152.76|152.76
2024-05-07|XEL|Multi-Utilities - Utilities|1|55.02|55.02
2024-05-07|WBD|Broadcasting - Communication Services|1|7.77|7.77
2024-05-10|ZBH|Health Care Equipment - Health Care|8|121.39|121.31
2024-05-10|PG|Personal Care Products - Consumer Staples|1|155.62|166.85
2024-05-10|WELL|Health Care REITs - Real Estate|5|92.12|98.83
2024-05-10|HBAN|Regional Banks - Financials|1|13.66|14.06
2024-05-10|EXC|Electric Utilities - Utilities|1|36.83|37.67
2024-05-10|KEY|Regional Banks - Financials|1|14.92|15.08
2024-05-10|AVB|Multi-Family Residential REITs - Real Estate|4|186.24|196.89
2024-05-10|NOC|Aerospace & Defense - Industrials|1|461.75|474.8
2024-05-10|CNP|Multi-Utilities - Utilities|1|28.18|29.7
2024-05-10|DOC|Health Care REITs - Real Estate|4|18.38|19.55
2024-05-10|FOX|Broadcasting - Communication Services|31|28.8|30.94
2024-05-10|MRK|Pharmaceuticals - Health Care|3|126.75|130.06
2024-05-10|EQT|Oil & Gas Exploration & Production - Energy|1|37.49|38.93
2024-05-10|PCG|Multi-Utilities - Utilities|1|16.6|17.83
2024-05-10|CSCO|Communications Equipment - Information Technology|1|48.24|48.06
2024-05-10|YUM|Restaurants - Consumer Discretionary|1|138.0|137.62
2024-05-10|WY|Timber REITs - Real Estate|1|31.35|30.97
2024-05-10|XEL|Multi-Utilities - Utilities|1|54.72|55.46
2024-05-10|XYL|Industrial Machinery & Supplies & Components - Industrials|1|130.67|143.0
2024-05-10|XEL|Multi-Utilities - Utilities|1|55.33|55.46
2024-05-10|WY|Timber REITs - Real Estate|1|31.54|30.97
2024-05-10|PM|Tobacco - Consumer Staples|10|96.09|99.66
2024-05-10|XYL|Industrial Machinery & Supplies & Components - Industrials|2|130.61|143.0
2024-05-10|XEL|Multi-Utilities - Utilities|1|55.01|55.46
2024-05-10|FRT|Retail REITs - Real Estate|9|103.29|101.72
2024-05-10|XEL|Multi-Utilities - Utilities|1|54.48|55.46
2024-05-10|LDOS|Diversified Support Services - Industrials|7|140.22|147.48
2024-05-10|ZBRA|Electronic Equipment & Instruments - Information Technology|2|314.56|315.8
2024-05-10|XEL|Multi-Utilities - Utilities|1|53.73|55.46
2024-05-10|WY|Timber REITs - Real Estate|1|30.17|30.97
2024-05-10|AWK|Water Utilities - Utilities|6|125.12|135.5
2024-05-10|WBD|Broadcasting - Communication Services|2|7.62|8.15
2024-05-10|VTR|Health Care REITs - Real Estate|8|46.22|47.56
2024-05-10|WBD|Broadcasting - Communication Services|1|7.95|8.15
2024-05-10|TXN|Semiconductors - Information Technology|1|178.91|187.05
2024-05-10|WELL|Health Care REITs - Real Estate|1|95.81|98.83
2024-05-10|WY|Timber REITs - Real Estate|1|31.09|30.97
2024-05-10|WBD|Broadcasting - Communication Services|1|7.97|8.15
2024-05-10|PANW|Systems Software - Information Technology|4|152.76|148.74
2024-05-10|XEL|Multi-Utilities - Utilities|1|55.02|55.46
2024-05-10|WBD|Broadcasting - Communication Services|1|7.77|8.15
2024-05-10|WBD|Broadcasting - Communication Services|2|8.15|8.15
2024-05-14|ZBH|Health Care Equipment - Health Care|8|121.39|119.97
2024-05-14|PG|Personal Care Products - Consumer Staples|1|155.62|165.76
2024-05-14|WELL|Health Care REITs - Real Estate|5|92.12|98.82
2024-05-14|HBAN|Regional Banks - Financials|1|13.66|14.08
2024-05-14|EXC|Electric Utilities - Utilities|1|36.83|38.4
2024-05-14|KEY|Regional Banks - Financials|1|14.92|15.11
2024-05-14|AVB|Multi-Family Residential REITs - Real Estate|4|186.24|197.49
2024-05-14|NOC|Aerospace & Defense - Industrials|1|461.75|474.07
2024-05-14|CNP|Multi-Utilities - Utilities|1|28.18|29.68
2024-05-14|DOC|Health Care REITs - Real Estate|4|18.38|19.82
2024-05-14|FOX|Broadcasting - Communication Services|31|28.8|30.96
2024-05-14|MRK|Pharmaceuticals - Health Care|3|126.75|128.66
2024-05-14|EQT|Oil & Gas Exploration & Production - Energy|1|37.49|40.71
2024-05-14|PCG|Multi-Utilities - Utilities|1|16.6|18.01
2024-05-14|CSCO|Communications Equipment - Information Technology|1|48.24|48.95
2024-05-14|YUM|Restaurants - Consumer Discretionary|1|138.0|137.49
2024-05-14|WY|Timber REITs - Real Estate|1|31.35|31.19
2024-05-14|XEL|Multi-Utilities - Utilities|1|54.72|55.56
2024-05-14|XYL|Industrial Machinery & Supplies & Components - Industrials|1|130.67|142.07
2024-05-14|XEL|Multi-Utilities - Utilities|1|55.33|55.56
2024-05-14|WY|Timber REITs - Real Estate|1|31.54|31.19
2024-05-14|PM|Tobacco - Consumer Staples|10|96.09|99.84
2024-05-14|XYL|Industrial Machinery & Supplies & Components - Industrials|2|130.61|142.07
2024-05-14|XEL|Multi-Utilities - Utilities|1|55.01|55.56
2024-05-14|FRT|Retail REITs - Real Estate|9|103.29|102.47
2024-05-14|XEL|Multi-Utilities - Utilities|1|54.48|55.56
2024-05-14|LDOS|Diversified Support Services - Industrials|7|140.22|146.6
2024-05-14|ZBRA|Electronic Equipment & Instruments - Information Technology|2|314.56|320.98
2024-05-14|XEL|Multi-Utilities - Utilities|1|53.73|55.56
2024-05-14|WY|Timber REITs - Real Estate|1|30.17|31.19
2024-05-14|AWK|Water Utilities - Utilities|6|125.12|133.13
2024-05-14|VTR|Health Care REITs - Real Estate|8|46.22|47.96
2024-05-14|WBD|Broadcasting - Communication Services|1|7.95|8.56
2024-05-14|TXN|Semiconductors - Information Technology|1|178.91|191.13
2024-05-14|WELL|Health Care REITs - Real Estate|1|95.81|98.82
2024-05-14|WY|Timber REITs - Real Estate|1|31.09|31.19
2024-05-14|WBD|Broadcasting - Communication Services|1|7.97|8.56
2024-05-14|PANW|Systems Software - Information Technology|4|152.76|150.77
2024-05-14|XEL|Multi-Utilities - Utilities|1|55.02|55.56
2024-05-14|WBD|Broadcasting - Communication Services|2|8.15|8.56
2024-05-14|WBD|Broadcasting - Communication Services|3|8.56|8.56
2024-05-15|ZBH|Health Care Equipment - Health Care|8|121.39|120.98
2024-05-15|PG|Personal Care Products - Consumer Staples|1|155.62|166.51
2024-05-15|WELL|Health Care REITs - Real Estate|5|92.12|101.0
2024-05-15|HBAN|Regional Banks - Financials|1|13.66|14.26
2024-05-15|EXC|Electric Utilities - Utilities|1|36.83|38.73
2024-05-15|KEY|Regional Banks - Financials|1|14.92|15.57
2024-05-15|AVB|Multi-Family Residential REITs - Real Estate|4|186.24|198.46
2024-05-15|NOC|Aerospace & Defense - Industrials|1|461.75|469.65
2024-05-15|CNP|Multi-Utilities - Utilities|1|28.18|29.76
2024-05-15|FOX|Broadcasting - Communication Services|31|28.8|30.61
2024-05-15|MRK|Pharmaceuticals - Health Care|3|126.75|131.73
2024-05-15|EQT|Oil & Gas Exploration & Production - Energy|1|37.49|40.93
2024-05-15|CSCO|Communications Equipment - Information Technology|1|48.24|49.67
2024-05-15|YUM|Restaurants - Consumer Discretionary|1|138.0|138.34
2024-05-15|WY|Timber REITs - Real Estate|1|31.35|31.36
2024-05-15|XEL|Multi-Utilities - Utilities|1|54.72|55.79
2024-05-15|XEL|Multi-Utilities - Utilities|1|55.33|55.79
2024-05-15|WY|Timber REITs - Real Estate|1|31.54|31.36
2024-05-15|PM|Tobacco - Consumer Staples|10|96.09|100.57
2024-05-15|XEL|Multi-Utilities - Utilities|1|55.01|55.79
2024-05-15|FRT|Retail REITs - Real Estate|9|103.29|102.99
2024-05-15|XEL|Multi-Utilities - Utilities|1|54.48|55.79
2024-05-15|LDOS|Diversified Support Services - Industrials|7|140.22|147.25
2024-05-15|ZBRA|Electronic Equipment & Instruments - Information Technology|2|314.56|323.87
2024-05-15|XEL|Multi-Utilities - Utilities|1|53.73|55.79
2024-05-15|WY|Timber REITs - Real Estate|1|30.17|31.36
2024-05-15|AWK|Water Utilities - Utilities|6|125.12|133.75
2024-05-15|VTR|Health Care REITs - Real Estate|8|46.22|48.71
2024-05-15|WBD|Broadcasting - Communication Services|1|7.95|8.2
2024-05-15|TXN|Semiconductors - Information Technology|1|178.91|195.53
2024-05-15|WELL|Health Care REITs - Real Estate|1|95.81|101.0
2024-05-15|WY|Timber REITs - Real Estate|1|31.09|31.36
2024-05-15|WBD|Broadcasting - Communication Services|1|7.97|8.2
2024-05-15|PANW|Systems Software - Information Technology|4|152.76|156.16
2024-05-15|XEL|Multi-Utilities - Utilities|1|55.02|55.79
2024-05-15|WBD|Broadcasting - Communication Services|2|8.15|8.2
2024-05-15|WBD|Broadcasting - Communication Services|3|8.56|8.2
2024-05-15|HSY|Packaged Foods & Meats - Consumer Staples|2|205.41|205.41
2024-05-15|PRU|Life & Health Insurance - Financials|1|119.6|119.6
2024-05-17|ZBH|Health Care Equipment - Health Care|8|121.39|120.18
2024-05-17|PG|Personal Care Products - Consumer Staples|1|155.62|167.64
2024-05-17|WELL|Health Care REITs - Real Estate|5|92.12|101.29
2024-05-17|HBAN|Regional Banks - Financials|1|13.66|14.21
2024-05-17|EXC|Electric Utilities - Utilities|1|36.83|38.58
2024-05-17|KEY|Regional Banks - Financials|1|14.92|15.4
2024-05-17|AVB|Multi-Family Residential REITs - Real Estate|4|186.24|198.89
2024-05-17|NOC|Aerospace & Defense - Industrials|1|461.75|470.22
2024-05-17|CNP|Multi-Utilities - Utilities|1|28.18|30.08
2024-05-17|FOX|Broadcasting - Communication Services|31|28.8|30.53
2024-05-17|MRK|Pharmaceuticals - Health Care|3|126.75|131.19
2024-05-17|EQT|Oil & Gas Exploration & Production - Energy|1|37.49|41.17
2024-05-17|CSCO|Communications Equipment - Information Technology|1|48.24|48.17
2024-05-17|YUM|Restaurants - Consumer Discretionary|1|138.0|141.66
2024-05-17|WY|Timber REITs - Real Estate|1|31.35|31.17
2024-05-17|XEL|Multi-Utilities - Utilities|1|54.72|55.52
2024-05-17|XEL|Multi-Utilities - Utilities|1|55.33|55.52
2024-05-17|WY|Timber REITs - Real Estate|1|31.54|31.17
2024-05-17|PM|Tobacco - Consumer Staples|10|96.09|99.83
2024-05-17|XEL|Multi-Utilities - Utilities|1|55.01|55.52
2024-05-17|FRT|Retail REITs - Real Estate|9|103.29|102.33
2024-05-17|XEL|Multi-Utilities - Utilities|1|54.48|55.52
2024-05-17|LDOS|Diversified Support Services - Industrials|7|140.22|148.67
2024-05-17|ZBRA|Electronic Equipment & Instruments - Information Technology|2|314.56|317.89
2024-05-17|XEL|Multi-Utilities - Utilities|1|53.73|55.52
2024-05-17|WY|Timber REITs - Real Estate|1|30.17|31.17
2024-05-17|AWK|Water Utilities - Utilities|6|125.12|133.76
2024-05-17|VTR|Health Care REITs - Real Estate|8|46.22|48.91
2024-05-17|WBD|Broadcasting - Communication Services|1|7.95|8.05
2024-05-17|TXN|Semiconductors - Information Technology|1|178.91|195.02
2024-05-17|WELL|Health Care REITs - Real Estate|1|95.81|101.29
2024-05-17|WY|Timber REITs - Real Estate|1|31.09|31.17
2024-05-17|WBD|Broadcasting - Communication Services|1|7.97|8.05
2024-05-17|PANW|Systems Software - Information Technology|4|152.76|158.93
2024-05-17|XEL|Multi-Utilities - Utilities|1|55.02|55.52
2024-05-17|WBD|Broadcasting - Communication Services|2|8.15|8.05
2024-05-17|HSY|Packaged Foods & Meats - Consumer Staples|2|205.41|207.04
2024-05-17|PRU|Life & Health Insurance - Financials|1|119.6|121.31
2024-05-17|RF|Regional Banks - Financials|1|20.18|20.18
2024-05-20|ZBH|Health Care Equipment - Health Care|8|121.39|119.05
2024-05-20|PG|Personal Care Products - Consumer Staples|1|155.62|167.31
2024-05-20|WELL|Health Care REITs - Real Estate|5|92.12|100.84
2024-05-20|HBAN|Regional Banks - Financials|1|13.66|14.01
2024-05-20|EXC|Electric Utilities - Utilities|1|36.83|38.46
2024-05-20|KEY|Regional Banks - Financials|1|14.92|15.23
2024-05-20|AVB|Multi-Family Residential REITs - Real Estate|4|186.24|197.41
2024-05-20|NOC|Aerospace & Defense - Industrials|1|461.75|468.94
2024-05-20|CNP|Multi-Utilities - Utilities|1|28.18|29.99
2024-05-20|FOX|Broadcasting - Communication Services|31|28.8|30.58
2024-05-20|MRK|Pharmaceuticals - Health Care|3|126.75|130.99
2024-05-20|CSCO|Communications Equipment - Information Technology|1|48.24|47.13
2024-05-20|YUM|Restaurants - Consumer Discretionary|1|138.0|139.67
2024-05-20|WY|Timber REITs - Real Estate|1|31.35|30.91
2024-05-20|XEL|Multi-Utilities - Utilities|1|54.72|56.07
2024-05-20|XEL|Multi-Utilities - Utilities|1|55.33|56.07
2024-05-20|WY|Timber REITs - Real Estate|1|31.54|30.91
2024-05-20|PM|Tobacco - Consumer Staples|10|96.09|99.59
2024-05-20|XEL|Multi-Utilities - Utilities|1|55.01|56.07
2024-05-20|FRT|Retail REITs - Real Estate|9|103.29|101.01
2024-05-20|XEL|Multi-Utilities - Utilities|1|54.48|56.07
2024-05-20|LDOS|Diversified Support Services - Industrials|7|140.22|149.44
2024-05-20|ZBRA|Electronic Equipment & Instruments - Information Technology|2|314.56|320.16
2024-05-20|XEL|Multi-Utilities - Utilities|1|53.73|56.07
2024-05-20|WY|Timber REITs - Real Estate|1|30.17|30.91
2024-05-20|AWK|Water Utilities - Utilities|6|125.12|133.57
2024-05-20|VTR|Health Care REITs - Real Estate|8|46.22|48.73
2024-05-20|WBD|Broadcasting - Communication Services|1|7.95|8.09
2024-05-20|WELL|Health Care REITs - Real Estate|1|95.81|100.84
2024-05-20|WY|Timber REITs - Real Estate|1|31.09|30.91
2024-05-20|WBD|Broadcasting - Communication Services|1|7.97|8.09
2024-05-20|PANW|Systems Software - Information Technology|4|152.76|161.88
2024-05-20|XEL|Multi-Utilities - Utilities|1|55.02|56.07
2024-05-20|WBD|Broadcasting - Communication Services|2|8.15|8.09
2024-05-20|HSY|Packaged Foods & Meats - Consumer Staples|2|205.41|208.09
2024-05-20|PRU|Life & Health Insurance - Financials|1|119.6|117.7
2024-05-20|RF|Regional Banks - Financials|1|20.18|19.88
2024-05-20|GEN|Systems Software - Information Technology|10|24.47|24.47
2024-05-22|ZBH|Health Care Equipment - Health Care|8|121.39|119.33
2024-05-22|PG|Personal Care Products - Consumer Staples|1|155.62|167.81
2024-05-22|HBAN|Regional Banks - Financials|1|13.66|13.92
2024-05-22|EXC|Electric Utilities - Utilities|1|36.83|37.9
2024-05-22|KEY|Regional Banks - Financials|1|14.92|15.03
2024-05-22|AVB|Multi-Family Residential REITs - Real Estate|4|186.24|197.6
2024-05-22|NOC|Aerospace & Defense - Industrials|1|461.75|474.69
2024-05-22|CNP|Multi-Utilities - Utilities|1|28.18|30.06
2024-05-22|FOX|Broadcasting - Communication Services|31|28.8|30.57
2024-05-22|MRK|Pharmaceuticals - Health Care|3|126.75|131.1
2024-05-22|CSCO|Communications Equipment - Information Technology|1|48.24|47.43
2024-05-22|YUM|Restaurants - Consumer Discretionary|1|138.0|139.13
2024-05-22|WY|Timber REITs - Real Estate|1|31.35|30.7
2024-05-22|XEL|Multi-Utilities - Utilities|1|54.72|55.52
2024-05-22|XEL|Multi-Utilities - Utilities|1|55.33|55.52
2024-05-22|WY|Timber REITs - Real Estate|1|31.54|30.7
2024-05-22|PM|Tobacco - Consumer Staples|10|96.09|101.07
2024-05-22|XEL|Multi-Utilities - Utilities|1|55.01|55.52
2024-05-22|FRT|Retail REITs - Real Estate|9|103.29|101.09
2024-05-22|XEL|Multi-Utilities - Utilities|1|54.48|55.52
2024-05-22|LDOS|Diversified Support Services - Industrials|7|140.22|149.92
2024-05-22|ZBRA|Electronic Equipment & Instruments - Information Technology|2|314.56|326.98
2024-05-22|XEL|Multi-Utilities - Utilities|1|53.73|55.52
2024-05-22|WY|Timber REITs - Real Estate|1|30.17|30.7
2024-05-22|AWK|Water Utilities - Utilities|6|125.12|133.75
2024-05-22|VTR|Health Care REITs - Real Estate|8|46.22|48.47
2024-05-22|WBD|Broadcasting - Communication Services|1|7.95|8.06
2024-05-22|WELL|Health Care REITs - Real Estate|1|95.81|101.87
2024-05-22|WY|Timber REITs - Real Estate|1|31.09|30.7
2024-05-22|WBD|Broadcasting - Communication Services|1|7.97|8.06
2024-05-22|PANW|Systems Software - Information Technology|4|152.76|154.29
2024-05-22|XEL|Multi-Utilities - Utilities|1|55.02|55.52
2024-05-22|WBD|Broadcasting - Communication Services|2|8.15|8.06
2024-05-22|HSY|Packaged Foods & Meats - Consumer Staples|2|205.41|205.57
2024-05-22|PRU|Life & Health Insurance - Financials|1|119.6|119.49
2024-05-22|RF|Regional Banks - Financials|1|20.18|19.48
2024-05-22|GEN|Systems Software - Information Technology|10|24.47|25.0
2024-05-22|WAT|Life Sciences Tools & Services - Health Care|1|348.8|348.8
2024-05-22|PNR|Industrial Machinery & Supplies & Components - Industrials|1|84.09|84.09
2024-05-22|XEL|Multi-Utilities - Utilities|1|55.52|55.52
2024-05-22|WBD|Broadcasting - Communication Services|2|8.06|8.06
2024-05-23|ZBH|Health Care Equipment - Health Care|8|121.39|115.85
2024-05-23|PG|Personal Care Products - Consumer Staples|1|155.62|165.49
2024-05-23|HBAN|Regional Banks - Financials|1|13.66|13.58
2024-05-23|EXC|Electric Utilities - Utilities|1|36.83|37.03
2024-05-23|KEY|Regional Banks - Financials|1|14.92|14.46
2024-05-23|AVB|Multi-Family Residential REITs - Real Estate|4|186.24|193.96
2024-05-23|NOC|Aerospace & Defense - Industrials|1|461.75|467.21
2024-05-23|CNP|Multi-Utilities - Utilities|1|28.18|29.35
2024-05-23|FOX|Broadcasting - Communication Services|31|28.8|30.65
2024-05-23|MRK|Pharmaceuticals - Health Care|3|126.75|131.09
2024-05-23|CSCO|Communications Equipment - Information Technology|1|48.24|46.6
2024-05-23|YUM|Restaurants - Consumer Discretionary|1|138.0|137.01
2024-05-23|WY|Timber REITs - Real Estate|1|31.35|30.11
2024-05-23|XEL|Multi-Utilities - Utilities|1|54.72|54.05
2024-05-23|XEL|Multi-Utilities - Utilities|1|55.33|54.05
2024-05-23|WY|Timber REITs - Real Estate|1|31.54|30.11
2024-05-23|PM|Tobacco - Consumer Staples|10|96.09|99.65
2024-05-23|XEL|Multi-Utilities - Utilities|1|55.01|54.05
2024-05-23|FRT|Retail REITs - Real Estate|9|103.29|98.65
2024-05-23|XEL|Multi-Utilities - Utilities|1|54.48|54.05
2024-05-23|LDOS|Diversified Support Services - Industrials|7|140.22|149.77
2024-05-23|ZBRA|Electronic Equipment & Instruments - Information Technology|2|314.56|324.06
2024-05-23|XEL|Multi-Utilities - Utilities|1|53.73|54.05
2024-05-23|WY|Timber REITs - Real Estate|1|30.17|30.11
2024-05-23|AWK|Water Utilities - Utilities|6|125.12|128.6
2024-05-23|VTR|Health Care REITs - Real Estate|8|46.22|47.19
2024-05-23|WBD|Broadcasting - Communication Services|1|7.95|7.7
2024-05-23|WELL|Health Care REITs - Real Estate|1|95.81|99.96
2024-05-23|WY|Timber REITs - Real Estate|1|31.09|30.11
2024-05-23|WBD|Broadcasting - Communication Services|1|7.97|7.7
2024-05-23|PANW|Systems Software - Information Technology|4|152.76|155.72
2024-05-23|XEL|Multi-Utilities - Utilities|1|55.02|54.05
2024-05-23|HSY|Packaged Foods & Meats - Consumer Staples|2|205.41|201.04
2024-05-23|PRU|Life & Health Insurance - Financials|1|119.6|117.85
2024-05-23|GEN|Systems Software - Information Technology|10|24.47|24.67
2024-05-23|WAT|Life Sciences Tools & Services - Health Care|1|348.8|336.79
2024-05-23|PNR|Industrial Machinery & Supplies & Components - Industrials|1|84.09|82.53
2024-05-23|XEL|Multi-Utilities - Utilities|1|55.52|54.05
2024-05-23|WBD|Broadcasting - Communication Services|2|8.06|7.7
2024-05-23|WY|Timber REITs - Real Estate|1|30.11|30.11
2024-05-23|WBD|Broadcasting - Communication Services|1|7.7|7.7
2024-05-24|ZBH|Health Care Equipment - Health Care|8|121.39|116.41
2024-05-24|PG|Personal Care Products - Consumer Staples|1|155.62|165.33
2024-05-24|HBAN|Regional Banks - Financials|1|13.66|13.74
2024-05-24|EXC|Electric Utilities - Utilities|1|36.83|36.69
2024-05-24|KEY|Regional Banks - Financials|1|14.92|14.48
2024-05-24|AVB|Multi-Family Residential REITs - Real Estate|4|186.24|195.34
2024-05-24|NOC|Aerospace & Defense - Industrials|1|461.75|466.43
2024-05-24|CNP|Multi-Utilities - Utilities|1|28.18|29.51
2024-05-24|FOX|Broadcasting - Communication Services|31|28.8|31.13
2024-05-24|MRK|Pharmaceuticals - Health Care|3|126.75|129.49
2024-05-24|CSCO|Communications Equipment - Information Technology|1|48.24|46.42
2024-05-24|YUM|Restaurants - Consumer Discretionary|1|138.0|137.65
2024-05-24|WY|Timber REITs - Real Estate|1|31.35|30.2
2024-05-24|XEL|Multi-Utilities - Utilities|1|54.72|53.72
2024-05-24|XEL|Multi-Utilities - Utilities|1|55.33|53.72
2024-05-24|WY|Timber REITs - Real Estate|1|31.54|30.2
2024-05-24|PM|Tobacco - Consumer Staples|10|96.09|99.93
2024-05-24|XEL|Multi-Utilities - Utilities|1|55.01|53.72
2024-05-24|XEL|Multi-Utilities - Utilities|1|54.48|53.72
2024-05-24|LDOS|Diversified Support Services - Industrials|7|140.22|151.15
2024-05-24|ZBRA|Electronic Equipment & Instruments - Information Technology|2|314.56|327.0
2024-05-24|XEL|Multi-Utilities - Utilities|1|53.73|53.72
2024-05-24|WY|Timber REITs - Real Estate|1|30.17|30.2
2024-05-24|AWK|Water Utilities - Utilities|6|125.12|128.23
2024-05-24|VTR|Health Care REITs - Real Estate|8|46.22|47.5
2024-05-24|WBD|Broadcasting - Communication Services|1|7.95|7.73
2024-05-24|WELL|Health Care REITs - Real Estate|1|95.81|100.87
2024-05-24|WY|Timber REITs - Real Estate|1|31.09|30.2
2024-05-24|WBD|Broadcasting - Communication Services|1|7.97|7.73
2024-05-24|PANW|Systems Software - Information Technology|4|152.76|160.8
2024-05-24|XEL|Multi-Utilities - Utilities|1|55.02|53.72
2024-05-24|HSY|Packaged Foods & Meats - Consumer Staples|2|205.41|197.0
2024-05-24|PRU|Life & Health Insurance - Financials|1|119.6|119.36
2024-05-24|GEN|Systems Software - Information Technology|10|24.47|24.89
2024-05-24|WAT|Life Sciences Tools & Services - Health Care|1|348.8|336.46
2024-05-24|PNR|Industrial Machinery & Supplies & Components - Industrials|1|84.09|82.75
2024-05-24|XEL|Multi-Utilities - Utilities|1|55.52|53.72
2024-05-24|WBD|Broadcasting - Communication Services|2|8.06|7.73
2024-05-24|WY|Timber REITs - Real Estate|1|30.11|30.2
2024-05-24|WBD|Broadcasting - Communication Services|1|7.7|7.73
2024-05-24|INCY|Biotechnology - Health Care|15|57.31|57.31
2024-05-24|HPE|Technology Hardware, Storage & Peripherals - Information Technology|1|18.41|18.41
2024-05-28|ZBH|Health Care Equipment - Health Care|8|121.39|116.33
2024-05-28|PG|Personal Care Products - Consumer Staples|1|155.62|163.11
2024-05-28|HBAN|Regional Banks - Financials|1|13.66|13.66
2024-05-28|EXC|Electric Utilities - Utilities|1|36.83|36.78
2024-05-28|KEY|Regional Banks - Financials|1|14.92|14.19
2024-05-28|AVB|Multi-Family Residential REITs - Real Estate|4|186.24|192.25
2024-05-28|NOC|Aerospace & Defense - Industrials|1|461.75|455.5
2024-05-28|CNP|Multi-Utilities - Utilities|1|28.18|29.54
2024-05-28|FOX|Broadcasting - Communication Services|31|28.8|31.09
2024-05-28|MRK|Pharmaceuticals - Health Care|3|126.75|126.09
2024-05-28|CSCO|Communications Equipment - Information Technology|1|48.24|46.28
2024-05-28|YUM|Restaurants - Consumer Discretionary|1|138.0|135.86
2024-05-28|XEL|Multi-Utilities - Utilities|1|54.72|53.74
2024-05-28|XEL|Multi-Utilities - Utilities|1|55.33|53.74
2024-05-28|PM|Tobacco - Consumer Staples|10|96.09|100.05
2024-05-28|XEL|Multi-Utilities - Utilities|1|55.01|53.74
2024-05-28|XEL|Multi-Utilities - Utilities|1|54.48|53.74
2024-05-28|LDOS|Diversified Support Services - Industrials|7|140.22|147.58
2024-05-28|ZBRA|Electronic Equipment & Instruments - Information Technology|2|314.56|326.24
2024-05-28|XEL|Multi-Utilities - Utilities|1|53.73|53.74
2024-05-28|WY|Timber REITs - Real Estate|1|30.17|29.76
2024-05-28|AWK|Water Utilities - Utilities|6|125.12|126.24
2024-05-28|VTR|Health Care REITs - Real Estate|8|46.22|47.18
2024-05-28|WBD|Broadcasting - Communication Services|1|7.95|7.87
2024-05-28|WELL|Health Care REITs - Real Estate|1|95.81|100.83
2024-05-28|WY|Timber REITs - Real Estate|1|31.09|29.76
2024-05-28|WBD|Broadcasting - Communication Services|1|7.97|7.87
2024-05-28|PANW|Systems Software - Information Technology|4|152.76|154.01
2024-05-28|XEL|Multi-Utilities - Utilities|1|55.02|53.74
2024-05-28|HSY|Packaged Foods & Meats - Consumer Staples|2|205.41|197.61
2024-05-28|PRU|Life & Health Insurance - Financials|1|119.6|117.73
2024-05-28|GEN|Systems Software - Information Technology|10|24.47|24.81
2024-05-28|WAT|Life Sciences Tools & Services - Health Care|1|348.8|331.84
2024-05-28|XEL|Multi-Utilities - Utilities|1|55.52|53.74
2024-05-28|WBD|Broadcasting - Communication Services|2|8.06|7.87
2024-05-28|WY|Timber REITs - Real Estate|1|30.11|29.76
2024-05-28|WBD|Broadcasting - Communication Services|1|7.7|7.87
2024-05-28|INCY|Biotechnology - Health Care|15|57.31|57.25
2024-05-28|HPE|Technology Hardware, Storage & Peripherals - Information Technology|1|18.41|18.41
2024-05-28|NFLX|Movies & Entertainment - Communication Services|2|64.9|64.9
2024-05-28|WBD|Broadcasting - Communication Services|2|7.87|7.87
2024-05-29|PG|Personal Care Products - Consumer Staples|1|155.62|161.65
2024-05-29|HBAN|Regional Banks - Financials|1|13.66|13.47
2024-05-29|EXC|Electric Utilities - Utilities|1|36.83|36.18
2024-05-29|AVB|Multi-Family Residential REITs - Real Estate|4|186.24|188.59
2024-05-29|NOC|Aerospace & Defense - Industrials|1|461.75|446.39
2024-05-29|CNP|Multi-Utilities - Utilities|1|28.18|29.38
2024-05-29|FOX|Broadcasting - Communication Services|31|28.8|31.27
2024-05-29|MRK|Pharmaceuticals - Health Care|3|126.75|125.9
2024-05-29|CSCO|Communications Equipment - Information Technology|1|48.24|46.08
2024-05-29|YUM|Restaurants - Consumer Discretionary|1|138.0|134.67
2024-05-29|XEL|Multi-Utilities - Utilities|1|54.72|53.3
2024-05-29|XEL|Multi-Utilities - Utilities|1|55.33|53.3
2024-05-29|PM|Tobacco - Consumer Staples|10|96.09|99.6
2024-05-29|XEL|Multi-Utilities - Utilities|1|55.01|53.3
2024-05-29|XEL|Multi-Utilities - Utilities|1|54.48|53.3
2024-05-29|LDOS|Diversified Support Services - Industrials|7|140.22|145.72
2024-05-29|ZBRA|Electronic Equipment & Instruments - Information Technology|2|314.56|316.93
2024-05-29|XEL|Multi-Utilities - Utilities|1|53.73|53.3
2024-05-29|WY|Timber REITs - Real Estate|1|30.17|29.36
2024-05-29|AWK|Water Utilities - Utilities|6|125.12|124.11
2024-05-29|VTR|Health Care REITs - Real Estate|8|46.22|47.41
2024-05-29|WBD|Broadcasting - Communication Services|1|7.95|7.66
2024-05-29|WELL|Health Care REITs - Real Estate|1|95.81|100.64
2024-05-29|WBD|Broadcasting - Communication Services|1|7.97|7.66
2024-05-29|PANW|Systems Software - Information Technology|4|152.76|153.45
2024-05-29|XEL|Multi-Utilities - Utilities|1|55.02|53.3
2024-05-29|PRU|Life & Health Insurance - Financials|1|119.6|117.49
2024-05-29|GEN|Systems Software - Information Technology|10|24.47|24.5
2024-05-29|XEL|Multi-Utilities - Utilities|1|55.52|53.3
2024-05-29|WBD|Broadcasting - Communication Services|2|8.06|7.66
2024-05-29|WY|Timber REITs - Real Estate|1|30.11|29.36
2024-05-29|WBD|Broadcasting - Communication Services|1|7.7|7.66
2024-05-29|INCY|Biotechnology - Health Care|15|57.31|56.92
2024-05-29|HPE|Technology Hardware, Storage & Peripherals - Information Technology|1|18.41|18.18
2024-05-29|NFLX|Movies & Entertainment - Communication Services|2|64.9|65.46
2024-05-29|WBD|Broadcasting - Communication Services|2|7.87|7.66
2024-05-29|SNPS|Application Software - Information Technology|1|580.21|580.21
2024-05-29|EMR|Electrical Components & Equipment - Industrials|9|110.92|110.92
2024-05-29|CCI|Telecom Tower REITs - Real Estate|1|97.87|97.87
2024-05-30|PG|Personal Care Products - Consumer Staples|1|155.62|162.58
2024-05-30|HBAN|Regional Banks - Financials|1|13.66|13.66
2024-05-30|EXC|Electric Utilities - Utilities|1|36.83|36.73
2024-05-30|AVB|Multi-Family Residential REITs - Real Estate|4|186.24|189.98
2024-05-30|NOC|Aerospace & Defense - Industrials|1|461.75|446.52
2024-05-30|CNP|Multi-Utilities - Utilities|1|28.18|29.74
2024-05-30|MRK|Pharmaceuticals - Health Care|3|126.75|124.53
2024-05-30|CSCO|Communications Equipment - Information Technology|1|48.24|46.12
2024-05-30|YUM|Restaurants - Consumer Discretionary|1|138.0|134.84
2024-05-30|XEL|Multi-Utilities - Utilities|1|54.72|54.32
2024-05-30|XEL|Multi-Utilities - Utilities|1|55.33|54.32
2024-05-30|PM|Tobacco - Consumer Staples|10|96.09|99.41
2024-05-30|XEL|Multi-Utilities - Utilities|1|55.01|54.32
2024-05-30|XEL|Multi-Utilities - Utilities|1|54.48|54.32
2024-05-30|LDOS|Diversified Support Services - Industrials|7|140.22|145.28
2024-05-30|ZBRA|Electronic Equipment & Instruments - Information Technology|2|314.56|316.62
2024-05-30|XEL|Multi-Utilities - Utilities|1|53.73|54.32
2024-05-30|WY|Timber REITs - Real Estate|1|30.17|29.72
2024-05-30|AWK|Water Utilities - Utilities|6|125.12|126.28
2024-05-30|VTR|Health Care REITs - Real Estate|8|46.22|49.0
2024-05-30|WBD|Broadcasting - Communication Services|1|7.95|8.08
2024-05-30|WELL|Health Care REITs - Real Estate|1|95.81|102.15
2024-05-30|WBD|Broadcasting - Communication Services|1|7.97|8.08
2024-05-30|PANW|Systems Software - Information Technology|4|152.76|146.59
2024-05-30|XEL|Multi-Utilities - Utilities|1|55.02|54.32
2024-05-30|PRU|Life & Health Insurance - Financials|1|119.6|118.54
2024-05-30|GEN|Systems Software - Information Technology|10|24.47|24.58
2024-05-30|XEL|Multi-Utilities - Utilities|1|55.52|54.32
2024-05-30|WBD|Broadcasting - Communication Services|2|8.06|8.08
2024-05-30|WY|Timber REITs - Real Estate|1|30.11|29.72
2024-05-30|WBD|Broadcasting - Communication Services|1|7.7|8.08
2024-05-30|INCY|Biotechnology - Health Care|15|57.31|57.3
2024-05-30|HPE|Technology Hardware, Storage & Peripherals - Information Technology|1|18.41|18.52
2024-05-30|NFLX|Movies & Entertainment - Communication Services|2|64.9|64.77
2024-05-30|WBD|Broadcasting - Communication Services|2|7.87|8.08
2024-05-30|SNPS|Application Software - Information Technology|1|580.21|564.73
2024-05-30|EMR|Electrical Components & Equipment - Industrials|9|110.92|110.9
2024-05-30|CCI|Telecom Tower REITs - Real Estate|1|97.87|99.63
2024-05-30|ICE|Financial Exchanges & Data - Financials|7|133.24|133.24
2024-05-30|EBAY|Broadline Retail - Consumer Discretionary|1|53.35|53.35
2024-06-04|PG|Personal Care Products - Consumer Staples|1|155.62|167.01
2024-06-04|HBAN|Regional Banks - Financials|1|13.66|13.48
2024-06-04|EXC|Electric Utilities - Utilities|1|36.83|37.36
2024-06-04|AVB|Multi-Family Residential REITs - Real Estate|4|186.24|196.93
2024-06-04|NOC|Aerospace & Defense - Industrials|1|461.75|448.39
2024-06-04|CNP|Multi-Utilities - Utilities|1|28.18|30.84
2024-06-04|MRK|Pharmaceuticals - Health Care|3|126.75|128.71
2024-06-04|CSCO|Communications Equipment - Information Technology|1|48.24|47.42
2024-06-04|YUM|Restaurants - Consumer Discretionary|1|138.0|141.54
2024-06-04|XEL|Multi-Utilities - Utilities|1|54.72|56.03
2024-06-04|XEL|Multi-Utilities - Utilities|1|55.33|56.03
2024-06-04|PM|Tobacco - Consumer Staples|10|96.09|103.79
2024-06-04|XEL|Multi-Utilities - Utilities|1|55.01|56.03
2024-06-04|XEL|Multi-Utilities - Utilities|1|54.48|56.03
2024-06-04|LDOS|Diversified Support Services - Industrials|7|140.22|144.52
2024-06-04|ZBRA|Electronic Equipment & Instruments - Information Technology|2|314.56|302.77
2024-06-04|XEL|Multi-Utilities - Utilities|1|53.73|56.03
2024-06-04|WY|Timber REITs - Real Estate|1|30.17|29.47
2024-06-04|AWK|Water Utilities - Utilities|6|125.12|132.82
2024-06-04|VTR|Health Care REITs - Real Estate|8|46.22|50.0
2024-06-04|WBD|Broadcasting - Communication Services|1|7.95|8.24
2024-06-04|WELL|Health Care REITs - Real Estate|1|95.81|104.49
2024-06-04|WBD|Broadcasting - Communication Services|1|7.97|8.24
2024-06-04|XEL|Multi-Utilities - Utilities|1|55.02|56.03
2024-06-04|PRU|Life & Health Insurance - Financials|1|119.6|117.98
2024-06-04|GEN|Systems Software - Information Technology|10|24.47|24.82
2024-06-04|XEL|Multi-Utilities - Utilities|1|55.52|56.03
2024-06-04|WBD|Broadcasting - Communication Services|2|8.06|8.24
2024-06-04|WY|Timber REITs - Real Estate|1|30.11|29.47
2024-06-04|WBD|Broadcasting - Communication Services|1|7.7|8.24
2024-06-04|INCY|Biotechnology - Health Care|15|57.31|58.57
2024-06-04|HPE|Technology Hardware, Storage & Peripherals - Information Technology|1|18.41|17.6
2024-06-04|NFLX|Movies & Entertainment - Communication Services|2|64.9|63.16
2024-06-04|WBD|Broadcasting - Communication Services|2|7.87|8.24
2024-06-04|SNPS|Application Software - Information Technology|1|580.21|561.73
2024-06-04|EMR|Electrical Components & Equipment - Industrials|9|110.92|106.87
2024-06-04|CCI|Telecom Tower REITs - Real Estate|1|97.87|103.62
2024-06-04|ICE|Financial Exchanges & Data - Financials|7|133.24|134.76
2024-06-04|EBAY|Broadline Retail - Consumer Discretionary|1|53.35|53.75
2024-06-04|CCL|Hotels, Resorts & Cruise Lines - Consumer Discretionary|34|16.94|16.94
2024-06-10|PG|Personal Care Products - Consumer Staples|1|155.62|167.35
2024-06-10|EXC|Electric Utilities - Utilities|1|36.83|36.21
2024-06-10|AVB|Multi-Family Residential REITs - Real Estate|4|186.24|199.34
2024-06-10|CNP|Multi-Utilities - Utilities|1|28.18|30.43
2024-06-10|MRK|Pharmaceuticals - Health Care|3|126.75|131.49
2024-06-10|CSCO|Communications Equipment - Information Technology|1|48.24|45.85
2024-06-10|YUM|Restaurants - Consumer Discretionary|1|138.0|137.81
2024-06-10|XEL|Multi-Utilities - Utilities|1|54.72|55.24
2024-06-10|XEL|Multi-Utilities - Utilities|1|55.33|55.24
2024-06-10|PM|Tobacco - Consumer Staples|10|96.09|103.68
2024-06-10|XEL|Multi-Utilities - Utilities|1|55.01|55.24
2024-06-10|XEL|Multi-Utilities - Utilities|1|54.48|55.24
2024-06-10|LDOS|Diversified Support Services - Industrials|7|140.22|144.72
2024-06-10|ZBRA|Electronic Equipment & Instruments - Information Technology|2|314.56|302.6
2024-06-10|XEL|Multi-Utilities - Utilities|1|53.73|55.24
2024-06-10|WY|Timber REITs - Real Estate|1|30.17|29.37
2024-06-10|AWK|Water Utilities - Utilities|6|125.12|128.56
2024-06-10|VTR|Health Care REITs - Real Estate|8|46.22|49.9
2024-06-10|WBD|Broadcasting - Communication Services|1|7.95|8.12
2024-06-10|WELL|Health Care REITs - Real Estate|1|95.81|103.53
2024-06-10|WBD|Broadcasting - Communication Services|1|7.97|8.12
2024-06-10|XEL|Multi-Utilities - Utilities|1|55.02|55.24
2024-06-10|PRU|Life & Health Insurance - Financials|1|119.6|117.37
2024-06-10|GEN|Systems Software - Information Technology|10|24.47|24.48
2024-06-10|XEL|Multi-Utilities - Utilities|1|55.52|55.24
2024-06-10|WBD|Broadcasting - Communication Services|2|8.06|8.12
2024-06-10|WY|Timber REITs - Real Estate|1|30.11|29.37
2024-06-10|WBD|Broadcasting - Communication Services|1|7.7|8.12
2024-06-10|INCY|Biotechnology - Health Care|15|57.31|59.4
2024-06-10|NFLX|Movies & Entertainment - Communication Services|2|64.9|64.45
2024-06-10|WBD|Broadcasting - Communication Services|2|7.87|8.12
2024-06-10|SNPS|Application Software - Information Technology|1|580.21|576.18
2024-06-10|EMR|Electrical Components & Equipment - Industrials|9|110.92|108.73
2024-06-10|CCI|Telecom Tower REITs - Real Estate|1|97.87|99.85
2024-06-10|ICE|Financial Exchanges & Data - Financials|7|133.24|133.88
2024-06-10|EBAY|Broadline Retail - Consumer Discretionary|1|53.35|53.15
2024-06-10|CCL|Hotels, Resorts & Cruise Lines - Consumer Discretionary|34|16.94|16.53
2024-06-10|GL|Life & Health Insurance - Financials|5|81.62|81.62
2024-06-10|XEL|Multi-Utilities - Utilities|1|55.24|55.24
2024-06-10|WBD|Broadcasting - Communication Services|1|8.12|8.12
2024-06-11|PG|Personal Care Products - Consumer Staples|1|155.62|167.48
2024-06-11|EXC|Electric Utilities - Utilities|1|36.83|36.21
2024-06-11|AVB|Multi-Family Residential REITs - Real Estate|4|186.24|197.2
2024-06-11|CNP|Multi-Utilities - Utilities|1|28.18|30.82
2024-06-11|MRK|Pharmaceuticals - Health Care|3|126.75|131.84
2024-06-11|YUM|Restaurants - Consumer Discretionary|1|138.0|137.01
2024-06-11|XEL|Multi-Utilities - Utilities|1|54.72|55.04
2024-06-11|XEL|Multi-Utilities - Utilities|1|55.33|55.04
2024-06-11|PM|Tobacco - Consumer Staples|10|96.09|103.82
2024-06-11|XEL|Multi-Utilities - Utilities|1|55.01|55.04
2024-06-11|XEL|Multi-Utilities - Utilities|1|54.48|55.04
2024-06-11|LDOS|Diversified Support Services - Industrials|7|140.22|143.78
2024-06-11|ZBRA|Electronic Equipment & Instruments - Information Technology|2|314.56|301.38
2024-06-11|XEL|Multi-Utilities - Utilities|1|53.73|55.04
2024-06-11|WY|Timber REITs - Real Estate|1|30.17|29.14
2024-06-11|AWK|Water Utilities - Utilities|6|125.12|127.92
2024-06-11|VTR|Health Care REITs - Real Estate|8|46.22|49.59
2024-06-11|WBD|Broadcasting - Communication Services|1|7.95|8.04
2024-06-11|WELL|Health Care REITs - Real Estate|1|95.81|103.46
2024-06-11|WBD|Broadcasting - Communication Services|1|7.97|8.04
2024-06-11|XEL|Multi-Utilities - Utilities|1|55.02|55.04
2024-06-11|PRU|Life & Health Insurance - Financials|1|119.6|114.3
2024-06-11|GEN|Systems Software - Information Technology|10|24.47|24.36
2024-06-11|XEL|Multi-Utilities - Utilities|1|55.52|55.04
2024-06-11|WBD|Broadcasting - Communication Services|2|8.06|8.04
2024-06-11|WY|Timber REITs - Real Estate|1|30.11|29.14
2024-06-11|WBD|Broadcasting - Communication Services|1|7.7|8.04
2024-06-11|INCY|Biotechnology - Health Care|15|57.31|59.48
2024-06-11|NFLX|Movies & Entertainment - Communication Services|2|64.9|64.86
2024-06-11|WBD|Broadcasting - Communication Services|2|7.87|8.04
2024-06-11|SNPS|Application Software - Information Technology|1|580.21|579.91
2024-06-11|EMR|Electrical Components & Equipment - Industrials|9|110.92|107.61
2024-06-11|CCI|Telecom Tower REITs - Real Estate|1|97.87|100.26
2024-06-11|ICE|Financial Exchanges & Data - Financials|7|133.24|134.59
2024-06-11|EBAY|Broadline Retail - Consumer Discretionary|1|53.35|53.0
2024-06-11|CCL|Hotels, Resorts & Cruise Lines - Consumer Discretionary|34|16.94|16.34
2024-06-11|GL|Life & Health Insurance - Financials|5|81.62|80.63
2024-06-11|XEL|Multi-Utilities - Utilities|1|55.24|55.04
2024-06-11|WBD|Broadcasting - Communication Services|1|8.12|8.04
2024-06-11|WY|Timber REITs - Real Estate|1|29.14|29.14
2024-06-11|WBD|Broadcasting - Communication Services|2|8.04|8.04
2024-06-12|PG|Personal Care Products - Consumer Staples|1|155.62|165.18
2024-06-12|AVB|Multi-Family Residential REITs - Real Estate|4|186.24|198.76
2024-06-12|CNP|Multi-Utilities - Utilities|1|28.18|30.99
2024-06-12|MRK|Pharmaceuticals - Health Care|3|126.75|130.2
2024-06-12|YUM|Restaurants - Consumer Discretionary|1|138.0|137.3
2024-06-12|XEL|Multi-Utilities - Utilities|1|54.72|54.77
2024-06-12|XEL|Multi-Utilities - Utilities|1|55.33|54.77
2024-06-12|PM|Tobacco - Consumer Staples|10|96.09|102.65
2024-06-12|XEL|Multi-Utilities - Utilities|1|55.01|54.77
2024-06-12|XEL|Multi-Utilities - Utilities|1|54.48|54.77
2024-06-12|LDOS|Diversified Support Services - Industrials|7|140.22|144.58
2024-06-12|ZBRA|Electronic Equipment & Instruments - Information Technology|2|314.56|304.56
2024-06-12|XEL|Multi-Utilities - Utilities|1|53.73|54.77
2024-06-12|WY|Timber REITs - Real Estate|1|30.17|29.21
2024-06-12|AWK|Water Utilities - Utilities|6|125.12|128.13
2024-06-12|VTR|Health Care REITs - Real Estate|8|46.22|49.52
2024-06-12|WBD|Broadcasting - Communication Services|1|7.95|7.81
2024-06-12|WELL|Health Care REITs - Real Estate|1|95.81|102.87
2024-06-12|WBD|Broadcasting - Communication Services|1|7.97|7.81
2024-06-12|XEL|Multi-Utilities - Utilities|1|55.02|54.77
2024-06-12|PRU|Life & Health Insurance - Financials|1|119.6|114.96
2024-06-12|GEN|Systems Software - Information Technology|10|24.47|24.89
2024-06-12|XEL|Multi-Utilities - Utilities|1|55.52|54.77
2024-06-12|WBD|Broadcasting - Communication Services|2|8.06|7.81
2024-06-12|WY|Timber REITs - Real Estate|1|30.11|29.21
2024-06-12|WBD|Broadcasting - Communication Services|1|7.7|7.81
2024-06-12|INCY|Biotechnology - Health Care|15|57.31|59.94
2024-06-12|NFLX|Movies & Entertainment - Communication Services|2|64.9|65.01
2024-06-12|WBD|Broadcasting - Communication Services|2|7.87|7.81
2024-06-12|SNPS|Application Software - Information Technology|1|580.21|590.89
2024-06-12|EMR|Electrical Components & Equipment - Industrials|9|110.92|108.5
2024-06-12|CCI|Telecom Tower REITs - Real Estate|1|97.87|99.67
2024-06-12|ICE|Financial Exchanges & Data - Financials|7|133.24|136.05
2024-06-12|EBAY|Broadline Retail - Consumer Discretionary|1|53.35|53.19
2024-06-12|CCL|Hotels, Resorts & Cruise Lines - Consumer Discretionary|34|16.94|16.74
2024-06-12|GL|Life & Health Insurance - Financials|5|81.62|81.11
2024-06-12|XEL|Multi-Utilities - Utilities|1|55.24|54.77
2024-06-12|WBD|Broadcasting - Communication Services|1|8.12|7.81
2024-06-12|WY|Timber REITs - Real Estate|1|29.14|29.21
2024-06-12|WBD|Broadcasting - Communication Services|2|8.04|7.81
2024-06-12|WY|Timber REITs - Real Estate|1|29.21|29.21
2024-06-12|WBD|Broadcasting - Communication Services|1|7.81|7.81
2024-06-13|PG|Personal Care Products - Consumer Staples|1|155.62|166.41
2024-06-13|AVB|Multi-Family Residential REITs - Real Estate|4|186.24|199.91
2024-06-13|CNP|Multi-Utilities - Utilities|1|28.18|30.9
2024-06-13|MRK|Pharmaceuticals - Health Care|3|126.75|129.37
2024-06-13|YUM|Restaurants - Consumer Discretionary|1|138.0|138.01
2024-06-13|XEL|Multi-Utilities - Utilities|1|54.72|54.34
2024-06-13|XEL|Multi-Utilities - Utilities|1|55.33|54.34
2024-06-13|PM|Tobacco - Consumer Staples|10|96.09|101.98
2024-06-13|XEL|Multi-Utilities - Utilities|1|55.01|54.34
2024-06-13|XEL|Multi-Utilities - Utilities|1|54.48|54.34
2024-06-13|LDOS|Diversified Support Services - Industrials|7|140.22|144.15
2024-06-13|ZBRA|Electronic Equipment & Instruments - Information Technology|2|314.56|308.91
2024-06-13|XEL|Multi-Utilities - Utilities|1|53.73|54.34
2024-06-13|WY|Timber REITs - Real Estate|1|30.17|29.02
2024-06-13|AWK|Water Utilities - Utilities|6|125.12|129.22
2024-06-13|VTR|Health Care REITs - Real Estate|8|46.22|50.04
2024-06-13|WELL|Health Care REITs - Real Estate|1|95.81|103.87
2024-06-13|XEL|Multi-Utilities - Utilities|1|55.02|54.34
2024-06-13|PRU|Life & Health Insurance - Financials|1|119.6|113.97
2024-06-13|GEN|Systems Software - Information Technology|10|24.47|24.49
2024-06-13|XEL|Multi-Utilities - Utilities|1|55.52|54.34
2024-06-13|WY|Timber REITs - Real Estate|1|30.11|29.02
2024-06-13|INCY|Biotechnology - Health Care|15|57.31|62.69
2024-06-13|NFLX|Movies & Entertainment - Communication Services|2|64.9|65.33
2024-06-13|SNPS|Application Software - Information Technology|1|580.21|586.54
2024-06-13|EMR|Electrical Components & Equipment - Industrials|9|110.92|108.53
2024-06-13|CCI|Telecom Tower REITs - Real Estate|1|97.87|99.83
2024-06-13|ICE|Financial Exchanges & Data - Financials|7|133.24|135.26
2024-06-13|EBAY|Broadline Retail - Consumer Discretionary|1|53.35|53.69
2024-06-13|CCL|Hotels, Resorts & Cruise Lines - Consumer Discretionary|34|16.94|16.51
2024-06-13|GL|Life & Health Insurance - Financials|5|81.62|79.71
2024-06-13|XEL|Multi-Utilities - Utilities|1|55.24|54.34
2024-06-13|WY|Timber REITs - Real Estate|1|29.14|29.02
2024-06-13|WY|Timber REITs - Real Estate|1|29.21|29.02
2024-06-13|PLTR|Internet Services & Infrastructure - Information Technology|3|23.27|23.27
2024-06-13|WBD|Broadcasting - Communication Services|1|7.29|7.29
2024-06-14|PG|Personal Care Products - Consumer Staples|1|155.62|166.79
2024-06-14|AVB|Multi-Family Residential REITs - Real Estate|4|186.24|201.89
2024-06-14|CNP|Multi-Utilities - Utilities|1|28.18|30.85
2024-06-14|MRK|Pharmaceuticals - Health Care|3|126.75|129.48
2024-06-14|YUM|Restaurants - Consumer Discretionary|1|138.0|136.79
2024-06-14|XEL|Multi-Utilities - Utilities|1|54.72|53.77
2024-06-14|XEL|Multi-Utilities - Utilities|1|55.33|53.77
2024-06-14|PM|Tobacco - Consumer Staples|10|96.09|102.2
2024-06-14|XEL|Multi-Utilities - Utilities|1|55.01|53.77
2024-06-14|XEL|Multi-Utilities - Utilities|1|54.48|53.77
2024-06-14|LDOS|Diversified Support Services - Industrials|7|140.22|143.7
2024-06-14|ZBRA|Electronic Equipment & Instruments - Information Technology|2|314.56|301.37
2024-06-14|XEL|Multi-Utilities - Utilities|1|53.73|53.77
2024-06-14|WY|Timber REITs - Real Estate|1|30.17|29.0
2024-06-14|AWK|Water Utilities - Utilities|6|125.12|129.3
2024-06-14|VTR|Health Care REITs - Real Estate|8|46.22|50.1
2024-06-14|WELL|Health Care REITs - Real Estate|1|95.81|104.04
2024-06-14|XEL|Multi-Utilities - Utilities|1|55.02|53.77
2024-06-14|GEN|Systems Software - Information Technology|10|24.47|24.39
2024-06-14|XEL|Multi-Utilities - Utilities|1|55.52|53.77
2024-06-14|WY|Timber REITs - Real Estate|1|30.11|29.0
2024-06-14|INCY|Biotechnology - Health Care|15|57.31|62.11
2024-06-14|NFLX|Movies & Entertainment - Communication Services|2|64.9|66.94
2024-06-14|SNPS|Application Software - Information Technology|1|580.21|590.21
2024-06-14|EMR|Electrical Components & Equipment - Industrials|9|110.92|106.46
2024-06-14|CCI|Telecom Tower REITs - Real Estate|1|97.87|99.1
2024-06-14|ICE|Financial Exchanges & Data - Financials|7|133.24|135.67
2024-06-14|EBAY|Broadline Retail - Consumer Discretionary|1|53.35|52.13
2024-06-14|GL|Life & Health Insurance - Financials|5|81.62|77.89
2024-06-14|XEL|Multi-Utilities - Utilities|1|55.24|53.77
2024-06-14|WY|Timber REITs - Real Estate|1|29.14|29.0
2024-06-14|WY|Timber REITs - Real Estate|1|29.21|29.0
2024-06-14|PLTR|Internet Services & Infrastructure - Information Technology|3|23.27|23.57
2024-06-14|WBD|Broadcasting - Communication Services|1|7.29|7.24
2024-06-14|HLT|Hotels, Resorts & Cruise Lines - Consumer Discretionary|3|210.32|210.32
2024-06-18|PG|Personal Care Products - Consumer Staples|1|155.62|168.56
2024-06-18|AVB|Multi-Family Residential REITs - Real Estate|4|186.24|202.4
2024-06-18|MRK|Pharmaceuticals - Health Care|3|126.75|127.99
2024-06-18|YUM|Restaurants - Consumer Discretionary|1|138.0|135.42
2024-06-18|XEL|Multi-Utilities - Utilities|1|54.72|53.12
2024-06-18|XEL|Multi-Utilities - Utilities|1|55.33|53.12
2024-06-18|PM|Tobacco - Consumer Staples|10|96.09|101.24
2024-06-18|XEL|Multi-Utilities - Utilities|1|55.01|53.12
2024-06-18|XEL|Multi-Utilities - Utilities|1|54.48|53.12
2024-06-18|LDOS|Diversified Support Services - Industrials|7|140.22|143.87
2024-06-18|XEL|Multi-Utilities - Utilities|1|53.73|53.12
2024-06-18|WY|Timber REITs - Real Estate|1|30.17|28.87
2024-06-18|AWK|Water Utilities - Utilities|6|125.12|130.47
2024-06-18|VTR|Health Care REITs - Real Estate|8|46.22|50.26
2024-06-18|WELL|Health Care REITs - Real Estate|1|95.81|103.94
2024-06-18|XEL|Multi-Utilities - Utilities|1|55.02|53.12
2024-06-18|GEN|Systems Software - Information Technology|10|24.47|23.56
2024-06-18|XEL|Multi-Utilities - Utilities|1|55.52|53.12
2024-06-18|WY|Timber REITs - Real Estate|1|30.11|28.87
2024-06-18|INCY|Biotechnology - Health Care|15|57.31|61.44
2024-06-18|NFLX|Movies & Entertainment - Communication Services|2|64.9|68.57
2024-06-18|SNPS|Application Software - Information Technology|1|580.21|620.31
2024-06-18|EMR|Electrical Components & Equipment - Industrials|9|110.92|108.68
2024-06-18|CCI|Telecom Tower REITs - Real Estate|1|97.87|95.34
2024-06-18|ICE|Financial Exchanges & Data - Financials|7|133.24|136.38
2024-06-18|EBAY|Broadline Retail - Consumer Discretionary|1|53.35|54.55
2024-06-18|GL|Life & Health Insurance - Financials|5|81.62|80.4
2024-06-18|XEL|Multi-Utilities - Utilities|1|55.24|53.12
2024-06-18|WY|Timber REITs - Real Estate|1|29.14|28.87
2024-06-18|WY|Timber REITs - Real Estate|1|29.21|28.87
2024-06-18|WBD|Broadcasting - Communication Services|1|7.29|6.99
2024-06-18|HLT|Hotels, Resorts & Cruise Lines - Consumer Discretionary|3|210.32|216.0
2024-06-18|BG|Agricultural Products & Services - Consumer Staples|6|102.44|102.44
2024-06-18|XEL|Multi-Utilities - Utilities|1|53.12|53.12
2024-06-18|WY|Timber REITs - Real Estate|1|28.87|28.87
2024-06-18|WBD|Broadcasting - Communication Services|1|6.99|6.99
2024-06-20|PG|Personal Care Products - Consumer Staples|1|155.62|167.67
2024-06-20|AVB|Multi-Family Residential REITs - Real Estate|4|186.24|201.93
2024-06-20|MRK|Pharmaceuticals - Health Care|3|126.75|129.67
2024-06-20|YUM|Restaurants - Consumer Discretionary|1|138.0|134.15
2024-06-20|XEL|Multi-Utilities - Utilities|1|54.72|53.53
2024-06-20|XEL|Multi-Utilities - Utilities|1|55.33|53.53
2024-06-20|PM|Tobacco - Consumer Staples|10|96.09|101.2
2024-06-20|XEL|Multi-Utilities - Utilities|1|55.01|53.53
2024-06-20|XEL|Multi-Utilities - Utilities|1|54.48|53.53
2024-06-20|LDOS|Diversified Support Services - Industrials|7|140.22|146.01
2024-06-20|XEL|Multi-Utilities - Utilities|1|53.73|53.53
2024-06-20|AWK|Water Utilities - Utilities|6|125.12|130.26
2024-06-20|VTR|Health Care REITs - Real Estate|8|46.22|50.07
2024-06-20|WELL|Health Care REITs - Real Estate|1|95.81|103.03
2024-06-20|XEL|Multi-Utilities - Utilities|1|55.02|53.53
2024-06-20|GEN|Systems Software - Information Technology|10|24.47|23.76
2024-06-20|XEL|Multi-Utilities - Utilities|1|55.52|53.53
2024-06-20|WY|Timber REITs - Real Estate|1|30.11|28.64
2024-06-20|INCY|Biotechnology - Health Care|15|57.31|62.36
2024-06-20|NFLX|Movies & Entertainment - Communication Services|2|64.9|67.9
2024-06-20|SNPS|Application Software - Information Technology|1|580.21|610.18
2024-06-20|EMR|Electrical Components & Equipment - Industrials|9|110.92|108.14
2024-06-20|CCI|Telecom Tower REITs - Real Estate|1|97.87|96.41
2024-06-20|ICE|Financial Exchanges & Data - Financials|7|133.24|137.11
2024-06-20|EBAY|Broadline Retail - Consumer Discretionary|1|53.35|53.84
2024-06-20|GL|Life & Health Insurance - Financials|5|81.62|82.57
2024-06-20|XEL|Multi-Utilities - Utilities|1|55.24|53.53
2024-06-20|WY|Timber REITs - Real Estate|1|29.14|28.64
2024-06-20|WY|Timber REITs - Real Estate|1|29.21|28.64
2024-06-20|WBD|Broadcasting - Communication Services|1|7.29|7.04
2024-06-20|HLT|Hotels, Resorts & Cruise Lines - Consumer Discretionary|3|210.32|217.81
2024-06-20|BG|Agricultural Products & Services - Consumer Staples|6|102.44|103.34
2024-06-20|XEL|Multi-Utilities - Utilities|1|53.12|53.53
2024-06-20|WY|Timber REITs - Real Estate|1|28.87|28.64
2024-06-20|WBD|Broadcasting - Communication Services|1|6.99|7.04
2024-06-20|WY|Timber REITs - Real Estate|1|28.64|28.64
2024-06-21|PG|Personal Care Products - Consumer Staples|1|155.62|168.26
2024-06-21|AVB|Multi-Family Residential REITs - Real Estate|4|186.24|203.89
2024-06-21|MRK|Pharmaceuticals - Health Care|3|126.75|130.72
2024-06-21|YUM|Restaurants - Consumer Discretionary|1|138.0|134.29
2024-06-21|XEL|Multi-Utilities - Utilities|1|54.72|53.37
2024-06-21|XEL|Multi-Utilities - Utilities|1|55.33|53.37
2024-06-21|PM|Tobacco - Consumer Staples|10|96.09|99.92
2024-06-21|XEL|Multi-Utilities - Utilities|1|55.01|53.37
2024-06-21|XEL|Multi-Utilities - Utilities|1|54.48|53.37
2024-06-21|LDOS|Diversified Support Services - Industrials|7|140.22|146.57
2024-06-21|XEL|Multi-Utilities - Utilities|1|53.73|53.37
2024-06-21|AWK|Water Utilities - Utilities|6|125.12|130.54
2024-06-21|VTR|Health Care REITs - Real Estate|8|46.22|50.42
2024-06-21|WELL|Health Care REITs - Real Estate|1|95.81|102.32
2024-06-21|XEL|Multi-Utilities - Utilities|1|55.02|53.37
2024-06-21|GEN|Systems Software - Information Technology|10|24.47|24.22
2024-06-21|XEL|Multi-Utilities - Utilities|1|55.52|53.37
2024-06-21|WY|Timber REITs - Real Estate|1|30.11|29.02
2024-06-21|NFLX|Movies & Entertainment - Communication Services|2|64.9|68.61
2024-06-21|SNPS|Application Software - Information Technology|1|580.21|605.53
2024-06-21|EMR|Electrical Components & Equipment - Industrials|9|110.92|108.41
2024-06-21|CCI|Telecom Tower REITs - Real Estate|1|97.87|96.5
2024-06-21|ICE|Financial Exchanges & Data - Financials|7|133.24|137.84
2024-06-21|EBAY|Broadline Retail - Consumer Discretionary|1|53.35|54.15
2024-06-21|GL|Life & Health Insurance - Financials|5|81.62|83.06
2024-06-21|XEL|Multi-Utilities - Utilities|1|55.24|53.37
2024-06-21|WY|Timber REITs - Real Estate|1|29.14|29.02
2024-06-21|WY|Timber REITs - Real Estate|1|29.21|29.02
2024-06-21|WBD|Broadcasting - Communication Services|1|7.29|7.18
2024-06-21|HLT|Hotels, Resorts & Cruise Lines - Consumer Discretionary|3|210.32|215.88
2024-06-21|BG|Agricultural Products & Services - Consumer Staples|6|102.44|105.87
2024-06-21|XEL|Multi-Utilities - Utilities|1|53.12|53.37
2024-06-21|WY|Timber REITs - Real Estate|1|28.87|29.02
2024-06-21|WBD|Broadcasting - Communication Services|1|6.99|7.18
2024-06-21|WY|Timber REITs - Real Estate|1|28.64|29.02
2024-06-21|ADSK|Application Software - Information Technology|2|242.31|242.31
2024-06-21|WRB|Property & Casualty Insurance - Financials|8|53.66|53.66
2024-06-21|WY|Timber REITs - Real Estate|1|29.02|29.02
2024-06-21|WBD|Broadcasting - Communication Services|1|7.18|7.18
2024-06-24|PG|Personal Care Products - Consumer Staples|1|155.62|168.45
2024-06-24|MRK|Pharmaceuticals - Health Care|3|126.75|132.96
2024-06-24|YUM|Restaurants - Consumer Discretionary|1|138.0|133.99
2024-06-24|XEL|Multi-Utilities - Utilities|1|54.72|53.98
2024-06-24|XEL|Multi-Utilities - Utilities|1|55.33|53.98
2024-06-24|PM|Tobacco - Consumer Staples|10|96.09|101.87
2024-06-24|XEL|Multi-Utilities - Utilities|1|55.01|53.98
2024-06-24|XEL|Multi-Utilities - Utilities|1|54.48|53.98
2024-06-24|LDOS|Diversified Support Services - Industrials|7|140.22|148.56
2024-06-24|XEL|Multi-Utilities - Utilities|1|53.73|53.98
2024-06-24|AWK|Water Utilities - Utilities|6|125.12|132.18
2024-06-24|VTR|Health Care REITs - Real Estate|8|46.22|50.69
2024-06-24|WELL|Health Care REITs - Real Estate|1|95.81|102.97
2024-06-24|XEL|Multi-Utilities - Utilities|1|55.02|53.98
2024-06-24|GEN|Systems Software - Information Technology|10|24.47|24.08
2024-06-24|XEL|Multi-Utilities - Utilities|1|55.52|53.98
2024-06-24|WY|Timber REITs - Real Estate|1|30.11|29.04
2024-06-24|NFLX|Movies & Entertainment - Communication Services|2|64.9|66.9
2024-06-24|SNPS|Application Software - Information Technology|1|580.21|595.6
2024-06-24|EMR|Electrical Components & Equipment - Industrials|9|110.92|109.32
2024-06-24|CCI|Telecom Tower REITs - Real Estate|1|97.87|97.43
2024-06-24|ICE|Financial Exchanges & Data - Financials|7|133.24|138.72
2024-06-24|EBAY|Broadline Retail - Consumer Discretionary|1|53.35|54.01
2024-06-24|GL|Life & Health Insurance - Financials|5|81.62|83.69
2024-06-24|XEL|Multi-Utilities - Utilities|1|55.24|53.98
2024-06-24|WY|Timber REITs - Real Estate|1|29.14|29.04
2024-06-24|WY|Timber REITs - Real Estate|1|29.21|29.04
2024-06-24|WBD|Broadcasting - Communication Services|1|7.29|7.31
2024-06-24|HLT|Hotels, Resorts & Cruise Lines - Consumer Discretionary|3|210.32|217.04
2024-06-24|BG|Agricultural Products & Services - Consumer Staples|6|102.44|108.17
2024-06-24|XEL|Multi-Utilities - Utilities|1|53.12|53.98
2024-06-24|WY|Timber REITs - Real Estate|1|28.87|29.04
2024-06-24|WBD|Broadcasting - Communication Services|1|6.99|7.31
2024-06-24|WY|Timber REITs - Real Estate|1|28.64|29.04
2024-06-24|ADSK|Application Software - Information Technology|2|242.31|239.17
2024-06-24|WRB|Property & Casualty Insurance - Financials|8|53.66|53.89
2024-06-24|WY|Timber REITs - Real Estate|1|29.02|29.04
2024-06-24|WBD|Broadcasting - Communication Services|1|7.18|7.31
2024-06-24|SWKS|Semiconductors - Information Technology|7|104.96|104.96
2024-06-24|NCLH|Hotels, Resorts & Cruise Lines - Consumer Discretionary|5|17.4|17.4
2024-06-25|PG|Personal Care Products - Consumer Staples|1|155.62|166.85
2024-06-25|MRK|Pharmaceuticals - Health Care|3|126.75|132.92
2024-06-25|YUM|Restaurants - Consumer Discretionary|1|138.0|132.33
2024-06-25|XEL|Multi-Utilities - Utilities|1|54.72|53.74
2024-06-25|XEL|Multi-Utilities - Utilities|1|55.33|53.74
2024-06-25|PM|Tobacco - Consumer Staples|10|96.09|102.04
2024-06-25|XEL|Multi-Utilities - Utilities|1|55.01|53.74
2024-06-25|XEL|Multi-Utilities - Utilities|1|54.48|53.74
2024-06-25|LDOS|Diversified Support Services - Industrials|7|140.22|148.29
2024-06-25|XEL|Multi-Utilities - Utilities|1|53.73|53.74
2024-06-25|AWK|Water Utilities - Utilities|6|125.12|129.37
2024-06-25|VTR|Health Care REITs - Real Estate|8|46.22|49.89
2024-06-25|WELL|Health Care REITs - Real Estate|1|95.81|100.93
2024-06-25|XEL|Multi-Utilities - Utilities|1|55.02|53.74
2024-06-25|GEN|Systems Software - Information Technology|10|24.47|24.17
2024-06-25|XEL|Multi-Utilities - Utilities|1|55.52|53.74
2024-06-25|NFLX|Movies & Entertainment - Communication Services|2|64.9|67.24
2024-06-25|SNPS|Application Software - Information Technology|1|580.21|600.14
2024-06-25|EMR|Electrical Components & Equipment - Industrials|9|110.92|107.87
2024-06-25|CCI|Telecom Tower REITs - Real Estate|1|97.87|95.65
2024-06-25|ICE|Financial Exchanges & Data - Financials|7|133.24|137.33
2024-06-25|EBAY|Broadline Retail - Consumer Discretionary|1|53.35|53.95
2024-06-25|GL|Life & Health Insurance - Financials|5|81.62|83.51
2024-06-25|XEL|Multi-Utilities - Utilities|1|55.24|53.74
2024-06-25|WY|Timber REITs - Real Estate|1|29.14|28.28
2024-06-25|WY|Timber REITs - Real Estate|1|29.21|28.28
2024-06-25|WBD|Broadcasting - Communication Services|1|7.29|7.24
2024-06-25|HLT|Hotels, Resorts & Cruise Lines - Consumer Discretionary|3|210.32|215.08
2024-06-25|BG|Agricultural Products & Services - Consumer Staples|6|102.44|106.74
2024-06-25|XEL|Multi-Utilities - Utilities|1|53.12|53.74
2024-06-25|WY|Timber REITs - Real Estate|1|28.87|28.28
2024-06-25|WBD|Broadcasting - Communication Services|1|6.99|7.24
2024-06-25|WY|Timber REITs - Real Estate|1|28.64|28.28
2024-06-25|ADSK|Application Software - Information Technology|2|242.31|242.53
2024-06-25|WRB|Property & Casualty Insurance - Financials|8|53.66|53.94
2024-06-25|WY|Timber REITs - Real Estate|1|29.02|28.28
2024-06-25|WBD|Broadcasting - Communication Services|1|7.18|7.24
2024-06-25|SWKS|Semiconductors - Information Technology|7|104.96|107.38
2024-06-25|NCLH|Hotels, Resorts & Cruise Lines - Consumer Discretionary|5|17.4|18.29
2024-06-25|WY|Timber REITs - Real Estate|1|28.28|28.28
2024-06-28|PG|Personal Care Products - Consumer Staples|1|155.62|164.92
2024-06-28|MRK|Pharmaceuticals - Health Care|3|126.75|123.8
2024-06-28|YUM|Restaurants - Consumer Discretionary|1|138.0|132.46
2024-06-28|XEL|Multi-Utilities - Utilities|1|54.72|53.41
2024-06-28|XEL|Multi-Utilities - Utilities|1|55.33|53.41
2024-06-28|PM|Tobacco - Consumer Staples|10|96.09|101.33
2024-06-28|XEL|Multi-Utilities - Utilities|1|55.01|53.41
2024-06-28|XEL|Multi-Utilities - Utilities|1|54.48|53.41
2024-06-28|LDOS|Diversified Support Services - Industrials|7|140.22|145.88
2024-06-28|XEL|Multi-Utilities - Utilities|1|53.73|53.41
2024-06-28|AWK|Water Utilities - Utilities|6|125.12|129.16
2024-06-28|WELL|Health Care REITs - Real Estate|1|95.81|104.25
2024-06-28|XEL|Multi-Utilities - Utilities|1|55.02|53.41
2024-06-28|GEN|Systems Software - Information Technology|10|24.47|24.98
2024-06-28|XEL|Multi-Utilities - Utilities|1|55.52|53.41
2024-06-28|NFLX|Movies & Entertainment - Communication Services|2|64.9|67.49
2024-06-28|SNPS|Application Software - Information Technology|1|580.21|595.06
2024-06-28|EMR|Electrical Components & Equipment - Industrials|9|110.92|110.16
2024-06-28|CCI|Telecom Tower REITs - Real Estate|1|97.87|97.7
2024-06-28|ICE|Financial Exchanges & Data - Financials|7|133.24|136.89
2024-06-28|EBAY|Broadline Retail - Consumer Discretionary|1|53.35|53.72
2024-06-28|GL|Life & Health Insurance - Financials|5|81.62|82.28
2024-06-28|XEL|Multi-Utilities - Utilities|1|55.24|53.41
2024-06-28|WY|Timber REITs - Real Estate|1|29.14|28.39
2024-06-28|WY|Timber REITs - Real Estate|1|29.21|28.39
2024-06-28|WBD|Broadcasting - Communication Services|1|7.29|7.44
2024-06-28|HLT|Hotels, Resorts & Cruise Lines - Consumer Discretionary|3|210.32|218.2
2024-06-28|BG|Agricultural Products & Services - Consumer Staples|6|102.44|106.77
2024-06-28|XEL|Multi-Utilities - Utilities|1|53.12|53.41
2024-06-28|WY|Timber REITs - Real Estate|1|28.87|28.39
2024-06-28|WBD|Broadcasting - Communication Services|1|6.99|7.44
2024-06-28|WY|Timber REITs - Real Estate|1|28.64|28.39
2024-06-28|ADSK|Application Software - Information Technology|2|242.31|247.45
2024-06-28|WRB|Property & Casualty Insurance - Financials|8|53.66|52.39
2024-06-28|WY|Timber REITs - Real Estate|1|29.02|28.39
2024-06-28|WBD|Broadcasting - Communication Services|1|7.18|7.44
2024-06-28|SWKS|Semiconductors - Information Technology|7|104.96|106.58
2024-06-28|NCLH|Hotels, Resorts & Cruise Lines - Consumer Discretionary|5|17.4|18.79
2024-06-28|WY|Timber REITs - Real Estate|1|28.28|28.39
2024-06-28|MGM|Casinos & Gaming - Consumer Discretionary|9|44.44|44.44
2024-06-28|WBD|Broadcasting - Communication Services|1|7.44|7.44
2024-07-01|PG|Personal Care Products - Consumer Staples|1|155.62|162.72
2024-07-01|MRK|Pharmaceuticals - Health Care|3|126.75|127.9
2024-07-01|XEL|Multi-Utilities - Utilities|1|54.72|52.43
2024-07-01|PM|Tobacco - Consumer Staples|10|96.09|101.25
2024-07-01|XEL|Multi-Utilities - Utilities|1|55.01|52.43
2024-07-01|XEL|Multi-Utilities - Utilities|1|54.48|52.43
2024-07-01|LDOS|Diversified Support Services - Industrials|7|140.22|145.56
2024-07-01|XEL|Multi-Utilities - Utilities|1|53.73|52.43
2024-07-01|AWK|Water Utilities - Utilities|6|125.12|127.76
2024-07-01|WELL|Health Care REITs - Real Estate|1|95.81|104.0
2024-07-01|XEL|Multi-Utilities - Utilities|1|55.02|52.43
2024-07-01|GEN|Systems Software - Information Technology|10|24.47|24.89
2024-07-01|NFLX|Movies & Entertainment - Communication Services|2|64.9|67.36
2024-07-01|SNPS|Application Software - Information Technology|1|580.21|601.75
2024-07-01|EMR|Electrical Components & Equipment - Industrials|9|110.92|108.05
2024-07-01|CCI|Telecom Tower REITs - Real Estate|1|97.87|95.98
2024-07-01|ICE|Financial Exchanges & Data - Financials|7|133.24|136.93
2024-07-01|EBAY|Broadline Retail - Consumer Discretionary|1|53.35|52.68
2024-07-01|GL|Life & Health Insurance - Financials|5|81.62|82.83
2024-07-01|WBD|Broadcasting - Communication Services|1|7.29|7.1
2024-07-01|HLT|Hotels, Resorts & Cruise Lines - Consumer Discretionary|3|210.32|214.23
2024-07-01|BG|Agricultural Products & Services - Consumer Staples|6|102.44|107.32
2024-07-01|XEL|Multi-Utilities - Utilities|1|53.12|52.43
2024-07-01|WY|Timber REITs - Real Estate|1|28.87|27.56
2024-07-01|WBD|Broadcasting - Communication Services|1|6.99|7.1
2024-07-01|WY|Timber REITs - Real Estate|1|28.64|27.56
2024-07-01|ADSK|Application Software - Information Technology|2|242.31|245.83
2024-07-01|WRB|Property & Casualty Insurance - Financials|8|53.66|52.68
2024-07-01|WBD|Broadcasting - Communication Services|1|7.18|7.1
2024-07-01|SWKS|Semiconductors - Information Technology|7|104.96|106.4
2024-07-01|NCLH|Hotels, Resorts & Cruise Lines - Consumer Discretionary|5|17.4|17.68
2024-07-01|WY|Timber REITs - Real Estate|1|28.28|27.56
2024-07-01|MGM|Casinos & Gaming - Consumer Discretionary|9|44.44|42.86
2024-07-01|WBD|Broadcasting - Communication Services|1|7.44|7.1
2024-07-01|ORLY|Automotive Retail - Consumer Discretionary|5|67.75|67.75
2024-07-01|WY|Timber REITs - Real Estate|1|27.56|27.56
2024-07-01|WBD|Broadcasting - Communication Services|1|7.1|7.1
2024-07-02|PG|Personal Care Products - Consumer Staples|1|155.62|163.9
2024-07-02|MRK|Pharmaceuticals - Health Care|3|126.75|127.72
2024-07-02|XEL|Multi-Utilities - Utilities|1|54.72|53.2
2024-07-02|PM|Tobacco - Consumer Staples|10|96.09|101.64
2024-07-02|XEL|Multi-Utilities - Utilities|1|55.01|53.2
2024-07-02|XEL|Multi-Utilities - Utilities|1|54.48|53.2
2024-07-02|LDOS|Diversified Support Services - Industrials|7|140.22|145.86
2024-07-02|XEL|Multi-Utilities - Utilities|1|53.73|53.2
2024-07-02|AWK|Water Utilities - Utilities|6|125.12|128.46
2024-07-02|XEL|Multi-Utilities - Utilities|1|55.02|53.2
2024-07-02|GEN|Systems Software - Information Technology|10|24.47|24.96
2024-07-02|NFLX|Movies & Entertainment - Communication Services|2|64.9|67.96
2024-07-02|SNPS|Application Software - Information Technology|1|580.21|609.66
2024-07-02|EMR|Electrical Components & Equipment - Industrials|9|110.92|109.27
2024-07-02|CCI|Telecom Tower REITs - Real Estate|1|97.87|95.29
2024-07-02|ICE|Financial Exchanges & Data - Financials|7|133.24|140.82
2024-07-02|EBAY|Broadline Retail - Consumer Discretionary|1|53.35|53.25
2024-07-02|GL|Life & Health Insurance - Financials|5|81.62|83.08
2024-07-02|WBD|Broadcasting - Communication Services|1|7.29|7.2
2024-07-02|HLT|Hotels, Resorts & Cruise Lines - Consumer Discretionary|3|210.32|215.6
2024-07-02|BG|Agricultural Products & Services - Consumer Staples|6|102.44|110.38
2024-07-02|XEL|Multi-Utilities - Utilities|1|53.12|53.2
2024-07-02|WY|Timber REITs - Real Estate|1|28.87|27.48
2024-07-02|WBD|Broadcasting - Communication Services|1|6.99|7.2
2024-07-02|WY|Timber REITs - Real Estate|1|28.64|27.48
2024-07-02|ADSK|Application Software - Information Technology|2|242.31|247.86
2024-07-02|WRB|Property & Casualty Insurance - Financials|8|53.66|52.81
2024-07-02|WBD|Broadcasting - Communication Services|1|7.18|7.2
2024-07-02|SWKS|Semiconductors - Information Technology|7|104.96|106.96
2024-07-02|NCLH|Hotels, Resorts & Cruise Lines - Consumer Discretionary|5|17.4|17.61
2024-07-02|WY|Timber REITs - Real Estate|1|28.28|27.48
2024-07-02|MGM|Casinos & Gaming - Consumer Discretionary|9|44.44|42.33
2024-07-02|WBD|Broadcasting - Communication Services|1|7.44|7.2
2024-07-02|ORLY|Automotive Retail - Consumer Discretionary|5|67.75|69.14
2024-07-02|WY|Timber REITs - Real Estate|1|27.56|27.48
2024-07-02|WBD|Broadcasting - Communication Services|1|7.1|7.2
2024-07-02|SYF|Consumer Finance - Financials|2|48.03|48.03
2024-07-02|WBD|Broadcasting - Communication Services|1|7.2|7.2
2024-07-03|PG|Personal Care Products - Consumer Staples|1|155.62|163.83
2024-07-03|MRK|Pharmaceuticals - Health Care|3|126.75|125.85
2024-07-03|XEL|Multi-Utilities - Utilities|1|54.72|52.75
2024-07-03|PM|Tobacco - Consumer Staples|10|96.09|101.42
2024-07-03|XEL|Multi-Utilities - Utilities|1|55.01|52.75
2024-07-03|XEL|Multi-Utilities - Utilities|1|54.48|52.75
2024-07-03|LDOS|Diversified Support Services - Industrials|7|140.22|146.64
2024-07-03|XEL|Multi-Utilities - Utilities|1|53.73|52.75
2024-07-03|AWK|Water Utilities - Utilities|6|125.12|127.96
2024-07-03|XEL|Multi-Utilities - Utilities|1|55.02|52.75
2024-07-03|GEN|Systems Software - Information Technology|10|24.47|24.68
2024-07-03|NFLX|Movies & Entertainment - Communication Services|2|64.9|68.25
2024-07-03|SNPS|Application Software - Information Technology|1|580.21|606.99
2024-07-03|EMR|Electrical Components & Equipment - Industrials|9|110.92|109.56
2024-07-03|CCI|Telecom Tower REITs - Real Estate|1|97.87|96.66
2024-07-03|ICE|Financial Exchanges & Data - Financials|7|133.24|141.16
2024-07-03|EBAY|Broadline Retail - Consumer Discretionary|1|53.35|52.61
2024-07-03|GL|Life & Health Insurance - Financials|5|81.62|82.44
2024-07-03|WBD|Broadcasting - Communication Services|1|7.29|7.23
2024-07-03|HLT|Hotels, Resorts & Cruise Lines - Consumer Discretionary|3|210.32|216.12
2024-07-03|BG|Agricultural Products & Services - Consumer Staples|6|102.44|109.39
2024-07-03|XEL|Multi-Utilities - Utilities|1|53.12|52.75
2024-07-03|WBD|Broadcasting - Communication Services|1|6.99|7.23
2024-07-03|ADSK|Application Software - Information Technology|2|242.31|246.3
2024-07-03|WRB|Property & Casualty Insurance - Financials|8|53.66|52.78
2024-07-03|WBD|Broadcasting - Communication Services|1|7.18|7.23
2024-07-03|SWKS|Semiconductors - Information Technology|7|104.96|104.63
2024-07-03|NCLH|Hotels, Resorts & Cruise Lines - Consumer Discretionary|5|17.4|17.54
2024-07-03|WY|Timber REITs - Real Estate|1|28.28|27.05
2024-07-03|MGM|Casinos & Gaming - Consumer Discretionary|9|44.44|43.28
2024-07-03|WBD|Broadcasting - Communication Services|1|7.44|7.23
2024-07-03|ORLY|Automotive Retail - Consumer Discretionary|5|67.75|68.04
2024-07-03|WY|Timber REITs - Real Estate|1|27.56|27.05
2024-07-03|WBD|Broadcasting - Communication Services|1|7.1|7.23
2024-07-03|SYF|Consumer Finance - Financials|2|48.03|47.36
2024-07-03|WBD|Broadcasting - Communication Services|1|7.2|7.23
2024-07-03|XEL|Multi-Utilities - Utilities|1|52.75|52.75
2024-07-03|WBD|Broadcasting - Communication Services|1|7.23|7.23
2024-07-08|PG|Personal Care Products - Consumer Staples|1|155.62|166.52
2024-07-08|MRK|Pharmaceuticals - Health Care|3|126.75|125.78
2024-07-08|XEL|Multi-Utilities - Utilities|1|54.72|52.11
2024-07-08|PM|Tobacco - Consumer Staples|10|96.09|102.59
2024-07-08|XEL|Multi-Utilities - Utilities|1|54.48|52.11
2024-07-08|LDOS|Diversified Support Services - Industrials|7|140.22|145.56
2024-07-08|XEL|Multi-Utilities - Utilities|1|53.73|52.11
2024-07-08|AWK|Water Utilities - Utilities|6|125.12|129.92
2024-07-08|GEN|Systems Software - Information Technology|10|24.47|24.55
2024-07-08|NFLX|Movies & Entertainment - Communication Services|2|64.9|68.57
2024-07-08|SNPS|Application Software - Information Technology|1|580.21|615.49
2024-07-08|EMR|Electrical Components & Equipment - Industrials|9|110.92|109.97
2024-07-08|CCI|Telecom Tower REITs - Real Estate|1|97.87|96.62
2024-07-08|ICE|Financial Exchanges & Data - Financials|7|133.24|141.17
2024-07-08|EBAY|Broadline Retail - Consumer Discretionary|1|53.35|52.79
2024-07-08|GL|Life & Health Insurance - Financials|5|81.62|80.92
2024-07-08|WBD|Broadcasting - Communication Services|1|7.29|7.11
2024-07-08|HLT|Hotels, Resorts & Cruise Lines - Consumer Discretionary|3|210.32|214.57
2024-07-08|BG|Agricultural Products & Services - Consumer Staples|6|102.44|110.39
2024-07-08|XEL|Multi-Utilities - Utilities|1|53.12|52.11
2024-07-08|WBD|Broadcasting - Communication Services|1|6.99|7.11
2024-07-08|ADSK|Application Software - Information Technology|2|242.31|247.96
2024-07-08|WRB|Property & Casualty Insurance - Financials|8|53.66|53.08
2024-07-08|WBD|Broadcasting - Communication Services|1|7.18|7.11
2024-07-08|SWKS|Semiconductors - Information Technology|7|104.96|106.38
2024-07-08|NCLH|Hotels, Resorts & Cruise Lines - Consumer Discretionary|5|17.4|18.12
2024-07-08|WY|Timber REITs - Real Estate|1|28.28|27.59
2024-07-08|MGM|Casinos & Gaming - Consumer Discretionary|9|44.44|43.69
2024-07-08|WBD|Broadcasting - Communication Services|1|7.44|7.11
2024-07-08|ORLY|Automotive Retail - Consumer Discretionary|5|67.75|68.19
2024-07-08|WY|Timber REITs - Real Estate|1|27.56|27.59
2024-07-08|WBD|Broadcasting - Communication Services|1|7.1|7.11
2024-07-08|SYF|Consumer Finance - Financials|2|48.03|47.67
2024-07-08|WBD|Broadcasting - Communication Services|1|7.2|7.11
2024-07-08|XEL|Multi-Utilities - Utilities|1|52.75|52.11
2024-07-08|WBD|Broadcasting - Communication Services|1|7.23|7.11
2024-07-08|F|Automobile Manufacturers - Consumer Discretionary|8|12.98|12.98
2024-07-11|PG|Personal Care Products - Consumer Staples|1|155.62|165.54
2024-07-11|MRK|Pharmaceuticals - Health Care|3|126.75|128.97
2024-07-11|XEL|Multi-Utilities - Utilities|1|54.72|54.08
2024-07-11|PM|Tobacco - Consumer Staples|10|96.09|105.0
2024-07-11|XEL|Multi-Utilities - Utilities|1|54.48|54.08
2024-07-11|LDOS|Diversified Support Services - Industrials|7|140.22|148.95
2024-07-11|XEL|Multi-Utilities - Utilities|1|53.73|54.08
2024-07-11|AWK|Water Utilities - Utilities|6|125.12|136.22
2024-07-11|GEN|Systems Software - Information Technology|10|24.47|25.0
2024-07-11|NFLX|Movies & Entertainment - Communication Services|2|64.9|65.28
2024-07-11|SNPS|Application Software - Information Technology|1|580.21|608.74
2024-07-11|EMR|Electrical Components & Equipment - Industrials|9|110.92|114.15
2024-07-11|CCI|Telecom Tower REITs - Real Estate|1|97.87|102.34
2024-07-11|EBAY|Broadline Retail - Consumer Discretionary|1|53.35|54.02
2024-07-11|GL|Life & Health Insurance - Financials|5|81.62|85.23
2024-07-11|WBD|Broadcasting - Communication Services|1|7.29|7.38
2024-07-11|HLT|Hotels, Resorts & Cruise Lines - Consumer Discretionary|3|210.32|216.86
2024-07-11|BG|Agricultural Products & Services - Consumer Staples|6|102.44|110.5
2024-07-11|XEL|Multi-Utilities - Utilities|1|53.12|54.08
2024-07-11|WBD|Broadcasting - Communication Services|1|6.99|7.38
2024-07-11|ADSK|Application Software - Information Technology|2|242.31|248.77
2024-07-11|WRB|Property & Casualty Insurance - Financials|8|53.66|52.29
2024-07-11|WBD|Broadcasting - Communication Services|1|7.18|7.38
2024-07-11|SWKS|Semiconductors - Information Technology|7|104.96|109.95
2024-07-11|NCLH|Hotels, Resorts & Cruise Lines - Consumer Discretionary|5|17.4|19.09
2024-07-11|WY|Timber REITs - Real Estate|1|28.28|28.96
2024-07-11|MGM|Casinos & Gaming - Consumer Discretionary|9|44.44|45.84
2024-07-11|WBD|Broadcasting - Communication Services|1|7.44|7.38
2024-07-11|ORLY|Automotive Retail - Consumer Discretionary|5|67.75|68.87
2024-07-11|WY|Timber REITs - Real Estate|1|27.56|28.96
2024-07-11|WBD|Broadcasting - Communication Services|1|7.1|7.38
2024-07-11|SYF|Consumer Finance - Financials|2|48.03|49.06
2024-07-11|WBD|Broadcasting - Communication Services|1|7.2|7.38
2024-07-11|XEL|Multi-Utilities - Utilities|1|52.75|54.08
2024-07-11|WBD|Broadcasting - Communication Services|1|7.23|7.38
2024-07-11|F|Automobile Manufacturers - Consumer Discretionary|8|12.98|13.47
2024-07-11|CFG|Regional Banks - Financials|26|38.2|38.2
2024-07-11|RF|Regional Banks - Financials|1|20.71|20.71
2024-07-11|WBD|Broadcasting - Communication Services|2|7.38|7.38
2024-07-12|PG|Personal Care Products - Consumer Staples|1|155.62|166.61
2024-07-12|MRK|Pharmaceuticals - Health Care|3|126.75|127.76
2024-07-12|XEL|Multi-Utilities - Utilities|1|54.72|54.28
2024-07-12|XEL|Multi-Utilities - Utilities|1|54.48|54.28
2024-07-12|LDOS|Diversified Support Services - Industrials|7|140.22|149.92
2024-07-12|XEL|Multi-Utilities - Utilities|1|53.73|54.28
2024-07-12|GEN|Systems Software - Information Technology|10|24.47|25.51
2024-07-12|NFLX|Movies & Entertainment - Communication Services|2|64.9|64.76
2024-07-12|SNPS|Application Software - Information Technology|1|580.21|614.05
2024-07-12|EMR|Electrical Components & Equipment - Industrials|9|110.92|114.59
2024-07-12|CCI|Telecom Tower REITs - Real Estate|1|97.87|103.55
2024-07-12|EBAY|Broadline Retail - Consumer Discretionary|1|53.35|54.19
2024-07-12|GL|Life & Health Insurance - Financials|5|81.62|86.04
2024-07-12|WBD|Broadcasting - Communication Services|1|7.29|7.4
2024-07-12|HLT|Hotels, Resorts & Cruise Lines - Consumer Discretionary|3|210.32|220.72
2024-07-12|BG|Agricultural Products & Services - Consumer Staples|6|102.44|111.1
2024-07-12|XEL|Multi-Utilities - Utilities|1|53.12|54.28
2024-07-12|WBD|Broadcasting - Communication Services|1|6.99|7.4
2024-07-12|ADSK|Application Software - Information Technology|2|242.31|253.45
2024-07-12|WRB|Property & Casualty Insurance - Financials|8|53.66|53.45
2024-07-12|WBD|Broadcasting - Communication Services|1|7.18|7.4
2024-07-12|SWKS|Semiconductors - Information Technology|7|104.96|112.33
2024-07-12|WY|Timber REITs - Real Estate|1|28.28|29.28
2024-07-12|MGM|Casinos & Gaming - Consumer Discretionary|9|44.44|46.11
2024-07-12|WBD|Broadcasting - Communication Services|1|7.44|7.4
2024-07-12|ORLY|Automotive Retail - Consumer Discretionary|5|67.75|69.34
2024-07-12|WY|Timber REITs - Real Estate|1|27.56|29.28
2024-07-12|WBD|Broadcasting - Communication Services|1|7.1|7.4
2024-07-12|SYF|Consumer Finance - Financials|2|48.03|49.11
2024-07-12|WBD|Broadcasting - Communication Services|1|7.2|7.4
2024-07-12|XEL|Multi-Utilities - Utilities|1|52.75|54.28
2024-07-12|WBD|Broadcasting - Communication Services|1|7.23|7.4
2024-07-12|F|Automobile Manufacturers - Consumer Discretionary|8|12.98|14.03
2024-07-12|CFG|Regional Banks - Financials|26|38.2|38.2
2024-07-12|RF|Regional Banks - Financials|1|20.71|20.47
2024-07-12|WBD|Broadcasting - Communication Services|2|7.38|7.4
2024-07-12|ODFL|Cargo Ground Transportation - Industrials|5|190.22|190.22
2024-07-12|LNT|Electric Utilities - Utilities|19|53.87|53.87
2024-07-12|WBD|Broadcasting - Communication Services|2|7.4|7.4
2024-07-15|PG|Personal Care Products - Consumer Staples|1|155.62|164.58
2024-07-15|MRK|Pharmaceuticals - Health Care|3|126.75|128.12
2024-07-15|XEL|Multi-Utilities - Utilities|1|54.72|53.23
2024-07-15|XEL|Multi-Utilities - Utilities|1|54.48|53.23
2024-07-15|LDOS|Diversified Support Services - Industrials|7|140.22|148.96
2024-07-15|XEL|Multi-Utilities - Utilities|1|53.73|53.23
2024-07-15|GEN|Systems Software - Information Technology|10|24.47|25.36
2024-07-15|NFLX|Movies & Entertainment - Communication Services|2|64.9|65.64
2024-07-15|SNPS|Application Software - Information Technology|1|580.21|616.01
2024-07-15|EMR|Electrical Components & Equipment - Industrials|9|110.92|116.97
2024-07-15|CCI|Telecom Tower REITs - Real Estate|1|97.87|103.12
2024-07-15|EBAY|Broadline Retail - Consumer Discretionary|1|53.35|53.72
2024-07-15|GL|Life & Health Insurance - Financials|5|81.62|86.81
2024-07-15|WBD|Broadcasting - Communication Services|1|7.29|7.42
2024-07-15|HLT|Hotels, Resorts & Cruise Lines - Consumer Discretionary|3|210.32|222.99
2024-07-15|BG|Agricultural Products & Services - Consumer Staples|6|102.44|110.33
2024-07-15|XEL|Multi-Utilities - Utilities|1|53.12|53.23
2024-07-15|WBD|Broadcasting - Communication Services|1|6.99|7.42
2024-07-15|ADSK|Application Software - Information Technology|2|242.31|253.17
2024-07-15|WRB|Property & Casualty Insurance - Financials|8|53.66|54.02
2024-07-15|WBD|Broadcasting - Communication Services|1|7.18|7.42
2024-07-15|WY|Timber REITs - Real Estate|1|28.28|29.04
2024-07-15|MGM|Casinos & Gaming - Consumer Discretionary|9|44.44|46.15
2024-07-15|WBD|Broadcasting - Communication Services|1|7.44|7.42
2024-07-15|ORLY|Automotive Retail - Consumer Discretionary|5|67.75|69.49
2024-07-15|WY|Timber REITs - Real Estate|1|27.56|29.04
2024-07-15|WBD|Broadcasting - Communication Services|1|7.1|7.42
2024-07-15|SYF|Consumer Finance - Financials|2|48.03|50.72
2024-07-15|WBD|Broadcasting - Communication Services|1|7.2|7.42
2024-07-15|XEL|Multi-Utilities - Utilities|1|52.75|53.23
2024-07-15|WBD|Broadcasting - Communication Services|1|7.23|7.42
2024-07-15|F|Automobile Manufacturers - Consumer Discretionary|8|12.98|14.23
2024-07-15|CFG|Regional Banks - Financials|26|38.2|38.66
2024-07-15|RF|Regional Banks - Financials|1|20.71|21.0
2024-07-15|WBD|Broadcasting - Communication Services|2|7.38|7.42
2024-07-15|ODFL|Cargo Ground Transportation - Industrials|5|190.22|195.25
2024-07-15|LNT|Electric Utilities - Utilities|19|53.87|53.54
2024-07-15|WBD|Broadcasting - Communication Services|2|7.4|7.42
2024-07-15|CINF|Property & Casualty Insurance - Financials|5|123.26|123.26
2024-07-15|FRT|Retail REITs - Real Estate|1|106.4|106.4
2024-07-15|TFC|Diversified Banks - Financials|2|41.4|41.4
2024-07-15|WBD|Broadcasting - Communication Services|1|7.42|7.42
2024-07-16|PG|Personal Care Products - Consumer Staples|1|155.62|166.95
2024-07-16|MRK|Pharmaceuticals - Health Care|3|126.75|125.44
2024-07-16|XEL|Multi-Utilities - Utilities|1|54.72|53.93
2024-07-16|XEL|Multi-Utilities - Utilities|1|54.48|53.93
2024-07-16|LDOS|Diversified Support Services - Industrials|7|140.22|151.81
2024-07-16|XEL|Multi-Utilities - Utilities|1|53.73|53.93
2024-07-16|GEN|Systems Software - Information Technology|10|24.47|25.58
2024-07-16|NFLX|Movies & Entertainment - Communication Services|2|64.9|65.63
2024-07-16|SNPS|Application Software - Information Technology|1|580.21|613.01
2024-07-16|EMR|Electrical Components & Equipment - Industrials|9|110.92|118.87
2024-07-16|CCI|Telecom Tower REITs - Real Estate|1|97.87|103.9
2024-07-16|EBAY|Broadline Retail - Consumer Discretionary|1|53.35|55.42
2024-07-16|GL|Life & Health Insurance - Financials|5|81.62|88.51
2024-07-16|WBD|Broadcasting - Communication Services|1|7.29|7.98
2024-07-16|HLT|Hotels, Resorts & Cruise Lines - Consumer Discretionary|3|210.32|228.19
2024-07-16|BG|Agricultural Products & Services - Consumer Staples|6|102.44|111.39
2024-07-16|XEL|Multi-Utilities - Utilities|1|53.12|53.93
2024-07-16|ADSK|Application Software - Information Technology|2|242.31|253.82
2024-07-16|WRB|Property & Casualty Insurance - Financials|8|53.66|54.43
2024-07-16|WY|Timber REITs - Real Estate|1|28.28|29.73
2024-07-16|MGM|Casinos & Gaming - Consumer Discretionary|9|44.44|46.78
2024-07-16|WBD|Broadcasting - Communication Services|1|7.44|7.98
2024-07-16|ORLY|Automotive Retail - Consumer Discretionary|5|67.75|69.57
2024-07-16|WY|Timber REITs - Real Estate|1|27.56|29.73
2024-07-16|SYF|Consumer Finance - Financials|2|48.03|51.71
2024-07-16|XEL|Multi-Utilities - Utilities|1|52.75|53.93
2024-07-16|CFG|Regional Banks - Financials|26|38.2|39.6
2024-07-16|RF|Regional Banks - Financials|1|20.71|21.77
2024-07-16|WBD|Broadcasting - Communication Services|2|7.38|7.98
2024-07-16|ODFL|Cargo Ground Transportation - Industrials|5|190.22|203.84
2024-07-16|LNT|Electric Utilities - Utilities|19|53.87|54.66
2024-07-16|WBD|Broadcasting - Communication Services|2|7.4|7.98
2024-07-16|CINF|Property & Casualty Insurance - Financials|5|123.26|125.13
2024-07-16|FRT|Retail REITs - Real Estate|1|106.4|108.7
2024-07-16|TFC|Diversified Banks - Financials|2|41.4|42.44
2024-07-16|WBD|Broadcasting - Communication Services|1|7.42|7.98
2024-07-16|EOG|Oil & Gas Exploration & Production - Energy|1|131.52|131.52
2024-07-16|WBD|Broadcasting - Communication Services|3|7.98|7.98
2024-07-17|PG|Personal Care Products - Consumer Staples|1|155.62|169.44
2024-07-17|MRK|Pharmaceuticals - Health Care|3|126.75|125.89
2024-07-17|XEL|Multi-Utilities - Utilities|1|54.72|55.32
2024-07-17|XEL|Multi-Utilities - Utilities|1|54.48|55.32
2024-07-17|LDOS|Diversified Support Services - Industrials|7|140.22|150.24
2024-07-17|XEL|Multi-Utilities - Utilities|1|53.73|55.32
2024-07-17|GEN|Systems Software - Information Technology|10|24.47|25.78
2024-07-17|NFLX|Movies & Entertainment - Communication Services|2|64.9|64.75
2024-07-17|SNPS|Application Software - Information Technology|1|580.21|570.38
2024-07-17|EMR|Electrical Components & Equipment - Industrials|9|110.92|118.25
2024-07-17|CCI|Telecom Tower REITs - Real Estate|1|97.87|105.63
2024-07-17|EBAY|Broadline Retail - Consumer Discretionary|1|53.35|54.58
2024-07-17|GL|Life & Health Insurance - Financials|5|81.62|88.93
2024-07-17|HLT|Hotels, Resorts & Cruise Lines - Consumer Discretionary|3|210.32|219.79
2024-07-17|BG|Agricultural Products & Services - Consumer Staples|6|102.44|112.11
2024-07-17|XEL|Multi-Utilities - Utilities|1|53.12|55.32
2024-07-17|ADSK|Application Software - Information Technology|2|242.31|250.18
2024-07-17|WRB|Property & Casualty Insurance - Financials|8|53.66|55.79
2024-07-17|WY|Timber REITs - Real Estate|1|28.28|30.49
2024-07-17|MGM|Casinos & Gaming - Consumer Discretionary|9|44.44|46.19
2024-07-17|ORLY|Automotive Retail - Consumer Discretionary|5|67.75|69.58
2024-07-17|SYF|Consumer Finance - Financials|2|48.03|52.22
2024-07-17|XEL|Multi-Utilities - Utilities|1|52.75|55.32
2024-07-17|CFG|Regional Banks - Financials|26|38.2|40.92
2024-07-17|RF|Regional Banks - Financials|1|20.71|22.11
2024-07-17|ODFL|Cargo Ground Transportation - Industrials|5|190.22|198.68
2024-07-17|LNT|Electric Utilities - Utilities|19|53.87|55.55
2024-07-17|CINF|Property & Casualty Insurance - Financials|5|123.26|127.17
2024-07-17|FRT|Retail REITs - Real Estate|1|106.4|109.85
2024-07-17|TFC|Diversified Banks - Financials|2|41.4|43.1
2024-07-17|EOG|Oil & Gas Exploration & Production - Energy|1|131.52|132.38
2024-07-17|WBD|Broadcasting - Communication Services|3|7.98|8.32
2024-07-17|USB|Diversified Banks - Financials|2|45.26|45.26
2024-07-22|PG|Personal Care Products - Consumer Staples|1|155.62|168.25
2024-07-22|MRK|Pharmaceuticals - Health Care|3|126.75|125.69
2024-07-22|XEL|Multi-Utilities - Utilities|1|54.72|55.74
2024-07-22|XEL|Multi-Utilities - Utilities|1|54.48|55.74
2024-07-22|LDOS|Diversified Support Services - Industrials|7|140.22|153.0
2024-07-22|XEL|Multi-Utilities - Utilities|1|53.73|55.74
2024-07-22|GEN|Systems Software - Information Technology|10|24.47|25.53
2024-07-22|NFLX|Movies & Entertainment - Communication Services|2|64.9|64.75
2024-07-22|SNPS|Application Software - Information Technology|1|580.21|587.71
2024-07-22|EMR|Electrical Components & Equipment - Industrials|9|110.92|117.83
2024-07-22|CCI|Telecom Tower REITs - Real Estate|1|97.87|103.94
2024-07-22|EBAY|Broadline Retail - Consumer Discretionary|1|53.35|53.91
2024-07-22|GL|Life & Health Insurance - Financials|5|81.62|88.98
2024-07-22|HLT|Hotels, Resorts & Cruise Lines - Consumer Discretionary|3|210.32|220.15
2024-07-22|XEL|Multi-Utilities - Utilities|1|53.12|55.74
2024-07-22|ADSK|Application Software - Information Technology|2|242.31|245.26
2024-07-22|WRB|Property & Casualty Insurance - Financials|8|53.66|51.82
2024-07-22|WY|Timber REITs - Real Estate|1|28.28|30.6
2024-07-22|MGM|Casinos & Gaming - Consumer Discretionary|9|44.44|43.77
2024-07-22|ORLY|Automotive Retail - Consumer Discretionary|5|67.75|70.47
2024-07-22|SYF|Consumer Finance - Financials|2|48.03|50.52
2024-07-22|XEL|Multi-Utilities - Utilities|1|52.75|55.74
2024-07-22|CFG|Regional Banks - Financials|26|38.2|41.4
2024-07-22|RF|Regional Banks - Financials|1|20.71|22.39
2024-07-22|ODFL|Cargo Ground Transportation - Industrials|5|190.22|195.31
2024-07-22|LNT|Electric Utilities - Utilities|19|53.87|55.0
2024-07-22|CINF|Property & Casualty Insurance - Financials|5|123.26|120.39
2024-07-22|FRT|Retail REITs - Real Estate|1|106.4|110.8
2024-07-22|TFC|Diversified Banks - Financials|2|41.4|43.78
2024-07-22|EOG|Oil & Gas Exploration & Production - Energy|1|131.52|126.92
2024-07-22|WBD|Broadcasting - Communication Services|3|7.98|8.55
2024-07-22|USB|Diversified Banks - Financials|2|45.26|45.04
2024-07-22|AKAM|Internet Services & Infrastructure - Information Technology|7|96.33|96.33
2024-07-23|PG|Personal Care Products - Consumer Staples|1|155.62|166.62
2024-07-23|MRK|Pharmaceuticals - Health Care|3|126.75|124.38
2024-07-23|XEL|Multi-Utilities - Utilities|1|54.72|55.14
2024-07-23|XEL|Multi-Utilities - Utilities|1|54.48|55.14
2024-07-23|XEL|Multi-Utilities - Utilities|1|53.73|55.14
2024-07-23|GEN|Systems Software - Information Technology|10|24.47|25.29
2024-07-23|NFLX|Movies & Entertainment - Communication Services|2|64.9|64.28
2024-07-23|SNPS|Application Software - Information Technology|1|580.21|588.33
2024-07-23|EMR|Electrical Components & Equipment - Industrials|9|110.92|117.62
2024-07-23|CCI|Telecom Tower REITs - Real Estate|1|97.87|104.29
2024-07-23|EBAY|Broadline Retail - Consumer Discretionary|1|53.35|53.24
2024-07-23|GL|Life & Health Insurance - Financials|5|81.62|89.56
2024-07-23|HLT|Hotels, Resorts & Cruise Lines - Consumer Discretionary|3|210.32|220.66
2024-07-23|XEL|Multi-Utilities - Utilities|1|53.12|55.14
2024-07-23|ADSK|Application Software - Information Technology|2|242.31|246.23
2024-07-23|WRB|Property & Casualty Insurance - Financials|8|53.66|52.21
2024-07-23|WY|Timber REITs - Real Estate|1|28.28|30.26
2024-07-23|MGM|Casinos & Gaming - Consumer Discretionary|9|44.44|43.78
2024-07-23|ORLY|Automotive Retail - Consumer Discretionary|5|67.75|69.93
2024-07-23|SYF|Consumer Finance - Financials|2|48.03|50.81
2024-07-23|XEL|Multi-Utilities - Utilities|1|52.75|55.14
2024-07-23|RF|Regional Banks - Financials|1|20.71|22.39
2024-07-23|ODFL|Cargo Ground Transportation - Industrials|5|190.22|193.85
2024-07-23|LNT|Electric Utilities - Utilities|19|53.87|54.65
2024-07-23|CINF|Property & Casualty Insurance - Financials|5|123.26|121.2
2024-07-23|FRT|Retail REITs - Real Estate|1|106.4|109.69
2024-07-23|TFC|Diversified Banks - Financials|2|41.4|44.15
2024-07-23|WBD|Broadcasting - Communication Services|3|7.98|8.62
2024-07-23|USB|Diversified Banks - Financials|2|45.26|45.55
2024-07-23|AKAM|Internet Services & Infrastructure - Information Technology|7|96.33|96.06
2024-07-23|MKC|Packaged Foods & Meats - Consumer Staples|15|73.94|73.94
2024-07-23|AEP|Electric Utilities - Utilities|1|93.64|93.64
2024-07-23|AEE|Multi-Utilities - Utilities|11|75.08|75.08
2024-07-23|ZTS|Pharmaceuticals - Health Care|1|179.38|179.38
2024-07-23|XEL|Multi-Utilities - Utilities|1|55.14|55.14
2024-07-23|WY|Timber REITs - Real Estate|1|30.26|30.26
2024-07-23|WBD|Broadcasting - Communication Services|2|8.62|8.62
2024-07-25|PG|Personal Care Products - Consumer Staples|1|155.62|166.9
2024-07-25|MRK|Pharmaceuticals - Health Care|3|126.75|125.85
2024-07-25|XEL|Multi-Utilities - Utilities|1|54.72|56.87
2024-07-25|XEL|Multi-Utilities - Utilities|1|54.48|56.87
2024-07-25|XEL|Multi-Utilities - Utilities|1|53.73|56.87
2024-07-25|GEN|Systems Software - Information Technology|10|24.47|25.21
2024-07-25|NFLX|Movies & Entertainment - Communication Services|2|64.9|63.41
2024-07-25|EMR|Electrical Components & Equipment - Industrials|9|110.92|114.59
2024-07-25|CCI|Telecom Tower REITs - Real Estate|1|97.87|105.53
2024-07-25|EBAY|Broadline Retail - Consumer Discretionary|1|53.35|53.12
2024-07-25|GL|Life & Health Insurance - Financials|5|81.62|89.08
2024-07-25|HLT|Hotels, Resorts & Cruise Lines - Consumer Discretionary|3|210.32|213.18
2024-07-25|XEL|Multi-Utilities - Utilities|1|53.12|56.87
2024-07-25|ADSK|Application Software - Information Technology|2|242.31|242.23
2024-07-25|WRB|Property & Casualty Insurance - Financials|8|53.66|52.47
2024-07-25|WY|Timber REITs - Real Estate|1|28.28|30.31
2024-07-25|ORLY|Automotive Retail - Consumer Discretionary|5|67.75|72.86
2024-07-25|SYF|Consumer Finance - Financials|2|48.03|50.38
2024-07-25|XEL|Multi-Utilities - Utilities|1|52.75|56.87
2024-07-25|RF|Regional Banks - Financials|1|20.71|22.55
2024-07-25|ODFL|Cargo Ground Transportation - Industrials|5|190.22|205.7
2024-07-25|LNT|Electric Utilities - Utilities|19|53.87|55.84
2024-07-25|CINF|Property & Casualty Insurance - Financials|5|123.26|120.3
2024-07-25|FRT|Retail REITs - Real Estate|1|106.4|107.06
2024-07-25|TFC|Diversified Banks - Financials|2|41.4|44.12
2024-07-25|WBD|Broadcasting - Communication Services|3|7.98|7.99
2024-07-25|USB|Diversified Banks - Financials|2|45.26|45.09
2024-07-25|AKAM|Internet Services & Infrastructure - Information Technology|7|96.33|96.37
2024-07-25|MKC|Packaged Foods & Meats - Consumer Staples|15|73.94|74.77
2024-07-25|AEP|Electric Utilities - Utilities|1|93.64|95.84
2024-07-25|AEE|Multi-Utilities - Utilities|11|75.08|77.55
2024-07-25|ZTS|Pharmaceuticals - Health Care|1|179.38|180.76
2024-07-25|XEL|Multi-Utilities - Utilities|1|55.14|56.87
2024-07-25|WY|Timber REITs - Real Estate|1|30.26|30.31
2024-07-25|MAS|Building Products - Industrials|12|75.84|75.84
2024-07-25|WBD|Broadcasting - Communication Services|2|7.99|7.99
2024-07-26|PG|Personal Care Products - Consumer Staples|1|155.62|169.11
2024-07-26|MRK|Pharmaceuticals - Health Care|3|126.75|125.26
2024-07-26|XEL|Multi-Utilities - Utilities|1|54.72|57.36
2024-07-26|XEL|Multi-Utilities - Utilities|1|54.48|57.36
2024-07-26|XEL|Multi-Utilities - Utilities|1|53.73|57.36
2024-07-26|GEN|Systems Software - Information Technology|10|24.47|26.09
2024-07-26|NFLX|Movies & Entertainment - Communication Services|2|64.9|63.14
2024-07-26|EMR|Electrical Components & Equipment - Industrials|9|110.92|116.84
2024-07-26|CCI|Telecom Tower REITs - Real Estate|1|97.87|107.52
2024-07-26|EBAY|Broadline Retail - Consumer Discretionary|1|53.35|54.18
2024-07-26|HLT|Hotels, Resorts & Cruise Lines - Consumer Discretionary|3|210.32|215.61
2024-07-26|XEL|Multi-Utilities - Utilities|1|53.12|57.36
2024-07-26|ADSK|Application Software - Information Technology|2|242.31|240.86
2024-07-26|WRB|Property & Casualty Insurance - Financials|8|53.66|54.07
2024-07-26|ORLY|Automotive Retail - Consumer Discretionary|5|67.75|74.02
2024-07-26|SYF|Consumer Finance - Financials|2|48.03|50.78
2024-07-26|XEL|Multi-Utilities - Utilities|1|52.75|57.36
2024-07-26|RF|Regional Banks - Financials|1|20.71|22.76
2024-07-26|ODFL|Cargo Ground Transportation - Industrials|5|190.22|202.93
2024-07-26|LNT|Electric Utilities - Utilities|19|53.87|56.01
2024-07-26|CINF|Property & Casualty Insurance - Financials|5|123.26|123.96
2024-07-26|FRT|Retail REITs - Real Estate|1|106.4|109.55
2024-07-26|TFC|Diversified Banks - Financials|2|41.4|44.42
2024-07-26|WBD|Broadcasting - Communication Services|3|7.98|8.31
2024-07-26|USB|Diversified Banks - Financials|2|45.26|45.46
2024-07-26|AKAM|Internet Services & Infrastructure - Information Technology|7|96.33|96.97
2024-07-26|MKC|Packaged Foods & Meats - Consumer Staples|15|73.94|75.79
2024-07-26|AEP|Electric Utilities - Utilities|1|93.64|96.45
2024-07-26|AEE|Multi-Utilities - Utilities|11|75.08|78.04
2024-07-26|ZTS|Pharmaceuticals - Health Care|1|179.38|179.84
2024-07-26|XEL|Multi-Utilities - Utilities|1|55.14|57.36
2024-07-26|WY|Timber REITs - Real Estate|1|30.26|31.6
2024-07-26|MAS|Building Products - Industrials|12|75.84|77.45
2024-07-26|WBD|Broadcasting - Communication Services|2|7.99|8.31
2024-07-26|CBOE|Financial Exchanges & Data - Financials|2|186.46|186.46
2024-07-26|BMY|Pharmaceuticals - Health Care|2|50.45|50.45
2024-07-26|WBD|Broadcasting - Communication Services|1|8.31|8.31
2024-07-29|PG|Personal Care Products - Consumer Staples|1|155.62|169.93
2024-07-29|MRK|Pharmaceuticals - Health Care|3|126.75|127.78
2024-07-29|XEL|Multi-Utilities - Utilities|1|54.72|57.69
2024-07-29|XEL|Multi-Utilities - Utilities|1|54.48|57.69
2024-07-29|XEL|Multi-Utilities - Utilities|1|53.73|57.69
2024-07-29|GEN|Systems Software - Information Technology|10|24.47|26.06
2024-07-29|NFLX|Movies & Entertainment - Communication Services|2|64.9|62.7
2024-07-29|EMR|Electrical Components & Equipment - Industrials|9|110.92|117.8
2024-07-29|EBAY|Broadline Retail - Consumer Discretionary|1|53.35|54.61
2024-07-29|HLT|Hotels, Resorts & Cruise Lines - Consumer Discretionary|3|210.32|217.82
2024-07-29|XEL|Multi-Utilities - Utilities|1|53.12|57.69
2024-07-29|ADSK|Application Software - Information Technology|2|242.31|242.58
2024-07-29|WRB|Property & Casualty Insurance - Financials|8|53.66|53.95
2024-07-29|SYF|Consumer Finance - Financials|2|48.03|50.51
2024-07-29|XEL|Multi-Utilities - Utilities|1|52.75|57.69
2024-07-29|RF|Regional Banks - Financials|1|20.71|22.43
2024-07-29|ODFL|Cargo Ground Transportation - Industrials|5|190.22|201.5
2024-07-29|LNT|Electric Utilities - Utilities|19|53.87|55.88
2024-07-29|CINF|Property & Casualty Insurance - Financials|5|123.26|126.45
2024-07-29|FRT|Retail REITs - Real Estate|1|106.4|110.85
2024-07-29|TFC|Diversified Banks - Financials|2|41.4|44.46
2024-07-29|WBD|Broadcasting - Communication Services|3|7.98|8.42
2024-07-29|USB|Diversified Banks - Financials|2|45.26|45.37
2024-07-29|AKAM|Internet Services & Infrastructure - Information Technology|7|96.33|97.32
2024-07-29|MKC|Packaged Foods & Meats - Consumer Staples|15|73.94|76.12
2024-07-29|AEP|Electric Utilities - Utilities|1|93.64|97.07
2024-07-29|AEE|Multi-Utilities - Utilities|11|75.08|78.2
2024-07-29|ZTS|Pharmaceuticals - Health Care|1|179.38|181.83
2024-07-29|XEL|Multi-Utilities - Utilities|1|55.14|57.69
2024-07-29|WY|Timber REITs - Real Estate|1|30.26|31.27
2024-07-29|MAS|Building Products - Industrials|12|75.84|77.69
2024-07-29|WBD|Broadcasting - Communication Services|2|7.99|8.42
2024-07-29|CBOE|Financial Exchanges & Data - Financials|2|186.46|185.58
2024-07-29|BMY|Pharmaceuticals - Health Care|2|50.45|48.98
2024-07-29|WBD|Broadcasting - Communication Services|1|8.31|8.42
2024-07-29|SWK|Industrial Machinery & Supplies & Components - Industrials|5|96.43|96.43
2024-07-30|PG|Personal Care Products - Consumer Staples|1|155.62|161.7
2024-07-30|XEL|Multi-Utilities - Utilities|1|54.72|58.63
2024-07-30|XEL|Multi-Utilities - Utilities|1|54.48|58.63
2024-07-30|XEL|Multi-Utilities - Utilities|1|53.73|58.63
2024-07-30|GEN|Systems Software - Information Technology|10|24.47|25.77
2024-07-30|NFLX|Movies & Entertainment - Communication Services|2|64.9|62.26
2024-07-30|EMR|Electrical Components & Equipment - Industrials|9|110.92|115.7
2024-07-30|EBAY|Broadline Retail - Consumer Discretionary|1|53.35|55.4
2024-07-30|HLT|Hotels, Resorts & Cruise Lines - Consumer Discretionary|3|210.32|218.76
2024-07-30|ADSK|Application Software - Information Technology|2|242.31|243.34
2024-07-30|WRB|Property & Casualty Insurance - Financials|8|53.66|55.46
2024-07-30|SYF|Consumer Finance - Financials|2|48.03|50.99
2024-07-30|RF|Regional Banks - Financials|1|20.71|22.73
2024-07-30|ODFL|Cargo Ground Transportation - Industrials|5|190.22|205.03
2024-07-30|LNT|Electric Utilities - Utilities|19|53.87|56.13
2024-07-30|CINF|Property & Casualty Insurance - Financials|5|123.26|130.18
2024-07-30|FRT|Retail REITs - Real Estate|1|106.4|113.91
2024-07-30|TFC|Diversified Banks - Financials|2|41.4|44.94
2024-07-30|USB|Diversified Banks - Financials|2|45.26|45.47
2024-07-30|AKAM|Internet Services & Infrastructure - Information Technology|7|96.33|97.88
2024-07-30|MKC|Packaged Foods & Meats - Consumer Staples|15|73.94|76.87
2024-07-30|AEP|Electric Utilities - Utilities|1|93.64|98.14
2024-07-30|AEE|Multi-Utilities - Utilities|11|75.08|79.52
2024-07-30|ZTS|Pharmaceuticals - Health Care|1|179.38|181.83
2024-07-30|XEL|Multi-Utilities - Utilities|1|55.14|58.63
2024-07-30|WY|Timber REITs - Real Estate|1|30.26|31.76
2024-07-30|MAS|Building Products - Industrials|12|75.84|78.32
2024-07-30|WBD|Broadcasting - Communication Services|2|7.99|8.78
2024-07-30|CBOE|Financial Exchanges & Data - Financials|2|186.46|187.05
2024-07-30|BMY|Pharmaceuticals - Health Care|2|50.45|49.05
2024-07-30|WBD|Broadcasting - Communication Services|1|8.31|8.78
2024-07-30|SWK|Industrial Machinery & Supplies & Components - Industrials|5|96.43|106.05
2024-07-30|RVTY|Health Care Equipment - Health Care|3|127.16|127.16
2024-07-30|XEL|Multi-Utilities - Utilities|1|58.63|58.63
2024-07-30|BEN|Asset Management & Custody Banks - Financials|2|22.81|22.81
2024-07-31|PG|Personal Care Products - Consumer Staples|1|155.62|160.76
2024-07-31|XEL|Multi-Utilities - Utilities|1|54.72|58.28
2024-07-31|XEL|Multi-Utilities - Utilities|1|54.48|58.28
2024-07-31|XEL|Multi-Utilities - Utilities|1|53.73|58.28
2024-07-31|GEN|Systems Software - Information Technology|10|24.47|25.99
2024-07-31|NFLX|Movies & Entertainment - Communication Services|2|64.9|62.83
2024-07-31|EMR|Electrical Components & Equipment - Industrials|9|110.92|117.11
2024-07-31|EBAY|Broadline Retail - Consumer Discretionary|1|53.35|55.61
2024-07-31|HLT|Hotels, Resorts & Cruise Lines - Consumer Discretionary|3|210.32|214.67
2024-07-31|ADSK|Application Software - Information Technology|2|242.31|247.52
2024-07-31|WRB|Property & Casualty Insurance - Financials|8|53.66|55.13
2024-07-31|SYF|Consumer Finance - Financials|2|48.03|50.79
2024-07-31|RF|Regional Banks - Financials|1|20.71|22.37
2024-07-31|LNT|Electric Utilities - Utilities|19|53.87|55.66
2024-07-31|CINF|Property & Casualty Insurance - Financials|5|123.26|130.62
2024-07-31|FRT|Retail REITs - Real Estate|1|106.4|111.65
2024-07-31|TFC|Diversified Banks - Financials|2|41.4|44.69
2024-07-31|USB|Diversified Banks - Financials|2|45.26|44.88
2024-07-31|AKAM|Internet Services & Infrastructure - Information Technology|7|96.33|98.28
2024-07-31|MKC|Packaged Foods & Meats - Consumer Staples|15|73.94|77.01
2024-07-31|AEP|Electric Utilities - Utilities|1|93.64|98.12
2024-07-31|AEE|Multi-Utilities - Utilities|11|75.08|79.27
2024-07-31|ZTS|Pharmaceuticals - Health Care|1|179.38|180.04
2024-07-31|XEL|Multi-Utilities - Utilities|1|55.14|58.28
2024-07-31|WY|Timber REITs - Real Estate|1|30.26|31.76
2024-07-31|MAS|Building Products - Industrials|12|75.84|77.85
2024-07-31|WBD|Broadcasting - Communication Services|2|7.99|8.65
2024-07-31|CBOE|Financial Exchanges & Data - Financials|2|186.46|183.51
2024-07-31|WBD|Broadcasting - Communication Services|1|8.31|8.65
2024-07-31|SWK|Industrial Machinery & Supplies & Components - Industrials|5|96.43|105.62
2024-07-31|RVTY|Health Care Equipment - Health Care|3|127.16|125.61
2024-07-31|XEL|Multi-Utilities - Utilities|1|58.63|58.28
2024-07-31|BEN|Asset Management & Custody Banks - Financials|2|22.81|22.87
2024-07-31|HAS|Leisure Products - Consumer Discretionary|17|64.46|64.46
2024-07-31|PPL|Electric Utilities - Utilities|1|29.72|29.72
2024-07-31|WBD|Broadcasting - Communication Services|3|8.65|8.65
2024-08-01|PG|Personal Care Products - Consumer Staples|1|155.62|165.69
2024-08-01|XEL|Multi-Utilities - Utilities|1|54.72|59.11
2024-08-01|XEL|Multi-Utilities - Utilities|1|54.48|59.11
2024-08-01|GEN|Systems Software - Information Technology|10|24.47|25.24
2024-08-01|NFLX|Movies & Entertainment - Communication Services|2|64.9|62.49
2024-08-01|EMR|Electrical Components & Equipment - Industrials|9|110.92|113.09
2024-08-01|EBAY|Broadline Retail - Consumer Discretionary|1|53.35|56.23
2024-08-01|HLT|Hotels, Resorts & Cruise Lines - Consumer Discretionary|3|210.32|208.71
2024-08-01|ADSK|Application Software - Information Technology|2|242.31|241.78
2024-08-01|WRB|Property & Casualty Insurance - Financials|8|53.66|54.77
2024-08-01|SYF|Consumer Finance - Financials|2|48.03|48.56
2024-08-01|RF|Regional Banks - Financials|1|20.71|21.54
2024-08-01|LNT|Electric Utilities - Utilities|19|53.87|56.61
2024-08-01|CINF|Property & Casualty Insurance - Financials|5|123.26|129.94
2024-08-01|FRT|Retail REITs - Real Estate|1|106.4|112.8
2024-08-01|TFC|Diversified Banks - Financials|2|41.4|43.35
2024-08-01|USB|Diversified Banks - Financials|2|45.26|43.48
2024-08-01|AKAM|Internet Services & Infrastructure - Information Technology|7|96.33|95.44
2024-08-01|MKC|Packaged Foods & Meats - Consumer Staples|15|73.94|78.06
2024-08-01|AEP|Electric Utilities - Utilities|1|93.64|101.24
2024-08-01|AEE|Multi-Utilities - Utilities|11|75.08|81.26
2024-08-01|ZTS|Pharmaceuticals - Health Care|1|179.38|182.42
2024-08-01|XEL|Multi-Utilities - Utilities|1|55.14|59.11
2024-08-01|WY|Timber REITs - Real Estate|1|30.26|31.92
2024-08-01|MAS|Building Products - Industrials|12|75.84|76.21
2024-08-01|WBD|Broadcasting - Communication Services|2|7.99|8.38
2024-08-01|CBOE|Financial Exchanges & Data - Financials|2|186.46|185.75
2024-08-01|WBD|Broadcasting - Communication Services|1|8.31|8.38
2024-08-01|SWK|Industrial Machinery & Supplies & Components - Industrials|5|96.43|101.5
2024-08-01|RVTY|Health Care Equipment - Health Care|3|127.16|125.03
2024-08-01|XEL|Multi-Utilities - Utilities|1|58.63|59.11
2024-08-01|BEN|Asset Management & Custody Banks - Financials|2|22.81|22.24
2024-08-01|HAS|Leisure Products - Consumer Discretionary|17|64.46|65.01
2024-08-01|PPL|Electric Utilities - Utilities|1|29.72|30.31
2024-08-01|WBD|Broadcasting - Communication Services|3|8.65|8.38
2024-08-01|CAG|Packaged Foods & Meats - Consumer Staples|2|30.25|30.25
2024-08-02|PG|Personal Care Products - Consumer Staples|1|155.62|170.08
2024-08-02|XEL|Multi-Utilities - Utilities|1|54.72|59.75
2024-08-02|XEL|Multi-Utilities - Utilities|1|54.48|59.75
2024-08-02|GEN|Systems Software - Information Technology|10|24.47|25.16
2024-08-02|EMR|Electrical Components & Equipment - Industrials|9|110.92|109.21
2024-08-02|EBAY|Broadline Retail - Consumer Discretionary|1|53.35|56.2
2024-08-02|HLT|Hotels, Resorts & Cruise Lines - Consumer Discretionary|3|210.32|204.96
2024-08-02|ADSK|Application Software - Information Technology|2|242.31|231.37
2024-08-02|WRB|Property & Casualty Insurance - Financials|8|53.66|55.18
2024-08-02|RF|Regional Banks - Financials|1|20.71|20.88
2024-08-02|LNT|Electric Utilities - Utilities|19|53.87|57.11
2024-08-02|CINF|Property & Casualty Insurance - Financials|5|123.26|130.35
2024-08-02|FRT|Retail REITs - Real Estate|1|106.4|112.48
2024-08-02|TFC|Diversified Banks - Financials|2|41.4|42.12
2024-08-02|AKAM|Internet Services & Infrastructure - Information Technology|7|96.33|94.56
2024-08-02|MKC|Packaged Foods & Meats - Consumer Staples|15|73.94|78.82
2024-08-02|AEP|Electric Utilities - Utilities|1|93.64|101.79
2024-08-02|AEE|Multi-Utilities - Utilities|11|75.08|82.53
2024-08-02|ZTS|Pharmaceuticals - Health Care|1|179.38|180.59
2024-08-02|XEL|Multi-Utilities - Utilities|1|55.14|59.75
2024-08-02|WY|Timber REITs - Real Estate|1|30.26|31.74
2024-08-02|MAS|Building Products - Industrials|12|75.84|74.97
2024-08-02|WBD|Broadcasting - Communication Services|2|7.99|8.27
2024-08-02|CBOE|Financial Exchanges & Data - Financials|2|186.46|193.79
2024-08-02|WBD|Broadcasting - Communication Services|1|8.31|8.27
2024-08-02|SWK|Industrial Machinery & Supplies & Components - Industrials|5|96.43|98.63
2024-08-02|RVTY|Health Care Equipment - Health Care|3|127.16|123.27
2024-08-02|XEL|Multi-Utilities - Utilities|1|58.63|59.75
2024-08-02|BEN|Asset Management & Custody Banks - Financials|2|22.81|21.88
2024-08-02|HAS|Leisure Products - Consumer Discretionary|17|64.46|63.46
2024-08-02|PPL|Electric Utilities - Utilities|1|29.72|30.64
2024-08-02|WBD|Broadcasting - Communication Services|3|8.65|8.27
2024-08-02|CAG|Packaged Foods & Meats - Consumer Staples|2|30.25|30.9
2024-08-02|DHR|Life Sciences Tools & Services - Health Care|1|276.75|276.75
2024-08-02|PCG|Multi-Utilities - Utilities|1|18.41|18.41
2024-08-05|PG|Personal Care Products - Consumer Staples|1|155.62|168.06
2024-08-05|XEL|Multi-Utilities - Utilities|1|54.72|57.99
2024-08-05|XEL|Multi-Utilities - Utilities|1|54.48|57.99
2024-08-05|GEN|Systems Software - Information Technology|10|24.47|24.63
2024-08-05|EMR|Electrical Components & Equipment - Industrials|9|110.92|106.39
2024-08-05|EBAY|Broadline Retail - Consumer Discretionary|1|53.35|54.66
2024-08-05|HLT|Hotels, Resorts & Cruise Lines - Consumer Discretionary|3|210.32|201.82
2024-08-05|WRB|Property & Casualty Insurance - Financials|8|53.66|54.73
2024-08-05|RF|Regional Banks - Financials|1|20.71|20.41
2024-08-05|LNT|Electric Utilities - Utilities|19|53.87|55.23
2024-08-05|CINF|Property & Casualty Insurance - Financials|5|123.26|125.82
2024-08-05|FRT|Retail REITs - Real Estate|1|106.4|109.76
2024-08-05|TFC|Diversified Banks - Financials|2|41.4|41.18
2024-08-05|MKC|Packaged Foods & Meats - Consumer Staples|15|73.94|76.29
2024-08-05|AEP|Electric Utilities - Utilities|1|93.64|98.06
2024-08-05|AEE|Multi-Utilities - Utilities|11|75.08|80.19
2024-08-05|ZTS|Pharmaceuticals - Health Care|1|179.38|174.82
2024-08-05|XEL|Multi-Utilities - Utilities|1|55.14|57.99
2024-08-05|WY|Timber REITs - Real Estate|1|30.26|31.13
2024-08-05|MAS|Building Products - Industrials|12|75.84|73.42
2024-08-05|WBD|Broadcasting - Communication Services|2|7.99|7.88
2024-08-05|CBOE|Financial Exchanges & Data - Financials|2|186.46|196.27
2024-08-05|SWK|Industrial Machinery & Supplies & Components - Industrials|5|96.43|95.71
2024-08-05|XEL|Multi-Utilities - Utilities|1|58.63|57.99
2024-08-05|HAS|Leisure Products - Consumer Discretionary|17|64.46|62.85
2024-08-05|PPL|Electric Utilities - Utilities|1|29.72|30.05
2024-08-05|CAG|Packaged Foods & Meats - Consumer Staples|2|30.25|30.01
2024-08-05|DHR|Life Sciences Tools & Services - Health Care|1|276.75|269.32
2024-08-05|PCG|Multi-Utilities - Utilities|1|18.41|17.81
2024-08-05|MOH|Managed Health Care - Health Care|3|346.97|346.97
2024-08-05|PEP|Soft Drinks & Non-alcoholic Beverages - Consumer Staples|2|174.04|174.04
2024-08-05|IPG|Advertising - Communication Services|4|29.53|29.53
2024-08-05|WBD|Broadcasting - Communication Services|2|7.88|7.88
2024-08-06|PG|Personal Care Products - Consumer Staples|1|155.62|168.09
2024-08-06|XEL|Multi-Utilities - Utilities|1|54.72|57.86
2024-08-06|XEL|Multi-Utilities - Utilities|1|54.48|57.86
2024-08-06|GEN|Systems Software - Information Technology|10|24.47|24.42
2024-08-06|EMR|Electrical Components & Equipment - Industrials|9|110.92|107.78
2024-08-06|EBAY|Broadline Retail - Consumer Discretionary|1|53.35|55.92
2024-08-06|HLT|Hotels, Resorts & Cruise Lines - Consumer Discretionary|3|210.32|207.12
2024-08-06|WRB|Property & Casualty Insurance - Financials|8|53.66|55.1
2024-08-06|RF|Regional Banks - Financials|1|20.71|20.69
2024-08-06|LNT|Electric Utilities - Utilities|19|53.87|55.74
2024-08-06|CINF|Property & Casualty Insurance - Financials|5|123.26|126.78
2024-08-06|FRT|Retail REITs - Real Estate|1|106.4|112.45
2024-08-06|TFC|Diversified Banks - Financials|2|41.4|41.65
2024-08-06|MKC|Packaged Foods & Meats - Consumer Staples|15|73.94|76.89
2024-08-06|AEP|Electric Utilities - Utilities|1|93.64|98.29
2024-08-06|AEE|Multi-Utilities - Utilities|11|75.08|80.56
2024-08-06|ZTS|Pharmaceuticals - Health Care|1|179.38|185.29
2024-08-06|XEL|Multi-Utilities - Utilities|1|55.14|57.86
2024-08-06|WY|Timber REITs - Real Estate|1|30.26|31.64
2024-08-06|MAS|Building Products - Industrials|12|75.84|73.9
2024-08-06|CBOE|Financial Exchanges & Data - Financials|2|186.46|197.25
2024-08-06|SWK|Industrial Machinery & Supplies & Components - Industrials|5|96.43|96.26
2024-08-06|XEL|Multi-Utilities - Utilities|1|58.63|57.86
2024-08-06|HAS|Leisure Products - Consumer Discretionary|17|64.46|63.7
2024-08-06|PPL|Electric Utilities - Utilities|1|29.72|30.23
2024-08-06|CAG|Packaged Foods & Meats - Consumer Staples|2|30.25|29.93
2024-08-06|DHR|Life Sciences Tools & Services - Health Care|1|276.75|268.97
2024-08-06|PCG|Multi-Utilities - Utilities|1|18.41|17.81
2024-08-06|MOH|Managed Health Care - Health Care|3|346.97|338.72
2024-08-06|PEP|Soft Drinks & Non-alcoholic Beverages - Consumer Staples|2|174.04|172.49
2024-08-06|IPG|Advertising - Communication Services|4|29.53|30.0
2024-08-06|WBD|Broadcasting - Communication Services|2|7.88|7.57
2024-08-06|WBD|Broadcasting - Communication Services|2|7.57|7.57
2024-08-07|PG|Personal Care Products - Consumer Staples|1|155.62|170.02
2024-08-07|XEL|Multi-Utilities - Utilities|1|54.72|58.36
2024-08-07|XEL|Multi-Utilities - Utilities|1|54.48|58.36
2024-08-07|GEN|Systems Software - Information Technology|10|24.47|24.26
2024-08-07|EBAY|Broadline Retail - Consumer Discretionary|1|53.35|55.11
2024-08-07|HLT|Hotels, Resorts & Cruise Lines - Consumer Discretionary|3|210.32|203.52
2024-08-07|WRB|Property & Casualty Insurance - Financials|8|53.66|55.98
2024-08-07|RF|Regional Banks - Financials|1|20.71|20.49
2024-08-07|LNT|Electric Utilities - Utilities|19|53.87|55.93
2024-08-07|CINF|Property & Casualty Insurance - Financials|5|123.26|126.27
2024-08-07|FRT|Retail REITs - Real Estate|1|106.4|112.0
2024-08-07|TFC|Diversified Banks - Financials|2|41.4|41.1
2024-08-07|MKC|Packaged Foods & Meats - Consumer Staples|15|73.94|77.61
2024-08-07|AEP|Electric Utilities - Utilities|1|93.64|99.57
2024-08-07|AEE|Multi-Utilities - Utilities|11|75.08|80.49
2024-08-07|ZTS|Pharmaceuticals - Health Care|1|179.38|184.77
2024-08-07|XEL|Multi-Utilities - Utilities|1|55.14|58.36
2024-08-07|WY|Timber REITs - Real Estate|1|30.26|31.15
2024-08-07|MAS|Building Products - Industrials|12|75.84|72.15
2024-08-07|CBOE|Financial Exchanges & Data - Financials|2|186.46|202.24
2024-08-07|SWK|Industrial Machinery & Supplies & Components - Industrials|5|96.43|93.07
2024-08-07|XEL|Multi-Utilities - Utilities|1|58.63|58.36
2024-08-07|HAS|Leisure Products - Consumer Discretionary|17|64.46|63.1
2024-08-07|PPL|Electric Utilities - Utilities|1|29.72|30.5
2024-08-07|CAG|Packaged Foods & Meats - Consumer Staples|2|30.25|29.78
2024-08-07|DHR|Life Sciences Tools & Services - Health Care|1|276.75|263.31
2024-08-07|PCG|Multi-Utilities - Utilities|1|18.41|18.04
2024-08-07|MOH|Managed Health Care - Health Care|3|346.97|334.6
2024-08-07|PEP|Soft Drinks & Non-alcoholic Beverages - Consumer Staples|2|174.04|171.79
2024-08-07|IPG|Advertising - Communication Services|4|29.53|29.87
2024-08-07|WBD|Broadcasting - Communication Services|2|7.88|7.71
2024-08-07|WBD|Broadcasting - Communication Services|2|7.57|7.71
2024-08-07|KVUE|Personal Care Products - Consumer Staples|43|20.62|20.62
2024-08-07|WBD|Broadcasting - Communication Services|2|7.71|7.71
2024-08-08|PG|Personal Care Products - Consumer Staples|1|155.62|170.87
2024-08-08|XEL|Multi-Utilities - Utilities|1|54.72|58.15
2024-08-08|XEL|Multi-Utilities - Utilities|1|54.48|58.15
2024-08-08|GEN|Systems Software - Information Technology|10|24.47|24.74
2024-08-08|EBAY|Broadline Retail - Consumer Discretionary|1|53.35|55.94
2024-08-08|HLT|Hotels, Resorts & Cruise Lines - Consumer Discretionary|3|210.32|205.04
2024-08-08|WRB|Property & Casualty Insurance - Financials|8|53.66|56.71
2024-08-08|RF|Regional Banks - Financials|1|20.71|20.83
2024-08-08|LNT|Electric Utilities - Utilities|19|53.87|55.9
2024-08-08|CINF|Property & Casualty Insurance - Financials|5|123.26|127.36
2024-08-08|FRT|Retail REITs - Real Estate|1|106.4|112.34
2024-08-08|TFC|Diversified Banks - Financials|2|41.4|42.07
2024-08-08|MKC|Packaged Foods & Meats - Consumer Staples|15|73.94|77.87
2024-08-08|AEP|Electric Utilities - Utilities|1|93.64|98.04
2024-08-08|AEE|Multi-Utilities - Utilities|11|75.08|80.2
2024-08-08|ZTS|Pharmaceuticals - Health Care|1|179.38|188.3
2024-08-08|XEL|Multi-Utilities - Utilities|1|55.14|58.15
2024-08-08|WY|Timber REITs - Real Estate|1|30.26|31.1
2024-08-08|MAS|Building Products - Industrials|12|75.84|72.86
2024-08-08|CBOE|Financial Exchanges & Data - Financials|2|186.46|204.18
2024-08-08|SWK|Industrial Machinery & Supplies & Components - Industrials|5|96.43|94.44
2024-08-08|XEL|Multi-Utilities - Utilities|1|58.63|58.15
2024-08-08|HAS|Leisure Products - Consumer Discretionary|17|64.46|64.02
2024-08-08|PPL|Electric Utilities - Utilities|1|29.72|30.51
2024-08-08|CAG|Packaged Foods & Meats - Consumer Staples|2|30.25|30.3
2024-08-08|DHR|Life Sciences Tools & Services - Health Care|1|276.75|268.64
2024-08-08|PCG|Multi-Utilities - Utilities|1|18.41|18.12
2024-08-08|MOH|Managed Health Care - Health Care|3|346.97|336.88
2024-08-08|PEP|Soft Drinks & Non-alcoholic Beverages - Consumer Staples|2|174.04|172.37
2024-08-08|IPG|Advertising - Communication Services|4|29.53|30.44
2024-08-08|KVUE|Personal Care Products - Consumer Staples|43|20.62|21.25
2024-08-08|WY|Timber REITs - Real Estate|1|31.1|31.1
2024-08-08|WBD|Broadcasting - Communication Services|1|7.02|7.02
2024-08-14|PG|Personal Care Products - Consumer Staples|1|155.62|168.8
2024-08-14|XEL|Multi-Utilities - Utilities|1|54.72|58.96
2024-08-14|XEL|Multi-Utilities - Utilities|1|54.48|58.96
2024-08-14|GEN|Systems Software - Information Technology|10|24.47|24.94
2024-08-14|EBAY|Broadline Retail - Consumer Discretionary|1|53.35|55.76
2024-08-14|HLT|Hotels, Resorts & Cruise Lines - Consumer Discretionary|3|210.32|207.79
2024-08-14|WRB|Property & Casualty Insurance - Financials|8|53.66|57.31
2024-08-14|RF|Regional Banks - Financials|1|20.71|20.89
2024-08-14|LNT|Electric Utilities - Utilities|19|53.87|56.48
2024-08-14|CINF|Property & Casualty Insurance - Financials|5|123.26|130.07
2024-08-14|FRT|Retail REITs - Real Estate|1|106.4|112.62
2024-08-14|TFC|Diversified Banks - Financials|2|41.4|41.9
2024-08-14|MKC|Packaged Foods & Meats - Consumer Staples|15|73.94|77.96
2024-08-14|AEP|Electric Utilities - Utilities|1|93.64|97.24
2024-08-14|AEE|Multi-Utilities - Utilities|11|75.08|81.26
2024-08-14|ZTS|Pharmaceuticals - Health Care|1|179.38|183.38
2024-08-14|XEL|Multi-Utilities - Utilities|1|55.14|58.96
2024-08-14|WY|Timber REITs - Real Estate|1|30.26|30.02
2024-08-14|MAS|Building Products - Industrials|12|75.84|75.49
2024-08-14|SWK|Industrial Machinery & Supplies & Components - Industrials|5|96.43|95.4
2024-08-14|XEL|Multi-Utilities - Utilities|1|58.63|58.96
2024-08-14|HAS|Leisure Products - Consumer Discretionary|17|64.46|64.62
2024-08-14|PPL|Electric Utilities - Utilities|1|29.72|31.05
2024-08-14|CAG|Packaged Foods & Meats - Consumer Staples|2|30.25|30.82
2024-08-14|DHR|Life Sciences Tools & Services - Health Care|1|276.75|268.08
2024-08-14|PCG|Multi-Utilities - Utilities|1|18.41|18.39
2024-08-14|MOH|Managed Health Care - Health Care|3|346.97|339.22
2024-08-14|PEP|Soft Drinks & Non-alcoholic Beverages - Consumer Staples|2|174.04|173.71
2024-08-14|IPG|Advertising - Communication Services|4|29.53|30.53
2024-08-14|KVUE|Personal Care Products - Consumer Staples|43|20.62|21.18
2024-08-14|WY|Timber REITs - Real Estate|1|31.1|30.02
2024-08-14|WBD|Broadcasting - Communication Services|1|7.02|6.96
2024-08-14|CAH|Health Care Distributors - Health Care|3|106.36|106.36
2024-08-14|XEL|Multi-Utilities - Utilities|1|58.96|58.96
2024-08-14|WY|Timber REITs - Real Estate|1|30.02|30.02
2024-08-14|WBD|Broadcasting - Communication Services|1|6.96|6.96
2024-08-16|PG|Personal Care Products - Consumer Staples|1|155.62|167.89
2024-08-16|XEL|Multi-Utilities - Utilities|1|54.72|59.98
2024-08-16|GEN|Systems Software - Information Technology|10|24.47|25.27
2024-08-16|EBAY|Broadline Retail - Consumer Discretionary|1|53.35|55.5
2024-08-16|HLT|Hotels, Resorts & Cruise Lines - Consumer Discretionary|3|210.32|212.46
2024-08-16|WRB|Property & Casualty Insurance - Financials|8|53.66|57.56
2024-08-16|RF|Regional Banks - Financials|1|20.71|21.5
2024-08-16|LNT|Electric Utilities - Utilities|19|53.87|57.37
2024-08-16|CINF|Property & Casualty Insurance - Financials|5|123.26|131.12
2024-08-16|FRT|Retail REITs - Real Estate|1|106.4|113.31
2024-08-16|TFC|Diversified Banks - Financials|2|41.4|42.53
2024-08-16|MKC|Packaged Foods & Meats - Consumer Staples|15|73.94|77.18
2024-08-16|AEP|Electric Utilities - Utilities|1|93.64|96.94
2024-08-16|AEE|Multi-Utilities - Utilities|11|75.08|82.1
2024-08-16|ZTS|Pharmaceuticals - Health Care|1|179.38|183.71
2024-08-16|XEL|Multi-Utilities - Utilities|1|55.14|59.98
2024-08-16|WY|Timber REITs - Real Estate|1|30.26|29.91
2024-08-16|MAS|Building Products - Industrials|12|75.84|76.07
2024-08-16|SWK|Industrial Machinery & Supplies & Components - Industrials|5|96.43|97.32
2024-08-16|XEL|Multi-Utilities - Utilities|1|58.63|59.98
2024-08-16|HAS|Leisure Products - Consumer Discretionary|17|64.46|66.34
2024-08-16|PPL|Electric Utilities - Utilities|1|29.72|31.17
2024-08-16|CAG|Packaged Foods & Meats - Consumer Staples|2|30.25|30.42
2024-08-16|DHR|Life Sciences Tools & Services - Health Care|1|276.75|269.32
2024-08-16|PCG|Multi-Utilities - Utilities|1|18.41|18.41
2024-08-16|MOH|Managed Health Care - Health Care|3|346.97|349.97
2024-08-16|PEP|Soft Drinks & Non-alcoholic Beverages - Consumer Staples|2|174.04|172.62
2024-08-16|IPG|Advertising - Communication Services|4|29.53|31.22
2024-08-16|KVUE|Personal Care Products - Consumer Staples|43|20.62|21.67
2024-08-16|WY|Timber REITs - Real Estate|1|31.1|29.91
2024-08-16|WBD|Broadcasting - Communication Services|1|7.02|7.41
2024-08-16|CAH|Health Care Distributors - Health Care|3|106.36|109.85
2024-08-16|XEL|Multi-Utilities - Utilities|1|58.96|59.98
2024-08-16|WY|Timber REITs - Real Estate|1|30.02|29.91
2024-08-16|WBD|Broadcasting - Communication Services|1|6.96|7.41
2024-08-16|XEL|Multi-Utilities - Utilities|1|59.98|59.98
2024-08-20|PG|Personal Care Products - Consumer Staples|1|155.62|170.41
2024-08-20|XEL|Multi-Utilities - Utilities|1|54.72|59.99
2024-08-20|GEN|Systems Software - Information Technology|10|24.47|25.31
2024-08-20|EBAY|Broadline Retail - Consumer Discretionary|1|53.35|56.94
2024-08-20|HLT|Hotels, Resorts & Cruise Lines - Consumer Discretionary|3|210.32|212.41
2024-08-20|WRB|Property & Casualty Insurance - Financials|8|53.66|57.35
2024-08-20|RF|Regional Banks - Financials|1|20.71|21.84
2024-08-20|LNT|Electric Utilities - Utilities|19|53.87|57.54
2024-08-20|CINF|Property & Casualty Insurance - Financials|5|123.26|130.66
2024-08-20|FRT|Retail REITs - Real Estate|1|106.4|112.88
2024-08-20|TFC|Diversified Banks - Financials|2|41.4|42.26
2024-08-20|MKC|Packaged Foods & Meats - Consumer Staples|15|73.94|78.1
2024-08-20|AEP|Electric Utilities - Utilities|1|93.64|97.64
2024-08-20|AEE|Multi-Utilities - Utilities|11|75.08|82.22
2024-08-20|ZTS|Pharmaceuticals - Health Care|1|179.38|183.6
2024-08-20|XEL|Multi-Utilities - Utilities|1|55.14|59.99
2024-08-20|WY|Timber REITs - Real Estate|1|30.26|30.11
2024-08-20|MAS|Building Products - Industrials|12|75.84|76.46
2024-08-20|SWK|Industrial Machinery & Supplies & Components - Industrials|5|96.43|96.96
2024-08-20|XEL|Multi-Utilities - Utilities|1|58.63|59.99
2024-08-20|HAS|Leisure Products - Consumer Discretionary|17|64.46|65.88
2024-08-20|PPL|Electric Utilities - Utilities|1|29.72|31.48
2024-08-20|CAG|Packaged Foods & Meats - Consumer Staples|2|30.25|30.77
2024-08-20|DHR|Life Sciences Tools & Services - Health Care|1|276.75|271.66
2024-08-20|PCG|Multi-Utilities - Utilities|1|18.41|18.63
2024-08-20|MOH|Managed Health Care - Health Care|3|346.97|348.5
2024-08-20|PEP|Soft Drinks & Non-alcoholic Beverages - Consumer Staples|2|174.04|175.85
2024-08-20|IPG|Advertising - Communication Services|4|29.53|31.25
2024-08-20|KVUE|Personal Care Products - Consumer Staples|43|20.62|21.55
2024-08-20|WY|Timber REITs - Real Estate|1|31.1|30.11
2024-08-20|CAH|Health Care Distributors - Health Care|3|106.36|108.88
2024-08-20|XEL|Multi-Utilities - Utilities|1|58.96|59.99
2024-08-20|WY|Timber REITs - Real Estate|1|30.02|30.11
2024-08-20|XEL|Multi-Utilities - Utilities|1|59.98|59.99
2024-08-20|WBD|Broadcasting - Communication Services|2|7.77|7.77
2024-08-22|PG|Personal Care Products - Consumer Staples|1|155.62|170.15
2024-08-22|XEL|Multi-Utilities - Utilities|1|54.72|59.92
2024-08-22|GEN|Systems Software - Information Technology|10|24.47|25.29
2024-08-22|HLT|Hotels, Resorts & Cruise Lines - Consumer Discretionary|3|210.32|215.83
2024-08-22|WRB|Property & Casualty Insurance - Financials|8|53.66|57.98
2024-08-22|RF|Regional Banks - Financials|1|20.71|22.16
2024-08-22|LNT|Electric Utilities - Utilities|19|53.87|57.87
2024-08-22|CINF|Property & Casualty Insurance - Financials|5|123.26|131.97
2024-08-22|FRT|Retail REITs - Real Estate|1|106.4|114.17
2024-08-22|TFC|Diversified Banks - Financials|2|41.4|41.87
2024-08-22|MKC|Packaged Foods & Meats - Consumer Staples|15|73.94|78.71
2024-08-22|AEP|Electric Utilities - Utilities|1|93.64|98.29
2024-08-22|AEE|Multi-Utilities - Utilities|11|75.08|82.29
2024-08-22|ZTS|Pharmaceuticals - Health Care|1|179.38|182.17
2024-08-22|XEL|Multi-Utilities - Utilities|1|55.14|59.92
2024-08-22|WY|Timber REITs - Real Estate|1|30.26|30.26
2024-08-22|MAS|Building Products - Industrials|12|75.84|77.74
2024-08-22|SWK|Industrial Machinery & Supplies & Components - Industrials|5|96.43|98.22
2024-08-22|XEL|Multi-Utilities - Utilities|1|58.63|59.92
2024-08-22|HAS|Leisure Products - Consumer Discretionary|17|64.46|66.82
2024-08-22|PPL|Electric Utilities - Utilities|1|29.72|31.55
2024-08-22|CAG|Packaged Foods & Meats - Consumer Staples|2|30.25|30.48
2024-08-22|DHR|Life Sciences Tools & Services - Health Care|1|276.75|267.83
2024-08-22|PCG|Multi-Utilities - Utilities|1|18.41|18.64
2024-08-22|MOH|Managed Health Care - Health Care|3|346.97|343.88
2024-08-22|PEP|Soft Drinks & Non-alcoholic Beverages - Consumer Staples|2|174.04|175.74
2024-08-22|IPG|Advertising - Communication Services|4|29.53|31.66
2024-08-22|KVUE|Personal Care Products - Consumer Staples|43|20.62|21.56
2024-08-22|WY|Timber REITs - Real Estate|1|31.1|30.26
2024-08-22|CAH|Health Care Distributors - Health Care|3|106.36|110.43
2024-08-22|XEL|Multi-Utilities - Utilities|1|58.96|59.92
2024-08-22|WY|Timber REITs - Real Estate|1|30.02|30.26
2024-08-22|XEL|Multi-Utilities - Utilities|1|59.98|59.92
2024-08-22|WBD|Broadcasting - Communication Services|2|7.77|7.5
2024-08-22|WY|Timber REITs - Real Estate|1|30.26|30.26
2024-08-22|WBD|Broadcasting - Communication Services|4|7.5|7.5
2024-08-23|PG|Personal Care Products - Consumer Staples|1|155.62|169.17
2024-08-23|XEL|Multi-Utilities - Utilities|1|54.72|60.12
2024-08-23|GEN|Systems Software - Information Technology|10|24.47|25.72
2024-08-23|HLT|Hotels, Resorts & Cruise Lines - Consumer Discretionary|3|210.32|217.09
2024-08-23|WRB|Property & Casualty Insurance - Financials|8|53.66|58.22
2024-08-23|LNT|Electric Utilities - Utilities|19|53.87|58.03
2024-08-23|CINF|Property & Casualty Insurance - Financials|5|123.26|132.81
2024-08-23|FRT|Retail REITs - Real Estate|1|106.4|116.19
2024-08-23|TFC|Diversified Banks - Financials|2|41.4|43.84
2024-08-23|MKC|Packaged Foods & Meats - Consumer Staples|15|73.94|79.3
2024-08-23|AEP|Electric Utilities - Utilities|1|93.64|98.25
2024-08-23|AEE|Multi-Utilities - Utilities|11|75.08|82.05
2024-08-23|ZTS|Pharmaceuticals - Health Care|1|179.38|180.9
2024-08-23|XEL|Multi-Utilities - Utilities|1|55.14|60.12
2024-08-23|WY|Timber REITs - Real Estate|1|30.26|31.36
2024-08-23|MAS|Building Products - Industrials|12|75.84|80.68
2024-08-23|SWK|Industrial Machinery & Supplies & Components - Industrials|5|96.43|100.4
2024-08-23|XEL|Multi-Utilities - Utilities|1|58.63|60.12
2024-08-23|HAS|Leisure Products - Consumer Discretionary|17|64.46|68.02
2024-08-23|PPL|Electric Utilities - Utilities|1|29.72|31.79
2024-08-23|CAG|Packaged Foods & Meats - Consumer Staples|2|30.25|30.63
2024-08-23|DHR|Life Sciences Tools & Services - Health Care|1|276.75|269.48
2024-08-23|PCG|Multi-Utilities - Utilities|1|18.41|18.8
2024-08-23|MOH|Managed Health Care - Health Care|3|346.97|345.82
2024-08-23|PEP|Soft Drinks & Non-alcoholic Beverages - Consumer Staples|2|174.04|175.87
2024-08-23|IPG|Advertising - Communication Services|4|29.53|32.2
2024-08-23|KVUE|Personal Care Products - Consumer Staples|43|20.62|21.82
2024-08-23|WY|Timber REITs - Real Estate|1|31.1|31.36
2024-08-23|CAH|Health Care Distributors - Health Care|3|106.36|109.44
2024-08-23|XEL|Multi-Utilities - Utilities|1|58.96|60.12
2024-08-23|WY|Timber REITs - Real Estate|1|30.02|31.36
2024-08-23|XEL|Multi-Utilities - Utilities|1|59.98|60.12
2024-08-23|WBD|Broadcasting - Communication Services|2|7.77|8.05
2024-08-23|WY|Timber REITs - Real Estate|1|30.26|31.36
2024-08-23|WBD|Broadcasting - Communication Services|4|7.5|8.05
2024-08-23|WBD|Broadcasting - Communication Services|2|8.05|8.05
2024-08-26|PG|Personal Care Products - Consumer Staples|1|155.62|170.35
2024-08-26|GEN|Systems Software - Information Technology|10|24.47|26.14
2024-08-26|HLT|Hotels, Resorts & Cruise Lines - Consumer Discretionary|3|210.32|215.29
2024-08-26|WRB|Property & Casualty Insurance - Financials|8|53.66|58.3
2024-08-26|LNT|Electric Utilities - Utilities|19|53.87|58.22
2024-08-26|CINF|Property & Casualty Insurance - Financials|5|123.26|132.56
2024-08-26|FRT|Retail REITs - Real Estate|1|106.4|115.96
2024-08-26|TFC|Diversified Banks - Financials|2|41.4|44.22
2024-08-26|MKC|Packaged Foods & Meats - Consumer Staples|15|73.94|79.17
2024-08-26|AEP|Electric Utilities - Utilities|1|93.64|99.02
2024-08-26|AEE|Multi-Utilities - Utilities|11|75.08|82.57
2024-08-26|ZTS|Pharmaceuticals - Health Care|1|179.38|181.56
2024-08-26|WY|Timber REITs - Real Estate|1|30.26|31.08
2024-08-26|MAS|Building Products - Industrials|12|75.84|80.61
2024-08-26|SWK|Industrial Machinery & Supplies & Components - Industrials|5|96.43|100.85
2024-08-26|XEL|Multi-Utilities - Utilities|1|58.63|61.46
2024-08-26|HAS|Leisure Products - Consumer Discretionary|17|64.46|68.51
2024-08-26|PPL|Electric Utilities - Utilities|1|29.72|31.91
2024-08-26|CAG|Packaged Foods & Meats - Consumer Staples|2|30.25|31.04
2024-08-26|DHR|Life Sciences Tools & Services - Health Care|1|276.75|268.07
2024-08-26|PCG|Multi-Utilities - Utilities|1|18.41|19.04
2024-08-26|MOH|Managed Health Care - Health Care|3|346.97|347.29
2024-08-26|PEP|Soft Drinks & Non-alcoholic Beverages - Consumer Staples|2|174.04|175.97
2024-08-26|IPG|Advertising - Communication Services|4|29.53|32.38
2024-08-26|KVUE|Personal Care Products - Consumer Staples|43|20.62|21.96
2024-08-26|WY|Timber REITs - Real Estate|1|31.1|31.08
2024-08-26|CAH|Health Care Distributors - Health Care|3|106.36|109.61
2024-08-26|XEL|Multi-Utilities - Utilities|1|58.96|61.46
2024-08-26|WY|Timber REITs - Real Estate|1|30.02|31.08
2024-08-26|XEL|Multi-Utilities - Utilities|1|59.98|61.46
2024-08-26|WBD|Broadcasting - Communication Services|2|7.77|8.23
2024-08-26|WY|Timber REITs - Real Estate|1|30.26|31.08
2024-08-26|WBD|Broadcasting - Communication Services|4|7.5|8.23
2024-08-26|WBD|Broadcasting - Communication Services|2|8.05|8.23
2024-08-26|BWA|Automotive Parts & Equipment - Consumer Discretionary|3|33.81|33.81
2024-08-26|WBD|Broadcasting - Communication Services|3|8.23|8.23
2024-08-27|PG|Personal Care Products - Consumer Staples|1|155.62|169.25
2024-08-27|GEN|Systems Software - Information Technology|10|24.47|26.35
2024-08-27|HLT|Hotels, Resorts & Cruise Lines - Consumer Discretionary|3|210.32|218.34
2024-08-27|WRB|Property & Casualty Insurance - Financials|8|53.66|58.71
2024-08-27|LNT|Electric Utilities - Utilities|19|53.87|57.59
2024-08-27|CINF|Property & Casualty Insurance - Financials|5|123.26|133.6
2024-08-27|FRT|Retail REITs - Real Estate|1|106.4|115.05
2024-08-27|TFC|Diversified Banks - Financials|2|41.4|43.91
2024-08-27|MKC|Packaged Foods & Meats - Consumer Staples|15|73.94|79.26
2024-08-27|AEP|Electric Utilities - Utilities|1|93.64|98.54
2024-08-27|AEE|Multi-Utilities - Utilities|11|75.08|81.65
2024-08-27|ZTS|Pharmaceuticals - Health Care|1|179.38|182.1
2024-08-27|WY|Timber REITs - Real Estate|1|30.26|30.6
2024-08-27|MAS|Building Products - Industrials|12|75.84|79.05
2024-08-27|SWK|Industrial Machinery & Supplies & Components - Industrials|5|96.43|99.79
2024-08-27|XEL|Multi-Utilities - Utilities|1|58.63|60.89
2024-08-27|HAS|Leisure Products - Consumer Discretionary|17|64.46|67.95
2024-08-27|PPL|Electric Utilities - Utilities|1|29.72|31.73
2024-08-27|CAG|Packaged Foods & Meats - Consumer Staples|2|30.25|31.27
2024-08-27|DHR|Life Sciences Tools & Services - Health Care|1|276.75|268.82
2024-08-27|PCG|Multi-Utilities - Utilities|1|18.41|18.9
2024-08-27|MOH|Managed Health Care - Health Care|3|346.97|349.81
2024-08-27|PEP|Soft Drinks & Non-alcoholic Beverages - Consumer Staples|2|174.04|175.3
2024-08-27|KVUE|Personal Care Products - Consumer Staples|43|20.62|21.92
2024-08-27|WY|Timber REITs - Real Estate|1|31.1|30.6
2024-08-27|CAH|Health Care Distributors - Health Care|3|106.36|110.08
2024-08-27|XEL|Multi-Utilities - Utilities|1|58.96|60.89
2024-08-27|WY|Timber REITs - Real Estate|1|30.02|30.6
2024-08-27|XEL|Multi-Utilities - Utilities|1|59.98|60.89
2024-08-27|WBD|Broadcasting - Communication Services|2|7.77|8.11
2024-08-27|WY|Timber REITs - Real Estate|1|30.26|30.6
2024-08-27|WBD|Broadcasting - Communication Services|4|7.5|8.11
2024-08-27|WBD|Broadcasting - Communication Services|2|8.05|8.11
2024-08-27|BWA|Automotive Parts & Equipment - Consumer Discretionary|3|33.81|33.65
2024-08-27|WBD|Broadcasting - Communication Services|3|8.23|8.11
2024-08-27|ZBH|Health Care Equipment - Health Care|1|114.67|114.67
2024-08-27|WBD|Broadcasting - Communication Services|2|8.11|8.11
2024-08-29|PG|Personal Care Products - Consumer Staples|1|155.62|170.03
2024-08-29|GEN|Systems Software - Information Technology|10|24.47|26.42
2024-08-29|HLT|Hotels, Resorts & Cruise Lines - Consumer Discretionary|3|210.32|217.66
2024-08-29|LNT|Electric Utilities - Utilities|19|53.87|57.95
2024-08-29|FRT|Retail REITs - Real Estate|1|106.4|114.48
2024-08-29|TFC|Diversified Banks - Financials|2|41.4|43.91
2024-08-29|MKC|Packaged Foods & Meats - Consumer Staples|15|73.94|79.03
2024-08-29|AEP|Electric Utilities - Utilities|1|93.64|99.75
2024-08-29|AEE|Multi-Utilities - Utilities|11|75.08|82.28
2024-08-29|ZTS|Pharmaceuticals - Health Care|1|179.38|182.89
2024-08-29|WY|Timber REITs - Real Estate|1|30.26|30.49
2024-08-29|MAS|Building Products - Industrials|12|75.84|78.86
2024-08-29|SWK|Industrial Machinery & Supplies & Components - Industrials|5|96.43|101.9
2024-08-29|XEL|Multi-Utilities - Utilities|1|58.63|61.39
2024-08-29|HAS|Leisure Products - Consumer Discretionary|17|64.46|68.03
2024-08-29|PPL|Electric Utilities - Utilities|1|29.72|31.75
2024-08-29|CAG|Packaged Foods & Meats - Consumer Staples|2|30.25|31.04
2024-08-29|DHR|Life Sciences Tools & Services - Health Care|1|276.75|267.02
2024-08-29|PCG|Multi-Utilities - Utilities|1|18.41|19.6
2024-08-29|MOH|Managed Health Care - Health Care|3|346.97|350.56
2024-08-29|PEP|Soft Drinks & Non-alcoholic Beverages - Consumer Staples|2|174.04|172.09
2024-08-29|KVUE|Personal Care Products - Consumer Staples|43|20.62|21.75
2024-08-29|WY|Timber REITs - Real Estate|1|31.1|30.49
2024-08-29|CAH|Health Care Distributors - Health Care|3|106.36|112.2
2024-08-29|XEL|Multi-Utilities - Utilities|1|58.96|61.39
2024-08-29|WY|Timber REITs - Real Estate|1|30.02|30.49
2024-08-29|XEL|Multi-Utilities - Utilities|1|59.98|61.39
2024-08-29|WBD|Broadcasting - Communication Services|2|7.77|7.73
2024-08-29|WY|Timber REITs - Real Estate|1|30.26|30.49
2024-08-29|WBD|Broadcasting - Communication Services|4|7.5|7.73
2024-08-29|WBD|Broadcasting - Communication Services|2|8.05|7.73
2024-08-29|BWA|Automotive Parts & Equipment - Consumer Discretionary|3|33.81|33.89
2024-08-29|ZBH|Health Care Equipment - Health Care|1|114.67|114.67
2024-08-29|WBD|Broadcasting - Communication Services|2|8.11|7.73
2024-08-29|EXPE|Hotels, Resorts & Cruise Lines - Consumer Discretionary|3|140.91|140.91
2024-08-29|NFLX|Movies & Entertainment - Communication Services|10|69.25|69.25
2024-08-29|XEL|Multi-Utilities - Utilities|1|61.39|61.39
2024-08-30|GEN|Systems Software - Information Technology|10|24.47|26.46
2024-08-30|HLT|Hotels, Resorts & Cruise Lines - Consumer Discretionary|3|210.32|219.64
2024-08-30|LNT|Electric Utilities - Utilities|19|53.87|58.27
2024-08-30|FRT|Retail REITs - Real Estate|1|106.4|115.0
2024-08-30|TFC|Diversified Banks - Financials|2|41.4|44.46
2024-08-30|MKC|Packaged Foods & Meats - Consumer Staples|15|73.94|80.03
2024-08-30|AEP|Electric Utilities - Utilities|1|93.64|100.28
2024-08-30|AEE|Multi-Utilities - Utilities|11|75.08|82.51
2024-08-30|ZTS|Pharmaceuticals - Health Care|1|179.38|183.49
2024-08-30|WY|Timber REITs - Real Estate|1|30.26|30.49
2024-08-30|MAS|Building Products - Industrials|12|75.84|79.56
2024-08-30|SWK|Industrial Machinery & Supplies & Components - Industrials|5|96.43|102.36
2024-08-30|XEL|Multi-Utilities - Utilities|1|58.63|61.23
2024-08-30|HAS|Leisure Products - Consumer Discretionary|17|64.46|68.16
2024-08-30|PPL|Electric Utilities - Utilities|1|29.72|31.91
2024-08-30|CAG|Packaged Foods & Meats - Consumer Staples|2|30.25|31.2
2024-08-30|DHR|Life Sciences Tools & Services - Health Care|1|276.75|269.31
2024-08-30|PCG|Multi-Utilities - Utilities|1|18.41|19.7
2024-08-30|MOH|Managed Health Care - Health Care|3|346.97|349.79
2024-08-30|PEP|Soft Drinks & Non-alcoholic Beverages - Consumer Staples|2|174.04|172.88
2024-08-30|KVUE|Personal Care Products - Consumer Staples|43|20.62|21.95
2024-08-30|WY|Timber REITs - Real Estate|1|31.1|30.49
2024-08-30|CAH|Health Care Distributors - Health Care|3|106.36|112.72
2024-08-30|XEL|Multi-Utilities - Utilities|1|58.96|61.23
2024-08-30|WY|Timber REITs - Real Estate|1|30.02|30.49
2024-08-30|XEL|Multi-Utilities - Utilities|1|59.98|61.23
2024-08-30|WBD|Broadcasting - Communication Services|2|7.77|7.84
2024-08-30|WY|Timber REITs - Real Estate|1|30.26|30.49
2024-08-30|WBD|Broadcasting - Communication Services|4|7.5|7.84
2024-08-30|WBD|Broadcasting - Communication Services|2|8.05|7.84
2024-08-30|BWA|Automotive Parts & Equipment - Consumer Discretionary|3|33.81|34.07
2024-08-30|ZBH|Health Care Equipment - Health Care|1|114.67|115.46
2024-08-30|WBD|Broadcasting - Communication Services|2|8.11|7.84
2024-08-30|EXPE|Hotels, Resorts & Cruise Lines - Consumer Discretionary|3|140.91|139.09
2024-08-30|NFLX|Movies & Entertainment - Communication Services|10|69.25|70.14
2024-08-30|XEL|Multi-Utilities - Utilities|1|61.39|61.23
2024-08-30|KEYS|Electronic Equipment & Instruments - Information Technology|1|154.12|154.12
2024-08-30|WBD|Broadcasting - Communication Services|2|7.84|7.84
2024-09-03|GEN|Systems Software - Information Technology|10|24.47|26.08
2024-09-03|HLT|Hotels, Resorts & Cruise Lines - Consumer Discretionary|3|210.32|215.65
2024-09-03|LNT|Electric Utilities - Utilities|19|53.87|58.79
2024-09-03|FRT|Retail REITs - Real Estate|1|106.4|114.63
2024-09-03|TFC|Diversified Banks - Financials|2|41.4|44.22
2024-09-03|MKC|Packaged Foods & Meats - Consumer Staples|15|73.94|81.2
2024-09-03|AEP|Electric Utilities - Utilities|1|93.64|101.57
2024-09-03|ZTS|Pharmaceuticals - Health Care|1|179.38|183.57
2024-09-03|WY|Timber REITs - Real Estate|1|30.26|30.28
2024-09-03|MAS|Building Products - Industrials|12|75.84|78.31
2024-09-03|SWK|Industrial Machinery & Supplies & Components - Industrials|5|96.43|99.94
2024-09-03|XEL|Multi-Utilities - Utilities|1|58.63|62.52
2024-09-03|HAS|Leisure Products - Consumer Discretionary|17|64.46|67.26
2024-09-03|PPL|Electric Utilities - Utilities|1|29.72|32.11
2024-09-03|CAG|Packaged Foods & Meats - Consumer Staples|2|30.25|31.92
2024-09-03|DHR|Life Sciences Tools & Services - Health Care|1|276.75|264.23
2024-09-03|PCG|Multi-Utilities - Utilities|1|18.41|19.94
2024-09-03|MOH|Managed Health Care - Health Care|3|346.97|356.03
2024-09-03|PEP|Soft Drinks & Non-alcoholic Beverages - Consumer Staples|2|174.04|177.54
2024-09-03|KVUE|Personal Care Products - Consumer Staples|43|20.62|22.1
2024-09-03|WY|Timber REITs - Real Estate|1|31.1|30.28
2024-09-03|CAH|Health Care Distributors - Health Care|3|106.36|114.66
2024-09-03|XEL|Multi-Utilities - Utilities|1|58.96|62.52
2024-09-03|WY|Timber REITs - Real Estate|1|30.02|30.28
2024-09-03|XEL|Multi-Utilities - Utilities|1|59.98|62.52
2024-09-03|WY|Timber REITs - Real Estate|1|30.26|30.28
2024-09-03|WBD|Broadcasting - Communication Services|4|7.5|7.36
2024-09-03|BWA|Automotive Parts & Equipment - Consumer Discretionary|3|33.81|33.09
2024-09-03|ZBH|Health Care Equipment - Health Care|1|114.67|116.17
2024-09-03|EXPE|Hotels, Resorts & Cruise Lines - Consumer Discretionary|3|140.91|136.74
2024-09-03|NFLX|Movies & Entertainment - Communication Services|10|69.25|67.53
2024-09-03|XEL|Multi-Utilities - Utilities|1|61.39|62.52
2024-09-03|KEYS|Electronic Equipment & Instruments - Information Technology|1|154.12|148.05
2024-09-03|LYV|Movies & Entertainment - Communication Services|5|95.34|95.34
2024-09-03|CTVA|Fertilizers & Agricultural Chemicals - Materials|9|55.57|55.57
2024-09-04|GEN|Systems Software - Information Technology|10|24.47|26.15
2024-09-04|HLT|Hotels, Resorts & Cruise Lines - Consumer Discretionary|3|210.32|214.25
2024-09-04|LNT|Electric Utilities - Utilities|19|53.87|59.13
2024-09-04|FRT|Retail REITs - Real Estate|1|106.4|114.42
2024-09-04|TFC|Diversified Banks - Financials|2|41.4|43.62
2024-09-04|AEP|Electric Utilities - Utilities|1|93.64|102.43
2024-09-04|ZTS|Pharmaceuticals - Health Care|1|179.38|187.33
2024-09-04|WY|Timber REITs - Real Estate|1|30.26|30.15
2024-09-04|MAS|Building Products - Industrials|12|75.84|78.14
2024-09-04|SWK|Industrial Machinery & Supplies & Components - Industrials|5|96.43|99.88
2024-09-04|XEL|Multi-Utilities - Utilities|1|58.63|63.16
2024-09-04|HAS|Leisure Products - Consumer Discretionary|17|64.46|67.99
2024-09-04|PPL|Electric Utilities - Utilities|1|29.72|32.21
2024-09-04|CAG|Packaged Foods & Meats - Consumer Staples|2|30.25|32.41
2024-09-04|DHR|Life Sciences Tools & Services - Health Care|1|276.75|264.49
2024-09-04|MOH|Managed Health Care - Health Care|3|346.97|331.24
2024-09-04|PEP|Soft Drinks & Non-alcoholic Beverages - Consumer Staples|2|174.04|178.52
2024-09-04|KVUE|Personal Care Products - Consumer Staples|43|20.62|22.51
2024-09-04|WY|Timber REITs - Real Estate|1|31.1|30.15
2024-09-04|CAH|Health Care Distributors - Health Care|3|106.36|113.91
2024-09-04|XEL|Multi-Utilities - Utilities|1|58.96|63.16
2024-09-04|WY|Timber REITs - Real Estate|1|30.02|30.15
2024-09-04|XEL|Multi-Utilities - Utilities|1|59.98|63.16
2024-09-04|WY|Timber REITs - Real Estate|1|30.26|30.15
2024-09-04|WBD|Broadcasting - Communication Services|4|7.5|7.32
2024-09-04|BWA|Automotive Parts & Equipment - Consumer Discretionary|3|33.81|33.07
2024-09-04|ZBH|Health Care Equipment - Health Care|1|114.67|114.48
2024-09-04|EXPE|Hotels, Resorts & Cruise Lines - Consumer Discretionary|3|140.91|134.92
2024-09-04|NFLX|Movies & Entertainment - Communication Services|10|69.25|67.97
2024-09-04|XEL|Multi-Utilities - Utilities|1|61.39|63.16
2024-09-04|KEYS|Electronic Equipment & Instruments - Information Technology|1|154.12|149.12
2024-09-04|LYV|Movies & Entertainment - Communication Services|5|95.34|95.26
2024-09-04|CTVA|Fertilizers & Agricultural Chemicals - Materials|9|55.57|55.5
2024-09-04|TTWO|Interactive Home Entertainment - Communication Services|7|158.04|158.04
2024-09-04|MET|Life & Health Insurance - Financials|1|77.52|77.52
2024-09-04|TSCO|Other Specialty Retail - Consumer Discretionary|1|54.54|54.54
2024-09-04|WBD|Broadcasting - Communication Services|2|7.32|7.32
2024-09-05|GEN|Systems Software - Information Technology|10|24.47|25.94
2024-09-05|HLT|Hotels, Resorts & Cruise Lines - Consumer Discretionary|3|210.32|216.0
2024-09-05|LNT|Electric Utilities - Utilities|19|53.87|58.97
2024-09-05|FRT|Retail REITs - Real Estate|1|106.4|115.94
2024-09-05|TFC|Diversified Banks - Financials|2|41.4|43.15
2024-09-05|ZTS|Pharmaceuticals - Health Care|1|179.38|186.59
2024-09-05|WY|Timber REITs - Real Estate|1|30.26|30.17
2024-09-05|MAS|Building Products - Industrials|12|75.84|77.24
2024-09-05|SWK|Industrial Machinery & Supplies & Components - Industrials|5|96.43|98.36
2024-09-05|XEL|Multi-Utilities - Utilities|1|58.63|63.46
2024-09-05|HAS|Leisure Products - Consumer Discretionary|17|64.46|67.8
2024-09-05|PPL|Electric Utilities - Utilities|1|29.72|32.15
2024-09-05|CAG|Packaged Foods & Meats - Consumer Staples|2|30.25|32.53
2024-09-05|DHR|Life Sciences Tools & Services - Health Care|1|276.75|264.71
2024-09-05|MOH|Managed Health Care - Health Care|3|346.97|331.12
2024-09-05|PEP|Soft Drinks & Non-alcoholic Beverages - Consumer Staples|2|174.04|179.3
2024-09-05|KVUE|Personal Care Products - Consumer Staples|43|20.62|22.51
2024-09-05|WY|Timber REITs - Real Estate|1|31.1|30.17
2024-09-05|CAH|Health Care Distributors - Health Care|3|106.36|111.77
2024-09-05|XEL|Multi-Utilities - Utilities|1|58.96|63.46
2024-09-05|WY|Timber REITs - Real Estate|1|30.02|30.17
2024-09-05|XEL|Multi-Utilities - Utilities|1|59.98|63.46
2024-09-05|WY|Timber REITs - Real Estate|1|30.26|30.17
2024-09-05|WBD|Broadcasting - Communication Services|4|7.5|7.42
2024-09-05|BWA|Automotive Parts & Equipment - Consumer Discretionary|3|33.81|32.85
2024-09-05|EXPE|Hotels, Resorts & Cruise Lines - Consumer Discretionary|3|140.91|135.19
2024-09-05|NFLX|Movies & Entertainment - Communication Services|10|69.25|68.36
2024-09-05|XEL|Multi-Utilities - Utilities|1|61.39|63.46
2024-09-05|KEYS|Electronic Equipment & Instruments - Information Technology|1|154.12|147.07
2024-09-05|LYV|Movies & Entertainment - Communication Services|5|95.34|94.2
2024-09-05|CTVA|Fertilizers & Agricultural Chemicals - Materials|9|55.57|55.11
2024-09-05|TTWO|Interactive Home Entertainment - Communication Services|7|158.04|157.06
2024-09-05|MET|Life & Health Insurance - Financials|1|77.52|76.58
2024-09-05|TSCO|Other Specialty Retail - Consumer Discretionary|1|54.54|54.16
2024-09-05|WBD|Broadcasting - Communication Services|2|7.32|7.42
2024-09-05|TGT|Consumer Staples Merchandise Retail - Consumer Staples|1|151.9|151.9
2024-09-05|LUV|Passenger Airlines - Industrials|1|29.81|29.81
2024-09-05|WBD|Broadcasting - Communication Services|3|7.42|7.42
2024-09-06|GEN|Systems Software - Information Technology|10|24.47|25.38
2024-09-06|HLT|Hotels, Resorts & Cruise Lines - Consumer Discretionary|3|210.32|213.1
2024-09-06|LNT|Electric Utilities - Utilities|19|53.87|58.58
2024-09-06|FRT|Retail REITs - Real Estate|1|106.4|115.45
2024-09-06|TFC|Diversified Banks - Financials|2|41.4|42.06
2024-09-06|ZTS|Pharmaceuticals - Health Care|1|179.38|189.23
2024-09-06|WY|Timber REITs - Real Estate|1|30.26|30.35
2024-09-06|MAS|Building Products - Industrials|12|75.84|77.22
2024-09-06|SWK|Industrial Machinery & Supplies & Components - Industrials|5|96.43|97.18
2024-09-06|XEL|Multi-Utilities - Utilities|1|58.63|62.91
2024-09-06|HAS|Leisure Products - Consumer Discretionary|17|64.46|66.5
2024-09-06|PPL|Electric Utilities - Utilities|1|29.72|32.07
2024-09-06|CAG|Packaged Foods & Meats - Consumer Staples|2|30.25|32.74
2024-09-06|DHR|Life Sciences Tools & Services - Health Care|1|276.75|266.2
2024-09-06|PEP|Soft Drinks & Non-alcoholic Beverages - Consumer Staples|2|174.04|177.34
2024-09-06|WY|Timber REITs - Real Estate|1|31.1|30.35
2024-09-06|CAH|Health Care Distributors - Health Care|3|106.36|111.77
2024-09-06|XEL|Multi-Utilities - Utilities|1|58.96|62.91
2024-09-06|WY|Timber REITs - Real Estate|1|30.02|30.35
2024-09-06|XEL|Multi-Utilities - Utilities|1|59.98|62.91
2024-09-06|WY|Timber REITs - Real Estate|1|30.26|30.35
2024-09-06|WBD|Broadcasting - Communication Services|4|7.5|7.22
2024-09-06|BWA|Automotive Parts & Equipment - Consumer Discretionary|3|33.81|32.29
2024-09-06|NFLX|Movies & Entertainment - Communication Services|10|69.25|66.58
2024-09-06|XEL|Multi-Utilities - Utilities|1|61.39|62.91
2024-09-06|LYV|Movies & Entertainment - Communication Services|5|95.34|92.78
2024-09-06|CTVA|Fertilizers & Agricultural Chemicals - Materials|9|55.57|55.33
2024-09-06|TTWO|Interactive Home Entertainment - Communication Services|7|158.04|156.61
2024-09-06|MET|Life & Health Insurance - Financials|1|77.52|74.08
2024-09-06|TSCO|Other Specialty Retail - Consumer Discretionary|1|54.54|54.12
2024-09-06|WBD|Broadcasting - Communication Services|2|7.32|7.22
2024-09-06|TGT|Consumer Staples Merchandise Retail - Consumer Staples|1|151.9|151.28
2024-09-06|LUV|Passenger Airlines - Industrials|1|29.81|29.7
2024-09-06|WBD|Broadcasting - Communication Services|3|7.42|7.22
2024-09-06|RJF|Investment Banking & Brokerage - Financials|10|115.2|115.2
2024-09-06|NVDA|Semiconductors - Information Technology|11|102.83|102.83
2024-09-06|TRMB|Electronic Equipment & Instruments - Information Technology|4|54.15|54.15
2024-09-06|WBD|Broadcasting - Communication Services|1|7.22|7.22
2024-09-09|GEN|Systems Software - Information Technology|10|24.47|25.72
2024-09-09|HLT|Hotels, Resorts & Cruise Lines - Consumer Discretionary|3|210.32|214.94
2024-09-09|LNT|Electric Utilities - Utilities|19|53.87|59.25
2024-09-09|TFC|Diversified Banks - Financials|2|41.4|42.6
2024-09-09|ZTS|Pharmaceuticals - Health Care|1|179.38|191.73
2024-09-09|WY|Timber REITs - Real Estate|1|30.26|30.27
2024-09-09|MAS|Building Products - Industrials|12|75.84|77.32
2024-09-09|SWK|Industrial Machinery & Supplies & Components - Industrials|5|96.43|96.19
2024-09-09|XEL|Multi-Utilities - Utilities|1|58.63|63.49
2024-09-09|HAS|Leisure Products - Consumer Discretionary|17|64.46|67.63
2024-09-09|PPL|Electric Utilities - Utilities|1|29.72|32.44
2024-09-09|CAG|Packaged Foods & Meats - Consumer Staples|2|30.25|32.83
2024-09-09|DHR|Life Sciences Tools & Services - Health Care|1|276.75|273.09
2024-09-09|PEP|Soft Drinks & Non-alcoholic Beverages - Consumer Staples|2|174.04|178.19
2024-09-09|WY|Timber REITs - Real Estate|1|31.1|30.27
2024-09-09|CAH|Health Care Distributors - Health Care|3|106.36|112.8
2024-09-09|XEL|Multi-Utilities - Utilities|1|58.96|63.49
2024-09-09|WY|Timber REITs - Real Estate|1|30.02|30.27
2024-09-09|XEL|Multi-Utilities - Utilities|1|59.98|63.49
2024-09-09|WY|Timber REITs - Real Estate|1|30.26|30.27
2024-09-09|WBD|Broadcasting - Communication Services|4|7.5|7.3
2024-09-09|BWA|Automotive Parts & Equipment - Consumer Discretionary|3|33.81|32.88
2024-09-09|NFLX|Movies & Entertainment - Communication Services|10|69.25|67.54
2024-09-09|XEL|Multi-Utilities - Utilities|1|61.39|63.49
2024-09-09|LYV|Movies & Entertainment - Communication Services|5|95.34|94.8
2024-09-09|CTVA|Fertilizers & Agricultural Chemicals - Materials|9|55.57|55.8
2024-09-09|TTWO|Interactive Home Entertainment - Communication Services|7|158.04|156.32
2024-09-09|MET|Life & Health Insurance - Financials|1|77.52|75.48
2024-09-09|TSCO|Other Specialty Retail - Consumer Discretionary|1|54.54|54.56
2024-09-09|WBD|Broadcasting - Communication Services|2|7.32|7.3
2024-09-09|TGT|Consumer Staples Merchandise Retail - Consumer Staples|1|151.9|150.59
2024-09-09|LUV|Passenger Airlines - Industrials|1|29.81|29.73
2024-09-09|WBD|Broadcasting - Communication Services|3|7.42|7.3
2024-09-09|RJF|Investment Banking & Brokerage - Financials|10|115.2|116.85
2024-09-09|NVDA|Semiconductors - Information Technology|11|102.83|106.47
2024-09-09|TRMB|Electronic Equipment & Instruments - Information Technology|4|54.15|54.31
2024-09-09|WBD|Broadcasting - Communication Services|1|7.22|7.3
2024-09-09|APTV|Automotive Parts & Equipment - Consumer Discretionary|1|69.08|69.08
2024-09-09|WY|Timber REITs - Real Estate|1|30.27|30.27
2024-09-09|WBD|Broadcasting - Communication Services|2|7.3|7.3
2024-09-10|GEN|Systems Software - Information Technology|10|24.47|25.9
2024-09-10|HLT|Hotels, Resorts & Cruise Lines - Consumer Discretionary|3|210.32|210.65
2024-09-10|TFC|Diversified Banks - Financials|2|41.4|41.92
2024-09-10|ZTS|Pharmaceuticals - Health Care|1|179.38|191.36
2024-09-10|WY|Timber REITs - Real Estate|1|30.26|30.89
2024-09-10|MAS|Building Products - Industrials|12|75.84|78.33
2024-09-10|SWK|Industrial Machinery & Supplies & Components - Industrials|5|96.43|96.64
2024-09-10|XEL|Multi-Utilities - Utilities|1|58.63|63.84
2024-09-10|HAS|Leisure Products - Consumer Discretionary|17|64.46|67.6
2024-09-10|PPL|Electric Utilities - Utilities|1|29.72|32.16
2024-09-10|CAG|Packaged Foods & Meats - Consumer Staples|2|30.25|32.79
2024-09-10|DHR|Life Sciences Tools & Services - Health Care|1|276.75|274.72
2024-09-10|PEP|Soft Drinks & Non-alcoholic Beverages - Consumer Staples|2|174.04|177.81
2024-09-10|WY|Timber REITs - Real Estate|1|31.1|30.89
2024-09-10|CAH|Health Care Distributors - Health Care|3|106.36|114.37
2024-09-10|XEL|Multi-Utilities - Utilities|1|58.96|63.84
2024-09-10|WY|Timber REITs - Real Estate|1|30.02|30.89
2024-09-10|XEL|Multi-Utilities - Utilities|1|59.98|63.84
2024-09-10|WY|Timber REITs - Real Estate|1|30.26|30.89
2024-09-10|NFLX|Movies & Entertainment - Communication Services|10|69.25|67.36
2024-09-10|XEL|Multi-Utilities - Utilities|1|61.39|63.84
2024-09-10|LYV|Movies & Entertainment - Communication Services|5|95.34|96.06
2024-09-10|CTVA|Fertilizers & Agricultural Chemicals - Materials|9|55.57|55.38
2024-09-10|TTWO|Interactive Home Entertainment - Communication Services|7|158.04|154.85
2024-09-10|MET|Life & Health Insurance - Financials|1|77.52|74.63
2024-09-10|TSCO|Other Specialty Retail - Consumer Discretionary|1|54.54|54.15
2024-09-10|WBD|Broadcasting - Communication Services|2|7.32|7.02
2024-09-10|TGT|Consumer Staples Merchandise Retail - Consumer Staples|1|151.9|148.01
2024-09-10|LUV|Passenger Airlines - Industrials|1|29.81|29.25
2024-09-10|RJF|Investment Banking & Brokerage - Financials|10|115.2|116.31
2024-09-10|NVDA|Semiconductors - Information Technology|11|102.83|108.1
2024-09-10|TRMB|Electronic Equipment & Instruments - Information Technology|4|54.15|55.22
2024-09-10|WBD|Broadcasting - Communication Services|1|7.22|7.02
2024-09-10|WY|Timber REITs - Real Estate|1|30.27|30.89
2024-09-10|WBD|Broadcasting - Communication Services|2|7.3|7.02
2024-09-10|ORCL|Application Software - Information Technology|7|155.89|155.89
2024-09-10|CHD|Household Products - Consumer Staples|2|105.94|105.94
2024-09-10|WY|Timber REITs - Real Estate|1|30.89|30.89
2024-09-10|WBD|Broadcasting - Communication Services|1|7.02|7.02
2024-09-11|GEN|Systems Software - Information Technology|10|24.47|26.02
2024-09-11|HLT|Hotels, Resorts & Cruise Lines - Consumer Discretionary|3|210.32|211.58
2024-09-11|TFC|Diversified Banks - Financials|2|41.4|41.65
2024-09-11|ZTS|Pharmaceuticals - Health Care|1|179.38|189.99
2024-09-11|WY|Timber REITs - Real Estate|1|30.26|30.86
2024-09-11|MAS|Building Products - Industrials|12|75.84|78.01
2024-09-11|SWK|Industrial Machinery & Supplies & Components - Industrials|5|96.43|97.66
2024-09-11|XEL|Multi-Utilities - Utilities|1|58.63|63.85
2024-09-11|HAS|Leisure Products - Consumer Discretionary|17|64.46|67.42
2024-09-11|PPL|Electric Utilities - Utilities|1|29.72|31.95
2024-09-11|CAG|Packaged Foods & Meats - Consumer Staples|2|30.25|31.47
2024-09-11|DHR|Life Sciences Tools & Services - Health Care|1|276.75|271.98
2024-09-11|PEP|Soft Drinks & Non-alcoholic Beverages - Consumer Staples|2|174.04|175.78
2024-09-11|WY|Timber REITs - Real Estate|1|31.1|30.86
2024-09-11|CAH|Health Care Distributors - Health Care|3|106.36|113.35
2024-09-11|XEL|Multi-Utilities - Utilities|1|58.96|63.85
2024-09-11|WY|Timber REITs - Real Estate|1|30.02|30.86
2024-09-11|XEL|Multi-Utilities - Utilities|1|59.98|63.85
2024-09-11|WY|Timber REITs - Real Estate|1|30.26|30.86
2024-09-11|NFLX|Movies & Entertainment - Communication Services|10|69.25|68.15
2024-09-11|XEL|Multi-Utilities - Utilities|1|61.39|63.85
2024-09-11|LYV|Movies & Entertainment - Communication Services|5|95.34|97.33
2024-09-11|CTVA|Fertilizers & Agricultural Chemicals - Materials|9|55.57|55.15
2024-09-11|TTWO|Interactive Home Entertainment - Communication Services|7|158.04|152.34
2024-09-11|MET|Life & Health Insurance - Financials|1|77.52|74.74
2024-09-11|TSCO|Other Specialty Retail - Consumer Discretionary|1|54.54|55.25
2024-09-11|TGT|Consumer Staples Merchandise Retail - Consumer Staples|1|151.9|147.29
2024-09-11|LUV|Passenger Airlines - Industrials|1|29.81|28.81
2024-09-11|RJF|Investment Banking & Brokerage - Financials|10|115.2|115.95
2024-09-11|TRMB|Electronic Equipment & Instruments - Information Technology|4|54.15|54.91
2024-09-11|WBD|Broadcasting - Communication Services|1|7.22|6.94
2024-09-11|WY|Timber REITs - Real Estate|1|30.27|30.86
2024-09-11|WBD|Broadcasting - Communication Services|2|7.3|6.94
2024-09-11|ORCL|Application Software - Information Technology|7|155.89|157.18
2024-09-11|CHD|Household Products - Consumer Staples|2|105.94|103.26
2024-09-11|WY|Timber REITs - Real Estate|1|30.89|30.86
2024-09-11|WBD|Broadcasting - Communication Services|1|7.02|6.94
2024-09-11|BKNG|Hotels, Resorts & Cruise Lines - Consumer Discretionary|3|153.1|153.1
2024-09-11|ROP|Electronic Equipment & Instruments - Information Technology|1|549.84|549.84
2024-09-11|CZR|Casinos & Gaming - Consumer Discretionary|8|36.35|36.35
2024-09-13|GEN|Systems Software - Information Technology|10|24.47|26.49
2024-09-13|HLT|Hotels, Resorts & Cruise Lines - Consumer Discretionary|3|210.32|216.82
2024-09-13|TFC|Diversified Banks - Financials|2|41.4|41.84
2024-09-13|ZTS|Pharmaceuticals - Health Care|1|179.38|191.09
2024-09-13|WY|Timber REITs - Real Estate|1|30.26|32.45
2024-09-13|MAS|Building Products - Industrials|12|75.84|80.21
2024-09-13|SWK|Industrial Machinery & Supplies & Components - Industrials|5|96.43|101.35
2024-09-13|XEL|Multi-Utilities - Utilities|1|58.63|63.84
2024-09-13|HAS|Leisure Products - Consumer Discretionary|17|64.46|68.73
2024-09-13|PPL|Electric Utilities - Utilities|1|29.72|32.46
2024-09-13|CAG|Packaged Foods & Meats - Consumer Staples|2|30.25|32.05
2024-09-13|DHR|Life Sciences Tools & Services - Health Care|1|276.75|274.25
2024-09-13|PEP|Soft Drinks & Non-alcoholic Beverages - Consumer Staples|2|174.04|177.36
2024-09-13|WY|Timber REITs - Real Estate|1|31.1|32.45
2024-09-13|CAH|Health Care Distributors - Health Care|3|106.36|113.17
2024-09-13|XEL|Multi-Utilities - Utilities|1|58.96|63.84
2024-09-13|WY|Timber REITs - Real Estate|1|30.02|32.45
2024-09-13|XEL|Multi-Utilities - Utilities|1|59.98|63.84
2024-09-13|WY|Timber REITs - Real Estate|1|30.26|32.45
2024-09-13|NFLX|Movies & Entertainment - Communication Services|10|69.25|69.71
2024-09-13|XEL|Multi-Utilities - Utilities|1|61.39|63.84
2024-09-13|LYV|Movies & Entertainment - Communication Services|5|95.34|98.85
2024-09-13|CTVA|Fertilizers & Agricultural Chemicals - Materials|9|55.57|56.63
2024-09-13|TTWO|Interactive Home Entertainment - Communication Services|7|158.04|152.18
2024-09-13|MET|Life & Health Insurance - Financials|1|77.52|76.19
2024-09-13|TSCO|Other Specialty Retail - Consumer Discretionary|1|54.54|56.59
2024-09-13|TGT|Consumer Staples Merchandise Retail - Consumer Staples|1|151.9|151.36
2024-09-13|LUV|Passenger Airlines - Industrials|1|29.81|28.68
2024-09-13|RJF|Investment Banking & Brokerage - Financials|10|115.2|117.89
2024-09-13|TRMB|Electronic Equipment & Instruments - Information Technology|4|54.15|56.5
2024-09-13|WY|Timber REITs - Real Estate|1|30.27|32.45
2024-09-13|ORCL|Application Software - Information Technology|7|155.89|162.03
2024-09-13|CHD|Household Products - Consumer Staples|2|105.94|104.04
2024-09-13|WY|Timber REITs - Real Estate|1|30.89|32.45
2024-09-13|BKNG|Hotels, Resorts & Cruise Lines - Consumer Discretionary|3|153.1|157.3
2024-09-13|ROP|Electronic Equipment & Instruments - Information Technology|1|549.84|551.84
2024-09-13|CZR|Casinos & Gaming - Consumer Discretionary|8|36.35|38.87
2024-09-13|WY|Timber REITs - Real Estate|1|32.45|32.45
2024-09-16|GEN|Systems Software - Information Technology|10|24.47|26.62
2024-09-16|HLT|Hotels, Resorts & Cruise Lines - Consumer Discretionary|3|210.32|218.1
2024-09-16|TFC|Diversified Banks - Financials|2|41.4|42.13
2024-09-16|ZTS|Pharmaceuticals - Health Care|1|179.38|194.25
2024-09-16|WY|Timber REITs - Real Estate|1|30.26|32.51
2024-09-16|MAS|Building Products - Industrials|12|75.84|81.04
2024-09-16|SWK|Industrial Machinery & Supplies & Components - Industrials|5|96.43|102.59
2024-09-16|HAS|Leisure Products - Consumer Discretionary|17|64.46|69.79
2024-09-16|PPL|Electric Utilities - Utilities|1|29.72|32.68
2024-09-16|CAG|Packaged Foods & Meats - Consumer Staples|2|30.25|32.6
2024-09-16|DHR|Life Sciences Tools & Services - Health Care|1|276.75|276.03
2024-09-16|PEP|Soft Drinks & Non-alcoholic Beverages - Consumer Staples|2|174.04|177.21
2024-09-16|WY|Timber REITs - Real Estate|1|31.1|32.51
2024-09-16|CAH|Health Care Distributors - Health Care|3|106.36|113.28
2024-09-16|XEL|Multi-Utilities - Utilities|1|58.96|64.56
2024-09-16|WY|Timber REITs - Real Estate|1|30.02|32.51
2024-09-16|XEL|Multi-Utilities - Utilities|1|59.98|64.56
2024-09-16|WY|Timber REITs - Real Estate|1|30.26|32.51
2024-09-16|NFLX|Movies & Entertainment - Communication Services|10|69.25|69.65
2024-09-16|XEL|Multi-Utilities - Utilities|1|61.39|64.56
2024-09-16|LYV|Movies & Entertainment - Communication Services|5|95.34|101.52
2024-09-16|CTVA|Fertilizers & Agricultural Chemicals - Materials|9|55.57|56.27
2024-09-16|TTWO|Interactive Home Entertainment - Communication Services|7|158.04|152.45
2024-09-16|MET|Life & Health Insurance - Financials|1|77.52|77.38
2024-09-16|TSCO|Other Specialty Retail - Consumer Discretionary|1|54.54|56.68
2024-09-16|TGT|Consumer Staples Merchandise Retail - Consumer Staples|1|151.9|152.84
2024-09-16|LUV|Passenger Airlines - Industrials|1|29.81|28.54
2024-09-16|RJF|Investment Banking & Brokerage - Financials|10|115.2|119.73
2024-09-16|TRMB|Electronic Equipment & Instruments - Information Technology|4|54.15|58.41
2024-09-16|WY|Timber REITs - Real Estate|1|30.27|32.51
2024-09-16|ORCL|Application Software - Information Technology|7|155.89|170.33
2024-09-16|CHD|Household Products - Consumer Staples|2|105.94|105.22
2024-09-16|WY|Timber REITs - Real Estate|1|30.89|32.51
2024-09-16|BKNG|Hotels, Resorts & Cruise Lines - Consumer Discretionary|3|153.1|159.16
2024-09-16|ROP|Electronic Equipment & Instruments - Information Technology|1|549.84|556.56
2024-09-16|CZR|Casinos & Gaming - Consumer Discretionary|8|36.35|39.43
2024-09-16|WY|Timber REITs - Real Estate|1|32.45|32.51
2024-09-16|CMG|Restaurants - Consumer Discretionary|1|57.66|57.66
2024-09-16|WBD|Broadcasting - Communication Services|1|8.56|8.56
2024-09-17|GEN|Systems Software - Information Technology|10|24.47|26.46
2024-09-17|HLT|Hotels, Resorts & Cruise Lines - Consumer Discretionary|3|210.32|220.38
2024-09-17|TFC|Diversified Banks - Financials|2|41.4|41.88
2024-09-17|ZTS|Pharmaceuticals - Health Care|1|179.38|195.71
2024-09-17|WY|Timber REITs - Real Estate|1|30.26|33.25
2024-09-17|MAS|Building Products - Industrials|12|75.84|81.25
2024-09-17|SWK|Industrial Machinery & Supplies & Components - Industrials|5|96.43|103.0
2024-09-17|HAS|Leisure Products - Consumer Discretionary|17|64.46|70.42
2024-09-17|PPL|Electric Utilities - Utilities|1|29.72|32.4
2024-09-17|CAG|Packaged Foods & Meats - Consumer Staples|2|30.25|32.56
2024-09-17|DHR|Life Sciences Tools & Services - Health Care|1|276.75|272.47
2024-09-17|PEP|Soft Drinks & Non-alcoholic Beverages - Consumer Staples|2|174.04|176.87
2024-09-17|WY|Timber REITs - Real Estate|1|31.1|33.25
2024-09-17|CAH|Health Care Distributors - Health Care|3|106.36|111.32
2024-09-17|XEL|Multi-Utilities - Utilities|1|58.96|64.5
2024-09-17|XEL|Multi-Utilities - Utilities|1|59.98|64.5
2024-09-17|WY|Timber REITs - Real Estate|1|30.26|33.25
2024-09-17|NFLX|Movies & Entertainment - Communication Services|10|69.25|70.69
2024-09-17|XEL|Multi-Utilities - Utilities|1|61.39|64.5
2024-09-17|LYV|Movies & Entertainment - Communication Services|5|95.34|102.92
2024-09-17|CTVA|Fertilizers & Agricultural Chemicals - Materials|9|55.57|57.04
2024-09-17|TTWO|Interactive Home Entertainment - Communication Services|7|158.04|152.71
2024-09-17|MET|Life & Health Insurance - Financials|1|77.52|78.28
2024-09-17|TSCO|Other Specialty Retail - Consumer Discretionary|1|54.54|55.35
2024-09-17|TGT|Consumer Staples Merchandise Retail - Consumer Staples|1|151.9|151.96
2024-09-17|LUV|Passenger Airlines - Industrials|1|29.81|28.44
2024-09-17|RJF|Investment Banking & Brokerage - Financials|10|115.2|120.68
2024-09-17|TRMB|Electronic Equipment & Instruments - Information Technology|4|54.15|58.31
2024-09-17|WY|Timber REITs - Real Estate|1|30.27|33.25
2024-09-17|ORCL|Application Software - Information Technology|7|155.89|167.47
2024-09-17|CHD|Household Products - Consumer Staples|2|105.94|103.82
2024-09-17|WY|Timber REITs - Real Estate|1|30.89|33.25
2024-09-17|BKNG|Hotels, Resorts & Cruise Lines - Consumer Discretionary|3|153.1|161.7
2024-09-17|ROP|Electronic Equipment & Instruments - Information Technology|1|549.84|551.83
2024-09-17|WY|Timber REITs - Real Estate|1|32.45|33.25
2024-09-17|CMG|Restaurants - Consumer Discretionary|1|57.66|58.5
2024-09-17|WBD|Broadcasting - Communication Services|1|8.56|8.45
2024-09-17|DAL|Passenger Airlines - Industrials|7|46.68|46.68
2024-09-17|NCLH|Hotels, Resorts & Cruise Lines - Consumer Discretionary|1|19.76|19.76
2024-09-17|WBD|Broadcasting - Communication Services|1|8.45|8.45
2024-09-18|GEN|Systems Software - Information Technology|10|24.47|26.58
2024-09-18|HLT|Hotels, Resorts & Cruise Lines - Consumer Discretionary|3|210.32|220.98
2024-09-18|TFC|Diversified Banks - Financials|2|41.4|42.02
2024-09-18|ZTS|Pharmaceuticals - Health Care|1|179.38|196.48
2024-09-18|WY|Timber REITs - Real Estate|1|30.26|33.1
2024-09-18|MAS|Building Products - Industrials|12|75.84|81.69
2024-09-18|SWK|Industrial Machinery & Supplies & Components - Industrials|5|96.43|104.87
2024-09-18|PPL|Electric Utilities - Utilities|1|29.72|32.15
2024-09-18|CAG|Packaged Foods & Meats - Consumer Staples|2|30.25|32.73
2024-09-18|DHR|Life Sciences Tools & Services - Health Care|1|276.75|271.9
2024-09-18|PEP|Soft Drinks & Non-alcoholic Beverages - Consumer Staples|2|174.04|175.21
2024-09-18|WY|Timber REITs - Real Estate|1|31.1|33.1
2024-09-18|CAH|Health Care Distributors - Health Care|3|106.36|111.41
2024-09-18|XEL|Multi-Utilities - Utilities|1|58.96|64.36
2024-09-18|XEL|Multi-Utilities - Utilities|1|59.98|64.36
2024-09-18|WY|Timber REITs - Real Estate|1|30.26|33.1
2024-09-18|NFLX|Movies & Entertainment - Communication Services|10|69.25|69.05
2024-09-18|XEL|Multi-Utilities - Utilities|1|61.39|64.36
2024-09-18|LYV|Movies & Entertainment - Communication Services|5|95.34|102.8
2024-09-18|CTVA|Fertilizers & Agricultural Chemicals - Materials|9|55.57|57.44
2024-09-18|TTWO|Interactive Home Entertainment - Communication Services|7|158.04|153.33
2024-09-18|MET|Life & Health Insurance - Financials|1|77.52|79.25
2024-09-18|TSCO|Other Specialty Retail - Consumer Discretionary|1|54.54|55.1
2024-09-18|TGT|Consumer Staples Merchandise Retail - Consumer Staples|1|151.9|153.6
2024-09-18|LUV|Passenger Airlines - Industrials|1|29.81|28.9
2024-09-18|RJF|Investment Banking & Brokerage - Financials|10|115.2|121.12
2024-09-18|TRMB|Electronic Equipment & Instruments - Information Technology|4|54.15|58.05
2024-09-18|WY|Timber REITs - Real Estate|1|30.27|33.1
2024-09-18|ORCL|Application Software - Information Technology|7|155.89|164.53
2024-09-18|CHD|Household Products - Consumer Staples|2|105.94|102.61
2024-09-18|WY|Timber REITs - Real Estate|1|30.89|33.1
2024-09-18|BKNG|Hotels, Resorts & Cruise Lines - Consumer Discretionary|3|153.1|161.13
2024-09-18|ROP|Electronic Equipment & Instruments - Information Technology|1|549.84|549.93
2024-09-18|WY|Timber REITs - Real Estate|1|32.45|33.1
2024-09-18|CMG|Restaurants - Consumer Discretionary|1|57.66|56.93
2024-09-18|WBD|Broadcasting - Communication Services|1|8.56|8.42
2024-09-18|DAL|Passenger Airlines - Industrials|7|46.68|46.92
2024-09-18|NCLH|Hotels, Resorts & Cruise Lines - Consumer Discretionary|1|19.76|19.84
2024-09-18|WBD|Broadcasting - Communication Services|1|8.45|8.42
2024-09-18|ALGN|Health Care Supplies - Health Care|4|253.01|253.01
2024-09-18|HST|Hotel & Resort REITs - Real Estate|11|17.88|17.88
2024-09-19|GEN|Systems Software - Information Technology|10|24.47|26.87
2024-09-19|HLT|Hotels, Resorts & Cruise Lines - Consumer Discretionary|3|210.32|225.54
2024-09-19|TFC|Diversified Banks - Financials|2|41.4|42.93
2024-09-19|ZTS|Pharmaceuticals - Health Care|1|179.38|193.24
2024-09-19|MAS|Building Products - Industrials|12|75.84|83.24
2024-09-19|PPL|Electric Utilities - Utilities|1|29.72|31.79
2024-09-19|CAG|Packaged Foods & Meats - Consumer Staples|2|30.25|32.39
2024-09-19|DHR|Life Sciences Tools & Services - Health Care|1|276.75|276.43
2024-09-19|PEP|Soft Drinks & Non-alcoholic Beverages - Consumer Staples|2|174.04|174.66
2024-09-19|WY|Timber REITs - Real Estate|1|31.1|33.59
2024-09-19|CAH|Health Care Distributors - Health Care|3|106.36|110.76
2024-09-19|XEL|Multi-Utilities - Utilities|1|58.96|64.06
2024-09-19|XEL|Multi-Utilities - Utilities|1|59.98|64.06
2024-09-19|NFLX|Movies & Entertainment - Communication Services|10|69.25|70.43
2024-09-19|XEL|Multi-Utilities - Utilities|1|61.39|64.06
2024-09-19|LYV|Movies & Entertainment - Communication Services|5|95.34|104.32
2024-09-19|CTVA|Fertilizers & Agricultural Chemicals - Materials|9|55.57|58.6
2024-09-19|TTWO|Interactive Home Entertainment - Communication Services|7|158.04|153.66
2024-09-19|MET|Life & Health Insurance - Financials|1|77.52|81.09
2024-09-19|TSCO|Other Specialty Retail - Consumer Discretionary|1|54.54|54.79
2024-09-19|TGT|Consumer Staples Merchandise Retail - Consumer Staples|1|151.9|156.49
2024-09-19|LUV|Passenger Airlines - Industrials|1|29.81|28.94
2024-09-19|RJF|Investment Banking & Brokerage - Financials|10|115.2|124.11
2024-09-19|ORCL|Application Software - Information Technology|7|155.89|167.59
2024-09-19|CHD|Household Products - Consumer Staples|2|105.94|101.58
2024-09-19|WY|Timber REITs - Real Estate|1|30.89|33.59
2024-09-19|BKNG|Hotels, Resorts & Cruise Lines - Consumer Discretionary|3|153.1|160.7
2024-09-19|ROP|Electronic Equipment & Instruments - Information Technology|1|549.84|560.86
2024-09-19|WY|Timber REITs - Real Estate|1|32.45|33.59
2024-09-19|CMG|Restaurants - Consumer Discretionary|1|57.66|57.97
2024-09-19|WBD|Broadcasting - Communication Services|1|8.56|8.4
2024-09-19|DAL|Passenger Airlines - Industrials|7|46.68|47.13
2024-09-19|NCLH|Hotels, Resorts & Cruise Lines - Consumer Discretionary|1|19.76|20.21
2024-09-19|WBD|Broadcasting - Communication Services|1|8.45|8.4
2024-09-19|ALGN|Health Care Supplies - Health Care|4|253.01|257.17
2024-09-19|HST|Hotel & Resort REITs - Real Estate|11|17.88|18.53
2024-09-19|ADI|Semiconductors - Information Technology|3|233.45|233.45
2024-09-19|SYF|Consumer Finance - Financials|3|51.03|51.03
2024-09-19|CNP|Multi-Utilities - Utilities|1|28.26|28.26
2024-09-20|GEN|Systems Software - Information Technology|10|24.47|26.48
2024-09-20|HLT|Hotels, Resorts & Cruise Lines - Consumer Discretionary|3|210.32|224.64
2024-09-20|TFC|Diversified Banks - Financials|2|41.4|42.32
2024-09-20|ZTS|Pharmaceuticals - Health Care|1|179.38|192.64
2024-09-20|MAS|Building Products - Industrials|12|75.84|82.11
2024-09-20|PPL|Electric Utilities - Utilities|1|29.72|32.46
2024-09-20|CAG|Packaged Foods & Meats - Consumer Staples|2|30.25|32.3
2024-09-20|DHR|Life Sciences Tools & Services - Health Care|1|276.75|272.63
2024-09-20|PEP|Soft Drinks & Non-alcoholic Beverages - Consumer Staples|2|174.04|171.18
2024-09-20|WY|Timber REITs - Real Estate|1|31.1|33.24
2024-09-20|CAH|Health Care Distributors - Health Care|3|106.36|111.84
2024-09-20|XEL|Multi-Utilities - Utilities|1|58.96|64.13
2024-09-20|XEL|Multi-Utilities - Utilities|1|59.98|64.13
2024-09-20|NFLX|Movies & Entertainment - Communication Services|10|69.25|70.1
2024-09-20|XEL|Multi-Utilities - Utilities|1|61.39|64.13
2024-09-20|LYV|Movies & Entertainment - Communication Services|5|95.34|103.64
2024-09-20|CTVA|Fertilizers & Agricultural Chemicals - Materials|9|55.57|57.58
2024-09-20|MET|Life & Health Insurance - Financials|1|77.52|80.85
2024-09-20|TSCO|Other Specialty Retail - Consumer Discretionary|1|54.54|54.98
2024-09-20|TGT|Consumer Staples Merchandise Retail - Consumer Staples|1|151.9|154.75
2024-09-20|LUV|Passenger Airlines - Industrials|1|29.81|29.04
2024-09-20|RJF|Investment Banking & Brokerage - Financials|10|115.2|124.31
2024-09-20|ORCL|Application Software - Information Technology|7|155.89|168.0
2024-09-20|CHD|Household Products - Consumer Staples|2|105.94|103.4
2024-09-20|WY|Timber REITs - Real Estate|1|30.89|33.24
2024-09-20|BKNG|Hotels, Resorts & Cruise Lines - Consumer Discretionary|3|153.1|162.56
2024-09-20|ROP|Electronic Equipment & Instruments - Information Technology|1|549.84|558.04
2024-09-20|WY|Timber REITs - Real Estate|1|32.45|33.24
2024-09-20|CMG|Restaurants - Consumer Discretionary|1|57.66|57.23
2024-09-20|WBD|Broadcasting - Communication Services|1|8.56|8.24
2024-09-20|DAL|Passenger Airlines - Industrials|7|46.68|46.94
2024-09-20|NCLH|Hotels, Resorts & Cruise Lines - Consumer Discretionary|1|19.76|20.89
2024-09-20|WBD|Broadcasting - Communication Services|1|8.45|8.24
2024-09-20|ALGN|Health Care Supplies - Health Care|4|253.01|252.85
2024-09-20|HST|Hotel & Resort REITs - Real Estate|11|17.88|18.73
2024-09-20|ADI|Semiconductors - Information Technology|3|233.45|226.78
2024-09-20|SYF|Consumer Finance - Financials|3|51.03|50.58
2024-09-20|CNP|Multi-Utilities - Utilities|1|28.26|28.17
2024-09-20|ETN|Electrical Components & Equipment - Industrials|3|330.6|330.6
2024-09-20|MNST|Soft Drinks & Non-alcoholic Beverages - Consumer Staples|1|51.18|51.18
2024-09-23|GEN|Systems Software - Information Technology|10|24.47|26.81
2024-09-23|HLT|Hotels, Resorts & Cruise Lines - Consumer Discretionary|3|210.32|224.66
2024-09-23|TFC|Diversified Banks - Financials|2|41.4|42.19
2024-09-23|ZTS|Pharmaceuticals - Health Care|1|179.38|193.59
2024-09-23|MAS|Building Products - Industrials|12|75.84|82.52
2024-09-23|CAG|Packaged Foods & Meats - Consumer Staples|2|30.25|32.31
2024-09-23|DHR|Life Sciences Tools & Services - Health Care|1|276.75|273.15
2024-09-23|PEP|Soft Drinks & Non-alcoholic Beverages - Consumer Staples|2|174.04|172.11
2024-09-23|WY|Timber REITs - Real Estate|1|31.1|33.55
2024-09-23|CAH|Health Care Distributors - Health Care|3|106.36|111.84
2024-09-23|XEL|Multi-Utilities - Utilities|1|58.96|63.96
2024-09-23|XEL|Multi-Utilities - Utilities|1|59.98|63.96
2024-09-23|NFLX|Movies & Entertainment - Communication Services|10|69.25|70.54
2024-09-23|XEL|Multi-Utilities - Utilities|1|61.39|63.96
2024-09-23|LYV|Movies & Entertainment - Communication Services|5|95.34|104.66
2024-09-23|CTVA|Fertilizers & Agricultural Chemicals - Materials|9|55.57|58.0
2024-09-23|MET|Life & Health Insurance - Financials|1|77.52|81.46
2024-09-23|TSCO|Other Specialty Retail - Consumer Discretionary|1|54.54|55.37
2024-09-23|TGT|Consumer Staples Merchandise Retail - Consumer Staples|1|151.9|155.29
2024-09-23|LUV|Passenger Airlines - Industrials|1|29.81|29.63
2024-09-23|RJF|Investment Banking & Brokerage - Financials|10|115.2|124.68
2024-09-23|ORCL|Application Software - Information Technology|7|155.89|165.95
2024-09-23|CHD|Household Products - Consumer Staples|2|105.94|103.52
2024-09-23|WY|Timber REITs - Real Estate|1|30.89|33.55
2024-09-23|BKNG|Hotels, Resorts & Cruise Lines - Consumer Discretionary|3|153.1|163.88
2024-09-23|ROP|Electronic Equipment & Instruments - Information Technology|1|549.84|557.75
2024-09-23|WY|Timber REITs - Real Estate|1|32.45|33.55
2024-09-23|CMG|Restaurants - Consumer Discretionary|1|57.66|58.29
2024-09-23|WBD|Broadcasting - Communication Services|1|8.56|8.16
2024-09-23|DAL|Passenger Airlines - Industrials|7|46.68|47.16
2024-09-23|NCLH|Hotels, Resorts & Cruise Lines - Consumer Discretionary|1|19.76|20.99
2024-09-23|WBD|Broadcasting - Communication Services|1|8.45|8.16
2024-09-23|ALGN|Health Care Supplies - Health Care|4|253.01|253.16
2024-09-23|HST|Hotel & Resort REITs - Real Estate|11|17.88|18.63
2024-09-23|ADI|Semiconductors - Information Technology|3|233.45|226.01
2024-09-23|SYF|Consumer Finance - Financials|3|51.03|49.7
2024-09-23|CNP|Multi-Utilities - Utilities|1|28.26|28.93
2024-09-23|ETN|Electrical Components & Equipment - Industrials|3|330.6|329.79
2024-09-23|MNST|Soft Drinks & Non-alcoholic Beverages - Consumer Staples|1|51.18|52.33
2024-09-23|WY|Timber REITs - Real Estate|1|33.55|33.55
2024-09-24|HLT|Hotels, Resorts & Cruise Lines - Consumer Discretionary|3|210.32|228.47
2024-09-24|TFC|Diversified Banks - Financials|2|41.4|41.98
2024-09-24|ZTS|Pharmaceuticals - Health Care|1|179.38|193.69
2024-09-24|MAS|Building Products - Industrials|12|75.84|83.05
2024-09-24|CAG|Packaged Foods & Meats - Consumer Staples|2|30.25|32.32
2024-09-24|DHR|Life Sciences Tools & Services - Health Care|1|276.75|274.2
2024-09-24|PEP|Soft Drinks & Non-alcoholic Beverages - Consumer Staples|2|174.04|169.92
2024-09-24|WY|Timber REITs - Real Estate|1|31.1|33.78
2024-09-24|CAH|Health Care Distributors - Health Care|3|106.36|110.19
2024-09-24|XEL|Multi-Utilities - Utilities|1|58.96|64.17
2024-09-24|XEL|Multi-Utilities - Utilities|1|59.98|64.17
2024-09-24|NFLX|Movies & Entertainment - Communication Services|10|69.25|72.23
2024-09-24|XEL|Multi-Utilities - Utilities|1|61.39|64.17
2024-09-24|CTVA|Fertilizers & Agricultural Chemicals - Materials|9|55.57|57.85
2024-09-24|MET|Life & Health Insurance - Financials|1|77.52|80.45
2024-09-24|TSCO|Other Specialty Retail - Consumer Discretionary|1|54.54|55.51
2024-09-24|TGT|Consumer Staples Merchandise Retail - Consumer Staples|1|151.9|156.18
2024-09-24|LUV|Passenger Airlines - Industrials|1|29.81|29.75
2024-09-24|RJF|Investment Banking & Brokerage - Financials|10|115.2|124.16
2024-09-24|ORCL|Application Software - Information Technology|7|155.89|165.8
2024-09-24|CHD|Household Products - Consumer Staples|2|105.94|103.14
2024-09-24|WY|Timber REITs - Real Estate|1|30.89|33.78
2024-09-24|BKNG|Hotels, Resorts & Cruise Lines - Consumer Discretionary|3|153.1|167.1
2024-09-24|ROP|Electronic Equipment & Instruments - Information Technology|1|549.84|551.98
2024-09-24|WY|Timber REITs - Real Estate|1|32.45|33.78
2024-09-24|CMG|Restaurants - Consumer Discretionary|1|57.66|57.96
2024-09-24|WBD|Broadcasting - Communication Services|1|8.56|8.32
2024-09-24|DAL|Passenger Airlines - Industrials|7|46.68|47.8
2024-09-24|NCLH|Hotels, Resorts & Cruise Lines - Consumer Discretionary|1|19.76|20.96
2024-09-24|WBD|Broadcasting - Communication Services|1|8.45|8.32
2024-09-24|ALGN|Health Care Supplies - Health Care|4|253.01|249.01
2024-09-24|HST|Hotel & Resort REITs - Real Estate|11|17.88|18.68
2024-09-24|ADI|Semiconductors - Information Technology|3|233.45|227.33
2024-09-24|CNP|Multi-Utilities - Utilities|1|28.26|28.68
2024-09-24|ETN|Electrical Components & Equipment - Industrials|3|330.6|327.39
2024-09-24|MNST|Soft Drinks & Non-alcoholic Beverages - Consumer Staples|1|51.18|52.45
2024-09-24|WY|Timber REITs - Real Estate|1|33.55|33.78
2024-09-24|CRWD|Systems Software - Information Technology|3|288.54|288.54
2024-09-24|LW|Packaged Foods & Meats - Consumer Staples|1|64.84|64.84
2024-09-24|WBD|Broadcasting - Communication Services|2|8.32|8.32
2024-09-26|TFC|Diversified Banks - Financials|2|41.4|42.33
2024-09-26|ZTS|Pharmaceuticals - Health Care|1|179.38|194.87
2024-09-26|MAS|Building Products - Industrials|12|75.84|83.15
2024-09-26|CAG|Packaged Foods & Meats - Consumer Staples|2|30.25|32.49
2024-09-26|DHR|Life Sciences Tools & Services - Health Care|1|276.75|276.93
2024-09-26|PEP|Soft Drinks & Non-alcoholic Beverages - Consumer Staples|2|174.04|169.69
2024-09-26|WY|Timber REITs - Real Estate|1|31.1|33.16
2024-09-26|CAH|Health Care Distributors - Health Care|3|106.36|109.23
2024-09-26|XEL|Multi-Utilities - Utilities|1|58.96|63.98
2024-09-26|XEL|Multi-Utilities - Utilities|1|59.98|63.98
2024-09-26|NFLX|Movies & Entertainment - Communication Services|10|69.25|71.14
2024-09-26|XEL|Multi-Utilities - Utilities|1|61.39|63.98
2024-09-26|CTVA|Fertilizers & Agricultural Chemicals - Materials|9|55.57|58.02
2024-09-26|MET|Life & Health Insurance - Financials|1|77.52|81.54
2024-09-26|TSCO|Other Specialty Retail - Consumer Discretionary|1|54.54|57.06
2024-09-26|TGT|Consumer Staples Merchandise Retail - Consumer Staples|1|151.9|155.98
2024-09-26|LUV|Passenger Airlines - Industrials|1|29.81|29.93
2024-09-26|RJF|Investment Banking & Brokerage - Financials|10|115.2|122.52
2024-09-26|ORCL|Application Software - Information Technology|7|155.89|168.1
2024-09-26|CHD|Household Products - Consumer Staples|2|105.94|102.91
2024-09-26|WY|Timber REITs - Real Estate|1|30.89|33.16
2024-09-26|ROP|Electronic Equipment & Instruments - Information Technology|1|549.84|552.5
2024-09-26|WY|Timber REITs - Real Estate|1|32.45|33.16
2024-09-26|CMG|Restaurants - Consumer Discretionary|1|57.66|58.05
2024-09-26|WBD|Broadcasting - Communication Services|1|8.56|8.3
2024-09-26|NCLH|Hotels, Resorts & Cruise Lines - Consumer Discretionary|1|19.76|21.08
2024-09-26|WBD|Broadcasting - Communication Services|1|8.45|8.3
2024-09-26|ALGN|Health Care Supplies - Health Care|4|253.01|249.46
2024-09-26|HST|Hotel & Resort REITs - Real Estate|11|17.88|18.24
2024-09-26|ADI|Semiconductors - Information Technology|3|233.45|232.46
2024-09-26|CNP|Multi-Utilities - Utilities|1|28.26|28.94
2024-09-26|ETN|Electrical Components & Equipment - Industrials|3|330.6|333.02
2024-09-26|MNST|Soft Drinks & Non-alcoholic Beverages - Consumer Staples|1|51.18|52.01
2024-09-26|WY|Timber REITs - Real Estate|1|33.55|33.16
2024-09-26|CRWD|Systems Software - Information Technology|3|288.54|281.48
2024-09-26|LW|Packaged Foods & Meats - Consumer Staples|1|64.84|66.5
2024-09-26|WBD|Broadcasting - Communication Services|2|8.32|8.3
2024-09-26|WYNN|Casinos & Gaming - Consumer Discretionary|13|91.03|91.03
2024-09-26|WDC|Technology Hardware, Storage & Peripherals - Information Technology|7|53.26|53.26
2024-09-26|WBD|Broadcasting - Communication Services|2|8.3|8.3
2024-09-27|TFC|Diversified Banks - Financials|2|41.4|42.52
2024-09-27|ZTS|Pharmaceuticals - Health Care|1|179.38|194.81
2024-09-27|CAG|Packaged Foods & Meats - Consumer Staples|2|30.25|32.47
2024-09-27|DHR|Life Sciences Tools & Services - Health Care|1|276.75|275.44
2024-09-27|PEP|Soft Drinks & Non-alcoholic Beverages - Consumer Staples|2|174.04|170.0
2024-09-27|WY|Timber REITs - Real Estate|1|31.1|33.75
2024-09-27|CAH|Health Care Distributors - Health Care|3|106.36|109.79
2024-09-27|XEL|Multi-Utilities - Utilities|1|58.96|64.57
2024-09-27|XEL|Multi-Utilities - Utilities|1|59.98|64.57
2024-09-27|NFLX|Movies & Entertainment - Communication Services|10|69.25|70.74
2024-09-27|XEL|Multi-Utilities - Utilities|1|61.39|64.57
2024-09-27|CTVA|Fertilizers & Agricultural Chemicals - Materials|9|55.57|58.58
2024-09-27|MET|Life & Health Insurance - Financials|1|77.52|82.48
2024-09-27|TSCO|Other Specialty Retail - Consumer Discretionary|1|54.54|57.23
2024-09-27|TGT|Consumer Staples Merchandise Retail - Consumer Staples|1|151.9|155.18
2024-09-27|LUV|Passenger Airlines - Industrials|1|29.81|29.53
2024-09-27|RJF|Investment Banking & Brokerage - Financials|10|115.2|122.46
2024-09-27|ORCL|Application Software - Information Technology|7|155.89|168.74
2024-09-27|CHD|Household Products - Consumer Staples|2|105.94|104.39
2024-09-27|WY|Timber REITs - Real Estate|1|30.89|33.75
2024-09-27|ROP|Electronic Equipment & Instruments - Information Technology|1|549.84|553.8
2024-09-27|WY|Timber REITs - Real Estate|1|32.45|33.75
2024-09-27|CMG|Restaurants - Consumer Discretionary|1|57.66|57.34
2024-09-27|WBD|Broadcasting - Communication Services|1|8.56|8.38
2024-09-27|NCLH|Hotels, Resorts & Cruise Lines - Consumer Discretionary|1|19.76|20.95
2024-09-27|WBD|Broadcasting - Communication Services|1|8.45|8.38
2024-09-27|ALGN|Health Care Supplies - Health Care|4|253.01|254.81
2024-09-27|HST|Hotel & Resort REITs - Real Estate|11|17.88|18.13
2024-09-27|ADI|Semiconductors - Information Technology|3|233.45|232.05
2024-09-27|CNP|Multi-Utilities - Utilities|1|28.26|29.1
2024-09-27|ETN|Electrical Components & Equipment - Industrials|3|330.6|328.45
2024-09-27|MNST|Soft Drinks & Non-alcoholic Beverages - Consumer Staples|1|51.18|52.46
2024-09-27|WY|Timber REITs - Real Estate|1|33.55|33.75
2024-09-27|CRWD|Systems Software - Information Technology|3|288.54|285.86
2024-09-27|LW|Packaged Foods & Meats - Consumer Staples|1|64.84|66.8
2024-09-27|WBD|Broadcasting - Communication Services|2|8.32|8.38
2024-09-27|WYNN|Casinos & Gaming - Consumer Discretionary|13|91.03|97.62
2024-09-27|WDC|Technology Hardware, Storage & Peripherals - Information Technology|7|53.26|52.47
2024-09-27|WBD|Broadcasting - Communication Services|2|8.3|8.38
2024-09-27|UPS|Air Freight & Logistics - Industrials|7|134.26|134.26
2024-09-27|WBD|Broadcasting - Communication Services|8|8.38|8.38
2024-09-30|TFC|Diversified Banks - Financials|2|41.4|42.77
2024-09-30|ZTS|Pharmaceuticals - Health Care|1|179.38|195.38
2024-09-30|CAG|Packaged Foods & Meats - Consumer Staples|2|30.25|32.52
2024-09-30|DHR|Life Sciences Tools & Services - Health Care|1|276.75|278.02
2024-09-30|PEP|Soft Drinks & Non-alcoholic Beverages - Consumer Staples|2|174.04|170.05
2024-09-30|WY|Timber REITs - Real Estate|1|31.1|33.86
2024-09-30|CAH|Health Care Distributors - Health Care|3|106.36|110.52
2024-09-30|XEL|Multi-Utilities - Utilities|1|59.98|65.3
2024-09-30|NFLX|Movies & Entertainment - Communication Services|10|69.25|70.93
2024-09-30|XEL|Multi-Utilities - Utilities|1|61.39|65.3
2024-09-30|CTVA|Fertilizers & Agricultural Chemicals - Materials|9|55.57|58.79
2024-09-30|MET|Life & Health Insurance - Financials|1|77.52|82.48
2024-09-30|TSCO|Other Specialty Retail - Consumer Discretionary|1|54.54|58.19
2024-09-30|TGT|Consumer Staples Merchandise Retail - Consumer Staples|1|151.9|155.86
2024-09-30|LUV|Passenger Airlines - Industrials|1|29.81|29.63
2024-09-30|RJF|Investment Banking & Brokerage - Financials|10|115.2|122.46
2024-09-30|ORCL|Application Software - Information Technology|7|155.89|170.4
2024-09-30|CHD|Household Products - Consumer Staples|2|105.94|104.72
2024-09-30|WY|Timber REITs - Real Estate|1|30.89|33.86
2024-09-30|ROP|Electronic Equipment & Instruments - Information Technology|1|549.84|556.44
2024-09-30|WY|Timber REITs - Real Estate|1|32.45|33.86
2024-09-30|CMG|Restaurants - Consumer Discretionary|1|57.66|57.62
2024-09-30|WBD|Broadcasting - Communication Services|1|8.56|8.25
2024-09-30|NCLH|Hotels, Resorts & Cruise Lines - Consumer Discretionary|1|19.76|20.51
2024-09-30|WBD|Broadcasting - Communication Services|1|8.45|8.25
2024-09-30|ALGN|Health Care Supplies - Health Care|4|253.01|254.32
2024-09-30|HST|Hotel & Resort REITs - Real Estate|11|17.88|17.6
2024-09-30|ADI|Semiconductors - Information Technology|3|233.45|230.17
2024-09-30|CNP|Multi-Utilities - Utilities|1|28.26|29.42
2024-09-30|ETN|Electrical Components & Equipment - Industrials|3|330.6|331.44
2024-09-30|MNST|Soft Drinks & Non-alcoholic Beverages - Consumer Staples|1|51.18|52.17
2024-09-30|WY|Timber REITs - Real Estate|1|33.55|33.86
2024-09-30|CRWD|Systems Software - Information Technology|3|288.54|280.47
2024-09-30|LW|Packaged Foods & Meats - Consumer Staples|1|64.84|64.74
2024-09-30|WBD|Broadcasting - Communication Services|2|8.32|8.25
2024-09-30|WYNN|Casinos & Gaming - Consumer Discretionary|13|91.03|95.88
2024-09-30|WDC|Technology Hardware, Storage & Peripherals - Information Technology|7|53.26|51.62
2024-09-30|WBD|Broadcasting - Communication Services|2|8.3|8.25
2024-09-30|UPS|Air Freight & Logistics - Industrials|7|134.26|136.34
2024-09-30|WBD|Broadcasting - Communication Services|8|8.38|8.25
2024-09-30|BAC|Diversified Banks - Financials|1|39.68|39.68
2024-09-30|WBD|Broadcasting - Communication Services|3|8.25|8.25
2024-10-01|TFC|Diversified Banks - Financials|2|41.4|41.72
2024-10-01|ZTS|Pharmaceuticals - Health Care|1|179.38|194.42
2024-10-01|CAG|Packaged Foods & Meats - Consumer Staples|2|30.25|32.72
2024-10-01|DHR|Life Sciences Tools & Services - Health Care|1|276.75|274.56
2024-10-01|PEP|Soft Drinks & Non-alcoholic Beverages - Consumer Staples|2|174.04|171.38
2024-10-01|WY|Timber REITs - Real Estate|1|31.1|33.7
2024-10-01|CAH|Health Care Distributors - Health Care|3|106.36|110.33
2024-10-01|XEL|Multi-Utilities - Utilities|1|59.98|65.32
2024-10-01|NFLX|Movies & Entertainment - Communication Services|10|69.25|70.61
2024-10-01|XEL|Multi-Utilities - Utilities|1|61.39|65.32
2024-10-01|CTVA|Fertilizers & Agricultural Chemicals - Materials|9|55.57|57.99
2024-10-01|MET|Life & Health Insurance - Financials|1|77.52|81.78
2024-10-01|TSCO|Other Specialty Retail - Consumer Discretionary|1|54.54|59.03
2024-10-01|TGT|Consumer Staples Merchandise Retail - Consumer Staples|1|151.9|152.2
2024-10-01|LUV|Passenger Airlines - Industrials|1|29.81|29.88
2024-10-01|RJF|Investment Banking & Brokerage - Financials|10|115.2|123.0
2024-10-01|ORCL|Application Software - Information Technology|7|155.89|167.16
2024-10-01|CHD|Household Products - Consumer Staples|2|105.94|104.48
2024-10-01|WY|Timber REITs - Real Estate|1|30.89|33.7
2024-10-01|ROP|Electronic Equipment & Instruments - Information Technology|1|549.84|548.27
2024-10-01|WY|Timber REITs - Real Estate|1|32.45|33.7
2024-10-01|CMG|Restaurants - Consumer Discretionary|1|57.66|57.17
2024-10-01|WBD|Broadcasting - Communication Services|1|8.56|8.16
2024-10-01|NCLH|Hotels, Resorts & Cruise Lines - Consumer Discretionary|1|19.76|19.91
2024-10-01|WBD|Broadcasting - Communication Services|1|8.45|8.16
2024-10-01|ALGN|Health Care Supplies - Health Care|4|253.01|245.35
2024-10-01|HST|Hotel & Resort REITs - Real Estate|11|17.88|17.55
2024-10-01|ADI|Semiconductors - Information Technology|3|233.45|223.67
2024-10-01|CNP|Multi-Utilities - Utilities|1|28.26|29.89
2024-10-01|ETN|Electrical Components & Equipment - Industrials|3|330.6|327.58
2024-10-01|MNST|Soft Drinks & Non-alcoholic Beverages - Consumer Staples|1|51.18|51.59
2024-10-01|WY|Timber REITs - Real Estate|1|33.55|33.7
2024-10-01|CRWD|Systems Software - Information Technology|3|288.54|275.15
2024-10-01|LW|Packaged Foods & Meats - Consumer Staples|1|64.84|64.91
2024-10-01|WBD|Broadcasting - Communication Services|2|8.32|8.16
2024-10-01|WYNN|Casinos & Gaming - Consumer Discretionary|13|91.03|99.45
2024-10-01|WBD|Broadcasting - Communication Services|2|8.3|8.16
2024-10-01|UPS|Air Freight & Logistics - Industrials|7|134.26|133.27
2024-10-01|WBD|Broadcasting - Communication Services|8|8.38|8.16
2024-10-01|BAC|Diversified Banks - Financials|1|39.68|39.22
2024-10-01|WBD|Broadcasting - Communication Services|3|8.25|8.16
2024-10-01|TER|Semiconductor Materials & Equipment - Information Technology|2|128.99|128.99
2024-10-01|TECH|Life Sciences Tools & Services - Health Care|1|78.17|78.17
2024-10-01|WBD|Broadcasting - Communication Services|2|8.16|8.16
2024-10-02|TFC|Diversified Banks - Financials|2|41.4|41.77
2024-10-02|ZTS|Pharmaceuticals - Health Care|1|179.38|192.46
2024-10-02|CAG|Packaged Foods & Meats - Consumer Staples|2|30.25|30.08
2024-10-02|DHR|Life Sciences Tools & Services - Health Care|1|276.75|273.91
2024-10-02|PEP|Soft Drinks & Non-alcoholic Beverages - Consumer Staples|2|174.04|169.55
2024-10-02|WY|Timber REITs - Real Estate|1|31.1|33.62
2024-10-02|CAH|Health Care Distributors - Health Care|3|106.36|110.21
2024-10-02|XEL|Multi-Utilities - Utilities|1|59.98|65.15
2024-10-02|NFLX|Movies & Entertainment - Communication Services|10|69.25|71.11
2024-10-02|XEL|Multi-Utilities - Utilities|1|61.39|65.15
2024-10-02|CTVA|Fertilizers & Agricultural Chemicals - Materials|9|55.57|58.64
2024-10-02|MET|Life & Health Insurance - Financials|1|77.52|81.79
2024-10-02|TSCO|Other Specialty Retail - Consumer Discretionary|1|54.54|59.61
2024-10-02|TGT|Consumer Staples Merchandise Retail - Consumer Staples|1|151.9|150.4
2024-10-02|LUV|Passenger Airlines - Industrials|1|29.81|29.57
2024-10-02|RJF|Investment Banking & Brokerage - Financials|10|115.2|123.84
2024-10-02|ORCL|Application Software - Information Technology|7|155.89|167.71
2024-10-02|CHD|Household Products - Consumer Staples|2|105.94|103.26
2024-10-02|WY|Timber REITs - Real Estate|1|30.89|33.62
2024-10-02|ROP|Electronic Equipment & Instruments - Information Technology|1|549.84|551.37
2024-10-02|WY|Timber REITs - Real Estate|1|32.45|33.62
2024-10-02|CMG|Restaurants - Consumer Discretionary|1|57.66|57.68
2024-10-02|NCLH|Hotels, Resorts & Cruise Lines - Consumer Discretionary|1|19.76|19.86
2024-10-02|HST|Hotel & Resort REITs - Real Estate|11|17.88|17.57
2024-10-02|ADI|Semiconductors - Information Technology|3|233.45|227.73
2024-10-02|CNP|Multi-Utilities - Utilities|1|28.26|30.05
2024-10-02|ETN|Electrical Components & Equipment - Industrials|3|330.6|327.99
2024-10-02|MNST|Soft Drinks & Non-alcoholic Beverages - Consumer Staples|1|51.18|50.94
2024-10-02|WY|Timber REITs - Real Estate|1|33.55|33.62
2024-10-02|CRWD|Systems Software - Information Technology|3|288.54|280.24
2024-10-02|LW|Packaged Foods & Meats - Consumer Staples|1|64.84|66.58
2024-10-02|WBD|Broadcasting - Communication Services|2|8.32|7.97
2024-10-02|WBD|Broadcasting - Communication Services|2|8.3|7.97
2024-10-02|UPS|Air Freight & Logistics - Industrials|7|134.26|133.01
2024-10-02|WBD|Broadcasting - Communication Services|8|8.38|7.97
2024-10-02|BAC|Diversified Banks - Financials|1|39.68|39.23
2024-10-02|WBD|Broadcasting - Communication Services|3|8.25|7.97
2024-10-02|TER|Semiconductor Materials & Equipment - Information Technology|2|128.99|131.44
2024-10-02|TECH|Life Sciences Tools & Services - Health Care|1|78.17|77.43
2024-10-02|WBD|Broadcasting - Communication Services|2|8.16|7.97
2024-10-02|NVDA|Semiconductors - Information Technology|4|118.85|118.85
2024-10-02|PTC|Application Software - Information Technology|1|177.91|177.91
2024-10-02|CDW|Technology Distributors - Information Technology|5|219.35|219.35
2024-10-02|ABNB|Hotels, Resorts & Cruise Lines - Consumer Discretionary|4|126.18|126.18
2024-10-02|WY|Timber REITs - Real Estate|1|33.62|33.62
2024-10-02|WBD|Broadcasting - Communication Services|1|7.97|7.97
2024-10-03|TFC|Diversified Banks - Financials|2|41.4|41.49
2024-10-03|ZTS|Pharmaceuticals - Health Care|1|179.38|190.99
2024-10-03|CAG|Packaged Foods & Meats - Consumer Staples|2|30.25|29.35
2024-10-03|DHR|Life Sciences Tools & Services - Health Care|1|276.75|270.52
2024-10-03|PEP|Soft Drinks & Non-alcoholic Beverages - Consumer Staples|2|174.04|168.53
2024-10-03|WY|Timber REITs - Real Estate|1|31.1|32.93
2024-10-03|CAH|Health Care Distributors - Health Care|3|106.36|110.35
2024-10-03|XEL|Multi-Utilities - Utilities|1|59.98|64.4
2024-10-03|NFLX|Movies & Entertainment - Communication Services|10|69.25|70.68
2024-10-03|XEL|Multi-Utilities - Utilities|1|61.39|64.4
2024-10-03|CTVA|Fertilizers & Agricultural Chemicals - Materials|9|55.57|58.09
2024-10-03|MET|Life & Health Insurance - Financials|1|77.52|81.26
2024-10-03|TSCO|Other Specialty Retail - Consumer Discretionary|1|54.54|58.37
2024-10-03|TGT|Consumer Staples Merchandise Retail - Consumer Staples|1|151.9|149.6
2024-10-03|LUV|Passenger Airlines - Industrials|1|29.81|30.51
2024-10-03|RJF|Investment Banking & Brokerage - Financials|10|115.2|124.7
2024-10-03|ORCL|Application Software - Information Technology|7|155.89|166.86
2024-10-03|CHD|Household Products - Consumer Staples|2|105.94|101.34
2024-10-03|WY|Timber REITs - Real Estate|1|30.89|32.93
2024-10-03|ROP|Electronic Equipment & Instruments - Information Technology|1|549.84|548.93
2024-10-03|WY|Timber REITs - Real Estate|1|32.45|32.93
2024-10-03|CMG|Restaurants - Consumer Discretionary|1|57.66|56.7
2024-10-03|NCLH|Hotels, Resorts & Cruise Lines - Consumer Discretionary|1|19.76|19.44
2024-10-03|HST|Hotel & Resort REITs - Real Estate|11|17.88|17.38
2024-10-03|ADI|Semiconductors - Information Technology|3|233.45|226.56
2024-10-03|CNP|Multi-Utilities - Utilities|1|28.26|30.3
2024-10-03|ETN|Electrical Components & Equipment - Industrials|3|330.6|326.96
2024-10-03|MNST|Soft Drinks & Non-alcoholic Beverages - Consumer Staples|1|51.18|50.31
2024-10-03|WY|Timber REITs - Real Estate|1|33.55|32.93
2024-10-03|CRWD|Systems Software - Information Technology|3|288.54|283.75
2024-10-03|LW|Packaged Foods & Meats - Consumer Staples|1|64.84|68.29
2024-10-03|UPS|Air Freight & Logistics - Industrials|7|134.26|130.72
2024-10-03|BAC|Diversified Banks - Financials|1|39.68|39.25
2024-10-03|TER|Semiconductor Materials & Equipment - Information Technology|2|128.99|129.01
2024-10-03|NVDA|Semiconductors - Information Technology|4|118.85|122.85
2024-10-03|PTC|Application Software - Information Technology|1|177.91|177.07
2024-10-03|CDW|Technology Distributors - Information Technology|5|219.35|218.26
2024-10-03|ABNB|Hotels, Resorts & Cruise Lines - Consumer Discretionary|4|126.18|125.29
2024-10-03|WY|Timber REITs - Real Estate|1|33.62|32.93
2024-10-03|WBD|Broadcasting - Communication Services|1|7.97|7.74
2024-10-03|F|Automobile Manufacturers - Consumer Discretionary|20|10.45|10.45
2024-10-04|TFC|Diversified Banks - Financials|2|41.4|42.39
2024-10-04|ZTS|Pharmaceuticals - Health Care|1|179.38|190.03
2024-10-04|CAG|Packaged Foods & Meats - Consumer Staples|2|30.25|29.51
2024-10-04|DHR|Life Sciences Tools & Services - Health Care|1|276.75|270.03
2024-10-04|PEP|Soft Drinks & Non-alcoholic Beverages - Consumer Staples|2|174.04|167.97
2024-10-04|WY|Timber REITs - Real Estate|1|31.1|32.88
2024-10-04|CAH|Health Care Distributors - Health Care|3|106.36|111.98
2024-10-04|XEL|Multi-Utilities - Utilities|1|59.98|63.73
2024-10-04|NFLX|Movies & Entertainment - Communication Services|10|69.25|71.97
2024-10-04|XEL|Multi-Utilities - Utilities|1|61.39|63.73
2024-10-04|CTVA|Fertilizers & Agricultural Chemicals - Materials|9|55.57|58.33
2024-10-04|MET|Life & Health Insurance - Financials|1|77.52|84.04
2024-10-04|TSCO|Other Specialty Retail - Consumer Discretionary|1|54.54|58.99
2024-10-04|TGT|Consumer Staples Merchandise Retail - Consumer Staples|1|151.9|152.88
2024-10-04|LUV|Passenger Airlines - Industrials|1|29.81|31.25
2024-10-04|ORCL|Application Software - Information Technology|7|155.89|170.86
2024-10-04|CHD|Household Products - Consumer Staples|2|105.94|101.04
2024-10-04|WY|Timber REITs - Real Estate|1|30.89|32.88
2024-10-04|ROP|Electronic Equipment & Instruments - Information Technology|1|549.84|544.86
2024-10-04|WY|Timber REITs - Real Estate|1|32.45|32.88
2024-10-04|CMG|Restaurants - Consumer Discretionary|1|57.66|57.11
2024-10-04|NCLH|Hotels, Resorts & Cruise Lines - Consumer Discretionary|1|19.76|20.39
2024-10-04|HST|Hotel & Resort REITs - Real Estate|11|17.88|17.86
2024-10-04|ADI|Semiconductors - Information Technology|3|233.45|228.23
2024-10-04|CNP|Multi-Utilities - Utilities|1|28.26|30.52
2024-10-04|ETN|Electrical Components & Equipment - Industrials|3|330.6|333.05
2024-10-04|MNST|Soft Drinks & Non-alcoholic Beverages - Consumer Staples|1|51.18|50.95
2024-10-04|WY|Timber REITs - Real Estate|1|33.55|32.88
2024-10-04|CRWD|Systems Software - Information Technology|3|288.54|292.24
2024-10-04|LW|Packaged Foods & Meats - Consumer Staples|1|64.84|68.85
2024-10-04|UPS|Air Freight & Logistics - Industrials|7|134.26|131.25
2024-10-04|BAC|Diversified Banks - Financials|1|39.68|40.11
2024-10-04|TER|Semiconductor Materials & Equipment - Information Technology|2|128.99|130.5
2024-10-04|NVDA|Semiconductors - Information Technology|4|118.85|124.92
2024-10-04|PTC|Application Software - Information Technology|1|177.91|179.6
2024-10-04|CDW|Technology Distributors - Information Technology|5|219.35|221.69
2024-10-04|ABNB|Hotels, Resorts & Cruise Lines - Consumer Discretionary|4|126.18|129.85
2024-10-04|WY|Timber REITs - Real Estate|1|33.62|32.88
2024-10-04|WBD|Broadcasting - Communication Services|1|7.97|7.78
2024-10-04|F|Automobile Manufacturers - Consumer Discretionary|20|10.45|10.57
2024-10-04|ROK|Electrical Components & Equipment - Industrials|1|267.01|267.01
2024-10-04|XYL|Industrial Machinery & Supplies & Components - Industrials|7|133.47|133.47
2024-10-04|BKR|Oil & Gas Equipment & Services - Energy|1|37.93|37.93
2024-10-04|WBD|Broadcasting - Communication Services|4|7.78|7.78
2024-10-07|TFC|Diversified Banks - Financials|2|41.4|42.0
2024-10-07|ZTS|Pharmaceuticals - Health Care|1|179.38|187.28
2024-10-07|CAG|Packaged Foods & Meats - Consumer Staples|2|30.25|29.1
2024-10-07|DHR|Life Sciences Tools & Services - Health Care|1|276.75|268.79
2024-10-07|PEP|Soft Drinks & Non-alcoholic Beverages - Consumer Staples|2|174.04|167.21
2024-10-07|WY|Timber REITs - Real Estate|1|31.1|32.85
2024-10-07|CAH|Health Care Distributors - Health Care|3|106.36|111.76
2024-10-07|XEL|Multi-Utilities - Utilities|1|59.98|63.01
2024-10-07|NFLX|Movies & Entertainment - Communication Services|10|69.25|70.19
2024-10-07|XEL|Multi-Utilities - Utilities|1|61.39|63.01
2024-10-07|CTVA|Fertilizers & Agricultural Chemicals - Materials|9|55.57|57.46
2024-10-07|MET|Life & Health Insurance - Financials|1|77.52|83.0
2024-10-07|TSCO|Other Specialty Retail - Consumer Discretionary|1|54.54|58.77
2024-10-07|TGT|Consumer Staples Merchandise Retail - Consumer Staples|1|151.9|149.0
2024-10-07|LUV|Passenger Airlines - Industrials|1|29.81|31.04
2024-10-07|ORCL|Application Software - Information Technology|7|155.89|169.97
2024-10-07|WY|Timber REITs - Real Estate|1|30.89|32.85
2024-10-07|ROP|Electronic Equipment & Instruments - Information Technology|1|549.84|537.87
2024-10-07|WY|Timber REITs - Real Estate|1|32.45|32.85
2024-10-07|CMG|Restaurants - Consumer Discretionary|1|57.66|56.73
2024-10-07|NCLH|Hotels, Resorts & Cruise Lines - Consumer Discretionary|1|19.76|20.09
2024-10-07|HST|Hotel & Resort REITs - Real Estate|11|17.88|17.48
2024-10-07|ADI|Semiconductors - Information Technology|3|233.45|226.51
2024-10-07|CNP|Multi-Utilities - Utilities|1|28.26|29.64
2024-10-07|ETN|Electrical Components & Equipment - Industrials|3|330.6|334.63
2024-10-07|MNST|Soft Drinks & Non-alcoholic Beverages - Consumer Staples|1|51.18|49.24
2024-10-07|WY|Timber REITs - Real Estate|1|33.55|32.85
2024-10-07|CRWD|Systems Software - Information Technology|3|288.54|286.97
2024-10-07|LW|Packaged Foods & Meats - Consumer Staples|1|64.84|69.23
2024-10-07|UPS|Air Freight & Logistics - Industrials|7|134.26|131.2
2024-10-07|BAC|Diversified Banks - Financials|1|39.68|39.96
2024-10-07|TER|Semiconductor Materials & Equipment - Information Technology|2|128.99|129.51
2024-10-07|NVDA|Semiconductors - Information Technology|4|118.85|127.72
2024-10-07|PTC|Application Software - Information Technology|1|177.91|177.29
2024-10-07|CDW|Technology Distributors - Information Technology|5|219.35|220.49
2024-10-07|ABNB|Hotels, Resorts & Cruise Lines - Consumer Discretionary|4|126.18|130.23
2024-10-07|WY|Timber REITs - Real Estate|1|33.62|32.85
2024-10-07|WBD|Broadcasting - Communication Services|1|7.97|7.72
2024-10-07|F|Automobile Manufacturers - Consumer Discretionary|20|10.45|10.49
2024-10-07|ROK|Electrical Components & Equipment - Industrials|1|267.01|267.22
2024-10-07|XYL|Industrial Machinery & Supplies & Components - Industrials|7|133.47|134.03
2024-10-07|BKR|Oil & Gas Equipment & Services - Energy|1|37.93|37.96
2024-10-07|WBD|Broadcasting - Communication Services|4|7.78|7.72
2024-10-07|INTC|Semiconductors - Information Technology|4|22.38|22.38
2024-10-07|TROW|Asset Management & Custody Banks - Financials|1|106.63|106.63
2024-10-08|TFC|Diversified Banks - Financials|2|41.4|42.13
2024-10-08|ZTS|Pharmaceuticals - Health Care|1|179.38|187.37
2024-10-08|CAG|Packaged Foods & Meats - Consumer Staples|2|30.25|29.2
2024-10-08|DHR|Life Sciences Tools & Services - Health Care|1|276.75|268.81
2024-10-08|PEP|Soft Drinks & Non-alcoholic Beverages - Consumer Staples|2|174.04|170.42
2024-10-08|WY|Timber REITs - Real Estate|1|31.1|33.11
2024-10-08|CAH|Health Care Distributors - Health Care|3|106.36|112.62
2024-10-08|XEL|Multi-Utilities - Utilities|1|59.98|62.93
2024-10-08|NFLX|Movies & Entertainment - Communication Services|10|69.25|72.18
2024-10-08|XEL|Multi-Utilities - Utilities|1|61.39|62.93
2024-10-08|CTVA|Fertilizers & Agricultural Chemicals - Materials|9|55.57|56.89
2024-10-08|MET|Life & Health Insurance - Financials|1|77.52|83.28
2024-10-08|TGT|Consumer Staples Merchandise Retail - Consumer Staples|1|151.9|151.32
2024-10-08|LUV|Passenger Airlines - Industrials|1|29.81|30.67
2024-10-08|WY|Timber REITs - Real Estate|1|30.89|33.11
2024-10-08|ROP|Electronic Equipment & Instruments - Information Technology|1|549.84|542.91
2024-10-08|WY|Timber REITs - Real Estate|1|32.45|33.11
2024-10-08|CMG|Restaurants - Consumer Discretionary|1|57.66|57.98
2024-10-08|NCLH|Hotels, Resorts & Cruise Lines - Consumer Discretionary|1|19.76|20.8
2024-10-08|HST|Hotel & Resort REITs - Real Estate|11|17.88|17.46
2024-10-08|ADI|Semiconductors - Information Technology|3|233.45|229.4
2024-10-08|CNP|Multi-Utilities - Utilities|1|28.26|29.47
2024-10-08|ETN|Electrical Components & Equipment - Industrials|3|330.6|335.58
2024-10-08|MNST|Soft Drinks & Non-alcoholic Beverages - Consumer Staples|1|51.18|49.49
2024-10-08|WY|Timber REITs - Real Estate|1|33.55|33.11
2024-10-08|CRWD|Systems Software - Information Technology|3|288.54|293.01
2024-10-08|LW|Packaged Foods & Meats - Consumer Staples|1|64.84|71.11
2024-10-08|UPS|Air Freight & Logistics - Industrials|7|134.26|130.96
2024-10-08|BAC|Diversified Banks - Financials|1|39.68|39.93
2024-10-08|TER|Semiconductor Materials & Equipment - Information Technology|2|128.99|129.4
2024-10-08|PTC|Application Software - Information Technology|1|177.91|178.0
2024-10-08|CDW|Technology Distributors - Information Technology|5|219.35|223.61
2024-10-08|ABNB|Hotels, Resorts & Cruise Lines - Consumer Discretionary|4|126.18|132.5
2024-10-08|WY|Timber REITs - Real Estate|1|33.62|33.11
2024-10-08|WBD|Broadcasting - Communication Services|1|7.97|7.72
2024-10-08|F|Automobile Manufacturers - Consumer Discretionary|20|10.45|10.49
2024-10-08|ROK|Electrical Components & Equipment - Industrials|1|267.01|266.16
2024-10-08|XYL|Industrial Machinery & Supplies & Components - Industrials|7|133.47|134.2
2024-10-08|BKR|Oil & Gas Equipment & Services - Energy|1|37.93|37.46
2024-10-08|WBD|Broadcasting - Communication Services|4|7.78|7.72
2024-10-08|INTC|Semiconductors - Information Technology|4|22.38|23.32
2024-10-08|TROW|Asset Management & Custody Banks - Financials|1|106.63|106.6
2024-10-08|MGM|Casinos & Gaming - Consumer Discretionary|32|39.81|39.81
2024-10-08|CPRT|Diversified Support Services - Industrials|9|54.44|54.44
2024-10-08|WY|Timber REITs - Real Estate|1|33.11|33.11
2024-10-08|WBD|Broadcasting - Communication Services|2|7.72|7.72
2024-10-09|TFC|Diversified Banks - Financials|2|41.4|42.63
2024-10-09|ZTS|Pharmaceuticals - Health Care|1|179.38|190.17
2024-10-09|CAG|Packaged Foods & Meats - Consumer Staples|2|30.25|29.31
2024-10-09|DHR|Life Sciences Tools & Services - Health Care|1|276.75|269.23
2024-10-09|PEP|Soft Drinks & Non-alcoholic Beverages - Consumer Staples|2|174.04|172.54
2024-10-09|WY|Timber REITs - Real Estate|1|31.1|33.06
2024-10-09|CAH|Health Care Distributors - Health Care|3|106.36|114.54
2024-10-09|XEL|Multi-Utilities - Utilities|1|59.98|62.58
2024-10-09|NFLX|Movies & Entertainment - Communication Services|10|69.25|72.74
2024-10-09|XEL|Multi-Utilities - Utilities|1|61.39|62.58
2024-10-09|CTVA|Fertilizers & Agricultural Chemicals - Materials|9|55.57|56.5
2024-10-09|MET|Life & Health Insurance - Financials|1|77.52|84.54
2024-10-09|TGT|Consumer Staples Merchandise Retail - Consumer Staples|1|151.9|154.33
2024-10-09|LUV|Passenger Airlines - Industrials|1|29.81|30.64
2024-10-09|WY|Timber REITs - Real Estate|1|30.89|33.06
2024-10-09|ROP|Electronic Equipment & Instruments - Information Technology|1|549.84|545.93
2024-10-09|WY|Timber REITs - Real Estate|1|32.45|33.06
2024-10-09|CMG|Restaurants - Consumer Discretionary|1|57.66|57.93
2024-10-09|HST|Hotel & Resort REITs - Real Estate|11|17.88|17.45
2024-10-09|ADI|Semiconductors - Information Technology|3|233.45|233.24
2024-10-09|CNP|Multi-Utilities - Utilities|1|28.26|29.49
2024-10-09|ETN|Electrical Components & Equipment - Industrials|3|330.6|338.25
2024-10-09|MNST|Soft Drinks & Non-alcoholic Beverages - Consumer Staples|1|51.18|49.77
2024-10-09|WY|Timber REITs - Real Estate|1|33.55|33.06
2024-10-09|CRWD|Systems Software - Information Technology|3|288.54|298.34
2024-10-09|LW|Packaged Foods & Meats - Consumer Staples|1|64.84|70.95
2024-10-09|UPS|Air Freight & Logistics - Industrials|7|134.26|133.0
2024-10-09|BAC|Diversified Banks - Financials|1|39.68|40.19
2024-10-09|TER|Semiconductor Materials & Equipment - Information Technology|2|128.99|130.47
2024-10-09|PTC|Application Software - Information Technology|1|177.91|181.59
2024-10-09|CDW|Technology Distributors - Information Technology|5|219.35|225.7
2024-10-09|ABNB|Hotels, Resorts & Cruise Lines - Consumer Discretionary|4|126.18|135.49
2024-10-09|WY|Timber REITs - Real Estate|1|33.62|33.06
2024-10-09|WBD|Broadcasting - Communication Services|1|7.97|7.73
2024-10-09|F|Automobile Manufacturers - Consumer Discretionary|20|10.45|10.62
2024-10-09|ROK|Electrical Components & Equipment - Industrials|1|267.01|269.81
2024-10-09|XYL|Industrial Machinery & Supplies & Components - Industrials|7|133.47|136.29
2024-10-09|BKR|Oil & Gas Equipment & Services - Energy|1|37.93|37.59
2024-10-09|WBD|Broadcasting - Communication Services|4|7.78|7.73
2024-10-09|INTC|Semiconductors - Information Technology|4|22.38|23.46
2024-10-09|TROW|Asset Management & Custody Banks - Financials|1|106.63|107.42
2024-10-09|MGM|Casinos & Gaming - Consumer Discretionary|32|39.81|40.18
2024-10-09|CPRT|Diversified Support Services - Industrials|9|54.44|55.84
2024-10-09|WY|Timber REITs - Real Estate|1|33.11|33.06
2024-10-09|WBD|Broadcasting - Communication Services|2|7.72|7.73
2024-10-09|WBD|Broadcasting - Communication Services|3|7.73|7.73
2024-10-10|TFC|Diversified Banks - Financials|2|41.4|42.49
2024-10-10|ZTS|Pharmaceuticals - Health Care|1|179.38|190.28
2024-10-10|CAG|Packaged Foods & Meats - Consumer Staples|2|30.25|29.44
2024-10-10|DHR|Life Sciences Tools & Services - Health Care|1|276.75|266.45
2024-10-10|PEP|Soft Drinks & Non-alcoholic Beverages - Consumer Staples|2|174.04|172.99
2024-10-10|WY|Timber REITs - Real Estate|1|31.1|32.63
2024-10-10|CAH|Health Care Distributors - Health Care|3|106.36|113.84
2024-10-10|XEL|Multi-Utilities - Utilities|1|59.98|62.16
2024-10-10|NFLX|Movies & Entertainment - Communication Services|10|69.25|73.03
2024-10-10|XEL|Multi-Utilities - Utilities|1|61.39|62.16
2024-10-10|CTVA|Fertilizers & Agricultural Chemicals - Materials|9|55.57|56.55
2024-10-10|MET|Life & Health Insurance - Financials|1|77.52|84.03
2024-10-10|TGT|Consumer Staples Merchandise Retail - Consumer Staples|1|151.9|155.97
2024-10-10|LUV|Passenger Airlines - Industrials|1|29.81|30.36
2024-10-10|WY|Timber REITs - Real Estate|1|30.89|32.63
2024-10-10|ROP|Electronic Equipment & Instruments - Information Technology|1|549.84|539.45
2024-10-10|WY|Timber REITs - Real Estate|1|32.45|32.63
2024-10-10|CMG|Restaurants - Consumer Discretionary|1|57.66|58.33
2024-10-10|HST|Hotel & Resort REITs - Real Estate|11|17.88|17.61
2024-10-10|ADI|Semiconductors - Information Technology|3|233.45|230.7
2024-10-10|CNP|Multi-Utilities - Utilities|1|28.26|29.49
2024-10-10|ETN|Electrical Components & Equipment - Industrials|3|330.6|336.94
2024-10-10|MNST|Soft Drinks & Non-alcoholic Beverages - Consumer Staples|1|51.18|50.77
2024-10-10|WY|Timber REITs - Real Estate|1|33.55|32.63
2024-10-10|CRWD|Systems Software - Information Technology|3|288.54|314.92
2024-10-10|LW|Packaged Foods & Meats - Consumer Staples|1|64.84|70.97
2024-10-10|UPS|Air Freight & Logistics - Industrials|7|134.26|132.84
2024-10-10|BAC|Diversified Banks - Financials|1|39.68|39.97
2024-10-10|TER|Semiconductor Materials & Equipment - Information Technology|2|128.99|128.94
2024-10-10|PTC|Application Software - Information Technology|1|177.91|180.39
2024-10-10|CDW|Technology Distributors - Information Technology|5|219.35|221.69
2024-10-10|ABNB|Hotels, Resorts & Cruise Lines - Consumer Discretionary|4|126.18|132.81
2024-10-10|WY|Timber REITs - Real Estate|1|33.62|32.63
2024-10-10|F|Automobile Manufacturers - Consumer Discretionary|20|10.45|10.68
2024-10-10|ROK|Electrical Components & Equipment - Industrials|1|267.01|268.15
2024-10-10|XYL|Industrial Machinery & Supplies & Components - Industrials|7|133.47|134.17
2024-10-10|BKR|Oil & Gas Equipment & Services - Energy|1|37.93|37.61
2024-10-10|WBD|Broadcasting - Communication Services|4|7.78|7.54
2024-10-10|INTC|Semiconductors - Information Technology|4|22.38|23.22
2024-10-10|TROW|Asset Management & Custody Banks - Financials|1|106.63|108.0
2024-10-10|MGM|Casinos & Gaming - Consumer Discretionary|32|39.81|39.59
2024-10-10|CPRT|Diversified Support Services - Industrials|9|54.44|55.6
2024-10-10|WY|Timber REITs - Real Estate|1|33.11|32.63
2024-10-10|WBD|Broadcasting - Communication Services|2|7.72|7.54
2024-10-10|WBD|Broadcasting - Communication Services|3|7.73|7.54
2024-10-10|WBD|Broadcasting - Communication Services|1|7.54|7.54
2024-10-11|TFC|Diversified Banks - Financials|2|41.4|43.26
2024-10-11|ZTS|Pharmaceuticals - Health Care|1|179.38|190.08
2024-10-11|CAG|Packaged Foods & Meats - Consumer Staples|2|30.25|29.37
2024-10-11|DHR|Life Sciences Tools & Services - Health Care|1|276.75|270.33
2024-10-11|PEP|Soft Drinks & Non-alcoholic Beverages - Consumer Staples|2|174.04|174.81
2024-10-11|WY|Timber REITs - Real Estate|1|31.1|33.03
2024-10-11|CAH|Health Care Distributors - Health Care|3|106.36|112.51
2024-10-11|XEL|Multi-Utilities - Utilities|1|59.98|62.31
2024-10-11|NFLX|Movies & Entertainment - Communication Services|10|69.25|72.28
2024-10-11|XEL|Multi-Utilities - Utilities|1|61.39|62.31
2024-10-11|CTVA|Fertilizers & Agricultural Chemicals - Materials|9|55.57|56.84
2024-10-11|TGT|Consumer Staples Merchandise Retail - Consumer Staples|1|151.9|158.46
2024-10-11|LUV|Passenger Airlines - Industrials|1|29.81|30.62
2024-10-11|WY|Timber REITs - Real Estate|1|30.89|33.03
2024-10-11|ROP|Electronic Equipment & Instruments - Information Technology|1|549.84|551.55
2024-10-11|WY|Timber REITs - Real Estate|1|32.45|33.03
2024-10-11|CMG|Restaurants - Consumer Discretionary|1|57.66|58.65
2024-10-11|HST|Hotel & Resort REITs - Real Estate|11|17.88|17.81
2024-10-11|ADI|Semiconductors - Information Technology|3|233.45|232.86
2024-10-11|CNP|Multi-Utilities - Utilities|1|28.26|29.57
2024-10-11|ETN|Electrical Components & Equipment - Industrials|3|330.6|341.39
2024-10-11|MNST|Soft Drinks & Non-alcoholic Beverages - Consumer Staples|1|51.18|51.31
2024-10-11|WY|Timber REITs - Real Estate|1|33.55|33.03
2024-10-11|UPS|Air Freight & Logistics - Industrials|7|134.26|134.6
2024-10-11|BAC|Diversified Banks - Financials|1|39.68|41.95
2024-10-11|TER|Semiconductor Materials & Equipment - Information Technology|2|128.99|131.91
2024-10-11|PTC|Application Software - Information Technology|1|177.91|181.0
2024-10-11|CDW|Technology Distributors - Information Technology|5|219.35|222.0
2024-10-11|ABNB|Hotels, Resorts & Cruise Lines - Consumer Discretionary|4|126.18|134.4
2024-10-11|WY|Timber REITs - Real Estate|1|33.62|33.03
2024-10-11|F|Automobile Manufacturers - Consumer Discretionary|20|10.45|10.72
2024-10-11|ROK|Electrical Components & Equipment - Industrials|1|267.01|271.16
2024-10-11|XYL|Industrial Machinery & Supplies & Components - Industrials|7|133.47|136.86
2024-10-11|BKR|Oil & Gas Equipment & Services - Energy|1|37.93|37.7
2024-10-11|WBD|Broadcasting - Communication Services|4|7.78|7.52
2024-10-11|INTC|Semiconductors - Information Technology|4|22.38|23.56
2024-10-11|TROW|Asset Management & Custody Banks - Financials|1|106.63|108.98
2024-10-11|MGM|Casinos & Gaming - Consumer Discretionary|32|39.81|39.66
2024-10-11|CPRT|Diversified Support Services - Industrials|9|54.44|55.92
2024-10-11|WY|Timber REITs - Real Estate|1|33.11|33.03
2024-10-11|WBD|Broadcasting - Communication Services|2|7.72|7.52
2024-10-11|WBD|Broadcasting - Communication Services|3|7.73|7.52
2024-10-11|WBD|Broadcasting - Communication Services|1|7.54|7.52
2024-10-11|CFG|Regional Banks - Financials|26|42.61|42.61
2024-10-11|WBD|Broadcasting - Communication Services|1|7.52|7.52
2024-10-18|TFC|Diversified Banks - Financials|2|41.4|43.67
2024-10-18|ZTS|Pharmaceuticals - Health Care|1|179.38|193.28
2024-10-18|CAG|Packaged Foods & Meats - Consumer Staples|2|30.25|30.32
2024-10-18|DHR|Life Sciences Tools & Services - Health Care|1|276.75|274.38
2024-10-18|PEP|Soft Drinks & Non-alcoholic Beverages - Consumer Staples|2|174.04|175.06
2024-10-18|WY|Timber REITs - Real Estate|1|31.1|33.06
2024-10-18|CAH|Health Care Distributors - Health Care|3|106.36|112.41
2024-10-18|XEL|Multi-Utilities - Utilities|1|59.98|64.07
2024-10-18|XEL|Multi-Utilities - Utilities|1|61.39|64.07
2024-10-18|CTVA|Fertilizers & Agricultural Chemicals - Materials|9|55.57|59.41
2024-10-18|TGT|Consumer Staples Merchandise Retail - Consumer Staples|1|151.9|156.84
2024-10-18|LUV|Passenger Airlines - Industrials|1|29.81|30.98
2024-10-18|WY|Timber REITs - Real Estate|1|30.89|33.06
2024-10-18|ROP|Electronic Equipment & Instruments - Information Technology|1|549.84|557.62
2024-10-18|WY|Timber REITs - Real Estate|1|32.45|33.06
2024-10-18|CMG|Restaurants - Consumer Discretionary|1|57.66|59.39
2024-10-18|HST|Hotel & Resort REITs - Real Estate|11|17.88|17.77
2024-10-18|ADI|Semiconductors - Information Technology|3|233.45|228.33
2024-10-18|CNP|Multi-Utilities - Utilities|1|28.26|30.11
2024-10-18|ETN|Electrical Components & Equipment - Industrials|3|330.6|348.18
2024-10-18|MNST|Soft Drinks & Non-alcoholic Beverages - Consumer Staples|1|51.18|54.05
2024-10-18|WY|Timber REITs - Real Estate|1|33.55|33.06
2024-10-18|UPS|Air Freight & Logistics - Industrials|7|134.26|135.93
2024-10-18|BAC|Diversified Banks - Financials|1|39.68|42.32
2024-10-18|TER|Semiconductor Materials & Equipment - Information Technology|2|128.99|126.04
2024-10-18|PTC|Application Software - Information Technology|1|177.91|184.4
2024-10-18|CDW|Technology Distributors - Information Technology|5|219.35|218.31
2024-10-18|ABNB|Hotels, Resorts & Cruise Lines - Consumer Discretionary|4|126.18|136.45
2024-10-18|WY|Timber REITs - Real Estate|1|33.62|33.06
2024-10-18|F|Automobile Manufacturers - Consumer Discretionary|20|10.45|11.1
2024-10-18|ROK|Electrical Components & Equipment - Industrials|1|267.01|272.82
2024-10-18|XYL|Industrial Machinery & Supplies & Components - Industrials|7|133.47|134.32
2024-10-18|BKR|Oil & Gas Equipment & Services - Energy|1|37.93|36.4
2024-10-18|WBD|Broadcasting - Communication Services|4|7.78|7.82
2024-10-18|INTC|Semiconductors - Information Technology|4|22.38|22.77
2024-10-18|TROW|Asset Management & Custody Banks - Financials|1|106.63|115.63
2024-10-18|MGM|Casinos & Gaming - Consumer Discretionary|32|39.81|41.19
2024-10-18|CPRT|Diversified Support Services - Industrials|9|54.44|53.88
2024-10-18|WY|Timber REITs - Real Estate|1|33.11|33.06
2024-10-18|WBD|Broadcasting - Communication Services|2|7.72|7.82
2024-10-18|WBD|Broadcasting - Communication Services|3|7.73|7.82
2024-10-18|WBD|Broadcasting - Communication Services|1|7.54|7.82
2024-10-18|CFG|Regional Banks - Financials|26|42.61|42.47
2024-10-18|WBD|Broadcasting - Communication Services|1|7.52|7.82
2024-10-18|ZTS|Pharmaceuticals - Health Care|3|193.28|193.28
2024-10-18|ZBH|Health Care Equipment - Health Care|1|106.31|106.31
2024-10-18|XEL|Multi-Utilities - Utilities|1|64.07|64.07
2024-10-18|WBD|Broadcasting - Communication Services|2|7.82|7.82
2024-10-22|TFC|Diversified Banks - Financials|2|41.4|43.39
2024-10-22|ZTS|Pharmaceuticals - Health Care|1|179.38|189.51
2024-10-22|CAG|Packaged Foods & Meats - Consumer Staples|2|30.25|29.48
2024-10-22|PEP|Soft Drinks & Non-alcoholic Beverages - Consumer Staples|2|174.04|174.37
2024-10-22|WY|Timber REITs - Real Estate|1|31.1|31.65
2024-10-22|CAH|Health Care Distributors - Health Care|3|106.36|112.23
2024-10-22|XEL|Multi-Utilities - Utilities|1|59.98|63.68
2024-10-22|XEL|Multi-Utilities - Utilities|1|61.39|63.68
2024-10-22|CTVA|Fertilizers & Agricultural Chemicals - Materials|9|55.57|59.12
2024-10-22|TGT|Consumer Staples Merchandise Retail - Consumer Staples|1|151.9|149.19
2024-10-22|LUV|Passenger Airlines - Industrials|1|29.81|30.49
2024-10-22|WY|Timber REITs - Real Estate|1|30.89|31.65
2024-10-22|ROP|Electronic Equipment & Instruments - Information Technology|1|549.84|552.1
2024-10-22|WY|Timber REITs - Real Estate|1|32.45|31.65
2024-10-22|CMG|Restaurants - Consumer Discretionary|1|57.66|59.88
2024-10-22|HST|Hotel & Resort REITs - Real Estate|11|17.88|17.59
2024-10-22|ADI|Semiconductors - Information Technology|3|233.45|224.62
2024-10-22|CNP|Multi-Utilities - Utilities|1|28.26|29.79
2024-10-22|ETN|Electrical Components & Equipment - Industrials|3|330.6|343.55
2024-10-22|MNST|Soft Drinks & Non-alcoholic Beverages - Consumer Staples|1|51.18|53.6
2024-10-22|UPS|Air Freight & Logistics - Industrials|7|134.26|131.33
2024-10-22|BAC|Diversified Banks - Financials|1|39.68|42.3
2024-10-22|TER|Semiconductor Materials & Equipment - Information Technology|2|128.99|125.36
2024-10-22|PTC|Application Software - Information Technology|1|177.91|182.93
2024-10-22|CDW|Technology Distributors - Information Technology|5|219.35|217.08
2024-10-22|ABNB|Hotels, Resorts & Cruise Lines - Consumer Discretionary|4|126.18|135.59
2024-10-22|F|Automobile Manufacturers - Consumer Discretionary|20|10.45|11.11
2024-10-22|ROK|Electrical Components & Equipment - Industrials|1|267.01|268.79
2024-10-22|XYL|Industrial Machinery & Supplies & Components - Industrials|7|133.47|131.37
2024-10-22|WBD|Broadcasting - Communication Services|4|7.78|7.53
2024-10-22|INTC|Semiconductors - Information Technology|4|22.38|22.4
2024-10-22|TROW|Asset Management & Custody Banks - Financials|1|106.63|112.92
2024-10-22|MGM|Casinos & Gaming - Consumer Discretionary|32|39.81|40.52
2024-10-22|CPRT|Diversified Support Services - Industrials|9|54.44|52.07
2024-10-22|WY|Timber REITs - Real Estate|1|33.11|31.65
2024-10-22|WBD|Broadcasting - Communication Services|2|7.72|7.53
2024-10-22|WBD|Broadcasting - Communication Services|3|7.73|7.53
2024-10-22|WBD|Broadcasting - Communication Services|1|7.54|7.53
2024-10-22|CFG|Regional Banks - Financials|26|42.61|41.61
2024-10-22|WBD|Broadcasting - Communication Services|1|7.52|7.53
2024-10-22|ZTS|Pharmaceuticals - Health Care|3|193.28|189.51
2024-10-22|ZBH|Health Care Equipment - Health Care|1|106.31|104.26
2024-10-22|XEL|Multi-Utilities - Utilities|1|64.07|63.68
2024-10-22|WBD|Broadcasting - Communication Services|2|7.82|7.53
2024-10-22|GM|Automobile Manufacturers - Consumer Discretionary|6|53.73|53.73
2024-10-22|WY|Timber REITs - Real Estate|1|31.65|31.65
2024-10-22|WBD|Broadcasting - Communication Services|1|7.53|7.53
2024-10-23|TFC|Diversified Banks - Financials|2|41.4|43.44
2024-10-23|ZTS|Pharmaceuticals - Health Care|1|179.38|188.99
2024-10-23|CAG|Packaged Foods & Meats - Consumer Staples|2|30.25|29.45
2024-10-23|PEP|Soft Drinks & Non-alcoholic Beverages - Consumer Staples|2|174.04|172.95
2024-10-23|WY|Timber REITs - Real Estate|1|31.1|31.85
2024-10-23|CAH|Health Care Distributors - Health Care|3|106.36|111.92
2024-10-23|XEL|Multi-Utilities - Utilities|1|59.98|64.32
2024-10-23|XEL|Multi-Utilities - Utilities|1|61.39|64.32
2024-10-23|CTVA|Fertilizers & Agricultural Chemicals - Materials|9|55.57|60.79
2024-10-23|TGT|Consumer Staples Merchandise Retail - Consumer Staples|1|151.9|148.05
2024-10-23|LUV|Passenger Airlines - Industrials|1|29.81|30.73
2024-10-23|WY|Timber REITs - Real Estate|1|30.89|31.85
2024-10-23|ROP|Electronic Equipment & Instruments - Information Technology|1|549.84|542.94
2024-10-23|WY|Timber REITs - Real Estate|1|32.45|31.85
2024-10-23|CMG|Restaurants - Consumer Discretionary|1|57.66|59.02
2024-10-23|HST|Hotel & Resort REITs - Real Estate|11|17.88|17.38
2024-10-23|ADI|Semiconductors - Information Technology|3|233.45|226.85
2024-10-23|CNP|Multi-Utilities - Utilities|1|28.26|29.75
2024-10-23|ETN|Electrical Components & Equipment - Industrials|3|330.6|344.96
2024-10-23|MNST|Soft Drinks & Non-alcoholic Beverages - Consumer Staples|1|51.18|53.56
2024-10-23|UPS|Air Freight & Logistics - Industrials|7|134.26|131.41
2024-10-23|BAC|Diversified Banks - Financials|1|39.68|42.34
2024-10-23|TER|Semiconductor Materials & Equipment - Information Technology|2|128.99|124.43
2024-10-23|PTC|Application Software - Information Technology|1|177.91|183.59
2024-10-23|CDW|Technology Distributors - Information Technology|5|219.35|217.65
2024-10-23|ABNB|Hotels, Resorts & Cruise Lines - Consumer Discretionary|4|126.18|131.92
2024-10-23|F|Automobile Manufacturers - Consumer Discretionary|20|10.45|11.06
2024-10-23|ROK|Electrical Components & Equipment - Industrials|1|267.01|266.44
2024-10-23|XYL|Industrial Machinery & Supplies & Components - Industrials|7|133.47|131.72
2024-10-23|INTC|Semiconductors - Information Technology|4|22.38|21.98
2024-10-23|TROW|Asset Management & Custody Banks - Financials|1|106.63|109.53
2024-10-23|MGM|Casinos & Gaming - Consumer Discretionary|32|39.81|39.64
2024-10-23|WY|Timber REITs - Real Estate|1|33.11|31.85
2024-10-23|WBD|Broadcasting - Communication Services|1|7.54|7.33
2024-10-23|CFG|Regional Banks - Financials|26|42.61|41.44
2024-10-23|WBD|Broadcasting - Communication Services|1|7.52|7.33
2024-10-23|ZTS|Pharmaceuticals - Health Care|3|193.28|188.99
2024-10-23|ZBH|Health Care Equipment - Health Care|1|106.31|104.7
2024-10-23|XEL|Multi-Utilities - Utilities|1|64.07|64.32
2024-10-23|GM|Automobile Manufacturers - Consumer Discretionary|6|53.73|52.92
2024-10-23|WY|Timber REITs - Real Estate|1|31.65|31.85
2024-10-23|WBD|Broadcasting - Communication Services|1|7.53|7.33
2024-10-23|ZTS|Pharmaceuticals - Health Care|2|188.99|188.99
2024-10-23|ZBH|Health Care Equipment - Health Care|1|104.7|104.7
2024-10-23|WY|Timber REITs - Real Estate|1|31.85|31.85
2024-10-23|WBD|Broadcasting - Communication Services|4|7.33|7.33
2024-10-24|TFC|Diversified Banks - Financials|2|41.4|43.42
2024-10-24|ZTS|Pharmaceuticals - Health Care|1|179.38|181.5
2024-10-24|CAG|Packaged Foods & Meats - Consumer Staples|2|30.25|29.35
2024-10-24|PEP|Soft Drinks & Non-alcoholic Beverages - Consumer Staples|2|174.04|172.16
2024-10-24|WY|Timber REITs - Real Estate|1|31.1|32.13
2024-10-24|CAH|Health Care Distributors - Health Care|3|106.36|112.16
2024-10-24|XEL|Multi-Utilities - Utilities|1|59.98|65.11
2024-10-24|XEL|Multi-Utilities - Utilities|1|61.39|65.11
2024-10-24|CTVA|Fertilizers & Agricultural Chemicals - Materials|9|55.57|60.78
2024-10-24|TGT|Consumer Staples Merchandise Retail - Consumer Staples|1|151.9|150.18
2024-10-24|LUV|Passenger Airlines - Industrials|1|29.81|29.02
2024-10-24|WY|Timber REITs - Real Estate|1|30.89|32.13
2024-10-24|ROP|Electronic Equipment & Instruments - Information Technology|1|549.84|542.1
2024-10-24|WY|Timber REITs - Real Estate|1|32.45|32.13
2024-10-24|CMG|Restaurants - Consumer Discretionary|1|57.66|59.44
2024-10-24|HST|Hotel & Resort REITs - Real Estate|11|17.88|17.66
2024-10-24|ADI|Semiconductors - Information Technology|3|233.45|229.68
2024-10-24|CNP|Multi-Utilities - Utilities|1|28.26|29.48
2024-10-24|ETN|Electrical Components & Equipment - Industrials|3|330.6|345.29
2024-10-24|MNST|Soft Drinks & Non-alcoholic Beverages - Consumer Staples|1|51.18|53.44
2024-10-24|UPS|Air Freight & Logistics - Industrials|7|134.26|138.35
2024-10-24|BAC|Diversified Banks - Financials|1|39.68|42.65
2024-10-24|PTC|Application Software - Information Technology|1|177.91|183.63
2024-10-24|CDW|Technology Distributors - Information Technology|5|219.35|219.16
2024-10-24|ABNB|Hotels, Resorts & Cruise Lines - Consumer Discretionary|4|126.18|132.75
2024-10-24|F|Automobile Manufacturers - Consumer Discretionary|20|10.45|11.24
2024-10-24|ROK|Electrical Components & Equipment - Industrials|1|267.01|267.68
2024-10-24|XYL|Industrial Machinery & Supplies & Components - Industrials|7|133.47|130.65
2024-10-24|INTC|Semiconductors - Information Technology|4|22.38|22.34
2024-10-24|TROW|Asset Management & Custody Banks - Financials|1|106.63|112.01
2024-10-24|MGM|Casinos & Gaming - Consumer Discretionary|32|39.81|40.1
2024-10-24|WY|Timber REITs - Real Estate|1|33.11|32.13
2024-10-24|WBD|Broadcasting - Communication Services|1|7.54|7.52
2024-10-24|CFG|Regional Banks - Financials|26|42.61|41.74
2024-10-24|WBD|Broadcasting - Communication Services|1|7.52|7.52
2024-10-24|ZBH|Health Care Equipment - Health Care|1|106.31|104.0
2024-10-24|XEL|Multi-Utilities - Utilities|1|64.07|65.11
2024-10-24|GM|Automobile Manufacturers - Consumer Discretionary|6|53.73|52.72
2024-10-24|WY|Timber REITs - Real Estate|1|31.65|32.13
2024-10-24|WBD|Broadcasting - Communication Services|1|7.53|7.52
2024-10-24|ZTS|Pharmaceuticals - Health Care|2|188.99|181.5
2024-10-24|ZBH|Health Care Equipment - Health Care|1|104.7|104.0
2024-10-24|WY|Timber REITs - Real Estate|1|31.85|32.13
2024-10-24|WBD|Broadcasting - Communication Services|4|7.33|7.52
2024-10-24|FANG|Oil & Gas Exploration & Production - Energy|4|180.91|180.91
2024-10-24|WY|Timber REITs - Real Estate|1|32.13|32.13
2024-10-24|WBD|Broadcasting - Communication Services|1|7.52|7.52
2024-10-28|TFC|Diversified Banks - Financials|2|41.4|43.29
2024-10-28|ZTS|Pharmaceuticals - Health Care|1|179.38|182.76
2024-10-28|CAG|Packaged Foods & Meats - Consumer Staples|2|30.25|29.76
2024-10-28|PEP|Soft Drinks & Non-alcoholic Beverages - Consumer Staples|2|174.04|169.84
2024-10-28|WY|Timber REITs - Real Estate|1|31.1|31.95
2024-10-28|CAH|Health Care Distributors - Health Care|3|106.36|110.87
2024-10-28|XEL|Multi-Utilities - Utilities|1|59.98|64.48
2024-10-28|XEL|Multi-Utilities - Utilities|1|61.39|64.48
2024-10-28|TGT|Consumer Staples Merchandise Retail - Consumer Staples|1|151.9|149.3
2024-10-28|LUV|Passenger Airlines - Industrials|1|29.81|30.3
2024-10-28|WY|Timber REITs - Real Estate|1|30.89|31.95
2024-10-28|ROP|Electronic Equipment & Instruments - Information Technology|1|549.84|545.13
2024-10-28|WY|Timber REITs - Real Estate|1|32.45|31.95
2024-10-28|CMG|Restaurants - Consumer Discretionary|1|57.66|60.6
2024-10-28|HST|Hotel & Resort REITs - Real Estate|11|17.88|17.71
2024-10-28|ADI|Semiconductors - Information Technology|3|233.45|230.14
2024-10-28|CNP|Multi-Utilities - Utilities|1|28.26|29.75
2024-10-28|ETN|Electrical Components & Equipment - Industrials|3|330.6|345.51
2024-10-28|MNST|Soft Drinks & Non-alcoholic Beverages - Consumer Staples|1|51.18|53.1
2024-10-28|UPS|Air Freight & Logistics - Industrials|7|134.26|135.34
2024-10-28|BAC|Diversified Banks - Financials|1|39.68|42.62
2024-10-28|PTC|Application Software - Information Technology|1|177.91|185.25
2024-10-28|CDW|Technology Distributors - Information Technology|5|219.35|218.5
2024-10-28|ABNB|Hotels, Resorts & Cruise Lines - Consumer Discretionary|4|126.18|135.78
2024-10-28|F|Automobile Manufacturers - Consumer Discretionary|20|10.45|11.37
2024-10-28|ROK|Electrical Components & Equipment - Industrials|1|267.01|271.33
2024-10-28|XYL|Industrial Machinery & Supplies & Components - Industrials|7|133.47|130.79
2024-10-28|INTC|Semiconductors - Information Technology|4|22.38|22.92
2024-10-28|TROW|Asset Management & Custody Banks - Financials|1|106.63|112.4
2024-10-28|MGM|Casinos & Gaming - Consumer Discretionary|32|39.81|41.72
2024-10-28|WY|Timber REITs - Real Estate|1|33.11|31.95
2024-10-28|WBD|Broadcasting - Communication Services|1|7.54|7.61
2024-10-28|CFG|Regional Banks - Financials|26|42.61|42.74
2024-10-28|WBD|Broadcasting - Communication Services|1|7.52|7.61
2024-10-28|ZBH|Health Care Equipment - Health Care|1|106.31|103.6
2024-10-28|XEL|Multi-Utilities - Utilities|1|64.07|64.48
2024-10-28|GM|Automobile Manufacturers - Consumer Discretionary|6|53.73|52.73
2024-10-28|WY|Timber REITs - Real Estate|1|31.65|31.95
2024-10-28|WBD|Broadcasting - Communication Services|1|7.53|7.61
2024-10-28|ZTS|Pharmaceuticals - Health Care|2|188.99|182.76
2024-10-28|ZBH|Health Care Equipment - Health Care|1|104.7|103.6
2024-10-28|WY|Timber REITs - Real Estate|1|31.85|31.95
2024-10-28|WBD|Broadcasting - Communication Services|4|7.33|7.61
2024-10-28|FANG|Oil & Gas Exploration & Production - Energy|4|180.91|178.19
2024-10-28|WY|Timber REITs - Real Estate|1|32.13|31.95
2024-10-28|WBD|Broadcasting - Communication Services|1|7.52|7.61
2024-10-28|F|Automobile Manufacturers - Consumer Discretionary|48|11.37|11.37
2024-10-28|WBD|Broadcasting - Communication Services|1|7.61|7.61
2024-10-29|TFC|Diversified Banks - Financials|2|41.4|43.09
2024-10-29|ZTS|Pharmaceuticals - Health Care|1|179.38|181.27
2024-10-29|CAG|Packaged Foods & Meats - Consumer Staples|2|30.25|29.43
2024-10-29|PEP|Soft Drinks & Non-alcoholic Beverages - Consumer Staples|2|174.04|167.5
2024-10-29|WY|Timber REITs - Real Estate|1|31.1|30.88
2024-10-29|CAH|Health Care Distributors - Health Care|3|106.36|110.06
2024-10-29|XEL|Multi-Utilities - Utilities|1|59.98|63.34
2024-10-29|XEL|Multi-Utilities - Utilities|1|61.39|63.34
2024-10-29|TGT|Consumer Staples Merchandise Retail - Consumer Staples|1|151.9|147.93
2024-10-29|LUV|Passenger Airlines - Industrials|1|29.81|31.03
2024-10-29|WY|Timber REITs - Real Estate|1|30.89|30.88
2024-10-29|ROP|Electronic Equipment & Instruments - Information Technology|1|549.84|548.81
2024-10-29|WY|Timber REITs - Real Estate|1|32.45|30.88
2024-10-29|CMG|Restaurants - Consumer Discretionary|1|57.66|60.49
2024-10-29|HST|Hotel & Resort REITs - Real Estate|11|17.88|17.62
2024-10-29|ADI|Semiconductors - Information Technology|3|233.45|235.23
2024-10-29|CNP|Multi-Utilities - Utilities|1|28.26|29.43
2024-10-29|ETN|Electrical Components & Equipment - Industrials|3|330.6|345.55
2024-10-29|MNST|Soft Drinks & Non-alcoholic Beverages - Consumer Staples|1|51.18|52.48
2024-10-29|UPS|Air Freight & Logistics - Industrials|7|134.26|134.31
2024-10-29|BAC|Diversified Banks - Financials|1|39.68|42.53
2024-10-29|PTC|Application Software - Information Technology|1|177.91|189.35
2024-10-29|CDW|Technology Distributors - Information Technology|5|219.35|219.9
2024-10-29|ABNB|Hotels, Resorts & Cruise Lines - Consumer Discretionary|4|126.18|137.78
2024-10-29|F|Automobile Manufacturers - Consumer Discretionary|20|10.45|10.41
2024-10-29|ROK|Electrical Components & Equipment - Industrials|1|267.01|268.43
2024-10-29|XYL|Industrial Machinery & Supplies & Components - Industrials|7|133.47|129.89
2024-10-29|INTC|Semiconductors - Information Technology|4|22.38|22.9
2024-10-29|TROW|Asset Management & Custody Banks - Financials|1|106.63|112.38
2024-10-29|MGM|Casinos & Gaming - Consumer Discretionary|32|39.81|41.99
2024-10-29|WBD|Broadcasting - Communication Services|1|7.54|7.55
2024-10-29|CFG|Regional Banks - Financials|26|42.61|42.24
2024-10-29|WBD|Broadcasting - Communication Services|1|7.52|7.55
2024-10-29|ZBH|Health Care Equipment - Health Care|1|106.31|103.88
2024-10-29|XEL|Multi-Utilities - Utilities|1|64.07|63.34
2024-10-29|GM|Automobile Manufacturers - Consumer Discretionary|6|53.73|51.54
2024-10-29|WY|Timber REITs - Real Estate|1|31.65|30.88
2024-10-29|WBD|Broadcasting - Communication Services|1|7.53|7.55
2024-10-29|ZTS|Pharmaceuticals - Health Care|2|188.99|181.27
2024-10-29|ZBH|Health Care Equipment - Health Care|1|104.7|103.88
2024-10-29|WY|Timber REITs - Real Estate|1|31.85|30.88
2024-10-29|WBD|Broadcasting - Communication Services|4|7.33|7.55
2024-10-29|FANG|Oil & Gas Exploration & Production - Energy|4|180.91|175.64
2024-10-29|WY|Timber REITs - Real Estate|1|32.13|30.88
2024-10-29|WBD|Broadcasting - Communication Services|1|7.52|7.55
2024-10-29|WBD|Broadcasting - Communication Services|1|7.61|7.55
2024-10-29|DXCM|Health Care Equipment - Health Care|7|72.24|72.24
2024-10-29|WBD|Broadcasting - Communication Services|3|7.55|7.55
2024-10-30|TFC|Diversified Banks - Financials|2|41.4|43.31
2024-10-30|ZTS|Pharmaceuticals - Health Care|1|179.38|182.74
2024-10-30|CAG|Packaged Foods & Meats - Consumer Staples|2|30.25|29.43
2024-10-30|PEP|Soft Drinks & Non-alcoholic Beverages - Consumer Staples|2|174.04|166.21
2024-10-30|WY|Timber REITs - Real Estate|1|31.1|31.72
2024-10-30|CAH|Health Care Distributors - Health Care|3|106.36|107.89
2024-10-30|XEL|Multi-Utilities - Utilities|1|59.98|63.05
2024-10-30|XEL|Multi-Utilities - Utilities|1|61.39|63.05
2024-10-30|TGT|Consumer Staples Merchandise Retail - Consumer Staples|1|151.9|148.52
2024-10-30|LUV|Passenger Airlines - Industrials|1|29.81|31.47
2024-10-30|WY|Timber REITs - Real Estate|1|30.89|31.72
2024-10-30|ROP|Electronic Equipment & Instruments - Information Technology|1|549.84|547.23
2024-10-30|WY|Timber REITs - Real Estate|1|32.45|31.72
2024-10-30|CMG|Restaurants - Consumer Discretionary|1|57.66|55.73
2024-10-30|HST|Hotel & Resort REITs - Real Estate|11|17.88|17.75
2024-10-30|ADI|Semiconductors - Information Technology|3|233.45|230.12
2024-10-30|CNP|Multi-Utilities - Utilities|1|28.26|29.26
2024-10-30|ETN|Electrical Components & Equipment - Industrials|3|330.6|342.81
2024-10-30|MNST|Soft Drinks & Non-alcoholic Beverages - Consumer Staples|1|51.18|52.6
2024-10-30|UPS|Air Freight & Logistics - Industrials|7|134.26|133.8
2024-10-30|BAC|Diversified Banks - Financials|1|39.68|42.31
2024-10-30|PTC|Application Software - Information Technology|1|177.91|186.84
2024-10-30|ABNB|Hotels, Resorts & Cruise Lines - Consumer Discretionary|4|126.18|136.5
2024-10-30|F|Automobile Manufacturers - Consumer Discretionary|20|10.45|10.47
2024-10-30|ROK|Electrical Components & Equipment - Industrials|1|267.01|266.63
2024-10-30|XYL|Industrial Machinery & Supplies & Components - Industrials|7|133.47|130.22
2024-10-30|INTC|Semiconductors - Information Technology|4|22.38|22.3
2024-10-30|TROW|Asset Management & Custody Banks - Financials|1|106.63|111.81
2024-10-30|MGM|Casinos & Gaming - Consumer Discretionary|32|39.81|41.41
2024-10-30|WBD|Broadcasting - Communication Services|1|7.54|7.77
2024-10-30|CFG|Regional Banks - Financials|26|42.61|42.7
2024-10-30|WBD|Broadcasting - Communication Services|1|7.52|7.77
2024-10-30|ZBH|Health Care Equipment - Health Care|1|106.31|109.81
2024-10-30|XEL|Multi-Utilities - Utilities|1|64.07|63.05
2024-10-30|GM|Automobile Manufacturers - Consumer Discretionary|6|53.73|51.97
2024-10-30|WY|Timber REITs - Real Estate|1|31.65|31.72
2024-10-30|WBD|Broadcasting - Communication Services|1|7.53|7.77
2024-10-30|ZTS|Pharmaceuticals - Health Care|2|188.99|182.74
2024-10-30|ZBH|Health Care Equipment - Health Care|1|104.7|109.81
2024-10-30|WY|Timber REITs - Real Estate|1|31.85|31.72
2024-10-30|WBD|Broadcasting - Communication Services|4|7.33|7.77
2024-10-30|FANG|Oil & Gas Exploration & Production - Energy|4|180.91|176.65
2024-10-30|WY|Timber REITs - Real Estate|1|32.13|31.72
2024-10-30|WBD|Broadcasting - Communication Services|1|7.52|7.77
2024-10-30|WBD|Broadcasting - Communication Services|1|7.61|7.77
2024-10-30|DXCM|Health Care Equipment - Health Care|7|72.24|71.8
2024-10-30|WBD|Broadcasting - Communication Services|3|7.55|7.77
2024-10-30|BEN|Asset Management & Custody Banks - Financials|46|20.89|20.89
2024-10-30|WBD|Broadcasting - Communication Services|2|7.77|7.77
2024-10-31|TFC|Diversified Banks - Financials|2|41.4|43.05
2024-10-31|ZTS|Pharmaceuticals - Health Care|1|179.38|178.78
2024-10-31|CAG|Packaged Foods & Meats - Consumer Staples|2|30.25|28.94
2024-10-31|PEP|Soft Drinks & Non-alcoholic Beverages - Consumer Staples|2|174.04|166.08
2024-10-31|WY|Timber REITs - Real Estate|1|31.1|31.16
2024-10-31|CAH|Health Care Distributors - Health Care|3|106.36|108.52
2024-10-31|XEL|Multi-Utilities - Utilities|1|61.39|66.81
2024-10-31|TGT|Consumer Staples Merchandise Retail - Consumer Staples|1|151.9|150.04
2024-10-31|LUV|Passenger Airlines - Industrials|1|29.81|30.58
2024-10-31|WY|Timber REITs - Real Estate|1|30.89|31.16
2024-10-31|ROP|Electronic Equipment & Instruments - Information Technology|1|549.84|537.73
2024-10-31|WY|Timber REITs - Real Estate|1|32.45|31.16
2024-10-31|CMG|Restaurants - Consumer Discretionary|1|57.66|55.77
2024-10-31|HST|Hotel & Resort REITs - Real Estate|11|17.88|17.24
2024-10-31|ADI|Semiconductors - Information Technology|3|233.45|223.11
2024-10-31|CNP|Multi-Utilities - Utilities|1|28.26|29.53
2024-10-31|ETN|Electrical Components & Equipment - Industrials|3|330.6|331.58
2024-10-31|MNST|Soft Drinks & Non-alcoholic Beverages - Consumer Staples|1|51.18|52.68
2024-10-31|UPS|Air Freight & Logistics - Industrials|7|134.26|134.06
2024-10-31|BAC|Diversified Banks - Financials|1|39.68|41.82
2024-10-31|PTC|Application Software - Information Technology|1|177.91|185.33
2024-10-31|ABNB|Hotels, Resorts & Cruise Lines - Consumer Discretionary|4|126.18|134.79
2024-10-31|F|Automobile Manufacturers - Consumer Discretionary|20|10.45|10.29
2024-10-31|ROK|Electrical Components & Equipment - Industrials|1|267.01|266.71
2024-10-31|INTC|Semiconductors - Information Technology|4|22.38|21.52
2024-10-31|TROW|Asset Management & Custody Banks - Financials|1|106.63|109.86
2024-10-31|WBD|Broadcasting - Communication Services|1|7.54|8.13
2024-10-31|CFG|Regional Banks - Financials|26|42.61|42.12
2024-10-31|WBD|Broadcasting - Communication Services|1|7.52|8.13
2024-10-31|ZBH|Health Care Equipment - Health Care|1|106.31|106.92
2024-10-31|XEL|Multi-Utilities - Utilities|1|64.07|66.81
2024-10-31|WY|Timber REITs - Real Estate|1|31.65|31.16
2024-10-31|WBD|Broadcasting - Communication Services|1|7.53|8.13
2024-10-31|ZBH|Health Care Equipment - Health Care|1|104.7|106.92
2024-10-31|WY|Timber REITs - Real Estate|1|31.85|31.16
2024-10-31|FANG|Oil & Gas Exploration & Production - Energy|4|180.91|176.77
2024-10-31|WY|Timber REITs - Real Estate|1|32.13|31.16
2024-10-31|WBD|Broadcasting - Communication Services|1|7.52|8.13
2024-10-31|WBD|Broadcasting - Communication Services|1|7.61|8.13
2024-10-31|DXCM|Health Care Equipment - Health Care|7|72.24|70.48
2024-10-31|WBD|Broadcasting - Communication Services|3|7.55|8.13
2024-10-31|BEN|Asset Management & Custody Banks - Financials|46|20.89|20.77
2024-10-31|WBD|Broadcasting - Communication Services|2|7.77|8.13
2024-10-31|PAYC|Human Resource & Employment Services - Industrials|6|209.03|209.03
2024-10-31|VRTX|Biotechnology - Health Care|2|475.98|475.98
2024-10-31|EA|Interactive Home Entertainment - Communication Services|3|150.85|150.85
2024-10-31|SMCI|Technology Hardware, Storage & Peripherals - Information Technology|4|29.11|29.11
2024-10-31|WBD|Broadcasting - Communication Services|2|8.13|8.13
2024-11-01|TFC|Diversified Banks - Financials|2|41.4|42.82
2024-11-01|ZTS|Pharmaceuticals - Health Care|1|179.38|181.95
2024-11-01|CAG|Packaged Foods & Meats - Consumer Staples|2|30.25|28.97
2024-11-01|PEP|Soft Drinks & Non-alcoholic Beverages - Consumer Staples|2|174.04|165.59
2024-11-01|WY|Timber REITs - Real Estate|1|31.1|31.18
2024-11-01|CAH|Health Care Distributors - Health Care|3|106.36|116.13
2024-11-01|XEL|Multi-Utilities - Utilities|1|61.39|66.69
2024-11-01|TGT|Consumer Staples Merchandise Retail - Consumer Staples|1|151.9|150.84
2024-11-01|LUV|Passenger Airlines - Industrials|1|29.81|30.61
2024-11-01|WY|Timber REITs - Real Estate|1|30.89|31.18
2024-11-01|ROP|Electronic Equipment & Instruments - Information Technology|1|549.84|540.91
2024-11-01|WY|Timber REITs - Real Estate|1|32.45|31.18
2024-11-01|CMG|Restaurants - Consumer Discretionary|1|57.66|58.59
2024-11-01|HST|Hotel & Resort REITs - Real Estate|11|17.88|17.33
2024-11-01|ADI|Semiconductors - Information Technology|3|233.45|225.48
2024-11-01|CNP|Multi-Utilities - Utilities|1|28.26|28.58
2024-11-01|ETN|Electrical Components & Equipment - Industrials|3|330.6|335.0
2024-11-01|MNST|Soft Drinks & Non-alcoholic Beverages - Consumer Staples|1|51.18|52.3
2024-11-01|UPS|Air Freight & Logistics - Industrials|7|134.26|134.05
2024-11-01|BAC|Diversified Banks - Financials|1|39.68|41.76
2024-11-01|PTC|Application Software - Information Technology|1|177.91|185.03
2024-11-01|ABNB|Hotels, Resorts & Cruise Lines - Consumer Discretionary|4|126.18|136.46
2024-11-01|F|Automobile Manufacturers - Consumer Discretionary|20|10.45|10.22
2024-11-01|ROK|Electrical Components & Equipment - Industrials|1|267.01|268.72
2024-11-01|INTC|Semiconductors - Information Technology|4|22.38|23.2
2024-11-01|TROW|Asset Management & Custody Banks - Financials|1|106.63|112.06
2024-11-01|WBD|Broadcasting - Communication Services|1|7.54|8.23
2024-11-01|CFG|Regional Banks - Financials|26|42.61|41.82
2024-11-01|WBD|Broadcasting - Communication Services|1|7.52|8.23
2024-11-01|ZBH|Health Care Equipment - Health Care|1|106.31|107.27
2024-11-01|XEL|Multi-Utilities - Utilities|1|64.07|66.69
2024-11-01|WY|Timber REITs - Real Estate|1|31.65|31.18
2024-11-01|WBD|Broadcasting - Communication Services|1|7.53|8.23
2024-11-01|ZBH|Health Care Equipment - Health Care|1|104.7|107.27
2024-11-01|WY|Timber REITs - Real Estate|1|31.85|31.18
2024-11-01|FANG|Oil & Gas Exploration & Production - Energy|4|180.91|175.81
2024-11-01|WY|Timber REITs - Real Estate|1|32.13|31.18
2024-11-01|WBD|Broadcasting - Communication Services|1|7.52|8.23
2024-11-01|WBD|Broadcasting - Communication Services|1|7.61|8.23
2024-11-01|DXCM|Health Care Equipment - Health Care|7|72.24|70.35
2024-11-01|WBD|Broadcasting - Communication Services|3|7.55|8.23
2024-11-01|BEN|Asset Management & Custody Banks - Financials|46|20.89|20.84
2024-11-01|WBD|Broadcasting - Communication Services|2|7.77|8.23
2024-11-01|PAYC|Human Resource & Employment Services - Industrials|6|209.03|210.65
2024-11-01|VRTX|Biotechnology - Health Care|2|475.98|471.12
2024-11-01|EA|Interactive Home Entertainment - Communication Services|3|150.85|151.26
2024-11-01|WBD|Broadcasting - Communication Services|2|8.13|8.23
2024-11-01|IP|Paper & Plastic Packaging Products & Materials - Materials|1|55.77|55.77
2024-11-01|WY|Timber REITs - Real Estate|1|31.18|31.18
2024-11-01|WBD|Broadcasting - Communication Services|2|8.23|8.23
2024-11-05|TFC|Diversified Banks - Financials|2|41.4|42.32
2024-11-05|ZTS|Pharmaceuticals - Health Care|1|179.38|175.27
2024-11-05|CAG|Packaged Foods & Meats - Consumer Staples|2|30.25|29.08
2024-11-05|PEP|Soft Drinks & Non-alcoholic Beverages - Consumer Staples|2|174.04|167.85
2024-11-05|WY|Timber REITs - Real Estate|1|31.1|31.87
2024-11-05|CAH|Health Care Distributors - Health Care|3|106.36|113.18
2024-11-05|XEL|Multi-Utilities - Utilities|1|61.39|66.33
2024-11-05|TGT|Consumer Staples Merchandise Retail - Consumer Staples|1|151.9|150.99
2024-11-05|LUV|Passenger Airlines - Industrials|1|29.81|30.63
2024-11-05|WY|Timber REITs - Real Estate|1|30.89|31.87
2024-11-05|ROP|Electronic Equipment & Instruments - Information Technology|1|549.84|542.7
2024-11-05|WY|Timber REITs - Real Estate|1|32.45|31.87
2024-11-05|CMG|Restaurants - Consumer Discretionary|1|57.66|56.18
2024-11-05|HST|Hotel & Resort REITs - Real Estate|11|17.88|17.65
2024-11-05|CNP|Multi-Utilities - Utilities|1|28.26|29.55
2024-11-05|ETN|Electrical Components & Equipment - Industrials|3|330.6|337.48
2024-11-05|MNST|Soft Drinks & Non-alcoholic Beverages - Consumer Staples|1|51.18|54.11
2024-11-05|UPS|Air Freight & Logistics - Industrials|7|134.26|133.84
2024-11-05|BAC|Diversified Banks - Financials|1|39.68|41.88
2024-11-05|PTC|Application Software - Information Technology|1|177.91|189.99
2024-11-05|ABNB|Hotels, Resorts & Cruise Lines - Consumer Discretionary|4|126.18|137.82
2024-11-05|F|Automobile Manufacturers - Consumer Discretionary|20|10.45|10.6
2024-11-05|ROK|Electrical Components & Equipment - Industrials|1|267.01|269.2
2024-11-05|INTC|Semiconductors - Information Technology|4|22.38|23.32
2024-11-05|TROW|Asset Management & Custody Banks - Financials|1|106.63|114.52
2024-11-05|WBD|Broadcasting - Communication Services|1|7.54|8.21
2024-11-05|CFG|Regional Banks - Financials|26|42.61|42.22
2024-11-05|WBD|Broadcasting - Communication Services|1|7.52|8.21
2024-11-05|ZBH|Health Care Equipment - Health Care|1|106.31|108.92
2024-11-05|XEL|Multi-Utilities - Utilities|1|64.07|66.33
2024-11-05|WY|Timber REITs - Real Estate|1|31.65|31.87
2024-11-05|WBD|Broadcasting - Communication Services|1|7.53|8.21
2024-11-05|ZBH|Health Care Equipment - Health Care|1|104.7|108.92
2024-11-05|WY|Timber REITs - Real Estate|1|31.85|31.87
2024-11-05|FANG|Oil & Gas Exploration & Production - Energy|4|180.91|175.63
2024-11-05|WY|Timber REITs - Real Estate|1|32.13|31.87
2024-11-05|WBD|Broadcasting - Communication Services|1|7.52|8.21
2024-11-05|WBD|Broadcasting - Communication Services|1|7.61|8.21
2024-11-05|DXCM|Health Care Equipment - Health Care|7|72.24|69.0
2024-11-05|WBD|Broadcasting - Communication Services|3|7.55|8.21
2024-11-05|BEN|Asset Management & Custody Banks - Financials|46|20.89|20.95
2024-11-05|WBD|Broadcasting - Communication Services|2|7.77|8.21
2024-11-05|PAYC|Human Resource & Employment Services - Industrials|6|209.03|218.54
2024-11-05|VRTX|Biotechnology - Health Care|2|475.98|499.88
2024-11-05|EA|Interactive Home Entertainment - Communication Services|3|150.85|155.5
2024-11-05|WBD|Broadcasting - Communication Services|2|8.13|8.21
2024-11-05|IP|Paper & Plastic Packaging Products & Materials - Materials|1|55.77|57.56
2024-11-05|WY|Timber REITs - Real Estate|1|31.18|31.87
2024-11-05|WBD|Broadcasting - Communication Services|2|8.23|8.21
2024-11-05|CHTR|Cable & Satellite - Communication Services|1|382.38|382.38
2024-11-05|MOS|Fertilizers & Agricultural Chemicals - Materials|9|28.08|28.08
2024-11-05|DOC|Health Care REITs - Real Estate|1|22.51|22.51
2024-11-06|CAG|Packaged Foods & Meats - Consumer Staples|2|30.25|28.9
2024-11-06|WY|Timber REITs - Real Estate|1|31.1|31.42
2024-11-06|CAH|Health Care Distributors - Health Care|3|106.36|115.58
2024-11-06|XEL|Multi-Utilities - Utilities|1|61.39|66.49
2024-11-06|TGT|Consumer Staples Merchandise Retail - Consumer Staples|1|151.9|147.29
2024-11-06|LUV|Passenger Airlines - Industrials|1|29.81|31.39
2024-11-06|WY|Timber REITs - Real Estate|1|30.89|31.42
2024-11-06|ROP|Electronic Equipment & Instruments - Information Technology|1|549.84|564.67
2024-11-06|WY|Timber REITs - Real Estate|1|32.45|31.42
2024-11-06|CMG|Restaurants - Consumer Discretionary|1|57.66|57.69
2024-11-06|HST|Hotel & Resort REITs - Real Estate|11|17.88|17.99
2024-11-06|CNP|Multi-Utilities - Utilities|1|28.26|29.02
2024-11-06|ETN|Electrical Components & Equipment - Industrials|3|330.6|359.18
2024-11-06|MNST|Soft Drinks & Non-alcoholic Beverages - Consumer Staples|1|51.18|54.44
2024-11-06|UPS|Air Freight & Logistics - Industrials|7|134.26|133.92
2024-11-06|F|Automobile Manufacturers - Consumer Discretionary|20|10.45|11.19
2024-11-06|ZBH|Health Care Equipment - Health Care|1|106.31|110.17
2024-11-06|XEL|Multi-Utilities - Utilities|1|64.07|66.49
2024-11-06|WY|Timber REITs - Real Estate|1|31.65|31.42
2024-11-06|ZBH|Health Care Equipment - Health Care|1|104.7|110.17
2024-11-06|WY|Timber REITs - Real Estate|1|31.85|31.42
2024-11-06|FANG|Oil & Gas Exploration & Production - Energy|4|180.91|183.62
2024-11-06|WY|Timber REITs - Real Estate|1|32.13|31.42
2024-11-06|BEN|Asset Management & Custody Banks - Financials|46|20.89|21.53
2024-11-06|WBD|Broadcasting - Communication Services|2|7.77|8.38
2024-11-06|VRTX|Biotechnology - Health Care|2|475.98|493.64
2024-11-06|EA|Interactive Home Entertainment - Communication Services|3|150.85|157.96
2024-11-06|WBD|Broadcasting - Communication Services|2|8.13|8.38
2024-11-06|IP|Paper & Plastic Packaging Products & Materials - Materials|1|55.77|58.83
2024-11-06|WY|Timber REITs - Real Estate|1|31.18|31.42
2024-11-06|WBD|Broadcasting - Communication Services|2|8.23|8.38
2024-11-06|CHTR|Cable & Satellite - Communication Services|1|382.38|408.02
2024-11-06|MOS|Fertilizers & Agricultural Chemicals - Materials|9|28.08|27.59
2024-11-06|DOC|Health Care REITs - Real Estate|1|22.51|22.33
2024-11-06|GRMN|Consumer Electronics - Consumer Discretionary|6|209.67|209.67
2024-11-06|SW|Paper & Plastic Packaging Products & Materials - Materials|23|53.21|53.21
2024-11-06|WST|Health Care Supplies - Health Care|3|329.38|329.38
2024-11-06|NWSA|Publishing - Communication Services|45|28.95|28.95
2024-11-06|LH|Health Care Services - Health Care|1|234.38|234.38
2024-11-06|CSX|Rail Transportation - Industrials|2|36.88|36.88
2024-11-06|WBD|Broadcasting - Communication Services|3|8.38|8.38
2024-11-07|WY|Timber REITs - Real Estate|1|31.1|31.74
2024-11-07|XEL|Multi-Utilities - Utilities|1|61.39|66.2
2024-11-07|TGT|Consumer Staples Merchandise Retail - Consumer Staples|1|151.9|150.91
2024-11-07|LUV|Passenger Airlines - Industrials|1|29.81|31.26
2024-11-07|WY|Timber REITs - Real Estate|1|30.89|31.74
2024-11-07|ROP|Electronic Equipment & Instruments - Information Technology|1|549.84|572.26
2024-11-07|WY|Timber REITs - Real Estate|1|32.45|31.74
2024-11-07|CMG|Restaurants - Consumer Discretionary|1|57.66|58.21
2024-11-07|HST|Hotel & Resort REITs - Real Estate|11|17.88|18.0
2024-11-07|CNP|Multi-Utilities - Utilities|1|28.26|29.37
2024-11-07|ETN|Electrical Components & Equipment - Industrials|3|330.6|360.56
2024-11-07|MNST|Soft Drinks & Non-alcoholic Beverages - Consumer Staples|1|51.18|54.73
2024-11-07|UPS|Air Freight & Logistics - Industrials|7|134.26|134.15
2024-11-07|F|Automobile Manufacturers - Consumer Discretionary|20|10.45|10.96
2024-11-07|ZBH|Health Care Equipment - Health Care|1|106.31|108.69
2024-11-07|XEL|Multi-Utilities - Utilities|1|64.07|66.2
2024-11-07|WY|Timber REITs - Real Estate|1|31.65|31.74
2024-11-07|ZBH|Health Care Equipment - Health Care|1|104.7|108.69
2024-11-07|WY|Timber REITs - Real Estate|1|31.85|31.74
2024-11-07|FANG|Oil & Gas Exploration & Production - Energy|4|180.91|181.59
2024-11-07|WY|Timber REITs - Real Estate|1|32.13|31.74
2024-11-07|BEN|Asset Management & Custody Banks - Financials|46|20.89|21.29
2024-11-07|VRTX|Biotechnology - Health Care|2|475.98|502.45
2024-11-07|EA|Interactive Home Entertainment - Communication Services|3|150.85|160.0
2024-11-07|IP|Paper & Plastic Packaging Products & Materials - Materials|1|55.77|58.41
2024-11-07|WY|Timber REITs - Real Estate|1|31.18|31.74
2024-11-07|CHTR|Cable & Satellite - Communication Services|1|382.38|393.04
2024-11-07|MOS|Fertilizers & Agricultural Chemicals - Materials|9|28.08|28.34
2024-11-07|DOC|Health Care REITs - Real Estate|1|22.51|22.56
2024-11-07|GRMN|Consumer Electronics - Consumer Discretionary|6|209.67|210.34
2024-11-07|SW|Paper & Plastic Packaging Products & Materials - Materials|23|53.21|53.45
2024-11-07|WST|Health Care Supplies - Health Care|3|329.38|323.42
2024-11-07|NWSA|Publishing - Communication Services|45|28.95|29.16
2024-11-07|LH|Health Care Services - Health Care|1|234.38|239.05
2024-11-07|CSX|Rail Transportation - Industrials|2|36.88|35.56
2024-11-07|AIZ|Multi-line Insurance - Financials|2|205.84|205.84
2024-11-07|XEL|Multi-Utilities - Utilities|1|66.2|66.2
2024-11-07|WBD|Broadcasting - Communication Services|1|9.37|9.37
2024-11-08|WY|Timber REITs - Real Estate|1|31.1|31.89
2024-11-08|XEL|Multi-Utilities - Utilities|1|61.39|67.37
2024-11-08|TGT|Consumer Staples Merchandise Retail - Consumer Staples|1|151.9|149.78
2024-11-08|LUV|Passenger Airlines - Industrials|1|29.81|31.78
2024-11-08|WY|Timber REITs - Real Estate|1|30.89|31.89
2024-11-08|ROP|Electronic Equipment & Instruments - Information Technology|1|549.84|567.62
2024-11-08|WY|Timber REITs - Real Estate|1|32.45|31.89
2024-11-08|CMG|Restaurants - Consumer Discretionary|1|57.66|58.81
2024-11-08|HST|Hotel & Resort REITs - Real Estate|11|17.88|18.01
2024-11-08|CNP|Multi-Utilities - Utilities|1|28.26|30.39
2024-11-08|MNST|Soft Drinks & Non-alcoholic Beverages - Consumer Staples|1|51.18|54.14
2024-11-08|UPS|Air Freight & Logistics - Industrials|7|134.26|132.44
2024-11-08|F|Automobile Manufacturers - Consumer Discretionary|20|10.45|10.97
2024-11-08|ZBH|Health Care Equipment - Health Care|1|106.31|108.18
2024-11-08|XEL|Multi-Utilities - Utilities|1|64.07|67.37
2024-11-08|WY|Timber REITs - Real Estate|1|31.65|31.89
2024-11-08|ZBH|Health Care Equipment - Health Care|1|104.7|108.18
2024-11-08|WY|Timber REITs - Real Estate|1|31.85|31.89
2024-11-08|FANG|Oil & Gas Exploration & Production - Energy|4|180.91|181.88
2024-11-08|WY|Timber REITs - Real Estate|1|32.13|31.89
2024-11-08|BEN|Asset Management & Custody Banks - Financials|46|20.89|21.04
2024-11-08|VRTX|Biotechnology - Health Care|2|475.98|516.74
2024-11-08|EA|Interactive Home Entertainment - Communication Services|3|150.85|157.91
2024-11-08|IP|Paper & Plastic Packaging Products & Materials - Materials|1|55.77|57.38
2024-11-08|WY|Timber REITs - Real Estate|1|31.18|31.89
2024-11-08|CHTR|Cable & Satellite - Communication Services|1|382.38|393.71
2024-11-08|MOS|Fertilizers & Agricultural Chemicals - Materials|9|28.08|27.73
2024-11-08|DOC|Health Care REITs - Real Estate|1|22.51|22.76
2024-11-08|GRMN|Consumer Electronics - Consumer Discretionary|6|209.67|212.72
2024-11-08|SW|Paper & Plastic Packaging Products & Materials - Materials|23|53.21|52.39
2024-11-08|WST|Health Care Supplies - Health Care|3|329.38|324.1
2024-11-08|NWSA|Publishing - Communication Services|45|28.95|29.52
2024-11-08|LH|Health Care Services - Health Care|1|234.38|242.39
2024-11-08|CSX|Rail Transportation - Industrials|2|36.88|36.0
2024-11-08|AIZ|Multi-line Insurance - Financials|2|205.84|209.39
2024-11-08|XEL|Multi-Utilities - Utilities|1|66.2|67.37
2024-11-08|WBD|Broadcasting - Communication Services|1|9.37|9.18
2024-11-08|WBD|Broadcasting - Communication Services|120|9.18|9.18
2024-11-11|WY|Timber REITs - Real Estate|1|31.1|31.35
2024-11-11|TGT|Consumer Staples Merchandise Retail - Consumer Staples|1|151.9|153.28
2024-11-11|LUV|Passenger Airlines - Industrials|1|29.81|32.65
2024-11-11|WY|Timber REITs - Real Estate|1|30.89|31.35
2024-11-11|ROP|Electronic Equipment & Instruments - Information Technology|1|549.84|565.14
2024-11-11|WY|Timber REITs - Real Estate|1|32.45|31.35
2024-11-11|CMG|Restaurants - Consumer Discretionary|1|57.66|59.27
2024-11-11|HST|Hotel & Resort REITs - Real Estate|11|17.88|18.06
2024-11-11|CNP|Multi-Utilities - Utilities|1|28.26|30.06
2024-11-11|MNST|Soft Drinks & Non-alcoholic Beverages - Consumer Staples|1|51.18|55.74
2024-11-11|UPS|Air Freight & Logistics - Industrials|7|134.26|131.61
2024-11-11|F|Automobile Manufacturers - Consumer Discretionary|20|10.45|11.23
2024-11-11|ZBH|Health Care Equipment - Health Care|1|106.31|109.46
2024-11-11|XEL|Multi-Utilities - Utilities|1|64.07|68.65
2024-11-11|WY|Timber REITs - Real Estate|1|31.65|31.35
2024-11-11|ZBH|Health Care Equipment - Health Care|1|104.7|109.46
2024-11-11|WY|Timber REITs - Real Estate|1|31.85|31.35
2024-11-11|FANG|Oil & Gas Exploration & Production - Energy|4|180.91|179.13
2024-11-11|WY|Timber REITs - Real Estate|1|32.13|31.35
2024-11-11|BEN|Asset Management & Custody Banks - Financials|46|20.89|21.57
2024-11-11|VRTX|Biotechnology - Health Care|2|475.98|501.72
2024-11-11|EA|Interactive Home Entertainment - Communication Services|3|150.85|159.39
2024-11-11|IP|Paper & Plastic Packaging Products & Materials - Materials|1|55.77|57.66
2024-11-11|WY|Timber REITs - Real Estate|1|31.18|31.35
2024-11-11|CHTR|Cable & Satellite - Communication Services|1|382.38|396.04
2024-11-11|MOS|Fertilizers & Agricultural Chemicals - Materials|9|28.08|28.03
2024-11-11|DOC|Health Care REITs - Real Estate|1|22.51|22.35
2024-11-11|GRMN|Consumer Electronics - Consumer Discretionary|6|209.67|212.56
2024-11-11|SW|Paper & Plastic Packaging Products & Materials - Materials|23|53.21|52.31
2024-11-11|WST|Health Care Supplies - Health Care|3|329.38|327.57
2024-11-11|NWSA|Publishing - Communication Services|45|28.95|29.23
2024-11-11|LH|Health Care Services - Health Care|1|234.38|243.92
2024-11-11|CSX|Rail Transportation - Industrials|2|36.88|36.52
2024-11-11|AIZ|Multi-line Insurance - Financials|2|205.84|210.73
2024-11-11|XEL|Multi-Utilities - Utilities|1|66.2|68.65
2024-11-11|WBD|Broadcasting - Communication Services|1|9.37|9.33
2024-11-11|WBD|Broadcasting - Communication Services|120|9.18|9.33
2024-11-11|KVUE|Personal Care Products - Consumer Staples|3|23.78|23.78
2024-11-12|WY|Timber REITs - Real Estate|1|31.1|30.68
2024-11-12|TGT|Consumer Staples Merchandise Retail - Consumer Staples|1|151.9|155.65
2024-11-12|LUV|Passenger Airlines - Industrials|1|29.81|32.03
2024-11-12|WY|Timber REITs - Real Estate|1|30.89|30.68
2024-11-12|ROP|Electronic Equipment & Instruments - Information Technology|1|549.84|564.77
2024-11-12|CMG|Restaurants - Consumer Discretionary|1|57.66|60.49
2024-11-12|HST|Hotel & Resort REITs - Real Estate|11|17.88|17.99
2024-11-12|CNP|Multi-Utilities - Utilities|1|28.26|30.44
2024-11-12|MNST|Soft Drinks & Non-alcoholic Beverages - Consumer Staples|1|51.18|56.02
2024-11-12|UPS|Air Freight & Logistics - Industrials|7|134.26|130.14
2024-11-12|F|Automobile Manufacturers - Consumer Discretionary|20|10.45|11.1
2024-11-12|ZBH|Health Care Equipment - Health Care|1|106.31|109.94
2024-11-12|XEL|Multi-Utilities - Utilities|1|64.07|68.61
2024-11-12|WY|Timber REITs - Real Estate|1|31.65|30.68
2024-11-12|ZBH|Health Care Equipment - Health Care|1|104.7|109.94
2024-11-12|WY|Timber REITs - Real Estate|1|31.85|30.68
2024-11-12|FANG|Oil & Gas Exploration & Production - Energy|4|180.91|179.91
2024-11-12|WY|Timber REITs - Real Estate|1|32.13|30.68
2024-11-12|BEN|Asset Management & Custody Banks - Financials|46|20.89|21.47
2024-11-12|VRTX|Biotechnology - Health Care|2|475.98|490.0
2024-11-12|EA|Interactive Home Entertainment - Communication Services|3|150.85|162.87
2024-11-12|IP|Paper & Plastic Packaging Products & Materials - Materials|1|55.77|57.31
2024-11-12|WY|Timber REITs - Real Estate|1|31.18|30.68
2024-11-12|CHTR|Cable & Satellite - Communication Services|1|382.38|392.0
2024-11-12|DOC|Health Care REITs - Real Estate|1|22.51|21.79
2024-11-12|GRMN|Consumer Electronics - Consumer Discretionary|6|209.67|213.58
2024-11-12|SW|Paper & Plastic Packaging Products & Materials - Materials|23|53.21|50.66
2024-11-12|WST|Health Care Supplies - Health Care|3|329.38|327.68
2024-11-12|NWSA|Publishing - Communication Services|45|28.95|29.33
2024-11-12|LH|Health Care Services - Health Care|1|234.38|244.26
2024-11-12|CSX|Rail Transportation - Industrials|2|36.88|36.13
2024-11-12|AIZ|Multi-line Insurance - Financials|2|205.84|212.29
2024-11-12|XEL|Multi-Utilities - Utilities|1|66.2|68.61
2024-11-12|WBD|Broadcasting - Communication Services|1|9.37|9.22
2024-11-12|WBD|Broadcasting - Communication Services|120|9.18|9.22
2024-11-12|KVUE|Personal Care Products - Consumer Staples|3|23.78|23.65
2024-11-12|GPN|Transaction & Payment Processing Services - Financials|2|116.36|116.36
2024-11-12|WY|Timber REITs - Real Estate|1|30.68|30.68
2024-11-13|WY|Timber REITs - Real Estate|1|31.1|30.89
2024-11-13|TGT|Consumer Staples Merchandise Retail - Consumer Staples|1|151.9|154.99
2024-11-13|LUV|Passenger Airlines - Industrials|1|29.81|32.38
2024-11-13|WY|Timber REITs - Real Estate|1|30.89|30.89
2024-11-13|ROP|Electronic Equipment & Instruments - Information Technology|1|549.84|571.2
2024-11-13|CMG|Restaurants - Consumer Discretionary|1|57.66|59.27
2024-11-13|HST|Hotel & Resort REITs - Real Estate|11|17.88|18.0
2024-11-13|CNP|Multi-Utilities - Utilities|1|28.26|30.41
2024-11-13|UPS|Air Freight & Logistics - Industrials|7|134.26|133.68
2024-11-13|F|Automobile Manufacturers - Consumer Discretionary|20|10.45|11.1
2024-11-13|ZBH|Health Care Equipment - Health Care|1|106.31|109.97
2024-11-13|XEL|Multi-Utilities - Utilities|1|64.07|68.65
2024-11-13|WY|Timber REITs - Real Estate|1|31.65|30.89
2024-11-13|ZBH|Health Care Equipment - Health Care|1|104.7|109.97
2024-11-13|WY|Timber REITs - Real Estate|1|31.85|30.89
2024-11-13|FANG|Oil & Gas Exploration & Production - Energy|4|180.91|182.24
2024-11-13|WY|Timber REITs - Real Estate|1|32.13|30.89
2024-11-13|BEN|Asset Management & Custody Banks - Financials|46|20.89|21.52
2024-11-13|VRTX|Biotechnology - Health Care|2|475.98|494.61
2024-11-13|EA|Interactive Home Entertainment - Communication Services|3|150.85|162.72
2024-11-13|IP|Paper & Plastic Packaging Products & Materials - Materials|1|55.77|56.38
2024-11-13|WY|Timber REITs - Real Estate|1|31.18|30.89
2024-11-13|CHTR|Cable & Satellite - Communication Services|1|382.38|406.22
2024-11-13|DOC|Health Care REITs - Real Estate|1|22.51|21.65
2024-11-13|GRMN|Consumer Electronics - Consumer Discretionary|6|209.67|212.98
2024-11-13|SW|Paper & Plastic Packaging Products & Materials - Materials|23|53.21|50.99
2024-11-13|WST|Health Care Supplies - Health Care|3|329.38|344.0
2024-11-13|NWSA|Publishing - Communication Services|45|28.95|28.85
2024-11-13|LH|Health Care Services - Health Care|1|234.38|246.22
2024-11-13|CSX|Rail Transportation - Industrials|2|36.88|36.48
2024-11-13|AIZ|Multi-line Insurance - Financials|2|205.84|213.24
2024-11-13|XEL|Multi-Utilities - Utilities|1|66.2|68.65
2024-11-13|WBD|Broadcasting - Communication Services|1|9.37|9.72
2024-11-13|WBD|Broadcasting - Communication Services|120|9.18|9.72
2024-11-13|KVUE|Personal Care Products - Consumer Staples|3|23.78|23.14
2024-11-13|GPN|Transaction & Payment Processing Services - Financials|2|116.36|116.07
2024-11-13|WY|Timber REITs - Real Estate|1|30.68|30.89
2024-11-13|WY|Timber REITs - Real Estate|1|30.89|30.89
2024-11-13|WBD|Broadcasting - Communication Services|3|9.72|9.72
2024-11-14|WY|Timber REITs - Real Estate|1|31.1|30.86
2024-11-14|TGT|Consumer Staples Merchandise Retail - Consumer Staples|1|151.9|153.47
2024-11-14|LUV|Passenger Airlines - Industrials|1|29.81|32.42
2024-11-14|WY|Timber REITs - Real Estate|1|30.89|30.86
2024-11-14|ROP|Electronic Equipment & Instruments - Information Technology|1|549.84|564.77
2024-11-14|CMG|Restaurants - Consumer Discretionary|1|57.66|59.91
2024-11-14|HST|Hotel & Resort REITs - Real Estate|11|17.88|17.46
2024-11-14|CNP|Multi-Utilities - Utilities|1|28.26|29.98
2024-11-14|UPS|Air Freight & Logistics - Industrials|7|134.26|132.64
2024-11-14|F|Automobile Manufacturers - Consumer Discretionary|20|10.45|11.07
2024-11-14|ZBH|Health Care Equipment - Health Care|1|106.31|108.85
2024-11-14|XEL|Multi-Utilities - Utilities|1|64.07|68.91
2024-11-14|WY|Timber REITs - Real Estate|1|31.65|30.86
2024-11-14|ZBH|Health Care Equipment - Health Care|1|104.7|108.85
2024-11-14|WY|Timber REITs - Real Estate|1|31.85|30.86
2024-11-14|FANG|Oil & Gas Exploration & Production - Energy|4|180.91|182.42
2024-11-14|WY|Timber REITs - Real Estate|1|32.13|30.86
2024-11-14|BEN|Asset Management & Custody Banks - Financials|46|20.89|21.58
2024-11-14|VRTX|Biotechnology - Health Care|2|475.98|483.96
2024-11-14|EA|Interactive Home Entertainment - Communication Services|3|150.85|164.12
2024-11-14|IP|Paper & Plastic Packaging Products & Materials - Materials|1|55.77|56.93
2024-11-14|WY|Timber REITs - Real Estate|1|31.18|30.86
2024-11-14|CHTR|Cable & Satellite - Communication Services|1|382.38|394.25
2024-11-14|GRMN|Consumer Electronics - Consumer Discretionary|6|209.67|211.37
2024-11-14|WST|Health Care Supplies - Health Care|3|329.38|338.12
2024-11-14|NWSA|Publishing - Communication Services|45|28.95|29.11
2024-11-14|LH|Health Care Services - Health Care|1|234.38|238.18
2024-11-14|CSX|Rail Transportation - Industrials|2|36.88|35.63
2024-11-14|AIZ|Multi-line Insurance - Financials|2|205.84|215.48
2024-11-14|XEL|Multi-Utilities - Utilities|1|66.2|68.91
2024-11-14|WBD|Broadcasting - Communication Services|1|9.37|9.86
2024-11-14|WBD|Broadcasting - Communication Services|120|9.18|9.86
2024-11-14|KVUE|Personal Care Products - Consumer Staples|3|23.78|23.61
2024-11-14|GPN|Transaction & Payment Processing Services - Financials|2|116.36|116.21
2024-11-14|WY|Timber REITs - Real Estate|1|30.68|30.86
2024-11-14|WY|Timber REITs - Real Estate|1|30.89|30.86
2024-11-14|WBD|Broadcasting - Communication Services|3|9.72|9.86
2024-11-14|PNW|Multi-Utilities - Utilities|12|90.86|90.86
2024-11-14|WY|Timber REITs - Real Estate|2|30.86|30.86
2024-11-14|WBD|Broadcasting - Communication Services|2|9.86|9.86
2024-11-15|WY|Timber REITs - Real Estate|1|31.1|30.93
2024-11-15|TGT|Consumer Staples Merchandise Retail - Consumer Staples|1|151.9|152.13
2024-11-15|LUV|Passenger Airlines - Industrials|1|29.81|32.6
2024-11-15|WY|Timber REITs - Real Estate|1|30.89|30.93
2024-11-15|ROP|Electronic Equipment & Instruments - Information Technology|1|549.84|548.23
2024-11-15|CMG|Restaurants - Consumer Discretionary|1|57.66|58.63
2024-11-15|HST|Hotel & Resort REITs - Real Estate|11|17.88|17.26
2024-11-15|CNP|Multi-Utilities - Utilities|1|28.26|30.86
2024-11-15|UPS|Air Freight & Logistics - Industrials|7|134.26|134.07
2024-11-15|F|Automobile Manufacturers - Consumer Discretionary|20|10.45|11.01
2024-11-15|ZBH|Health Care Equipment - Health Care|1|106.31|112.54
2024-11-15|XEL|Multi-Utilities - Utilities|1|64.07|69.46
2024-11-15|WY|Timber REITs - Real Estate|1|31.65|30.93
2024-11-15|ZBH|Health Care Equipment - Health Care|1|104.7|112.54
2024-11-15|WY|Timber REITs - Real Estate|1|31.85|30.93
2024-11-15|FANG|Oil & Gas Exploration & Production - Energy|4|180.91|176.6
2024-11-15|WY|Timber REITs - Real Estate|1|32.13|30.93
2024-11-15|BEN|Asset Management & Custody Banks - Financials|46|20.89|21.67
2024-11-15|VRTX|Biotechnology - Health Care|2|475.98|465.7
2024-11-15|EA|Interactive Home Entertainment - Communication Services|3|150.85|161.36
2024-11-15|IP|Paper & Plastic Packaging Products & Materials - Materials|1|55.77|57.58
2024-11-15|WY|Timber REITs - Real Estate|1|31.18|30.93
2024-11-15|CHTR|Cable & Satellite - Communication Services|1|382.38|389.57
2024-11-15|GRMN|Consumer Electronics - Consumer Discretionary|6|209.67|208.43
2024-11-15|WST|Health Care Supplies - Health Care|3|329.38|314.49
2024-11-15|NWSA|Publishing - Communication Services|45|28.95|28.62
2024-11-15|LH|Health Care Services - Health Care|1|234.38|235.21
2024-11-15|CSX|Rail Transportation - Industrials|2|36.88|35.13
2024-11-15|AIZ|Multi-line Insurance - Financials|2|205.84|218.82
2024-11-15|XEL|Multi-Utilities - Utilities|1|66.2|69.46
2024-11-15|WBD|Broadcasting - Communication Services|1|9.37|9.22
2024-11-15|WBD|Broadcasting - Communication Services|120|9.18|9.22
2024-11-15|KVUE|Personal Care Products - Consumer Staples|3|23.78|23.82
2024-11-15|GPN|Transaction & Payment Processing Services - Financials|2|116.36|116.0
2024-11-15|WY|Timber REITs - Real Estate|1|30.68|30.93
2024-11-15|WY|Timber REITs - Real Estate|1|30.89|30.93
2024-11-15|PNW|Multi-Utilities - Utilities|12|90.86|91.88
2024-11-15|WY|Timber REITs - Real Estate|2|30.86|30.93
2024-11-15|WY|Timber REITs - Real Estate|1|30.93|30.93
2024-11-15|WBD|Broadcasting - Communication Services|2|9.22|9.22
2024-11-18|WY|Timber REITs - Real Estate|1|31.1|31.02
2024-11-18|TGT|Consumer Staples Merchandise Retail - Consumer Staples|1|151.9|156.56
2024-11-18|LUV|Passenger Airlines - Industrials|1|29.81|32.33
2024-11-18|WY|Timber REITs - Real Estate|1|30.89|31.02
2024-11-18|ROP|Electronic Equipment & Instruments - Information Technology|1|549.84|549.37
2024-11-18|CMG|Restaurants - Consumer Discretionary|1|57.66|58.81
2024-11-18|HST|Hotel & Resort REITs - Real Estate|11|17.88|17.41
2024-11-18|UPS|Air Freight & Logistics - Industrials|7|134.26|135.13
2024-11-18|F|Automobile Manufacturers - Consumer Discretionary|20|10.45|11.21
2024-11-18|ZBH|Health Care Equipment - Health Care|1|106.31|113.02
2024-11-18|XEL|Multi-Utilities - Utilities|1|64.07|69.94
2024-11-18|WY|Timber REITs - Real Estate|1|31.65|31.02
2024-11-18|ZBH|Health Care Equipment - Health Care|1|104.7|113.02
2024-11-18|WY|Timber REITs - Real Estate|1|31.85|31.02
2024-11-18|FANG|Oil & Gas Exploration & Production - Energy|4|180.91|181.9
2024-11-18|WY|Timber REITs - Real Estate|1|32.13|31.02
2024-11-18|BEN|Asset Management & Custody Banks - Financials|46|20.89|21.8
2024-11-18|VRTX|Biotechnology - Health Care|2|475.98|467.01
2024-11-18|EA|Interactive Home Entertainment - Communication Services|3|150.85|164.01
2024-11-18|IP|Paper & Plastic Packaging Products & Materials - Materials|1|55.77|57.7
2024-11-18|WY|Timber REITs - Real Estate|1|31.18|31.02
2024-11-18|CHTR|Cable & Satellite - Communication Services|1|382.38|385.02
2024-11-18|GRMN|Consumer Electronics - Consumer Discretionary|6|209.67|209.27
2024-11-18|NWSA|Publishing - Communication Services|45|28.95|28.61
2024-11-18|LH|Health Care Services - Health Care|1|234.38|238.64
2024-11-18|AIZ|Multi-line Insurance - Financials|2|205.84|221.6
2024-11-18|XEL|Multi-Utilities - Utilities|1|66.2|69.94
2024-11-18|WBD|Broadcasting - Communication Services|1|9.37|9.47
2024-11-18|WBD|Broadcasting - Communication Services|120|9.18|9.47
2024-11-18|KVUE|Personal Care Products - Consumer Staples|3|23.78|23.72
2024-11-18|GPN|Transaction & Payment Processing Services - Financials|2|116.36|116.06
2024-11-18|WY|Timber REITs - Real Estate|1|30.68|31.02
2024-11-18|WY|Timber REITs - Real Estate|1|30.89|31.02
2024-11-18|PNW|Multi-Utilities - Utilities|12|90.86|91.58
2024-11-18|WY|Timber REITs - Real Estate|2|30.86|31.02
2024-11-18|WY|Timber REITs - Real Estate|1|30.93|31.02
2024-11-18|WBD|Broadcasting - Communication Services|2|9.22|9.47
2024-11-18|AJG|Insurance Brokers - Financials|3|293.59|293.59
2024-11-18|TSN|Packaged Foods & Meats - Consumer Staples|2|64.54|64.54
2024-11-18|WBD|Broadcasting - Communication Services|1|9.47|9.47
2024-11-19|WY|Timber REITs - Real Estate|1|31.1|30.68
2024-11-19|TGT|Consumer Staples Merchandise Retail - Consumer Staples|1|151.9|156.0
2024-11-19|LUV|Passenger Airlines - Industrials|1|29.81|32.36
2024-11-19|WY|Timber REITs - Real Estate|1|30.89|30.68
2024-11-19|ROP|Electronic Equipment & Instruments - Information Technology|1|549.84|547.96
2024-11-19|CMG|Restaurants - Consumer Discretionary|1|57.66|58.73
2024-11-19|HST|Hotel & Resort REITs - Real Estate|11|17.88|17.33
2024-11-19|UPS|Air Freight & Logistics - Industrials|7|134.26|133.2
2024-11-19|F|Automobile Manufacturers - Consumer Discretionary|20|10.45|11.05
2024-11-19|ZBH|Health Care Equipment - Health Care|1|106.31|110.95
2024-11-19|XEL|Multi-Utilities - Utilities|1|64.07|69.57
2024-11-19|WY|Timber REITs - Real Estate|1|31.65|30.68
2024-11-19|ZBH|Health Care Equipment - Health Care|1|104.7|110.95
2024-11-19|WY|Timber REITs - Real Estate|1|31.85|30.68
2024-11-19|FANG|Oil & Gas Exploration & Production - Energy|4|180.91|180.12
2024-11-19|WY|Timber REITs - Real Estate|1|32.13|30.68
2024-11-19|BEN|Asset Management & Custody Banks - Financials|46|20.89|21.48
2024-11-19|IP|Paper & Plastic Packaging Products & Materials - Materials|1|55.77|57.84
2024-11-19|WY|Timber REITs - Real Estate|1|31.18|30.68
2024-11-19|CHTR|Cable & Satellite - Communication Services|1|382.38|384.84
2024-11-19|GRMN|Consumer Electronics - Consumer Discretionary|6|209.67|207.37
2024-11-19|NWSA|Publishing - Communication Services|45|28.95|28.8
2024-11-19|LH|Health Care Services - Health Care|1|234.38|236.23
2024-11-19|AIZ|Multi-line Insurance - Financials|2|205.84|219.17
2024-11-19|XEL|Multi-Utilities - Utilities|1|66.2|69.57
2024-11-19|WBD|Broadcasting - Communication Services|1|9.37|9.5
2024-11-19|WBD|Broadcasting - Communication Services|120|9.18|9.5
2024-11-19|KVUE|Personal Care Products - Consumer Staples|3|23.78|23.69
2024-11-19|GPN|Transaction & Payment Processing Services - Financials|2|116.36|114.72
2024-11-19|WY|Timber REITs - Real Estate|1|30.68|30.68
2024-11-19|WY|Timber REITs - Real Estate|1|30.89|30.68
2024-11-19|PNW|Multi-Utilities - Utilities|12|90.86|90.95
2024-11-19|WY|Timber REITs - Real Estate|2|30.86|30.68
2024-11-19|WY|Timber REITs - Real Estate|1|30.93|30.68
2024-11-19|WBD|Broadcasting - Communication Services|2|9.22|9.5
2024-11-19|AJG|Insurance Brokers - Financials|3|293.59|292.49
2024-11-19|TSN|Packaged Foods & Meats - Consumer Staples|2|64.54|62.92
2024-11-19|WBD|Broadcasting - Communication Services|1|9.47|9.5
2024-11-19|UNH|Managed Health Care - Health Care|2|577.0|577.0
2024-11-19|ZTS|Pharmaceuticals - Health Care|1|175.56|175.56
2024-11-19|XEL|Multi-Utilities - Utilities|1|69.57|69.57
2024-11-20|WY|Timber REITs - Real Estate|1|31.1|30.67
2024-11-20|LUV|Passenger Airlines - Industrials|1|29.81|31.77
2024-11-20|WY|Timber REITs - Real Estate|1|30.89|30.67
2024-11-20|ROP|Electronic Equipment & Instruments - Information Technology|1|549.84|549.45
2024-11-20|CMG|Restaurants - Consumer Discretionary|1|57.66|58.88
2024-11-20|HST|Hotel & Resort REITs - Real Estate|11|17.88|17.42
2024-11-20|UPS|Air Freight & Logistics - Industrials|7|134.26|132.09
2024-11-20|F|Automobile Manufacturers - Consumer Discretionary|20|10.45|10.73
2024-11-20|ZBH|Health Care Equipment - Health Care|1|106.31|109.27
2024-11-20|XEL|Multi-Utilities - Utilities|1|64.07|70.05
2024-11-20|WY|Timber REITs - Real Estate|1|31.65|30.67
2024-11-20|ZBH|Health Care Equipment - Health Care|1|104.7|109.27
2024-11-20|WY|Timber REITs - Real Estate|1|31.85|30.67
2024-11-20|FANG|Oil & Gas Exploration & Production - Energy|4|180.91|181.46
2024-11-20|WY|Timber REITs - Real Estate|1|32.13|30.67
2024-11-20|BEN|Asset Management & Custody Banks - Financials|46|20.89|21.64
2024-11-20|IP|Paper & Plastic Packaging Products & Materials - Materials|1|55.77|58.84
2024-11-20|WY|Timber REITs - Real Estate|1|31.18|30.67
2024-11-20|CHTR|Cable & Satellite - Communication Services|1|382.38|389.12
2024-11-20|GRMN|Consumer Electronics - Consumer Discretionary|6|209.67|205.59
2024-11-20|NWSA|Publishing - Communication Services|45|28.95|29.15
2024-11-20|LH|Health Care Services - Health Care|1|234.38|237.85
2024-11-20|AIZ|Multi-line Insurance - Financials|2|205.84|220.85
2024-11-20|XEL|Multi-Utilities - Utilities|1|66.2|70.05
2024-11-20|WBD|Broadcasting - Communication Services|1|9.37|9.95
2024-11-20|WBD|Broadcasting - Communication Services|120|9.18|9.95
2024-11-20|KVUE|Personal Care Products - Consumer Staples|3|23.78|23.78
2024-11-20|GPN|Transaction & Payment Processing Services - Financials|2|116.36|114.83
2024-11-20|WY|Timber REITs - Real Estate|1|30.68|30.67
2024-11-20|WY|Timber REITs - Real Estate|1|30.89|30.67
2024-11-20|PNW|Multi-Utilities - Utilities|12|90.86|91.79
2024-11-20|WY|Timber REITs - Real Estate|2|30.86|30.67
2024-11-20|WY|Timber REITs - Real Estate|1|30.93|30.67
2024-11-20|WBD|Broadcasting - Communication Services|2|9.22|9.95
2024-11-20|AJG|Insurance Brokers - Financials|3|293.59|295.88
2024-11-20|TSN|Packaged Foods & Meats - Consumer Staples|2|64.54|63.25
2024-11-20|WBD|Broadcasting - Communication Services|1|9.47|9.95
2024-11-20|UNH|Managed Health Care - Health Care|2|577.0|600.5
2024-11-20|ZTS|Pharmaceuticals - Health Care|1|175.56|175.67
2024-11-20|XEL|Multi-Utilities - Utilities|1|69.57|70.05
2024-11-20|KMX|Automotive Retail - Consumer Discretionary|1|76.66|76.66
2024-11-20|WY|Timber REITs - Real Estate|1|30.67|30.67
2024-11-20|WBD|Broadcasting - Communication Services|1|9.95|9.95
2024-11-21|WY|Timber REITs - Real Estate|1|31.1|30.6
2024-11-21|LUV|Passenger Airlines - Industrials|1|29.81|31.79
2024-11-21|WY|Timber REITs - Real Estate|1|30.89|30.6
2024-11-21|ROP|Electronic Equipment & Instruments - Information Technology|1|549.84|554.26
2024-11-21|CMG|Restaurants - Consumer Discretionary|1|57.66|59.98
2024-11-21|HST|Hotel & Resort REITs - Real Estate|11|17.88|17.89
2024-11-21|UPS|Air Freight & Logistics - Industrials|7|134.26|131.37
2024-11-21|F|Automobile Manufacturers - Consumer Discretionary|20|10.45|10.8
2024-11-21|ZBH|Health Care Equipment - Health Care|1|106.31|108.4
2024-11-21|WY|Timber REITs - Real Estate|1|31.65|30.6
2024-11-21|ZBH|Health Care Equipment - Health Care|1|104.7|108.4
2024-11-21|WY|Timber REITs - Real Estate|1|31.85|30.6
2024-11-21|FANG|Oil & Gas Exploration & Production - Energy|4|180.91|182.7
2024-11-21|WY|Timber REITs - Real Estate|1|32.13|30.6
2024-11-21|BEN|Asset Management & Custody Banks - Financials|46|20.89|21.72
2024-11-21|IP|Paper & Plastic Packaging Products & Materials - Materials|1|55.77|59.18
2024-11-21|WY|Timber REITs - Real Estate|1|31.18|30.6
2024-11-21|CHTR|Cable & Satellite - Communication Services|1|382.38|383.84
2024-11-21|GRMN|Consumer Electronics - Consumer Discretionary|6|209.67|209.11
2024-11-21|NWSA|Publishing - Communication Services|45|28.95|29.54
2024-11-21|LH|Health Care Services - Health Care|1|234.38|240.17
2024-11-21|AIZ|Multi-line Insurance - Financials|2|205.84|225.22
2024-11-21|XEL|Multi-Utilities - Utilities|1|66.2|71.38
2024-11-21|WBD|Broadcasting - Communication Services|1|9.37|10.23
2024-11-21|KVUE|Personal Care Products - Consumer Staples|3|23.78|24.09
2024-11-21|GPN|Transaction & Payment Processing Services - Financials|2|116.36|116.33
2024-11-21|WY|Timber REITs - Real Estate|1|30.68|30.6
2024-11-21|WY|Timber REITs - Real Estate|1|30.89|30.6
2024-11-21|PNW|Multi-Utilities - Utilities|12|90.86|93.62
2024-11-21|WY|Timber REITs - Real Estate|2|30.86|30.6
2024-11-21|WY|Timber REITs - Real Estate|1|30.93|30.6
2024-11-21|AJG|Insurance Brokers - Financials|3|293.59|302.44
2024-11-21|TSN|Packaged Foods & Meats - Consumer Staples|2|64.54|63.77
2024-11-21|WBD|Broadcasting - Communication Services|1|9.47|10.23
2024-11-21|UNH|Managed Health Care - Health Care|2|577.0|597.49
2024-11-21|ZTS|Pharmaceuticals - Health Care|1|175.56|176.71
2024-11-21|XEL|Multi-Utilities - Utilities|1|69.57|71.38
2024-11-21|KMX|Automotive Retail - Consumer Discretionary|1|76.66|80.63
2024-11-21|WY|Timber REITs - Real Estate|1|30.67|30.6
2024-11-21|WBD|Broadcasting - Communication Services|1|9.95|10.23
2024-11-21|CF|Fertilizers & Agricultural Chemicals - Materials|14|90.64|90.64
2024-11-21|WY|Timber REITs - Real Estate|1|30.6|30.6
2024-11-21|WBD|Broadcasting - Communication Services|2|10.23|10.23
2024-11-25|WY|Timber REITs - Real Estate|1|31.1|32.23
2024-11-25|LUV|Passenger Airlines - Industrials|1|29.81|32.43
2024-11-25|WY|Timber REITs - Real Estate|1|30.89|32.23
2024-11-25|ROP|Electronic Equipment & Instruments - Information Technology|1|549.84|557.94
2024-11-25|CMG|Restaurants - Consumer Discretionary|1|57.66|62.0
2024-11-25|HST|Hotel & Resort REITs - Real Estate|11|17.88|18.42
2024-11-25|UPS|Air Freight & Logistics - Industrials|7|134.26|137.54
2024-11-25|F|Automobile Manufacturers - Consumer Discretionary|20|10.45|11.4
2024-11-25|ZBH|Health Care Equipment - Health Care|1|106.31|110.96
2024-11-25|WY|Timber REITs - Real Estate|1|31.65|32.23
2024-11-25|ZBH|Health Care Equipment - Health Care|1|104.7|110.96
2024-11-25|WY|Timber REITs - Real Estate|1|31.85|32.23
2024-11-25|FANG|Oil & Gas Exploration & Production - Energy|4|180.91|179.55
2024-11-25|WY|Timber REITs - Real Estate|1|32.13|32.23
2024-11-25|BEN|Asset Management & Custody Banks - Financials|46|20.89|22.72
2024-11-25|IP|Paper & Plastic Packaging Products & Materials - Materials|1|55.77|59.57
2024-11-25|WY|Timber REITs - Real Estate|1|31.18|32.23
2024-11-25|CHTR|Cable & Satellite - Communication Services|1|382.38|384.47
2024-11-25|GRMN|Consumer Electronics - Consumer Discretionary|6|209.67|214.52
2024-11-25|NWSA|Publishing - Communication Services|45|28.95|29.46
2024-11-25|LH|Health Care Services - Health Care|1|234.38|241.29
2024-11-25|XEL|Multi-Utilities - Utilities|1|66.2|71.6
2024-11-25|KVUE|Personal Care Products - Consumer Staples|3|23.78|24.24
2024-11-25|GPN|Transaction & Payment Processing Services - Financials|2|116.36|118.58
2024-11-25|WY|Timber REITs - Real Estate|1|30.68|32.23
2024-11-25|WY|Timber REITs - Real Estate|1|30.89|32.23
2024-11-25|PNW|Multi-Utilities - Utilities|12|90.86|92.88
2024-11-25|WY|Timber REITs - Real Estate|2|30.86|32.23
2024-11-25|WY|Timber REITs - Real Estate|1|30.93|32.23
2024-11-25|AJG|Insurance Brokers - Financials|3|293.59|306.39
2024-11-25|TSN|Packaged Foods & Meats - Consumer Staples|2|64.54|63.78
2024-11-25|WBD|Broadcasting - Communication Services|1|9.47|10.4
2024-11-25|UNH|Managed Health Care - Health Care|2|577.0|605.83
2024-11-25|ZTS|Pharmaceuticals - Health Care|1|175.56|178.71
2024-11-25|XEL|Multi-Utilities - Utilities|1|69.57|71.6
2024-11-25|WY|Timber REITs - Real Estate|1|30.67|32.23
2024-11-25|WBD|Broadcasting - Communication Services|1|9.95|10.4
2024-11-25|CF|Fertilizers & Agricultural Chemicals - Materials|14|90.64|87.39
2024-11-25|WY|Timber REITs - Real Estate|1|30.6|32.23
2024-11-25|WBD|Broadcasting - Communication Services|2|10.23|10.4
2024-11-25|SHW|Specialty Chemicals - Materials|1|399.71|399.71
2024-11-25|SYY|Food Distributors - Consumer Staples|2|76.88|76.88
2024-11-27|WY|Timber REITs - Real Estate|1|31.1|32.35
2024-11-27|LUV|Passenger Airlines - Industrials|1|29.81|32.36
2024-11-27|WY|Timber REITs - Real Estate|1|30.89|32.35
2024-11-27|ROP|Electronic Equipment & Instruments - Information Technology|1|549.84|564.35
2024-11-27|CMG|Restaurants - Consumer Discretionary|1|57.66|62.05
2024-11-27|HST|Hotel & Resort REITs - Real Estate|11|17.88|18.43
2024-11-27|UPS|Air Freight & Logistics - Industrials|7|134.26|135.68
2024-11-27|F|Automobile Manufacturers - Consumer Discretionary|20|10.45|11.1
2024-11-27|ZBH|Health Care Equipment - Health Care|1|106.31|112.02
2024-11-27|WY|Timber REITs - Real Estate|1|31.65|32.35
2024-11-27|ZBH|Health Care Equipment - Health Care|1|104.7|112.02
2024-11-27|WY|Timber REITs - Real Estate|1|31.85|32.35
2024-11-27|FANG|Oil & Gas Exploration & Production - Energy|4|180.91|176.19
2024-11-27|WY|Timber REITs - Real Estate|1|32.13|32.35
2024-11-27|BEN|Asset Management & Custody Banks - Financials|46|20.89|22.68
2024-11-27|IP|Paper & Plastic Packaging Products & Materials - Materials|1|55.77|58.38
2024-11-27|WY|Timber REITs - Real Estate|1|31.18|32.35
2024-11-27|CHTR|Cable & Satellite - Communication Services|1|382.38|389.81
2024-11-27|GRMN|Consumer Electronics - Consumer Discretionary|6|209.67|212.09
2024-11-27|NWSA|Publishing - Communication Services|45|28.95|29.05
2024-11-27|LH|Health Care Services - Health Care|1|234.38|242.15
2024-11-27|KVUE|Personal Care Products - Consumer Staples|3|23.78|24.13
2024-11-27|GPN|Transaction & Payment Processing Services - Financials|2|116.36|119.38
2024-11-27|WY|Timber REITs - Real Estate|1|30.68|32.35
2024-11-27|WY|Timber REITs - Real Estate|1|30.89|32.35
2024-11-27|PNW|Multi-Utilities - Utilities|12|90.86|94.52
2024-11-27|WY|Timber REITs - Real Estate|2|30.86|32.35
2024-11-27|WY|Timber REITs - Real Estate|1|30.93|32.35
2024-11-27|AJG|Insurance Brokers - Financials|3|293.59|315.16
2024-11-27|TSN|Packaged Foods & Meats - Consumer Staples|2|64.54|64.45
2024-11-27|WBD|Broadcasting - Communication Services|1|9.47|10.38
2024-11-27|UNH|Managed Health Care - Health Care|2|577.0|608.38
2024-11-27|ZTS|Pharmaceuticals - Health Care|1|175.56|176.74
2024-11-27|XEL|Multi-Utilities - Utilities|1|69.57|72.92
2024-11-27|WY|Timber REITs - Real Estate|1|30.67|32.35
2024-11-27|WBD|Broadcasting - Communication Services|1|9.95|10.38
2024-11-27|CF|Fertilizers & Agricultural Chemicals - Materials|14|90.64|88.66
2024-11-27|WY|Timber REITs - Real Estate|1|30.6|32.35
2024-11-27|WBD|Broadcasting - Communication Services|2|10.23|10.38
2024-11-27|SHW|Specialty Chemicals - Materials|1|399.71|393.96
2024-11-27|SYY|Food Distributors - Consumer Staples|2|76.88|76.65
2024-11-27|SLB|Oil & Gas Equipment & Services - Energy|1|43.66|43.66
2024-11-27|WY|Timber REITs - Real Estate|1|32.35|32.35
2024-11-29|WY|Timber REITs - Real Estate|1|31.1|32.26
2024-11-29|LUV|Passenger Airlines - Industrials|1|29.81|32.36
2024-11-29|WY|Timber REITs - Real Estate|1|30.89|32.26
2024-11-29|ROP|Electronic Equipment & Instruments - Information Technology|1|549.84|566.44
2024-11-29|CMG|Restaurants - Consumer Discretionary|1|57.66|61.52
2024-11-29|HST|Hotel & Resort REITs - Real Estate|11|17.88|18.42
2024-11-29|UPS|Air Freight & Logistics - Industrials|7|134.26|135.72
2024-11-29|F|Automobile Manufacturers - Consumer Discretionary|20|10.45|11.13
2024-11-29|ZBH|Health Care Equipment - Health Care|1|106.31|112.1
2024-11-29|WY|Timber REITs - Real Estate|1|31.65|32.26
2024-11-29|ZBH|Health Care Equipment - Health Care|1|104.7|112.1
2024-11-29|WY|Timber REITs - Real Estate|1|31.85|32.26
2024-11-29|FANG|Oil & Gas Exploration & Production - Energy|4|180.91|177.59
2024-11-29|WY|Timber REITs - Real Estate|1|32.13|32.26
2024-11-29|BEN|Asset Management & Custody Banks - Financials|46|20.89|22.76
2024-11-29|IP|Paper & Plastic Packaging Products & Materials - Materials|1|55.77|58.83
2024-11-29|WY|Timber REITs - Real Estate|1|31.18|32.26
2024-11-29|CHTR|Cable & Satellite - Communication Services|1|382.38|396.97
2024-11-29|GRMN|Consumer Electronics - Consumer Discretionary|6|209.67|212.6
2024-11-29|NWSA|Publishing - Communication Services|45|28.95|29.35
2024-11-29|LH|Health Care Services - Health Care|1|234.38|241.16
2024-11-29|KVUE|Personal Care Products - Consumer Staples|3|23.78|24.08
2024-11-29|GPN|Transaction & Payment Processing Services - Financials|2|116.36|118.96
2024-11-29|WY|Timber REITs - Real Estate|1|30.68|32.26
2024-11-29|WY|Timber REITs - Real Estate|1|30.89|32.26
2024-11-29|PNW|Multi-Utilities - Utilities|12|90.86|93.7
2024-11-29|WY|Timber REITs - Real Estate|2|30.86|32.26
2024-11-29|WY|Timber REITs - Real Estate|1|30.93|32.26
2024-11-29|AJG|Insurance Brokers - Financials|3|293.59|312.24
2024-11-29|TSN|Packaged Foods & Meats - Consumer Staples|2|64.54|64.5
2024-11-29|UNH|Managed Health Care - Health Care|2|577.0|610.2
2024-11-29|ZTS|Pharmaceuticals - Health Care|1|175.56|175.25
2024-11-29|XEL|Multi-Utilities - Utilities|1|69.57|72.56
2024-11-29|WY|Timber REITs - Real Estate|1|30.67|32.26
2024-11-29|WBD|Broadcasting - Communication Services|1|9.95|10.48
2024-11-29|CF|Fertilizers & Agricultural Chemicals - Materials|14|90.64|89.66
2024-11-29|WY|Timber REITs - Real Estate|1|30.6|32.26
2024-11-29|WBD|Broadcasting - Communication Services|2|10.23|10.48
2024-11-29|SHW|Specialty Chemicals - Materials|1|399.71|397.4
2024-11-29|SYY|Food Distributors - Consumer Staples|2|76.88|77.11
2024-11-29|SLB|Oil & Gas Equipment & Services - Energy|1|43.66|43.94
2024-11-29|WY|Timber REITs - Real Estate|1|32.35|32.26
2024-11-29|WBD|Broadcasting - Communication Services|1|10.48|10.48
2024-12-02|WY|Timber REITs - Real Estate|1|31.1|31.97
2024-12-02|WY|Timber REITs - Real Estate|1|30.89|31.97
2024-12-02|ROP|Electronic Equipment & Instruments - Information Technology|1|549.84|568.63
2024-12-02|CMG|Restaurants - Consumer Discretionary|1|57.66|60.54
2024-12-02|HST|Hotel & Resort REITs - Real Estate|11|17.88|18.39
2024-12-02|UPS|Air Freight & Logistics - Industrials|7|134.26|134.02
2024-12-02|F|Automobile Manufacturers - Consumer Discretionary|20|10.45|10.98
2024-12-02|ZBH|Health Care Equipment - Health Care|1|106.31|110.5
2024-12-02|WY|Timber REITs - Real Estate|1|31.65|31.97
2024-12-02|ZBH|Health Care Equipment - Health Care|1|104.7|110.5
2024-12-02|WY|Timber REITs - Real Estate|1|31.85|31.97
2024-12-02|FANG|Oil & Gas Exploration & Production - Energy|4|180.91|175.83
2024-12-02|WY|Timber REITs - Real Estate|1|32.13|31.97
2024-12-02|BEN|Asset Management & Custody Banks - Financials|46|20.89|22.59
2024-12-02|IP|Paper & Plastic Packaging Products & Materials - Materials|1|55.77|58.46
2024-12-02|WY|Timber REITs - Real Estate|1|31.18|31.97
2024-12-02|CHTR|Cable & Satellite - Communication Services|1|382.38|394.43
2024-12-02|GRMN|Consumer Electronics - Consumer Discretionary|6|209.67|213.46
2024-12-02|NWSA|Publishing - Communication Services|45|28.95|29.45
2024-12-02|LH|Health Care Services - Health Care|1|234.38|240.63
2024-12-02|KVUE|Personal Care Products - Consumer Staples|3|23.78|24.26
2024-12-02|GPN|Transaction & Payment Processing Services - Financials|2|116.36|118.13
2024-12-02|WY|Timber REITs - Real Estate|1|30.68|31.97
2024-12-02|WY|Timber REITs - Real Estate|1|30.89|31.97
2024-12-02|PNW|Multi-Utilities - Utilities|12|90.86|92.42
2024-12-02|WY|Timber REITs - Real Estate|2|30.86|31.97
2024-12-02|WY|Timber REITs - Real Estate|1|30.93|31.97
2024-12-02|AJG|Insurance Brokers - Financials|3|293.59|307.96
2024-12-02|TSN|Packaged Foods & Meats - Consumer Staples|2|64.54|64.34
2024-12-02|UNH|Managed Health Care - Health Care|2|577.0|608.52
2024-12-02|ZTS|Pharmaceuticals - Health Care|1|175.56|176.81
2024-12-02|XEL|Multi-Utilities - Utilities|1|69.57|71.2
2024-12-02|WY|Timber REITs - Real Estate|1|30.67|31.97
2024-12-02|WBD|Broadcasting - Communication Services|1|9.95|10.56
2024-12-02|CF|Fertilizers & Agricultural Chemicals - Materials|14|90.64|90.96
2024-12-02|WY|Timber REITs - Real Estate|1|30.6|31.97
2024-12-02|WBD|Broadcasting - Communication Services|2|10.23|10.56
2024-12-02|SHW|Specialty Chemicals - Materials|1|399.71|395.58
2024-12-02|SYY|Food Distributors - Consumer Staples|2|76.88|76.27
2024-12-02|SLB|Oil & Gas Equipment & Services - Energy|1|43.66|43.63
2024-12-02|WY|Timber REITs - Real Estate|1|32.35|31.97
2024-12-02|WBD|Broadcasting - Communication Services|1|10.48|10.56
2024-12-02|WY|Timber REITs - Real Estate|1|31.97|31.97
2024-12-04|WY|Timber REITs - Real Estate|1|31.1|31.24
2024-12-04|WY|Timber REITs - Real Estate|1|30.89|31.24
2024-12-04|ROP|Electronic Equipment & Instruments - Information Technology|1|549.84|575.95
2024-12-04|HST|Hotel & Resort REITs - Real Estate|11|17.88|18.53
2024-12-04|UPS|Air Freight & Logistics - Industrials|7|134.26|128.78
2024-12-04|F|Automobile Manufacturers - Consumer Discretionary|20|10.45|10.74
2024-12-04|ZBH|Health Care Equipment - Health Care|1|106.31|110.62
2024-12-04|WY|Timber REITs - Real Estate|1|31.65|31.24
2024-12-04|ZBH|Health Care Equipment - Health Care|1|104.7|110.62
2024-12-04|WY|Timber REITs - Real Estate|1|31.85|31.24
2024-12-04|WY|Timber REITs - Real Estate|1|32.13|31.24
2024-12-04|BEN|Asset Management & Custody Banks - Financials|46|20.89|22.67
2024-12-04|IP|Paper & Plastic Packaging Products & Materials - Materials|1|55.77|57.72
2024-12-04|WY|Timber REITs - Real Estate|1|31.18|31.24
2024-12-04|CHTR|Cable & Satellite - Communication Services|1|382.38|402.12
2024-12-04|GRMN|Consumer Electronics - Consumer Discretionary|6|209.67|215.77
2024-12-04|NWSA|Publishing - Communication Services|45|28.95|29.65
2024-12-04|LH|Health Care Services - Health Care|1|234.38|237.39
2024-12-04|KVUE|Personal Care Products - Consumer Staples|3|23.78|23.16
2024-12-04|GPN|Transaction & Payment Processing Services - Financials|2|116.36|116.85
2024-12-04|WY|Timber REITs - Real Estate|1|30.68|31.24
2024-12-04|WY|Timber REITs - Real Estate|1|30.89|31.24
2024-12-04|PNW|Multi-Utilities - Utilities|12|90.86|92.09
2024-12-04|WY|Timber REITs - Real Estate|2|30.86|31.24
2024-12-04|WY|Timber REITs - Real Estate|1|30.93|31.24
2024-12-04|AJG|Insurance Brokers - Financials|3|293.59|307.26
2024-12-04|TSN|Packaged Foods & Meats - Consumer Staples|2|64.54|63.61
2024-12-04|UNH|Managed Health Care - Health Care|2|577.0|610.79
2024-12-04|ZTS|Pharmaceuticals - Health Care|1|175.56|175.32
2024-12-04|XEL|Multi-Utilities - Utilities|1|69.57|70.72
2024-12-04|WY|Timber REITs - Real Estate|1|30.67|31.24
2024-12-04|WBD|Broadcasting - Communication Services|1|9.95|10.65
2024-12-04|CF|Fertilizers & Agricultural Chemicals - Materials|14|90.64|91.5
2024-12-04|WY|Timber REITs - Real Estate|1|30.6|31.24
2024-12-04|WBD|Broadcasting - Communication Services|2|10.23|10.65
2024-12-04|SHW|Specialty Chemicals - Materials|1|399.71|392.07
2024-12-04|SYY|Food Distributors - Consumer Staples|2|76.88|80.37
2024-12-04|SLB|Oil & Gas Equipment & Services - Energy|1|43.66|42.74
2024-12-04|WY|Timber REITs - Real Estate|1|32.35|31.24
2024-12-04|WBD|Broadcasting - Communication Services|1|10.48|10.65
2024-12-04|WY|Timber REITs - Real Estate|1|31.97|31.24
2024-12-04|ALGN|Health Care Supplies - Health Care|3|235.29|235.29
2024-12-04|LKQ|Distributors - Consumer Discretionary|1|39.48|39.48
2024-12-06|WY|Timber REITs - Real Estate|1|31.1|31.29
2024-12-06|WY|Timber REITs - Real Estate|1|30.89|31.29
2024-12-06|ROP|Electronic Equipment & Instruments - Information Technology|1|549.84|551.2
2024-12-06|HST|Hotel & Resort REITs - Real Estate|11|17.88|18.8
2024-12-06|F|Automobile Manufacturers - Consumer Discretionary|20|10.45|10.51
2024-12-06|ZBH|Health Care Equipment - Health Care|1|106.31|108.03
2024-12-06|WY|Timber REITs - Real Estate|1|31.65|31.29
2024-12-06|ZBH|Health Care Equipment - Health Care|1|104.7|108.03
2024-12-06|WY|Timber REITs - Real Estate|1|31.85|31.29
2024-12-06|WY|Timber REITs - Real Estate|1|32.13|31.29
2024-12-06|BEN|Asset Management & Custody Banks - Financials|46|20.89|21.92
2024-12-06|IP|Paper & Plastic Packaging Products & Materials - Materials|1|55.77|56.78
2024-12-06|WY|Timber REITs - Real Estate|1|31.18|31.29
2024-12-06|CHTR|Cable & Satellite - Communication Services|1|382.38|403.06
2024-12-06|GRMN|Consumer Electronics - Consumer Discretionary|6|209.67|218.58
2024-12-06|NWSA|Publishing - Communication Services|45|28.95|29.35
2024-12-06|LH|Health Care Services - Health Care|1|234.38|232.57
2024-12-06|KVUE|Personal Care Products - Consumer Staples|3|23.78|22.84
2024-12-06|GPN|Transaction & Payment Processing Services - Financials|2|116.36|117.83
2024-12-06|WY|Timber REITs - Real Estate|1|30.68|31.29
2024-12-06|WY|Timber REITs - Real Estate|1|30.89|31.29
2024-12-06|PNW|Multi-Utilities - Utilities|12|90.86|91.59
2024-12-06|WY|Timber REITs - Real Estate|2|30.86|31.29
2024-12-06|WY|Timber REITs - Real Estate|1|30.93|31.29
2024-12-06|AJG|Insurance Brokers - Financials|3|293.59|296.71
2024-12-06|TSN|Packaged Foods & Meats - Consumer Staples|2|64.54|62.64
2024-12-06|UNH|Managed Health Care - Health Care|2|577.0|549.62
2024-12-06|ZTS|Pharmaceuticals - Health Care|1|175.56|176.46
2024-12-06|XEL|Multi-Utilities - Utilities|1|69.57|69.74
2024-12-06|WY|Timber REITs - Real Estate|1|30.67|31.29
2024-12-06|WBD|Broadcasting - Communication Services|1|9.95|10.66
2024-12-06|CF|Fertilizers & Agricultural Chemicals - Materials|14|90.64|88.44
2024-12-06|WY|Timber REITs - Real Estate|1|30.6|31.29
2024-12-06|WBD|Broadcasting - Communication Services|2|10.23|10.66
2024-12-06|SHW|Specialty Chemicals - Materials|1|399.71|384.96
2024-12-06|SYY|Food Distributors - Consumer Staples|2|76.88|80.73
2024-12-06|WY|Timber REITs - Real Estate|1|32.35|31.29
2024-12-06|WBD|Broadcasting - Communication Services|1|10.48|10.66
2024-12-06|WY|Timber REITs - Real Estate|1|31.97|31.29
2024-12-06|ALGN|Health Care Supplies - Health Care|3|235.29|232.35
2024-12-06|LKQ|Distributors - Consumer Discretionary|1|39.48|38.89
2024-12-06|DLTR|Consumer Staples Merchandise Retail - Consumer Staples|12|71.87|71.87
2024-12-06|WY|Timber REITs - Real Estate|2|31.29|31.29
2024-12-09|WY|Timber REITs - Real Estate|1|31.1|31.74
2024-12-09|WY|Timber REITs - Real Estate|1|30.89|31.74
2024-12-09|ROP|Electronic Equipment & Instruments - Information Technology|1|549.84|548.42
2024-12-09|HST|Hotel & Resort REITs - Real Estate|11|17.88|18.94
2024-12-09|F|Automobile Manufacturers - Consumer Discretionary|20|10.45|10.6
2024-12-09|ZBH|Health Care Equipment - Health Care|1|106.31|109.47
2024-12-09|WY|Timber REITs - Real Estate|1|31.65|31.74
2024-12-09|ZBH|Health Care Equipment - Health Care|1|104.7|109.47
2024-12-09|WY|Timber REITs - Real Estate|1|31.85|31.74
2024-12-09|WY|Timber REITs - Real Estate|1|32.13|31.74
2024-12-09|BEN|Asset Management & Custody Banks - Financials|46|20.89|22.3
2024-12-09|IP|Paper & Plastic Packaging Products & Materials - Materials|1|55.77|55.78
2024-12-09|WY|Timber REITs - Real Estate|1|31.18|31.74
2024-12-09|CHTR|Cable & Satellite - Communication Services|1|382.38|365.96
2024-12-09|GRMN|Consumer Electronics - Consumer Discretionary|6|209.67|219.33
2024-12-09|NWSA|Publishing - Communication Services|45|28.95|29.38
2024-12-09|LH|Health Care Services - Health Care|1|234.38|236.0
2024-12-09|KVUE|Personal Care Products - Consumer Staples|3|23.78|22.81
2024-12-09|GPN|Transaction & Payment Processing Services - Financials|2|116.36|116.79
2024-12-09|WY|Timber REITs - Real Estate|1|30.68|31.74
2024-12-09|WY|Timber REITs - Real Estate|1|30.89|31.74
2024-12-09|PNW|Multi-Utilities - Utilities|12|90.86|90.44
2024-12-09|WY|Timber REITs - Real Estate|2|30.86|31.74
2024-12-09|WY|Timber REITs - Real Estate|1|30.93|31.74
2024-12-09|AJG|Insurance Brokers - Financials|3|293.59|291.85
2024-12-09|TSN|Packaged Foods & Meats - Consumer Staples|2|64.54|62.64
2024-12-09|UNH|Managed Health Care - Health Care|2|577.0|560.62
2024-12-09|ZTS|Pharmaceuticals - Health Care|1|175.56|178.15
2024-12-09|XEL|Multi-Utilities - Utilities|1|69.57|69.11
2024-12-09|WY|Timber REITs - Real Estate|1|30.67|31.74
2024-12-09|WBD|Broadcasting - Communication Services|1|9.95|10.56
2024-12-09|CF|Fertilizers & Agricultural Chemicals - Materials|14|90.64|88.22
2024-12-09|WY|Timber REITs - Real Estate|1|30.6|31.74
2024-12-09|WBD|Broadcasting - Communication Services|2|10.23|10.56
2024-12-09|SYY|Food Distributors - Consumer Staples|2|76.88|81.07
2024-12-09|WY|Timber REITs - Real Estate|1|32.35|31.74
2024-12-09|WBD|Broadcasting - Communication Services|1|10.48|10.56
2024-12-09|WY|Timber REITs - Real Estate|1|31.97|31.74
2024-12-09|ALGN|Health Care Supplies - Health Care|3|235.29|237.57
2024-12-09|LKQ|Distributors - Consumer Discretionary|1|39.48|39.41
2024-12-09|DLTR|Consumer Staples Merchandise Retail - Consumer Staples|12|71.87|71.6
2024-12-09|WY|Timber REITs - Real Estate|2|31.29|31.74
2024-12-09|HRL|Packaged Foods & Meats - Consumer Staples|11|33.18|33.18
2024-12-09|WBD|Broadcasting - Communication Services|1|10.56|10.56
2024-12-11|WY|Timber REITs - Real Estate|1|31.1|30.89
2024-12-11|WY|Timber REITs - Real Estate|1|30.89|30.89
2024-12-11|ROP|Electronic Equipment & Instruments - Information Technology|1|549.84|550.39
2024-12-11|HST|Hotel & Resort REITs - Real Estate|11|17.88|18.93
2024-12-11|F|Automobile Manufacturers - Consumer Discretionary|20|10.45|10.41
2024-12-11|ZBH|Health Care Equipment - Health Care|1|106.31|106.91
2024-12-11|WY|Timber REITs - Real Estate|1|31.65|30.89
2024-12-11|ZBH|Health Care Equipment - Health Care|1|104.7|106.91
2024-12-11|WY|Timber REITs - Real Estate|1|31.85|30.89
2024-12-11|WY|Timber REITs - Real Estate|1|32.13|30.89
2024-12-11|BEN|Asset Management & Custody Banks - Financials|46|20.89|22.39
2024-12-11|IP|Paper & Plastic Packaging Products & Materials - Materials|1|55.77|54.52
2024-12-11|WY|Timber REITs - Real Estate|1|31.18|30.89
2024-12-11|CHTR|Cable & Satellite - Communication Services|1|382.38|378.49
2024-12-11|GRMN|Consumer Electronics - Consumer Discretionary|6|209.67|220.77
2024-12-11|NWSA|Publishing - Communication Services|45|28.95|29.07
2024-12-11|LH|Health Care Services - Health Care|1|234.38|229.53
2024-12-11|GPN|Transaction & Payment Processing Services - Financials|2|116.36|117.07
2024-12-11|WY|Timber REITs - Real Estate|1|30.68|30.89
2024-12-11|WY|Timber REITs - Real Estate|1|30.89|30.89
2024-12-11|PNW|Multi-Utilities - Utilities|12|90.86|88.89
2024-12-11|WY|Timber REITs - Real Estate|2|30.86|30.89
2024-12-11|WY|Timber REITs - Real Estate|1|30.93|30.89
2024-12-11|AJG|Insurance Brokers - Financials|3|293.59|283.58
2024-12-11|TSN|Packaged Foods & Meats - Consumer Staples|2|64.54|61.92
2024-12-11|ZTS|Pharmaceuticals - Health Care|1|175.56|177.17
2024-12-11|XEL|Multi-Utilities - Utilities|1|69.57|68.36
2024-12-11|WY|Timber REITs - Real Estate|1|30.67|30.89
2024-12-11|WBD|Broadcasting - Communication Services|1|9.95|10.82
2024-12-11|CF|Fertilizers & Agricultural Chemicals - Materials|14|90.64|89.82
2024-12-11|WY|Timber REITs - Real Estate|1|30.6|30.89
2024-12-11|WBD|Broadcasting - Communication Services|2|10.23|10.82
2024-12-11|SYY|Food Distributors - Consumer Staples|2|76.88|80.35
2024-12-11|WY|Timber REITs - Real Estate|1|32.35|30.89
2024-12-11|WBD|Broadcasting - Communication Services|1|10.48|10.82
2024-12-11|WY|Timber REITs - Real Estate|1|31.97|30.89
2024-12-11|ALGN|Health Care Supplies - Health Care|3|235.29|239.52
2024-12-11|LKQ|Distributors - Consumer Discretionary|1|39.48|38.61
2024-12-11|DLTR|Consumer Staples Merchandise Retail - Consumer Staples|12|71.87|71.63
2024-12-11|WY|Timber REITs - Real Estate|2|31.29|30.89
2024-12-11|HRL|Packaged Foods & Meats - Consumer Staples|11|33.18|33.13
2024-12-11|WBD|Broadcasting - Communication Services|1|10.56|10.82
2024-12-11|VZ|Integrated Telecommunication Services - Communication Services|27|41.99|41.99
2024-12-12|WY|Timber REITs - Real Estate|1|31.1|30.4
2024-12-12|WY|Timber REITs - Real Estate|1|30.89|30.4
2024-12-12|ROP|Electronic Equipment & Instruments - Information Technology|1|549.84|548.03
2024-12-12|HST|Hotel & Resort REITs - Real Estate|11|17.88|18.82
2024-12-12|F|Automobile Manufacturers - Consumer Discretionary|20|10.45|10.39
2024-12-12|ZBH|Health Care Equipment - Health Care|1|106.31|106.84
2024-12-12|WY|Timber REITs - Real Estate|1|31.65|30.4
2024-12-12|ZBH|Health Care Equipment - Health Care|1|104.7|106.84
2024-12-12|WY|Timber REITs - Real Estate|1|31.85|30.4
2024-12-12|BEN|Asset Management & Custody Banks - Financials|46|20.89|22.1
2024-12-12|IP|Paper & Plastic Packaging Products & Materials - Materials|1|55.77|54.86
2024-12-12|WY|Timber REITs - Real Estate|1|31.18|30.4
2024-12-12|CHTR|Cable & Satellite - Communication Services|1|382.38|388.45
2024-12-12|GRMN|Consumer Electronics - Consumer Discretionary|6|209.67|215.97
2024-12-12|NWSA|Publishing - Communication Services|45|28.95|28.98
2024-12-12|LH|Health Care Services - Health Care|1|234.38|231.84
2024-12-12|GPN|Transaction & Payment Processing Services - Financials|2|116.36|115.77
2024-12-12|WY|Timber REITs - Real Estate|1|30.68|30.4
2024-12-12|WY|Timber REITs - Real Estate|1|30.89|30.4
2024-12-12|PNW|Multi-Utilities - Utilities|12|90.86|88.71
2024-12-12|WY|Timber REITs - Real Estate|2|30.86|30.4
2024-12-12|WY|Timber REITs - Real Estate|1|30.93|30.4
2024-12-12|AJG|Insurance Brokers - Financials|3|293.59|281.19
2024-12-12|ZTS|Pharmaceuticals - Health Care|1|175.56|178.84
2024-12-12|XEL|Multi-Utilities - Utilities|1|69.57|68.49
2024-12-12|WY|Timber REITs - Real Estate|1|30.67|30.4
2024-12-12|CF|Fertilizers & Agricultural Chemicals - Materials|14|90.64|90.13
2024-12-12|WY|Timber REITs - Real Estate|1|30.6|30.4
2024-12-12|SYY|Food Distributors - Consumer Staples|2|76.88|79.76
2024-12-12|WY|Timber REITs - Real Estate|1|31.97|30.4
2024-12-12|ALGN|Health Care Supplies - Health Care|3|235.29|235.72
2024-12-12|LKQ|Distributors - Consumer Discretionary|1|39.48|38.37
2024-12-12|DLTR|Consumer Staples Merchandise Retail - Consumer Staples|12|71.87|70.83
2024-12-12|WY|Timber REITs - Real Estate|2|31.29|30.4
2024-12-12|HRL|Packaged Foods & Meats - Consumer Staples|11|33.18|33.04
2024-12-12|VZ|Integrated Telecommunication Services - Communication Services|27|41.99|42.08
2024-12-12|BA|Aerospace & Defense - Industrials|1|167.75|167.75
2024-12-12|XEL|Multi-Utilities - Utilities|1|68.49|68.49
2024-12-12|F|Automobile Manufacturers - Consumer Discretionary|1|10.39|10.39
2024-12-13|WY|Timber REITs - Real Estate|1|31.1|30.06
2024-12-13|WY|Timber REITs - Real Estate|1|30.89|30.06
2024-12-13|ROP|Electronic Equipment & Instruments - Information Technology|1|549.84|543.66
2024-12-13|HST|Hotel & Resort REITs - Real Estate|11|17.88|18.58
2024-12-13|F|Automobile Manufacturers - Consumer Discretionary|20|10.45|10.39
2024-12-13|ZBH|Health Care Equipment - Health Care|1|106.31|106.74
2024-12-13|ZBH|Health Care Equipment - Health Care|1|104.7|106.74
2024-12-13|BEN|Asset Management & Custody Banks - Financials|46|20.89|21.97
2024-12-13|IP|Paper & Plastic Packaging Products & Materials - Materials|1|55.77|55.54
2024-12-13|WY|Timber REITs - Real Estate|1|31.18|30.06
2024-12-13|CHTR|Cable & Satellite - Communication Services|1|382.38|379.78
2024-12-13|GRMN|Consumer Electronics - Consumer Discretionary|6|209.67|215.4
2024-12-13|NWSA|Publishing - Communication Services|45|28.95|28.61
2024-12-13|LH|Health Care Services - Health Care|1|234.38|232.01
2024-12-13|GPN|Transaction & Payment Processing Services - Financials|2|116.36|114.21
2024-12-13|WY|Timber REITs - Real Estate|1|30.68|30.06
2024-12-13|WY|Timber REITs - Real Estate|1|30.89|30.06
2024-12-13|PNW|Multi-Utilities - Utilities|12|90.86|87.55
2024-12-13|WY|Timber REITs - Real Estate|2|30.86|30.06
2024-12-13|WY|Timber REITs - Real Estate|1|30.93|30.06
2024-12-13|AJG|Insurance Brokers - Financials|3|293.59|284.59
2024-12-13|ZTS|Pharmaceuticals - Health Care|1|175.56|178.18
2024-12-13|XEL|Multi-Utilities - Utilities|1|69.57|68.12
2024-12-13|WY|Timber REITs - Real Estate|1|30.67|30.06
2024-12-13|CF|Fertilizers & Agricultural Chemicals - Materials|14|90.64|89.5
2024-12-13|WY|Timber REITs - Real Estate|1|30.6|30.06
2024-12-13|SYY|Food Distributors - Consumer Staples|2|76.88|79.96
2024-12-13|ALGN|Health Care Supplies - Health Care|3|235.29|235.39
2024-12-13|LKQ|Distributors - Consumer Discretionary|1|39.48|37.98
2024-12-13|DLTR|Consumer Staples Merchandise Retail - Consumer Staples|12|71.87|70.09
2024-12-13|WY|Timber REITs - Real Estate|2|31.29|30.06
2024-12-13|HRL|Packaged Foods & Meats - Consumer Staples|11|33.18|32.94
2024-12-13|VZ|Integrated Telecommunication Services - Communication Services|27|41.99|42.28
2024-12-13|BA|Aerospace & Defense - Industrials|1|167.75|169.65
2024-12-13|XEL|Multi-Utilities - Utilities|1|68.49|68.12
2024-12-13|F|Automobile Manufacturers - Consumer Discretionary|1|10.39|10.39
2024-12-13|XEL|Multi-Utilities - Utilities|1|68.12|68.12
2024-12-13|WBD|Broadcasting - Communication Services|1|12.07|12.07
2024-12-13|F|Automobile Manufacturers - Consumer Discretionary|1|10.39|10.39
2024-12-16|WY|Timber REITs - Real Estate|1|31.1|29.65
2024-12-16|WY|Timber REITs - Real Estate|1|30.89|29.65
2024-12-16|ROP|Electronic Equipment & Instruments - Information Technology|1|549.84|542.04
2024-12-16|HST|Hotel & Resort REITs - Real Estate|11|17.88|18.66
2024-12-16|F|Automobile Manufacturers - Consumer Discretionary|20|10.45|9.99
2024-12-16|ZBH|Health Care Equipment - Health Care|1|106.31|106.85
2024-12-16|ZBH|Health Care Equipment - Health Care|1|104.7|106.85
2024-12-16|BEN|Asset Management & Custody Banks - Financials|46|20.89|21.9
2024-12-16|IP|Paper & Plastic Packaging Products & Materials - Materials|1|55.77|55.79
2024-12-16|WY|Timber REITs - Real Estate|1|31.18|29.65
2024-12-16|CHTR|Cable & Satellite - Communication Services|1|382.38|378.98
2024-12-16|GRMN|Consumer Electronics - Consumer Discretionary|6|209.67|214.62
2024-12-16|NWSA|Publishing - Communication Services|45|28.95|28.65
2024-12-16|LH|Health Care Services - Health Care|1|234.38|229.62
2024-12-16|GPN|Transaction & Payment Processing Services - Financials|2|116.36|113.96
2024-12-16|WY|Timber REITs - Real Estate|1|30.68|29.65
2024-12-16|WY|Timber REITs - Real Estate|1|30.89|29.65
2024-12-16|WY|Timber REITs - Real Estate|2|30.86|29.65
2024-12-16|WY|Timber REITs - Real Estate|1|30.93|29.65
2024-12-16|AJG|Insurance Brokers - Financials|3|293.59|286.0
2024-12-16|ZTS|Pharmaceuticals - Health Care|1|175.56|175.81
2024-12-16|XEL|Multi-Utilities - Utilities|1|69.57|67.66
2024-12-16|WY|Timber REITs - Real Estate|1|30.67|29.65
2024-12-16|CF|Fertilizers & Agricultural Chemicals - Materials|14|90.64|86.68
2024-12-16|WY|Timber REITs - Real Estate|1|30.6|29.65
2024-12-16|SYY|Food Distributors - Consumer Staples|2|76.88|79.25
2024-12-16|ALGN|Health Care Supplies - Health Care|3|235.29|230.09
2024-12-16|DLTR|Consumer Staples Merchandise Retail - Consumer Staples|12|71.87|70.03
2024-12-16|HRL|Packaged Foods & Meats - Consumer Staples|11|33.18|32.34
2024-12-16|VZ|Integrated Telecommunication Services - Communication Services|27|41.99|40.88
2024-12-16|BA|Aerospace & Defense - Industrials|1|167.75|173.17
2024-12-16|XEL|Multi-Utilities - Utilities|1|68.49|67.66
2024-12-16|F|Automobile Manufacturers - Consumer Discretionary|1|10.39|9.99
2024-12-16|XEL|Multi-Utilities - Utilities|1|68.12|67.66
2024-12-16|WBD|Broadcasting - Communication Services|1|12.07|11.6
2024-12-16|F|Automobile Manufacturers - Consumer Discretionary|1|10.39|9.99
2024-12-16|MKC|Packaged Foods & Meats - Consumer Staples|11|80.17|80.17
2024-12-16|ZTS|Pharmaceuticals - Health Care|1|175.81|175.81
2024-12-16|XEL|Multi-Utilities - Utilities|1|67.66|67.66
2024-12-17|WY|Timber REITs - Real Estate|1|30.89|29.38
2024-12-17|ROP|Electronic Equipment & Instruments - Information Technology|1|549.84|536.75
2024-12-17|HST|Hotel & Resort REITs - Real Estate|11|17.88|18.72
2024-12-17|F|Automobile Manufacturers - Consumer Discretionary|20|10.45|9.97
2024-12-17|ZBH|Health Care Equipment - Health Care|1|106.31|108.06
2024-12-17|ZBH|Health Care Equipment - Health Care|1|104.7|108.06
2024-12-17|BEN|Asset Management & Custody Banks - Financials|46|20.89|21.34
2024-12-17|IP|Paper & Plastic Packaging Products & Materials - Materials|1|55.77|55.24
2024-12-17|CHTR|Cable & Satellite - Communication Services|1|382.38|371.03
2024-12-17|GRMN|Consumer Electronics - Consumer Discretionary|6|209.67|210.89
2024-12-17|NWSA|Publishing - Communication Services|45|28.95|28.25
2024-12-17|LH|Health Care Services - Health Care|1|234.38|230.95
2024-12-17|GPN|Transaction & Payment Processing Services - Financials|2|116.36|114.7
2024-12-17|WY|Timber REITs - Real Estate|1|30.68|29.38
2024-12-17|WY|Timber REITs - Real Estate|1|30.89|29.38
2024-12-17|WY|Timber REITs - Real Estate|2|30.86|29.38
2024-12-17|AJG|Insurance Brokers - Financials|3|293.59|282.91
2024-12-17|ZTS|Pharmaceuticals - Health Care|1|175.56|170.79
2024-12-17|XEL|Multi-Utilities - Utilities|1|69.57|68.08
2024-12-17|WY|Timber REITs - Real Estate|1|30.67|29.38
2024-12-17|CF|Fertilizers & Agricultural Chemicals - Materials|14|90.64|86.68
2024-12-17|WY|Timber REITs - Real Estate|1|30.6|29.38
2024-12-17|SYY|Food Distributors - Consumer Staples|2|76.88|78.03
2024-12-17|ALGN|Health Care Supplies - Health Care|3|235.29|228.81
2024-12-17|DLTR|Consumer Staples Merchandise Retail - Consumer Staples|12|71.87|70.11
2024-12-17|HRL|Packaged Foods & Meats - Consumer Staples|11|33.18|32.15
2024-12-17|VZ|Integrated Telecommunication Services - Communication Services|27|41.99|40.78
2024-12-17|BA|Aerospace & Defense - Industrials|1|167.75|173.03
2024-12-17|XEL|Multi-Utilities - Utilities|1|68.49|68.08
2024-12-17|F|Automobile Manufacturers - Consumer Discretionary|1|10.39|9.97
2024-12-17|XEL|Multi-Utilities - Utilities|1|68.12|68.08
2024-12-17|F|Automobile Manufacturers - Consumer Discretionary|1|10.39|9.97
2024-12-17|MKC|Packaged Foods & Meats - Consumer Staples|11|80.17|80.31
2024-12-17|ZTS|Pharmaceuticals - Health Care|1|175.81|170.79
2024-12-17|XEL|Multi-Utilities - Utilities|1|67.66|68.08
2024-12-17|SMCI|Technology Hardware, Storage & Peripherals - Information Technology|3|33.8|33.8
2024-12-18|ROP|Electronic Equipment & Instruments - Information Technology|1|549.84|526.72
2024-12-18|HST|Hotel & Resort REITs - Real Estate|11|17.88|17.55
2024-12-18|ZBH|Health Care Equipment - Health Care|1|106.31|105.86
2024-12-18|ZBH|Health Care Equipment - Health Care|1|104.7|105.86
2024-12-18|BEN|Asset Management & Custody Banks - Financials|46|20.89|20.14
2024-12-18|IP|Paper & Plastic Packaging Products & Materials - Materials|1|55.77|53.64
2024-12-18|GRMN|Consumer Electronics - Consumer Discretionary|6|209.67|206.23
2024-12-18|NWSA|Publishing - Communication Services|45|28.95|27.68
2024-12-18|LH|Health Care Services - Health Care|1|234.38|226.31
2024-12-18|GPN|Transaction & Payment Processing Services - Financials|2|116.36|110.97
2024-12-18|ZTS|Pharmaceuticals - Health Care|1|175.56|167.01
2024-12-18|XEL|Multi-Utilities - Utilities|1|69.57|66.4
2024-12-18|SYY|Food Distributors - Consumer Staples|2|76.88|77.08
2024-12-18|DLTR|Consumer Staples Merchandise Retail - Consumer Staples|12|71.87|69.27
2024-12-18|HRL|Packaged Foods & Meats - Consumer Staples|11|33.18|31.9
2024-12-18|VZ|Integrated Telecommunication Services - Communication Services|27|41.99|40.24
2024-12-18|BA|Aerospace & Defense - Industrials|1|167.75|172.62
2024-12-18|XEL|Multi-Utilities - Utilities|1|68.49|66.4
2024-12-18|XEL|Multi-Utilities - Utilities|1|68.12|66.4
2024-12-18|MKC|Packaged Foods & Meats - Consumer Staples|11|80.17|79.17
2024-12-18|XEL|Multi-Utilities - Utilities|1|67.66|66.4
2024-12-18|SMCI|Technology Hardware, Storage & Peripherals - Information Technology|3|33.8|32.23
2024-12-18|TER|Semiconductor Materials & Equipment - Information Technology|10|123.77|123.77
2024-12-18|ZTS|Pharmaceuticals - Health Care|6|167.01|167.01
2024-12-18|ZBRA|Electronic Equipment & Instruments - Information Technology|1|383.47|383.47
2024-12-18|ZBH|Health Care Equipment - Health Care|9|105.86|105.86
2024-12-18|WBD|Broadcasting - Communication Services|1|10.63|10.63
2024-12-19|HST|Hotel & Resort REITs - Real Estate|11|17.88|17.63
2024-12-19|ZBH|Health Care Equipment - Health Care|1|106.31|105.81
2024-12-19|ZBH|Health Care Equipment - Health Care|1|104.7|105.81
2024-12-19|BEN|Asset Management & Custody Banks - Financials|46|20.89|19.97
2024-12-19|IP|Paper & Plastic Packaging Products & Materials - Materials|1|55.77|53.84
2024-12-19|GRMN|Consumer Electronics - Consumer Discretionary|6|209.67|205.42
2024-12-19|NWSA|Publishing - Communication Services|45|28.95|27.61
2024-12-19|LH|Health Care Services - Health Care|1|234.38|226.97
2024-12-19|GPN|Transaction & Payment Processing Services - Financials|2|116.36|110.58
2024-12-19|XEL|Multi-Utilities - Utilities|1|69.57|66.65
2024-12-19|SYY|Food Distributors - Consumer Staples|2|76.88|76.55
2024-12-19|DLTR|Consumer Staples Merchandise Retail - Consumer Staples|12|71.87|69.06
2024-12-19|HRL|Packaged Foods & Meats - Consumer Staples|11|33.18|31.58
2024-12-19|VZ|Integrated Telecommunication Services - Communication Services|27|41.99|39.97
2024-12-19|BA|Aerospace & Defense - Industrials|1|167.75|177.04
2024-12-19|XEL|Multi-Utilities - Utilities|1|68.49|66.65
2024-12-19|XEL|Multi-Utilities - Utilities|1|68.12|66.65
2024-12-19|MKC|Packaged Foods & Meats - Consumer Staples|11|80.17|78.24
2024-12-19|XEL|Multi-Utilities - Utilities|1|67.66|66.65
2024-12-19|TER|Semiconductor Materials & Equipment - Information Technology|10|123.77|125.19
2024-12-19|ZTS|Pharmaceuticals - Health Care|6|167.01|163.52
2024-12-19|ZBRA|Electronic Equipment & Instruments - Information Technology|1|383.47|385.37
2024-12-19|ZBH|Health Care Equipment - Health Care|9|105.86|105.81
2024-12-19|WBD|Broadcasting - Communication Services|1|10.63|10.49
2024-12-19|ZTS|Pharmaceuticals - Health Care|1|163.52|163.52
2024-12-19|ZBRA|Electronic Equipment & Instruments - Information Technology|1|385.37|385.37
2024-12-19|YUM|Restaurants - Consumer Discretionary|1|130.36|130.36
2024-12-19|XEL|Multi-Utilities - Utilities|1|66.65|66.65
2024-12-19|WY|Timber REITs - Real Estate|1|27.21|27.21
2024-12-19|WBD|Broadcasting - Communication Services|1|10.49|10.49
2024-12-24|HST|Hotel & Resort REITs - Real Estate|11|17.88|18.22
2024-12-24|ZBH|Health Care Equipment - Health Care|1|106.31|107.3
2024-12-24|ZBH|Health Care Equipment - Health Care|1|104.7|107.3
2024-12-24|BEN|Asset Management & Custody Banks - Financials|46|20.89|20.88
2024-12-24|IP|Paper & Plastic Packaging Products & Materials - Materials|1|55.77|55.11
2024-12-24|GRMN|Consumer Electronics - Consumer Discretionary|6|209.67|211.02
2024-12-24|NWSA|Publishing - Communication Services|45|28.95|28.25
2024-12-24|LH|Health Care Services - Health Care|1|234.38|229.49
2024-12-24|GPN|Transaction & Payment Processing Services - Financials|2|116.36|112.98
2024-12-24|XEL|Multi-Utilities - Utilities|1|69.57|68.21
2024-12-24|SYY|Food Distributors - Consumer Staples|2|76.88|77.53
2024-12-24|DLTR|Consumer Staples Merchandise Retail - Consumer Staples|12|71.87|73.38
2024-12-24|HRL|Packaged Foods & Meats - Consumer Staples|11|33.18|31.61
2024-12-24|BA|Aerospace & Defense - Industrials|1|167.75|179.34
2024-12-24|XEL|Multi-Utilities - Utilities|1|68.49|68.21
2024-12-24|XEL|Multi-Utilities - Utilities|1|68.12|68.21
2024-12-24|MKC|Packaged Foods & Meats - Consumer Staples|11|80.17|78.03
2024-12-24|XEL|Multi-Utilities - Utilities|1|67.66|68.21
2024-12-24|TER|Semiconductor Materials & Equipment - Information Technology|10|123.77|129.96
2024-12-24|ZTS|Pharmaceuticals - Health Care|6|167.01|164.7
2024-12-24|ZBRA|Electronic Equipment & Instruments - Information Technology|1|383.47|395.44
2024-12-24|ZBH|Health Care Equipment - Health Care|9|105.86|107.3
2024-12-24|WBD|Broadcasting - Communication Services|1|10.63|10.55
2024-12-24|ZTS|Pharmaceuticals - Health Care|1|163.52|164.7
2024-12-24|ZBRA|Electronic Equipment & Instruments - Information Technology|1|385.37|395.44
2024-12-24|YUM|Restaurants - Consumer Discretionary|1|130.36|135.0
2024-12-24|XEL|Multi-Utilities - Utilities|1|66.65|68.21
2024-12-24|WY|Timber REITs - Real Estate|1|27.21|28.26
2024-12-24|WBD|Broadcasting - Communication Services|1|10.49|10.55
2024-12-24|ZBRA|Electronic Equipment & Instruments - Information Technology|1|395.44|395.44
2024-12-24|YUM|Restaurants - Consumer Discretionary|5|135.0|135.0
2024-12-30|HST|Hotel & Resort REITs - Real Estate|11|17.88|17.78
2024-12-30|ZBH|Health Care Equipment - Health Care|1|106.31|105.4
2024-12-30|ZBH|Health Care Equipment - Health Care|1|104.7|105.4
2024-12-30|BEN|Asset Management & Custody Banks - Financials|46|20.89|20.11
2024-12-30|IP|Paper & Plastic Packaging Products & Materials - Materials|1|55.77|53.65
2024-12-30|GRMN|Consumer Electronics - Consumer Discretionary|6|209.67|207.46
2024-12-30|LH|Health Care Services - Health Care|1|234.38|228.85
2024-12-30|GPN|Transaction & Payment Processing Services - Financials|2|116.36|110.83
2024-12-30|XEL|Multi-Utilities - Utilities|1|69.57|67.59
2024-12-30|SYY|Food Distributors - Consumer Staples|2|76.88|76.36
2024-12-30|DLTR|Consumer Staples Merchandise Retail - Consumer Staples|12|71.87|74.77
2024-12-30|BA|Aerospace & Defense - Industrials|1|167.75|176.55
2024-12-30|XEL|Multi-Utilities - Utilities|1|68.49|67.59
2024-12-30|XEL|Multi-Utilities - Utilities|1|68.12|67.59
2024-12-30|XEL|Multi-Utilities - Utilities|1|67.66|67.59
2024-12-30|TER|Semiconductor Materials & Equipment - Information Technology|10|123.77|126.7
2024-12-30|ZTS|Pharmaceuticals - Health Care|6|167.01|162.24
2024-12-30|ZBRA|Electronic Equipment & Instruments - Information Technology|1|383.47|383.85
2024-12-30|ZBH|Health Care Equipment - Health Care|9|105.86|105.4
2024-12-30|WBD|Broadcasting - Communication Services|1|10.63|10.51
2024-12-30|ZTS|Pharmaceuticals - Health Care|1|163.52|162.24
2024-12-30|ZBRA|Electronic Equipment & Instruments - Information Technology|1|385.37|383.85
2024-12-30|YUM|Restaurants - Consumer Discretionary|1|130.36|133.52
2024-12-30|XEL|Multi-Utilities - Utilities|1|66.65|67.59
2024-12-30|WY|Timber REITs - Real Estate|1|27.21|27.89
2024-12-30|WBD|Broadcasting - Communication Services|1|10.49|10.51
2024-12-30|ZBRA|Electronic Equipment & Instruments - Information Technology|1|395.44|383.85
2024-12-30|YUM|Restaurants - Consumer Discretionary|5|135.0|133.52
2024-12-30|YUM|Restaurants - Consumer Discretionary|3|133.52|133.52
2024-12-30|XYL|Industrial Machinery & Supplies & Components - Industrials|10|116.28|116.28
2024-12-30|XOM|Integrated Oil & Gas - Energy|8|105.76|105.76
