Date|symbol|sector|quantity|buy_price|price
2024-01-02|CVX|Integrated Oil & Gas - Energy|13|149.48|149.48
2024-01-02|WYNN|Casinos & Gaming - Consumer Discretionary|21|94.6|94.6
2024-01-02|ZTS|Pharmaceuticals - Health Care|10|196.57|196.57
2024-01-02|ZBRA|Electronic Equipment & Instruments - Information Technology|7|267.98|267.98
2024-01-02|ZBH|Health Care Equipment - Health Care|16|121.39|121.39
2024-01-02|YUM|Restaurants - Consumer Discretionary|2|129.03|129.03
2024-01-02|WBD|Broadcasting - Communication Services|2|11.66|11.66
2024-01-03|CVX|Integrated Oil & Gas - Energy|13|149.48|152.33
2024-01-03|WYNN|Casinos & Gaming - Consumer Discretionary|21|94.6|94.03
2024-01-03|ZTS|Pharmaceuticals - Health Care|10|196.57|192.93
2024-01-03|ZBH|Health Care Equipment - Health Care|16|121.39|120.47
2024-01-03|YUM|Restaurants - Consumer Discretionary|2|129.03|129.1
2024-01-03|WBD|Broadcasting - Communication Services|2|11.66|11.3
2024-01-03|MPC|Oil & Gas Refining & Marketing - Energy|11|157.89|157.89
2024-01-03|BWA|Automotive Parts & Equipment - Consumer Discretionary|1|34.03|34.03
2024-01-09|CVX|Integrated Oil & Gas - Energy|13|149.48|145.7
2024-01-09|WYNN|Casinos & Gaming - Consumer Discretionary|21|94.6|95.26
2024-01-09|ZTS|Pharmaceuticals - Health Care|10|196.57|195.94
2024-01-09|ZBH|Health Care Equipment - Health Care|16|121.39|121.87
2024-01-09|YUM|Restaurants - Consumer Discretionary|2|129.03|128.22
2024-01-09|MPC|Oil & Gas Refining & Marketing - Energy|11|157.89|154.31
2024-01-09|BWA|Automotive Parts & Equipment - Consumer Discretionary|1|34.03|33.97
2024-01-09|WBD|Broadcasting - Communication Services|2|11.03|11.03
2024-01-16|CVX|Integrated Oil & Gas - Energy|13|149.48|143.69
2024-01-16|WYNN|Casinos & Gaming - Consumer Discretionary|21|94.6|94.56
2024-01-16|ZTS|Pharmaceuticals - Health Care|10|196.57|192.99
2024-01-16|ZBH|Health Care Equipment - Health Care|16|121.39|122.64
2024-01-16|YUM|Restaurants - Consumer Discretionary|2|129.03|129.81
2024-01-16|MPC|Oil & Gas Refining & Marketing - Energy|11|157.89|154.12
2024-01-16|BWA|Automotive Parts & Equipment - Consumer Discretionary|1|34.03|33.11
2024-01-16|WBD|Broadcasting - Communication Services|2|10.35|10.35
2024-01-18|WYNN|Casinos & Gaming - Consumer Discretionary|21|94.6|94.1
2024-01-18|ZTS|Pharmaceuticals - Health Care|10|196.57|190.5
2024-01-18|ZBH|Health Care Equipment - Health Care|16|121.39|123.83
2024-01-18|YUM|Restaurants - Consumer Discretionary|2|129.03|130.46
2024-01-18|MPC|Oil & Gas Refining & Marketing - Energy|11|157.89|151.8
2024-01-18|BWA|Automotive Parts & Equipment - Consumer Discretionary|1|34.03|32.75
2024-01-18|WBD|Broadcasting - Communication Services|2|10.35|10.28
2024-01-18|ZBRA|Electronic Equipment & Instruments - Information Technology|7|249.59|249.59
2024-01-18|XOM|Integrated Oil & Gas - Energy|1|96.8|96.8
2024-01-24|WYNN|Casinos & Gaming - Consumer Discretionary|21|94.6|94.29
2024-01-24|ZBH|Health Care Equipment - Health Care|16|121.39|120.52
2024-01-24|YUM|Restaurants - Consumer Discretionary|2|129.03|129.44
2024-01-24|MPC|Oil & Gas Refining & Marketing - Energy|11|157.89|155.1
2024-01-24|BWA|Automotive Parts & Equipment - Consumer Discretionary|1|34.03|33.27
2024-01-24|WBD|Broadcasting - Communication Services|2|10.35|10.41
2024-01-24|ZBRA|Electronic Equipment & Instruments - Information Technology|7|249.59|254.17
2024-01-24|XOM|Integrated Oil & Gas - Energy|1|96.8|99.6
2024-01-24|ZTS|Pharmaceuticals - Health Care|10|186.07|186.07
2024-02-07|WYNN|Casinos & Gaming - Consumer Discretionary|21|94.6|99.83
2024-02-07|ZBH|Health Care Equipment - Health Care|16|121.39|127.55
2024-02-07|YUM|Restaurants - Consumer Discretionary|2|129.03|129.64
2024-02-07|MPC|Oil & Gas Refining & Marketing - Energy|11|157.89|169.59
2024-02-07|BWA|Automotive Parts & Equipment - Consumer Discretionary|1|34.03|33.83
2024-02-07|ZBRA|Electronic Equipment & Instruments - Information Technology|7|249.59|247.11
2024-02-07|XOM|Integrated Oil & Gas - Energy|1|96.8|102.22
2024-02-07|ZTS|Pharmaceuticals - Health Care|10|186.07|197.09
2024-02-07|WBD|Broadcasting - Communication Services|2|9.75|9.75
2024-02-08|WYNN|Casinos & Gaming - Consumer Discretionary|21|94.6|106.11
2024-02-08|ZBH|Health Care Equipment - Health Care|16|121.39|123.04
2024-02-08|YUM|Restaurants - Consumer Discretionary|2|129.03|130.4
2024-02-08|MPC|Oil & Gas Refining & Marketing - Energy|11|157.89|169.68
2024-02-08|ZBRA|Electronic Equipment & Instruments - Information Technology|7|249.59|247.12
2024-02-08|XOM|Integrated Oil & Gas - Energy|1|96.8|103.97
2024-02-08|ZTS|Pharmaceuticals - Health Care|10|186.07|195.75
2024-02-08|WBD|Broadcasting - Communication Services|2|9.75|9.83
2024-02-08|PLTR|Internet Services & Infrastructure - Information Technology|1|24.51|24.51
2024-02-21|WYNN|Casinos & Gaming - Consumer Discretionary|21|94.6|102.38
2024-02-21|ZBH|Health Care Equipment - Health Care|16|121.39|128.35
2024-02-21|YUM|Restaurants - Consumer Discretionary|2|129.03|135.23
2024-02-21|MPC|Oil & Gas Refining & Marketing - Energy|11|157.89|166.05
2024-02-21|ZBRA|Electronic Equipment & Instruments - Information Technology|7|249.59|274.43
2024-02-21|XOM|Integrated Oil & Gas - Energy|1|96.8|104.85
2024-02-21|ZTS|Pharmaceuticals - Health Care|10|186.07|188.38
2024-02-21|WBD|Broadcasting - Communication Services|2|9.75|9.57
2024-02-21|WBD|Broadcasting - Communication Services|3|9.57|9.57
2024-02-23|WYNN|Casinos & Gaming - Consumer Discretionary|21|94.6|104.16
2024-02-23|ZBH|Health Care Equipment - Health Care|16|121.39|129.18
2024-02-23|YUM|Restaurants - Consumer Discretionary|2|129.03|138.32
2024-02-23|MPC|Oil & Gas Refining & Marketing - Energy|11|157.89|169.54
2024-02-23|ZBRA|Electronic Equipment & Instruments - Information Technology|7|249.59|274.99
2024-02-23|XOM|Integrated Oil & Gas - Energy|1|96.8|103.84
2024-02-23|ZTS|Pharmaceuticals - Health Care|10|186.07|197.21
2024-02-23|WY|Timber REITs - Real Estate|1|33.38|33.38
2024-02-23|WBD|Broadcasting - Communication Services|1|8.61|8.61
2024-03-01|WYNN|Casinos & Gaming - Consumer Discretionary|21|94.6|101.21
2024-03-01|ZBH|Health Care Equipment - Health Care|16|121.39|124.01
2024-03-01|YUM|Restaurants - Consumer Discretionary|2|129.03|137.42
2024-03-01|MPC|Oil & Gas Refining & Marketing - Energy|11|157.89|173.21
2024-03-01|XOM|Integrated Oil & Gas - Energy|1|96.8|105.84
2024-03-01|ZTS|Pharmaceuticals - Health Care|10|186.07|190.82
2024-03-01|WY|Timber REITs - Real Estate|1|33.38|34.91
2024-03-01|WBD|Broadcasting - Communication Services|1|8.61|8.67
2024-03-01|NTAP|Technology Hardware, Storage & Peripherals - Information Technology|18|105.31|105.31
2024-03-01|MET|Life & Health Insurance - Financials|1|69.73|69.73
2024-03-01|XEL|Multi-Utilities - Utilities|1|49.57|49.57
2024-03-01|WBD|Broadcasting - Communication Services|1|8.67|8.67
2024-03-04|WYNN|Casinos & Gaming - Consumer Discretionary|21|94.6|99.73
2024-03-04|ZBH|Health Care Equipment - Health Care|16|121.39|125.51
2024-03-04|YUM|Restaurants - Consumer Discretionary|2|129.03|138.55
2024-03-04|MPC|Oil & Gas Refining & Marketing - Energy|11|157.89|173.75
2024-03-04|XOM|Integrated Oil & Gas - Energy|1|96.8|104.36
2024-03-04|ZTS|Pharmaceuticals - Health Care|10|186.07|187.86
2024-03-04|WY|Timber REITs - Real Estate|1|33.38|35.36
2024-03-04|NTAP|Technology Hardware, Storage & Peripherals - Information Technology|18|105.31|103.33
2024-03-04|MET|Life & Health Insurance - Financials|1|69.73|69.91
2024-03-04|XEL|Multi-Utilities - Utilities|1|49.57|51.06
2024-03-04|WBD|Broadcasting - Communication Services|2|8.11|8.11
2024-03-13|WYNN|Casinos & Gaming - Consumer Discretionary|21|94.6|102.33
2024-03-13|ZBH|Health Care Equipment - Health Care|16|121.39|126.59
2024-03-13|YUM|Restaurants - Consumer Discretionary|2|129.03|138.36
2024-03-13|XOM|Integrated Oil & Gas - Energy|1|96.8|109.53
2024-03-13|WY|Timber REITs - Real Estate|1|33.38|34.56
2024-03-13|NTAP|Technology Hardware, Storage & Peripherals - Information Technology|18|105.31|103.19
2024-03-13|MET|Life & Health Insurance - Financials|1|69.73|72.67
2024-03-13|XEL|Multi-Utilities - Utilities|1|49.57|51.5
2024-03-13|WBD|Broadcasting - Communication Services|2|8.11|8.85
2024-03-13|AVB|Multi-Family Residential REITs - Real Estate|10|186.24|186.24
2024-03-13|HPQ|Technology Hardware, Storage & Peripherals - Information Technology|4|30.75|30.75
2024-03-13|SWKS|Semiconductors - Information Technology|17|107.38|107.38
2024-03-13|EQT|Oil & Gas Exploration & Production - Energy|1|34.01|34.01
2024-03-14|WYNN|Casinos & Gaming - Consumer Discretionary|21|94.6|101.0
2024-03-14|ZBH|Health Care Equipment - Health Care|16|121.39|125.73
2024-03-14|YUM|Restaurants - Consumer Discretionary|2|129.03|137.16
2024-03-14|WY|Timber REITs - Real Estate|1|33.38|34.26
2024-03-14|NTAP|Technology Hardware, Storage & Peripherals - Information Technology|18|105.31|102.13
2024-03-14|MET|Life & Health Insurance - Financials|1|69.73|71.9
2024-03-14|XEL|Multi-Utilities - Utilities|1|49.57|51.88
2024-03-14|WBD|Broadcasting - Communication Services|2|8.11|8.53
2024-03-14|AVB|Multi-Family Residential REITs - Real Estate|10|186.24|182.38
2024-03-14|HPQ|Technology Hardware, Storage & Peripherals - Information Technology|4|30.75|30.61
2024-03-14|SWKS|Semiconductors - Information Technology|17|107.38|105.13
2024-03-14|EQT|Oil & Gas Exploration & Production - Energy|1|34.01|33.78
2024-03-14|DD|Specialty Chemicals - Materials|3|30.88|30.88
2024-03-14|WBD|Broadcasting - Communication Services|2|8.53|8.53
2024-04-05|WYNN|Casinos & Gaming - Consumer Discretionary|21|94.6|107.46
2024-04-05|ZBH|Health Care Equipment - Health Care|16|121.39|127.33
2024-04-05|YUM|Restaurants - Consumer Discretionary|2|129.03|136.1
2024-04-05|WY|Timber REITs - Real Estate|1|33.38|34.59
2024-04-05|NTAP|Technology Hardware, Storage & Peripherals - Information Technology|18|105.31|105.05
2024-04-05|MET|Life & Health Insurance - Financials|1|69.73|73.6
2024-04-05|XEL|Multi-Utilities - Utilities|1|49.57|53.53
2024-04-05|WBD|Broadcasting - Communication Services|2|8.11|8.32
2024-04-05|AVB|Multi-Family Residential REITs - Real Estate|10|186.24|181.08
2024-04-05|SWKS|Semiconductors - Information Technology|17|107.38|105.48
2024-04-05|EQT|Oil & Gas Exploration & Production - Energy|1|34.01|36.48
2024-04-05|DD|Specialty Chemicals - Materials|3|30.88|31.6
2024-04-05|WBD|Broadcasting - Communication Services|2|8.53|8.32
2024-04-05|VZ|Integrated Telecommunication Services - Communication Services|2|42.12|42.12
2024-04-05|WY|Timber REITs - Real Estate|1|34.59|34.59
2024-04-12|WYNN|Casinos & Gaming - Consumer Discretionary|21|94.6|101.18
2024-04-12|ZBH|Health Care Equipment - Health Care|16|121.39|124.48
2024-04-12|YUM|Restaurants - Consumer Discretionary|2|129.03|137.8
2024-04-12|WY|Timber REITs - Real Estate|1|33.38|33.24
2024-04-12|NTAP|Technology Hardware, Storage & Peripherals - Information Technology|18|105.31|101.81
2024-04-12|MET|Life & Health Insurance - Financials|1|69.73|70.14
2024-04-12|XEL|Multi-Utilities - Utilities|1|49.57|53.17
2024-04-12|WBD|Broadcasting - Communication Services|2|8.11|8.34
2024-04-12|AVB|Multi-Family Residential REITs - Real Estate|10|186.24|183.78
2024-04-12|EQT|Oil & Gas Exploration & Production - Energy|1|34.01|37.25
2024-04-12|DD|Specialty Chemicals - Materials|3|30.88|30.88
2024-04-12|WBD|Broadcasting - Communication Services|2|8.53|8.34
2024-04-12|WY|Timber REITs - Real Estate|1|34.59|33.24
2024-04-12|KDP|Soft Drinks & Non-alcoholic Beverages - Consumer Staples|59|30.22|30.22
2024-04-12|PCG|Multi-Utilities - Utilities|1|16.6|16.6
2024-04-15|WYNN|Casinos & Gaming - Consumer Discretionary|21|94.6|99.44
2024-04-15|ZBH|Health Care Equipment - Health Care|16|121.39|124.0
2024-04-15|YUM|Restaurants - Consumer Discretionary|2|129.03|137.67
2024-04-15|WY|Timber REITs - Real Estate|1|33.38|32.69
2024-04-15|NTAP|Technology Hardware, Storage & Peripherals - Information Technology|18|105.31|102.37
2024-04-15|MET|Life & Health Insurance - Financials|1|69.73|69.44
2024-04-15|XEL|Multi-Utilities - Utilities|1|49.57|53.17
2024-04-15|WBD|Broadcasting - Communication Services|2|8.11|8.36
2024-04-15|AVB|Multi-Family Residential REITs - Real Estate|10|186.24|180.72
2024-04-15|EQT|Oil & Gas Exploration & Production - Energy|1|34.01|36.52
2024-04-15|DD|Specialty Chemicals - Materials|3|30.88|30.73
2024-04-15|WBD|Broadcasting - Communication Services|2|8.53|8.36
2024-04-15|KDP|Soft Drinks & Non-alcoholic Beverages - Consumer Staples|59|30.22|30.43
2024-04-15|PCG|Multi-Utilities - Utilities|1|16.6|16.29
2024-04-15|WY|Timber REITs - Real Estate|1|32.69|32.69
2024-04-16|WYNN|Casinos & Gaming - Consumer Discretionary|21|94.6|99.35
2024-04-16|ZBH|Health Care Equipment - Health Care|16|121.39|122.07
2024-04-16|YUM|Restaurants - Consumer Discretionary|2|129.03|138.0
2024-04-16|WY|Timber REITs - Real Estate|1|33.38|31.97
2024-04-16|NTAP|Technology Hardware, Storage & Peripherals - Information Technology|18|105.31|102.54
2024-04-16|MET|Life & Health Insurance - Financials|1|69.73|68.93
2024-04-16|XEL|Multi-Utilities - Utilities|1|49.57|52.53
2024-04-16|WBD|Broadcasting - Communication Services|2|8.11|8.14
2024-04-16|AVB|Multi-Family Residential REITs - Real Estate|10|186.24|178.98
2024-04-16|EQT|Oil & Gas Exploration & Production - Energy|1|34.01|36.2
2024-04-16|DD|Specialty Chemicals - Materials|3|30.88|30.36
2024-04-16|WBD|Broadcasting - Communication Services|2|8.53|8.14
2024-04-16|KDP|Soft Drinks & Non-alcoholic Beverages - Consumer Staples|59|30.22|30.44
2024-04-16|PCG|Multi-Utilities - Utilities|1|16.6|16.03
2024-04-16|WY|Timber REITs - Real Estate|1|32.69|31.97
2024-04-16|WBD|Broadcasting - Communication Services|1|8.14|8.14
2024-04-17|WYNN|Casinos & Gaming - Consumer Discretionary|21|94.6|97.48
2024-04-17|ZBH|Health Care Equipment - Health Care|16|121.39|121.3
2024-04-17|YUM|Restaurants - Consumer Discretionary|2|129.03|137.83
2024-04-17|NTAP|Technology Hardware, Storage & Peripherals - Information Technology|18|105.31|100.91
2024-04-17|MET|Life & Health Insurance - Financials|1|69.73|68.92
2024-04-17|XEL|Multi-Utilities - Utilities|1|49.57|53.19
2024-04-17|WBD|Broadcasting - Communication Services|2|8.11|8.23
2024-04-17|AVB|Multi-Family Residential REITs - Real Estate|10|186.24|180.95
2024-04-17|EQT|Oil & Gas Exploration & Production - Energy|1|34.01|36.04
2024-04-17|DD|Specialty Chemicals - Materials|3|30.88|30.58
2024-04-17|WBD|Broadcasting - Communication Services|2|8.53|8.23
2024-04-17|KDP|Soft Drinks & Non-alcoholic Beverages - Consumer Staples|59|30.22|30.88
2024-04-17|PCG|Multi-Utilities - Utilities|1|16.6|16.44
2024-04-17|WY|Timber REITs - Real Estate|1|32.69|31.52
2024-04-17|WBD|Broadcasting - Communication Services|1|8.14|8.23
2024-04-17|WY|Timber REITs - Real Estate|1|31.52|31.52
2024-04-19|WYNN|Casinos & Gaming - Consumer Discretionary|21|94.6|94.99
2024-04-19|ZBH|Health Care Equipment - Health Care|16|121.39|119.43
2024-04-19|YUM|Restaurants - Consumer Discretionary|2|129.03|138.5
2024-04-19|MET|Life & Health Insurance - Financials|1|69.73|71.11
2024-04-19|XEL|Multi-Utilities - Utilities|1|49.57|54.72
2024-04-19|WBD|Broadcasting - Communication Services|2|8.11|8.4
2024-04-19|AVB|Multi-Family Residential REITs - Real Estate|10|186.24|184.13
2024-04-19|EQT|Oil & Gas Exploration & Production - Energy|1|34.01|36.65
2024-04-19|DD|Specialty Chemicals - Materials|3|30.88|30.92
2024-04-19|WBD|Broadcasting - Communication Services|2|8.53|8.4
2024-04-19|KDP|Soft Drinks & Non-alcoholic Beverages - Consumer Staples|59|30.22|31.5
2024-04-19|PCG|Multi-Utilities - Utilities|1|16.6|16.85
2024-04-19|WY|Timber REITs - Real Estate|1|32.69|31.47
2024-04-19|WBD|Broadcasting - Communication Services|1|8.14|8.4
2024-04-19|WY|Timber REITs - Real Estate|1|31.52|31.47
2024-04-19|ZTS|Pharmaceuticals - Health Care|12|146.5|146.5
2024-04-24|WYNN|Casinos & Gaming - Consumer Discretionary|21|94.6|97.06
2024-04-24|ZBH|Health Care Equipment - Health Care|16|121.39|121.17
2024-04-24|YUM|Restaurants - Consumer Discretionary|2|129.03|141.81
2024-04-24|MET|Life & Health Insurance - Financials|1|69.73|72.72
2024-04-24|XEL|Multi-Utilities - Utilities|1|49.57|55.33
2024-04-24|WBD|Broadcasting - Communication Services|2|8.11|8.38
2024-04-24|AVB|Multi-Family Residential REITs - Real Estate|10|186.24|191.34
2024-04-24|DD|Specialty Chemicals - Materials|3|30.88|30.95
2024-04-24|WBD|Broadcasting - Communication Services|2|8.53|8.38
2024-04-24|KDP|Soft Drinks & Non-alcoholic Beverages - Consumer Staples|59|30.22|32.34
2024-04-24|PCG|Multi-Utilities - Utilities|1|16.6|17.0
2024-04-24|WY|Timber REITs - Real Estate|1|32.69|31.54
2024-04-24|WBD|Broadcasting - Communication Services|1|8.14|8.38
2024-04-24|WY|Timber REITs - Real Estate|1|31.52|31.54
2024-04-24|ZTS|Pharmaceuticals - Health Care|12|146.5|150.88
2024-04-24|WY|Timber REITs - Real Estate|1|31.54|31.54
2024-04-24|WBD|Broadcasting - Communication Services|1|8.38|8.38
2024-04-26|WYNN|Casinos & Gaming - Consumer Discretionary|21|94.6|95.88
2024-04-26|ZBH|Health Care Equipment - Health Care|16|121.39|119.35
2024-04-26|YUM|Restaurants - Consumer Discretionary|2|129.03|141.77
2024-04-26|MET|Life & Health Insurance - Financials|1|69.73|70.42
2024-04-26|XEL|Multi-Utilities - Utilities|1|49.57|53.96
2024-04-26|WBD|Broadcasting - Communication Services|2|8.11|8.11
2024-04-26|AVB|Multi-Family Residential REITs - Real Estate|10|186.24|191.45
2024-04-26|DD|Specialty Chemicals - Materials|3|30.88|30.84
2024-04-26|WBD|Broadcasting - Communication Services|2|8.53|8.11
2024-04-26|KDP|Soft Drinks & Non-alcoholic Beverages - Consumer Staples|59|30.22|33.72
2024-04-26|PCG|Multi-Utilities - Utilities|1|16.6|17.03
2024-04-26|WBD|Broadcasting - Communication Services|1|8.14|8.11
2024-04-26|WY|Timber REITs - Real Estate|1|31.52|31.05
2024-04-26|ZTS|Pharmaceuticals - Health Care|12|146.5|158.42
2024-04-26|WY|Timber REITs - Real Estate|1|31.54|31.05
2024-04-26|WBD|Broadcasting - Communication Services|1|8.38|8.11
2024-04-26|WY|Timber REITs - Real Estate|1|31.05|31.05
2024-04-30|WYNN|Casinos & Gaming - Consumer Discretionary|21|94.6|91.65
2024-04-30|ZBH|Health Care Equipment - Health Care|16|121.39|120.28
2024-04-30|YUM|Restaurants - Consumer Discretionary|2|129.03|141.25
2024-04-30|MET|Life & Health Insurance - Financials|1|69.73|71.08
2024-04-30|XEL|Multi-Utilities - Utilities|1|49.57|53.73
2024-04-30|AVB|Multi-Family Residential REITs - Real Estate|10|186.24|189.57
2024-04-30|DD|Specialty Chemicals - Materials|3|30.88|30.33
2024-04-30|KDP|Soft Drinks & Non-alcoholic Beverages - Consumer Staples|59|30.22|33.7
2024-04-30|PCG|Multi-Utilities - Utilities|1|16.6|17.11
2024-04-30|WY|Timber REITs - Real Estate|1|31.52|30.17
2024-04-30|ZTS|Pharmaceuticals - Health Care|12|146.5|159.24
2024-04-30|WY|Timber REITs - Real Estate|1|31.54|30.17
2024-04-30|WY|Timber REITs - Real Estate|1|31.05|30.17
2024-04-30|WY|Timber REITs - Real Estate|1|30.17|30.17
2024-04-30|WBD|Broadcasting - Communication Services|2|7.36|7.36
2024-05-10|WYNN|Casinos & Gaming - Consumer Discretionary|21|94.6|96.39
2024-05-10|ZBH|Health Care Equipment - Health Care|16|121.39|121.31
2024-05-10|YUM|Restaurants - Consumer Discretionary|2|129.03|137.62
2024-05-10|MET|Life & Health Insurance - Financials|1|69.73|72.73
2024-05-10|XEL|Multi-Utilities - Utilities|1|49.57|55.46
2024-05-10|AVB|Multi-Family Residential REITs - Real Estate|10|186.24|196.89
2024-05-10|DD|Specialty Chemicals - Materials|3|30.88|32.95
2024-05-10|KDP|Soft Drinks & Non-alcoholic Beverages - Consumer Staples|59|30.22|34.03
2024-05-10|PCG|Multi-Utilities - Utilities|1|16.6|17.83
2024-05-10|WY|Timber REITs - Real Estate|1|31.52|30.97
2024-05-10|WY|Timber REITs - Real Estate|1|31.54|30.97
2024-05-10|WY|Timber REITs - Real Estate|1|31.05|30.97
2024-05-10|WY|Timber REITs - Real Estate|1|30.17|30.97
2024-05-10|WBD|Broadcasting - Communication Services|2|7.36|8.15
2024-05-10|AIG|Multi-line Insurance - Financials|25|80.11|80.11
2024-05-10|WBD|Broadcasting - Communication Services|3|8.15|8.15
2024-05-14|WYNN|Casinos & Gaming - Consumer Discretionary|21|94.6|98.04
2024-05-14|ZBH|Health Care Equipment - Health Care|16|121.39|119.97
2024-05-14|YUM|Restaurants - Consumer Discretionary|2|129.03|137.49
2024-05-14|MET|Life & Health Insurance - Financials|1|69.73|73.31
2024-05-14|XEL|Multi-Utilities - Utilities|1|49.57|55.56
2024-05-14|AVB|Multi-Family Residential REITs - Real Estate|10|186.24|197.49
2024-05-14|DD|Specialty Chemicals - Materials|3|30.88|32.78
2024-05-14|KDP|Soft Drinks & Non-alcoholic Beverages - Consumer Staples|59|30.22|34.17
2024-05-14|PCG|Multi-Utilities - Utilities|1|16.6|18.01
2024-05-14|WY|Timber REITs - Real Estate|1|31.52|31.19
2024-05-14|WY|Timber REITs - Real Estate|1|31.54|31.19
2024-05-14|WY|Timber REITs - Real Estate|1|31.05|31.19
2024-05-14|WY|Timber REITs - Real Estate|1|30.17|31.19
2024-05-14|AIG|Multi-line Insurance - Financials|25|80.11|79.44
2024-05-14|WBD|Broadcasting - Communication Services|3|8.15|8.56
2024-05-14|WBD|Broadcasting - Communication Services|2|8.56|8.56
2024-05-17|WYNN|Casinos & Gaming - Consumer Discretionary|21|94.6|96.79
2024-05-17|ZBH|Health Care Equipment - Health Care|16|121.39|120.18
2024-05-17|YUM|Restaurants - Consumer Discretionary|2|129.03|141.66
2024-05-17|MET|Life & Health Insurance - Financials|1|69.73|74.22
2024-05-17|XEL|Multi-Utilities - Utilities|1|49.57|55.52
2024-05-17|AVB|Multi-Family Residential REITs - Real Estate|10|186.24|198.89
2024-05-17|DD|Specialty Chemicals - Materials|3|30.88|33.44
2024-05-17|KDP|Soft Drinks & Non-alcoholic Beverages - Consumer Staples|59|30.22|33.75
2024-05-17|PCG|Multi-Utilities - Utilities|1|16.6|18.6
2024-05-17|WY|Timber REITs - Real Estate|1|31.52|31.17
2024-05-17|WY|Timber REITs - Real Estate|1|31.54|31.17
2024-05-17|WY|Timber REITs - Real Estate|1|31.05|31.17
2024-05-17|WY|Timber REITs - Real Estate|1|30.17|31.17
2024-05-17|AIG|Multi-line Insurance - Financials|25|80.11|80.54
2024-05-17|WBD|Broadcasting - Communication Services|3|8.15|8.05
2024-05-17|RF|Regional Banks - Financials|1|20.18|20.18
2024-05-23|WYNN|Casinos & Gaming - Consumer Discretionary|21|94.6|94.09
2024-05-23|ZBH|Health Care Equipment - Health Care|16|121.39|115.85
2024-05-23|YUM|Restaurants - Consumer Discretionary|2|129.03|137.01
2024-05-23|MET|Life & Health Insurance - Financials|1|69.73|71.65
2024-05-23|XEL|Multi-Utilities - Utilities|1|49.57|54.05
2024-05-23|AVB|Multi-Family Residential REITs - Real Estate|10|186.24|193.96
2024-05-23|DD|Specialty Chemicals - Materials|3|30.88|33.03
2024-05-23|KDP|Soft Drinks & Non-alcoholic Beverages - Consumer Staples|59|30.22|33.98
2024-05-23|PCG|Multi-Utilities - Utilities|1|16.6|18.38
2024-05-23|WY|Timber REITs - Real Estate|1|31.52|30.11
2024-05-23|WY|Timber REITs - Real Estate|1|31.54|30.11
2024-05-23|WY|Timber REITs - Real Estate|1|31.05|30.11
2024-05-23|WY|Timber REITs - Real Estate|1|30.17|30.11
2024-05-23|AIG|Multi-line Insurance - Financials|25|80.11|77.58
2024-05-23|WY|Timber REITs - Real Estate|1|30.11|30.11
2024-05-23|WBD|Broadcasting - Communication Services|1|7.7|7.7
2024-05-28|WYNN|Casinos & Gaming - Consumer Discretionary|21|94.6|93.51
2024-05-28|ZBH|Health Care Equipment - Health Care|16|121.39|116.33
2024-05-28|YUM|Restaurants - Consumer Discretionary|2|129.03|135.86
2024-05-28|MET|Life & Health Insurance - Financials|1|69.73|70.98
2024-05-28|XEL|Multi-Utilities - Utilities|1|49.57|53.74
2024-05-28|AVB|Multi-Family Residential REITs - Real Estate|10|186.24|192.25
2024-05-28|DD|Specialty Chemicals - Materials|3|30.88|34.35
2024-05-28|KDP|Soft Drinks & Non-alcoholic Beverages - Consumer Staples|59|30.22|33.71
2024-05-28|PCG|Multi-Utilities - Utilities|1|16.6|18.22
2024-05-28|WY|Timber REITs - Real Estate|1|31.05|29.76
2024-05-28|WY|Timber REITs - Real Estate|1|30.17|29.76
2024-05-28|AIG|Multi-line Insurance - Financials|25|80.11|77.36
2024-05-28|WY|Timber REITs - Real Estate|1|30.11|29.76
2024-05-28|WBD|Broadcasting - Communication Services|1|7.7|7.87
2024-05-28|NFLX|Movies & Entertainment - Communication Services|1|64.9|64.9
2024-05-29|WYNN|Casinos & Gaming - Consumer Discretionary|21|94.6|92.53
2024-05-29|YUM|Restaurants - Consumer Discretionary|2|129.03|134.67
2024-05-29|MET|Life & Health Insurance - Financials|1|69.73|70.44
2024-05-29|XEL|Multi-Utilities - Utilities|1|49.57|53.3
2024-05-29|AVB|Multi-Family Residential REITs - Real Estate|10|186.24|188.59
2024-05-29|DD|Specialty Chemicals - Materials|3|30.88|34.0
2024-05-29|KDP|Soft Drinks & Non-alcoholic Beverages - Consumer Staples|59|30.22|33.66
2024-05-29|PCG|Multi-Utilities - Utilities|1|16.6|18.1
2024-05-29|WY|Timber REITs - Real Estate|1|30.17|29.36
2024-05-29|AIG|Multi-line Insurance - Financials|25|80.11|77.57
2024-05-29|WY|Timber REITs - Real Estate|1|30.11|29.36
2024-05-29|WBD|Broadcasting - Communication Services|1|7.7|7.66
2024-05-29|NFLX|Movies & Entertainment - Communication Services|1|64.9|65.46
2024-05-29|SNPS|Application Software - Information Technology|3|580.21|580.21
2024-05-29|EMR|Electrical Components & Equipment - Industrials|1|110.92|110.92
2024-05-29|WBD|Broadcasting - Communication Services|2|7.66|7.66
2024-06-04|WYNN|Casinos & Gaming - Consumer Discretionary|21|94.6|92.92
2024-06-04|YUM|Restaurants - Consumer Discretionary|2|129.03|141.54
2024-06-04|MET|Life & Health Insurance - Financials|1|69.73|70.31
2024-06-04|XEL|Multi-Utilities - Utilities|1|49.57|56.03
2024-06-04|AVB|Multi-Family Residential REITs - Real Estate|10|186.24|196.93
2024-06-04|DD|Specialty Chemicals - Materials|3|30.88|33.62
2024-06-04|PCG|Multi-Utilities - Utilities|1|16.6|18.32
2024-06-04|WY|Timber REITs - Real Estate|1|30.17|29.47
2024-06-04|AIG|Multi-line Insurance - Financials|25|80.11|76.65
2024-06-04|WY|Timber REITs - Real Estate|1|30.11|29.47
2024-06-04|WBD|Broadcasting - Communication Services|1|7.7|8.24
2024-06-04|NFLX|Movies & Entertainment - Communication Services|1|64.9|63.16
2024-06-04|SNPS|Application Software - Information Technology|3|580.21|561.73
2024-06-04|EMR|Electrical Components & Equipment - Industrials|1|110.92|106.87
2024-06-04|WBD|Broadcasting - Communication Services|2|7.66|8.24
2024-06-04|CCL|Hotels, Resorts & Cruise Lines - Consumer Discretionary|121|16.94|16.94
2024-06-04|WBD|Broadcasting - Communication Services|1|8.24|8.24
2024-06-05|WYNN|Casinos & Gaming - Consumer Discretionary|21|94.6|93.36
2024-06-05|YUM|Restaurants - Consumer Discretionary|2|129.03|140.53
2024-06-05|MET|Life & Health Insurance - Financials|1|69.73|70.33
2024-06-05|XEL|Multi-Utilities - Utilities|1|49.57|55.16
2024-06-05|AVB|Multi-Family Residential REITs - Real Estate|10|186.24|198.48
2024-06-05|DD|Specialty Chemicals - Materials|3|30.88|33.73
2024-06-05|PCG|Multi-Utilities - Utilities|1|16.6|18.22
2024-06-05|WY|Timber REITs - Real Estate|1|30.17|29.45
2024-06-05|WY|Timber REITs - Real Estate|1|30.11|29.45
2024-06-05|WBD|Broadcasting - Communication Services|1|7.7|8.3
2024-06-05|NFLX|Movies & Entertainment - Communication Services|1|64.9|65.03
2024-06-05|SNPS|Application Software - Information Technology|3|580.21|588.14
2024-06-05|EMR|Electrical Components & Equipment - Industrials|1|110.92|108.28
2024-06-05|WBD|Broadcasting - Communication Services|2|7.66|8.3
2024-06-05|CCL|Hotels, Resorts & Cruise Lines - Consumer Discretionary|121|16.94|16.95
2024-06-05|WBD|Broadcasting - Communication Services|1|8.24|8.3
2024-06-05|TPR|Apparel, Accessories & Luxury Goods - Consumer Discretionary|43|43.5|43.5
2024-06-05|WBD|Broadcasting - Communication Services|3|8.3|8.3
2024-06-12|WYNN|Casinos & Gaming - Consumer Discretionary|21|94.6|90.83
2024-06-12|YUM|Restaurants - Consumer Discretionary|2|129.03|137.3
2024-06-12|MET|Life & Health Insurance - Financials|1|69.73|69.02
2024-06-12|XEL|Multi-Utilities - Utilities|1|49.57|54.77
2024-06-12|AVB|Multi-Family Residential REITs - Real Estate|10|186.24|198.76
2024-06-12|DD|Specialty Chemicals - Materials|3|30.88|33.69
2024-06-12|PCG|Multi-Utilities - Utilities|1|16.6|18.14
2024-06-12|WY|Timber REITs - Real Estate|1|30.17|29.21
2024-06-12|WY|Timber REITs - Real Estate|1|30.11|29.21
2024-06-12|WBD|Broadcasting - Communication Services|1|7.7|7.81
2024-06-12|NFLX|Movies & Entertainment - Communication Services|1|64.9|65.01
2024-06-12|SNPS|Application Software - Information Technology|3|580.21|590.89
2024-06-12|EMR|Electrical Components & Equipment - Industrials|1|110.92|108.5
2024-06-12|WBD|Broadcasting - Communication Services|2|7.66|7.81
2024-06-12|CCL|Hotels, Resorts & Cruise Lines - Consumer Discretionary|121|16.94|16.74
2024-06-12|TPR|Apparel, Accessories & Luxury Goods - Consumer Discretionary|43|43.5|42.83
2024-06-12|WY|Timber REITs - Real Estate|1|29.21|29.21
2024-06-13|WYNN|Casinos & Gaming - Consumer Discretionary|21|94.6|90.49
2024-06-13|YUM|Restaurants - Consumer Discretionary|2|129.03|138.01
2024-06-13|MET|Life & Health Insurance - Financials|1|69.73|68.66
2024-06-13|XEL|Multi-Utilities - Utilities|1|49.57|54.34
2024-06-13|AVB|Multi-Family Residential REITs - Real Estate|10|186.24|199.91
2024-06-13|DD|Specialty Chemicals - Materials|3|30.88|33.51
2024-06-13|PCG|Multi-Utilities - Utilities|1|16.6|18.37
2024-06-13|WY|Timber REITs - Real Estate|1|30.17|29.02
2024-06-13|WY|Timber REITs - Real Estate|1|30.11|29.02
2024-06-13|NFLX|Movies & Entertainment - Communication Services|1|64.9|65.33
2024-06-13|SNPS|Application Software - Information Technology|3|580.21|586.54
2024-06-13|EMR|Electrical Components & Equipment - Industrials|1|110.92|108.53
2024-06-13|WBD|Broadcasting - Communication Services|2|7.66|7.29
2024-06-13|CCL|Hotels, Resorts & Cruise Lines - Consumer Discretionary|121|16.94|16.51
2024-06-13|TPR|Apparel, Accessories & Luxury Goods - Consumer Discretionary|43|43.5|42.36
2024-06-13|WY|Timber REITs - Real Estate|1|29.21|29.02
2024-06-13|WBD|Broadcasting - Communication Services|1|7.29|7.29
2024-06-14|YUM|Restaurants - Consumer Discretionary|2|129.03|136.79
2024-06-14|MET|Life & Health Insurance - Financials|1|69.73|68.55
2024-06-14|XEL|Multi-Utilities - Utilities|1|49.57|53.77
2024-06-14|AVB|Multi-Family Residential REITs - Real Estate|10|186.24|201.89
2024-06-14|DD|Specialty Chemicals - Materials|3|30.88|33.33
2024-06-14|PCG|Multi-Utilities - Utilities|1|16.6|18.25
2024-06-14|WY|Timber REITs - Real Estate|1|30.17|29.0
2024-06-14|WY|Timber REITs - Real Estate|1|30.11|29.0
2024-06-14|NFLX|Movies & Entertainment - Communication Services|1|64.9|66.94
2024-06-14|SNPS|Application Software - Information Technology|3|580.21|590.21
2024-06-14|EMR|Electrical Components & Equipment - Industrials|1|110.92|106.46
2024-06-14|TPR|Apparel, Accessories & Luxury Goods - Consumer Discretionary|43|43.5|41.81
2024-06-14|WY|Timber REITs - Real Estate|1|29.21|29.0
2024-06-14|WBD|Broadcasting - Communication Services|1|7.29|7.24
2024-06-14|HLT|Hotels, Resorts & Cruise Lines - Consumer Discretionary|9|210.32|210.32
2024-06-14|ZTS|Pharmaceuticals - Health Care|10|170.55|170.55
2024-06-14|ZBH|Health Care Equipment - Health Care|1|107.19|107.19
2024-06-14|WY|Timber REITs - Real Estate|1|29.0|29.0
2024-06-18|YUM|Restaurants - Consumer Discretionary|2|129.03|135.42
2024-06-18|MET|Life & Health Insurance - Financials|1|69.73|69.86
2024-06-18|XEL|Multi-Utilities - Utilities|1|49.57|53.12
2024-06-18|AVB|Multi-Family Residential REITs - Real Estate|10|186.24|202.4
2024-06-18|DD|Specialty Chemicals - Materials|3|30.88|33.77
2024-06-18|PCG|Multi-Utilities - Utilities|1|16.6|17.78
2024-06-18|WY|Timber REITs - Real Estate|1|30.17|28.87
2024-06-18|WY|Timber REITs - Real Estate|1|30.11|28.87
2024-06-18|NFLX|Movies & Entertainment - Communication Services|1|64.9|68.57
2024-06-18|SNPS|Application Software - Information Technology|3|580.21|620.31
2024-06-18|EMR|Electrical Components & Equipment - Industrials|1|110.92|108.68
2024-06-18|WY|Timber REITs - Real Estate|1|29.21|28.87
2024-06-18|WBD|Broadcasting - Communication Services|1|7.29|6.99
2024-06-18|HLT|Hotels, Resorts & Cruise Lines - Consumer Discretionary|9|210.32|216.0
2024-06-18|ZTS|Pharmaceuticals - Health Care|10|170.55|169.66
2024-06-18|ZBH|Health Care Equipment - Health Care|1|107.19|106.69
2024-06-18|WY|Timber REITs - Real Estate|1|29.0|28.87
2024-06-18|BG|Agricultural Products & Services - Consumer Staples|17|102.44|102.44
2024-06-18|WBD|Broadcasting - Communication Services|4|6.99|6.99
2024-06-20|YUM|Restaurants - Consumer Discretionary|2|129.03|134.15
2024-06-20|MET|Life & Health Insurance - Financials|1|69.73|70.85
2024-06-20|XEL|Multi-Utilities - Utilities|1|49.57|53.53
2024-06-20|AVB|Multi-Family Residential REITs - Real Estate|10|186.24|201.93
2024-06-20|DD|Specialty Chemicals - Materials|3|30.88|33.42
2024-06-20|PCG|Multi-Utilities - Utilities|1|16.6|17.83
2024-06-20|WY|Timber REITs - Real Estate|1|30.11|28.64
2024-06-20|NFLX|Movies & Entertainment - Communication Services|1|64.9|67.9
2024-06-20|SNPS|Application Software - Information Technology|3|580.21|610.18
2024-06-20|EMR|Electrical Components & Equipment - Industrials|1|110.92|108.14
2024-06-20|WY|Timber REITs - Real Estate|1|29.21|28.64
2024-06-20|WBD|Broadcasting - Communication Services|1|7.29|7.04
2024-06-20|HLT|Hotels, Resorts & Cruise Lines - Consumer Discretionary|9|210.32|217.81
2024-06-20|ZTS|Pharmaceuticals - Health Care|10|170.55|168.18
2024-06-20|ZBH|Health Care Equipment - Health Care|1|107.19|106.25
2024-06-20|WY|Timber REITs - Real Estate|1|29.0|28.64
2024-06-20|BG|Agricultural Products & Services - Consumer Staples|17|102.44|103.34
2024-06-20|WBD|Broadcasting - Communication Services|4|6.99|7.04
2024-06-20|WY|Timber REITs - Real Estate|1|28.64|28.64
2024-06-25|YUM|Restaurants - Consumer Discretionary|2|129.03|132.33
2024-06-25|MET|Life & Health Insurance - Financials|1|69.73|71.41
2024-06-25|XEL|Multi-Utilities - Utilities|1|49.57|53.74
2024-06-25|AVB|Multi-Family Residential REITs - Real Estate|10|186.24|204.29
2024-06-25|DD|Specialty Chemicals - Materials|3|30.88|33.67
2024-06-25|PCG|Multi-Utilities - Utilities|1|16.6|17.6
2024-06-25|NFLX|Movies & Entertainment - Communication Services|1|64.9|67.24
2024-06-25|SNPS|Application Software - Information Technology|3|580.21|600.14
2024-06-25|EMR|Electrical Components & Equipment - Industrials|1|110.92|107.87
2024-06-25|WY|Timber REITs - Real Estate|1|29.21|28.28
2024-06-25|WBD|Broadcasting - Communication Services|1|7.29|7.24
2024-06-25|HLT|Hotels, Resorts & Cruise Lines - Consumer Discretionary|9|210.32|215.08
2024-06-25|ZTS|Pharmaceuticals - Health Care|10|170.55|167.98
2024-06-25|ZBH|Health Care Equipment - Health Care|1|107.19|108.22
2024-06-25|WY|Timber REITs - Real Estate|1|29.0|28.28
2024-06-25|BG|Agricultural Products & Services - Consumer Staples|17|102.44|106.74
2024-06-25|WBD|Broadcasting - Communication Services|4|6.99|7.24
2024-06-25|WY|Timber REITs - Real Estate|1|28.64|28.28
2024-06-25|WY|Timber REITs - Real Estate|1|28.28|28.28
2024-07-01|YUM|Restaurants - Consumer Discretionary|2|129.03|129.7
2024-07-01|MET|Life & Health Insurance - Financials|1|69.73|69.88
2024-07-01|XEL|Multi-Utilities - Utilities|1|49.57|52.43
2024-07-01|AVB|Multi-Family Residential REITs - Real Estate|10|186.24|204.32
2024-07-01|DD|Specialty Chemicals - Materials|3|30.88|33.17
2024-07-01|PCG|Multi-Utilities - Utilities|1|16.6|17.17
2024-07-01|NFLX|Movies & Entertainment - Communication Services|1|64.9|67.36
2024-07-01|SNPS|Application Software - Information Technology|3|580.21|601.75
2024-07-01|EMR|Electrical Components & Equipment - Industrials|1|110.92|108.05
2024-07-01|WBD|Broadcasting - Communication Services|1|7.29|7.1
2024-07-01|HLT|Hotels, Resorts & Cruise Lines - Consumer Discretionary|9|210.32|214.23
2024-07-01|ZTS|Pharmaceuticals - Health Care|10|170.55|172.58
2024-07-01|ZBH|Health Care Equipment - Health Care|1|107.19|105.96
2024-07-01|WY|Timber REITs - Real Estate|1|29.0|27.56
2024-07-01|BG|Agricultural Products & Services - Consumer Staples|17|102.44|107.32
2024-07-01|WBD|Broadcasting - Communication Services|4|6.99|7.1
2024-07-01|WY|Timber REITs - Real Estate|1|28.64|27.56
2024-07-01|WY|Timber REITs - Real Estate|1|28.28|27.56
2024-07-01|WY|Timber REITs - Real Estate|1|27.56|27.56
2024-07-02|YUM|Restaurants - Consumer Discretionary|2|129.03|130.03
2024-07-02|MET|Life & Health Insurance - Financials|1|69.73|70.04
2024-07-02|XEL|Multi-Utilities - Utilities|1|49.57|53.2
2024-07-02|AVB|Multi-Family Residential REITs - Real Estate|10|186.24|204.2
2024-07-02|DD|Specialty Chemicals - Materials|3|30.88|33.21
2024-07-02|PCG|Multi-Utilities - Utilities|1|16.6|17.08
2024-07-02|NFLX|Movies & Entertainment - Communication Services|1|64.9|67.96
2024-07-02|SNPS|Application Software - Information Technology|3|580.21|609.66
2024-07-02|EMR|Electrical Components & Equipment - Industrials|1|110.92|109.27
2024-07-02|WBD|Broadcasting - Communication Services|1|7.29|7.2
2024-07-02|HLT|Hotels, Resorts & Cruise Lines - Consumer Discretionary|9|210.32|215.6
2024-07-02|ZTS|Pharmaceuticals - Health Care|10|170.55|174.81
2024-07-02|ZBH|Health Care Equipment - Health Care|1|107.19|106.27
2024-07-02|BG|Agricultural Products & Services - Consumer Staples|17|102.44|110.38
2024-07-02|WBD|Broadcasting - Communication Services|4|6.99|7.2
2024-07-02|WY|Timber REITs - Real Estate|1|28.64|27.48
2024-07-02|WY|Timber REITs - Real Estate|1|28.28|27.48
2024-07-02|WY|Timber REITs - Real Estate|1|27.56|27.48
2024-07-02|WY|Timber REITs - Real Estate|1|27.48|27.48
2024-07-03|YUM|Restaurants - Consumer Discretionary|2|129.03|129.58
2024-07-03|MET|Life & Health Insurance - Financials|1|69.73|70.16
2024-07-03|XEL|Multi-Utilities - Utilities|1|49.57|52.75
2024-07-03|AVB|Multi-Family Residential REITs - Real Estate|10|186.24|200.95
2024-07-03|DD|Specialty Chemicals - Materials|3|30.88|33.13
2024-07-03|PCG|Multi-Utilities - Utilities|1|16.6|17.22
2024-07-03|NFLX|Movies & Entertainment - Communication Services|1|64.9|68.25
2024-07-03|SNPS|Application Software - Information Technology|3|580.21|606.99
2024-07-03|EMR|Electrical Components & Equipment - Industrials|1|110.92|109.56
2024-07-03|WBD|Broadcasting - Communication Services|1|7.29|7.23
2024-07-03|HLT|Hotels, Resorts & Cruise Lines - Consumer Discretionary|9|210.32|216.12
2024-07-03|ZTS|Pharmaceuticals - Health Care|10|170.55|175.6
2024-07-03|ZBH|Health Care Equipment - Health Care|1|107.19|106.58
2024-07-03|BG|Agricultural Products & Services - Consumer Staples|17|102.44|109.39
2024-07-03|WBD|Broadcasting - Communication Services|4|6.99|7.23
2024-07-03|WY|Timber REITs - Real Estate|1|28.28|27.05
2024-07-03|WY|Timber REITs - Real Estate|1|27.56|27.05
2024-07-03|WY|Timber REITs - Real Estate|1|27.48|27.05
2024-07-03|WY|Timber REITs - Real Estate|1|27.05|27.05
2024-07-17|YUM|Restaurants - Consumer Discretionary|2|129.03|129.33
2024-07-17|MET|Life & Health Insurance - Financials|1|69.73|76.18
2024-07-17|XEL|Multi-Utilities - Utilities|1|49.57|55.32
2024-07-17|AVB|Multi-Family Residential REITs - Real Estate|10|186.24|208.01
2024-07-17|DD|Specialty Chemicals - Materials|3|30.88|34.28
2024-07-17|PCG|Multi-Utilities - Utilities|1|16.6|17.94
2024-07-17|NFLX|Movies & Entertainment - Communication Services|1|64.9|64.75
2024-07-17|SNPS|Application Software - Information Technology|3|580.21|570.38
2024-07-17|EMR|Electrical Components & Equipment - Industrials|1|110.92|118.25
2024-07-17|WBD|Broadcasting - Communication Services|1|7.29|8.32
2024-07-17|HLT|Hotels, Resorts & Cruise Lines - Consumer Discretionary|9|210.32|219.79
2024-07-17|ZTS|Pharmaceuticals - Health Care|10|170.55|182.05
2024-07-17|ZBH|Health Care Equipment - Health Care|1|107.19|111.05
2024-07-17|BG|Agricultural Products & Services - Consumer Staples|17|102.44|112.11
2024-07-17|WY|Timber REITs - Real Estate|1|28.28|30.49
2024-07-17|WY|Timber REITs - Real Estate|1|27.56|30.49
2024-07-17|WY|Timber REITs - Real Estate|1|27.48|30.49
2024-07-17|WY|Timber REITs - Real Estate|1|27.05|30.49
2024-07-17|WY|Timber REITs - Real Estate|1|30.49|30.49
2024-07-18|YUM|Restaurants - Consumer Discretionary|2|129.03|128.31
2024-07-18|MET|Life & Health Insurance - Financials|1|69.73|75.39
2024-07-18|XEL|Multi-Utilities - Utilities|1|49.57|55.78
2024-07-18|AVB|Multi-Family Residential REITs - Real Estate|10|186.24|208.65
2024-07-18|DD|Specialty Chemicals - Materials|3|30.88|33.62
2024-07-18|PCG|Multi-Utilities - Utilities|1|16.6|17.85
2024-07-18|NFLX|Movies & Entertainment - Communication Services|1|64.9|64.3
2024-07-18|SNPS|Application Software - Information Technology|3|580.21|560.38
2024-07-18|EMR|Electrical Components & Equipment - Industrials|1|110.92|116.54
2024-07-18|HLT|Hotels, Resorts & Cruise Lines - Consumer Discretionary|9|210.32|219.0
2024-07-18|ZTS|Pharmaceuticals - Health Care|10|170.55|179.23
2024-07-18|ZBH|Health Care Equipment - Health Care|1|107.19|111.39
2024-07-18|BG|Agricultural Products & Services - Consumer Staples|17|102.44|112.22
2024-07-18|WY|Timber REITs - Real Estate|1|28.28|30.31
2024-07-18|WY|Timber REITs - Real Estate|1|27.56|30.31
2024-07-18|WY|Timber REITs - Real Estate|1|27.48|30.31
2024-07-18|WY|Timber REITs - Real Estate|1|27.05|30.31
2024-07-18|WY|Timber REITs - Real Estate|1|30.49|30.31
2024-07-18|WBD|Broadcasting - Communication Services|1|8.52|8.52
2024-07-25|YUM|Restaurants - Consumer Discretionary|2|129.03|127.13
2024-07-25|MET|Life & Health Insurance - Financials|1|69.73|75.32
2024-07-25|XEL|Multi-Utilities - Utilities|1|49.57|56.87
2024-07-25|AVB|Multi-Family Residential REITs - Real Estate|10|186.24|202.83
2024-07-25|DD|Specialty Chemicals - Materials|3|30.88|33.07
2024-07-25|PCG|Multi-Utilities - Utilities|1|16.6|18.02
2024-07-25|NFLX|Movies & Entertainment - Communication Services|1|64.9|63.41
2024-07-25|EMR|Electrical Components & Equipment - Industrials|1|110.92|114.59
2024-07-25|HLT|Hotels, Resorts & Cruise Lines - Consumer Discretionary|9|210.32|213.18
2024-07-25|ZTS|Pharmaceuticals - Health Care|10|170.55|180.76
2024-07-25|ZBH|Health Care Equipment - Health Care|1|107.19|110.64
2024-07-25|BG|Agricultural Products & Services - Consumer Staples|17|102.44|112.95
2024-07-25|WY|Timber REITs - Real Estate|1|28.28|30.31
2024-07-25|WY|Timber REITs - Real Estate|1|27.56|30.31
2024-07-25|WY|Timber REITs - Real Estate|1|27.48|30.31
2024-07-25|WY|Timber REITs - Real Estate|1|27.05|30.31
2024-07-25|WY|Timber REITs - Real Estate|1|30.49|30.31
2024-07-25|MAS|Building Products - Industrials|21|75.84|75.84
2024-07-25|WY|Timber REITs - Real Estate|1|30.31|30.31
2024-07-26|YUM|Restaurants - Consumer Discretionary|2|129.03|128.05
2024-07-26|MET|Life & Health Insurance - Financials|1|69.73|76.0
2024-07-26|AVB|Multi-Family Residential REITs - Real Estate|10|186.24|206.48
2024-07-26|DD|Specialty Chemicals - Materials|3|30.88|33.55
2024-07-26|PCG|Multi-Utilities - Utilities|1|16.6|18.03
2024-07-26|NFLX|Movies & Entertainment - Communication Services|1|64.9|63.14
2024-07-26|EMR|Electrical Components & Equipment - Industrials|1|110.92|116.84
2024-07-26|HLT|Hotels, Resorts & Cruise Lines - Consumer Discretionary|9|210.32|215.61
2024-07-26|ZTS|Pharmaceuticals - Health Care|10|170.55|179.84
2024-07-26|ZBH|Health Care Equipment - Health Care|1|107.19|111.29
2024-07-26|BG|Agricultural Products & Services - Consumer Staples|17|102.44|114.31
2024-07-26|WY|Timber REITs - Real Estate|1|28.28|31.6
2024-07-26|WY|Timber REITs - Real Estate|1|27.56|31.6
2024-07-26|WY|Timber REITs - Real Estate|1|27.48|31.6
2024-07-26|WY|Timber REITs - Real Estate|1|30.49|31.6
2024-07-26|MAS|Building Products - Industrials|21|75.84|77.45
2024-07-26|WY|Timber REITs - Real Estate|1|30.31|31.6
2024-07-26|BMY|Pharmaceuticals - Health Care|1|50.45|50.45
2024-07-26|FE|Electric Utilities - Utilities|1|40.94|40.94
2024-07-30|YUM|Restaurants - Consumer Discretionary|2|129.03|132.17
2024-07-30|MET|Life & Health Insurance - Financials|1|69.73|76.75
2024-07-30|AVB|Multi-Family Residential REITs - Real Estate|10|186.24|206.14
2024-07-30|DD|Specialty Chemicals - Materials|3|30.88|33.64
2024-07-30|PCG|Multi-Utilities - Utilities|1|16.6|18.33
2024-07-30|NFLX|Movies & Entertainment - Communication Services|1|64.9|62.26
2024-07-30|EMR|Electrical Components & Equipment - Industrials|1|110.92|115.7
2024-07-30|HLT|Hotels, Resorts & Cruise Lines - Consumer Discretionary|9|210.32|218.76
2024-07-30|ZTS|Pharmaceuticals - Health Care|10|170.55|181.83
2024-07-30|ZBH|Health Care Equipment - Health Care|1|107.19|111.37
2024-07-30|BG|Agricultural Products & Services - Consumer Staples|17|102.44|114.56
2024-07-30|WY|Timber REITs - Real Estate|1|28.28|31.76
2024-07-30|WY|Timber REITs - Real Estate|1|30.49|31.76
2024-07-30|MAS|Building Products - Industrials|21|75.84|78.32
2024-07-30|WY|Timber REITs - Real Estate|1|30.31|31.76
2024-07-30|BMY|Pharmaceuticals - Health Care|1|50.45|49.05
2024-07-30|FE|Electric Utilities - Utilities|1|40.94|41.8
2024-07-30|XEL|Multi-Utilities - Utilities|1|58.63|58.63
2024-07-31|YUM|Restaurants - Consumer Discretionary|2|129.03|132.83
2024-07-31|MET|Life & Health Insurance - Financials|1|69.73|76.85
2024-07-31|AVB|Multi-Family Residential REITs - Real Estate|10|186.24|204.92
2024-07-31|DD|Specialty Chemicals - Materials|3|30.88|35.02
2024-07-31|PCG|Multi-Utilities - Utilities|1|16.6|18.25
2024-07-31|NFLX|Movies & Entertainment - Communication Services|1|64.9|62.83
2024-07-31|EMR|Electrical Components & Equipment - Industrials|1|110.92|117.11
2024-07-31|HLT|Hotels, Resorts & Cruise Lines - Consumer Discretionary|9|210.32|214.67
2024-07-31|ZTS|Pharmaceuticals - Health Care|10|170.55|180.04
2024-07-31|ZBH|Health Care Equipment - Health Care|1|107.19|111.35
2024-07-31|BG|Agricultural Products & Services - Consumer Staples|17|102.44|105.23
2024-07-31|WY|Timber REITs - Real Estate|1|28.28|31.76
2024-07-31|WY|Timber REITs - Real Estate|1|30.49|31.76
2024-07-31|MAS|Building Products - Industrials|21|75.84|77.85
2024-07-31|WY|Timber REITs - Real Estate|1|30.31|31.76
2024-07-31|FE|Electric Utilities - Utilities|1|40.94|41.91
2024-07-31|XEL|Multi-Utilities - Utilities|1|58.63|58.28
2024-07-31|PPL|Electric Utilities - Utilities|1|29.72|29.72
2024-07-31|WBD|Broadcasting - Communication Services|2|8.65|8.65
2024-08-02|YUM|Restaurants - Consumer Discretionary|2|129.03|135.18
2024-08-02|MET|Life & Health Insurance - Financials|1|69.73|70.56
2024-08-02|AVB|Multi-Family Residential REITs - Real Estate|10|186.24|210.02
2024-08-02|DD|Specialty Chemicals - Materials|3|30.88|33.1
2024-08-02|PCG|Multi-Utilities - Utilities|1|16.6|18.41
2024-08-02|EMR|Electrical Components & Equipment - Industrials|1|110.92|109.21
2024-08-02|HLT|Hotels, Resorts & Cruise Lines - Consumer Discretionary|9|210.32|204.96
2024-08-02|ZTS|Pharmaceuticals - Health Care|10|170.55|180.59
2024-08-02|ZBH|Health Care Equipment - Health Care|1|107.19|110.36
2024-08-02|BG|Agricultural Products & Services - Consumer Staples|17|102.44|98.42
2024-08-02|WY|Timber REITs - Real Estate|1|28.28|31.74
2024-08-02|WY|Timber REITs - Real Estate|1|30.49|31.74
2024-08-02|MAS|Building Products - Industrials|21|75.84|74.97
2024-08-02|WY|Timber REITs - Real Estate|1|30.31|31.74
2024-08-02|FE|Electric Utilities - Utilities|1|40.94|42.68
2024-08-02|XEL|Multi-Utilities - Utilities|1|58.63|59.75
2024-08-02|PPL|Electric Utilities - Utilities|1|29.72|30.64
2024-08-02|WBD|Broadcasting - Communication Services|2|8.65|8.27
2024-08-02|HRL|Packaged Foods & Meats - Consumer Staples|2|32.87|32.87
2024-08-05|YUM|Restaurants - Consumer Discretionary|2|129.03|133.32
2024-08-05|MET|Life & Health Insurance - Financials|1|69.73|67.96
2024-08-05|AVB|Multi-Family Residential REITs - Real Estate|10|186.24|204.07
2024-08-05|DD|Specialty Chemicals - Materials|3|30.88|32.57
2024-08-05|PCG|Multi-Utilities - Utilities|1|16.6|17.81
2024-08-05|EMR|Electrical Components & Equipment - Industrials|1|110.92|106.39
2024-08-05|HLT|Hotels, Resorts & Cruise Lines - Consumer Discretionary|9|210.32|201.82
2024-08-05|ZTS|Pharmaceuticals - Health Care|10|170.55|174.82
2024-08-05|ZBH|Health Care Equipment - Health Care|1|107.19|107.04
2024-08-05|WY|Timber REITs - Real Estate|1|28.28|31.13
2024-08-05|WY|Timber REITs - Real Estate|1|30.49|31.13
2024-08-05|MAS|Building Products - Industrials|21|75.84|73.42
2024-08-05|WY|Timber REITs - Real Estate|1|30.31|31.13
2024-08-05|FE|Electric Utilities - Utilities|1|40.94|41.88
2024-08-05|XEL|Multi-Utilities - Utilities|1|58.63|57.99
2024-08-05|PPL|Electric Utilities - Utilities|1|29.72|30.05
2024-08-05|HRL|Packaged Foods & Meats - Consumer Staples|2|32.87|32.1
2024-08-05|MOH|Managed Health Care - Health Care|4|346.97|346.97
2024-08-05|PEP|Soft Drinks & Non-alcoholic Beverages - Consumer Staples|1|174.04|174.04
2024-08-05|IPG|Advertising - Communication Services|2|29.53|29.53
2024-08-05|WBD|Broadcasting - Communication Services|2|7.88|7.88
2024-08-07|YUM|Restaurants - Consumer Discretionary|2|129.03|136.42
2024-08-07|MET|Life & Health Insurance - Financials|1|69.73|68.73
2024-08-07|AVB|Multi-Family Residential REITs - Real Estate|10|186.24|207.9
2024-08-07|DD|Specialty Chemicals - Materials|3|30.88|32.31
2024-08-07|PCG|Multi-Utilities - Utilities|1|16.6|18.04
2024-08-07|HLT|Hotels, Resorts & Cruise Lines - Consumer Discretionary|9|210.32|203.52
2024-08-07|ZTS|Pharmaceuticals - Health Care|10|170.55|184.77
2024-08-07|ZBH|Health Care Equipment - Health Care|1|107.19|105.81
2024-08-07|WY|Timber REITs - Real Estate|1|28.28|31.15
2024-08-07|WY|Timber REITs - Real Estate|1|30.49|31.15
2024-08-07|MAS|Building Products - Industrials|21|75.84|72.15
2024-08-07|WY|Timber REITs - Real Estate|1|30.31|31.15
2024-08-07|FE|Electric Utilities - Utilities|1|40.94|41.91
2024-08-07|XEL|Multi-Utilities - Utilities|1|58.63|58.36
2024-08-07|PPL|Electric Utilities - Utilities|1|29.72|30.5
2024-08-07|HRL|Packaged Foods & Meats - Consumer Staples|2|32.87|31.97
2024-08-07|MOH|Managed Health Care - Health Care|4|346.97|334.6
2024-08-07|PEP|Soft Drinks & Non-alcoholic Beverages - Consumer Staples|1|174.04|171.79
2024-08-07|IPG|Advertising - Communication Services|2|29.53|29.87
2024-08-07|WBD|Broadcasting - Communication Services|2|7.88|7.71
2024-08-07|KVUE|Personal Care Products - Consumer Staples|5|20.62|20.62
2024-08-08|YUM|Restaurants - Consumer Discretionary|2|129.03|137.1
2024-08-08|MET|Life & Health Insurance - Financials|1|69.73|69.65
2024-08-08|AVB|Multi-Family Residential REITs - Real Estate|10|186.24|208.39
2024-08-08|DD|Specialty Chemicals - Materials|3|30.88|32.85
2024-08-08|PCG|Multi-Utilities - Utilities|1|16.6|18.12
2024-08-08|HLT|Hotels, Resorts & Cruise Lines - Consumer Discretionary|9|210.32|205.04
2024-08-08|ZTS|Pharmaceuticals - Health Care|10|170.55|188.3
2024-08-08|ZBH|Health Care Equipment - Health Care|1|107.19|108.7
2024-08-08|WY|Timber REITs - Real Estate|1|28.28|31.1
2024-08-08|WY|Timber REITs - Real Estate|1|30.49|31.1
2024-08-08|MAS|Building Products - Industrials|21|75.84|72.86
2024-08-08|WY|Timber REITs - Real Estate|1|30.31|31.1
2024-08-08|FE|Electric Utilities - Utilities|1|40.94|41.89
2024-08-08|XEL|Multi-Utilities - Utilities|1|58.63|58.15
2024-08-08|PPL|Electric Utilities - Utilities|1|29.72|30.51
2024-08-08|HRL|Packaged Foods & Meats - Consumer Staples|2|32.87|31.97
2024-08-08|MOH|Managed Health Care - Health Care|4|346.97|336.88
2024-08-08|PEP|Soft Drinks & Non-alcoholic Beverages - Consumer Staples|1|174.04|172.37
2024-08-08|IPG|Advertising - Communication Services|2|29.53|30.44
2024-08-08|KVUE|Personal Care Products - Consumer Staples|5|20.62|21.25
2024-08-08|WBD|Broadcasting - Communication Services|2|7.02|7.02
2024-08-15|YUM|Restaurants - Consumer Discretionary|2|129.03|137.81
2024-08-15|MET|Life & Health Insurance - Financials|1|69.73|71.73
2024-08-15|DD|Specialty Chemicals - Materials|3|30.88|33.59
2024-08-15|PCG|Multi-Utilities - Utilities|1|16.6|18.41
2024-08-15|HLT|Hotels, Resorts & Cruise Lines - Consumer Discretionary|9|210.32|210.59
2024-08-15|ZTS|Pharmaceuticals - Health Care|10|170.55|184.08
2024-08-15|ZBH|Health Care Equipment - Health Care|1|107.19|109.9
2024-08-15|WY|Timber REITs - Real Estate|1|28.28|30.09
2024-08-15|WY|Timber REITs - Real Estate|1|30.49|30.09
2024-08-15|MAS|Building Products - Industrials|21|75.84|76.54
2024-08-15|WY|Timber REITs - Real Estate|1|30.31|30.09
2024-08-15|FE|Electric Utilities - Utilities|1|40.94|42.32
2024-08-15|XEL|Multi-Utilities - Utilities|1|58.63|58.9
2024-08-15|PPL|Electric Utilities - Utilities|1|29.72|30.98
2024-08-15|HRL|Packaged Foods & Meats - Consumer Staples|2|32.87|32.02
2024-08-15|MOH|Managed Health Care - Health Care|4|346.97|345.94
2024-08-15|PEP|Soft Drinks & Non-alcoholic Beverages - Consumer Staples|1|174.04|172.52
2024-08-15|IPG|Advertising - Communication Services|2|29.53|31.07
2024-08-15|KVUE|Personal Care Products - Consumer Staples|5|20.62|21.57
2024-08-15|WBD|Broadcasting - Communication Services|2|7.02|7.24
2024-08-15|SBUX|Restaurants - Consumer Discretionary|18|94.88|94.88
2024-08-15|MPC|Oil & Gas Refining & Marketing - Energy|2|180.75|180.75
2024-08-15|BALL|Metal, Glass & Plastic Containers - Materials|1|63.0|63.0
2024-08-15|WBD|Broadcasting - Communication Services|2|7.24|7.24
2024-08-20|YUM|Restaurants - Consumer Discretionary|2|129.03|136.95
2024-08-20|MET|Life & Health Insurance - Financials|1|69.73|72.72
2024-08-20|DD|Specialty Chemicals - Materials|3|30.88|33.16
2024-08-20|PCG|Multi-Utilities - Utilities|1|16.6|18.63
2024-08-20|HLT|Hotels, Resorts & Cruise Lines - Consumer Discretionary|9|210.32|212.41
2024-08-20|ZTS|Pharmaceuticals - Health Care|10|170.55|183.6
2024-08-20|ZBH|Health Care Equipment - Health Care|1|107.19|111.64
2024-08-20|WY|Timber REITs - Real Estate|1|28.28|30.11
2024-08-20|WY|Timber REITs - Real Estate|1|30.49|30.11
2024-08-20|MAS|Building Products - Industrials|21|75.84|76.46
2024-08-20|WY|Timber REITs - Real Estate|1|30.31|30.11
2024-08-20|FE|Electric Utilities - Utilities|1|40.94|43.19
2024-08-20|XEL|Multi-Utilities - Utilities|1|58.63|59.99
2024-08-20|PPL|Electric Utilities - Utilities|1|29.72|31.48
2024-08-20|HRL|Packaged Foods & Meats - Consumer Staples|2|32.87|32.33
2024-08-20|MOH|Managed Health Care - Health Care|4|346.97|348.5
2024-08-20|PEP|Soft Drinks & Non-alcoholic Beverages - Consumer Staples|1|174.04|175.85
2024-08-20|IPG|Advertising - Communication Services|2|29.53|31.25
2024-08-20|KVUE|Personal Care Products - Consumer Staples|5|20.62|21.55
2024-08-20|WBD|Broadcasting - Communication Services|2|7.02|7.77
2024-08-20|SBUX|Restaurants - Consumer Discretionary|18|94.88|93.01
2024-08-20|BALL|Metal, Glass & Plastic Containers - Materials|1|63.0|63.29
2024-08-20|WBD|Broadcasting - Communication Services|2|7.24|7.77
2024-08-20|ENPH|Semiconductor Materials & Equipment - Information Technology|2|116.98|116.98
2024-08-20|XEL|Multi-Utilities - Utilities|1|59.99|59.99
2024-08-20|WY|Timber REITs - Real Estate|1|30.11|30.11
2024-08-20|WBD|Broadcasting - Communication Services|2|7.77|7.77
2024-08-26|YUM|Restaurants - Consumer Discretionary|2|129.03|134.95
2024-08-26|MET|Life & Health Insurance - Financials|1|69.73|74.74
2024-08-26|DD|Specialty Chemicals - Materials|3|30.88|34.16
2024-08-26|PCG|Multi-Utilities - Utilities|1|16.6|19.04
2024-08-26|HLT|Hotels, Resorts & Cruise Lines - Consumer Discretionary|9|210.32|215.29
2024-08-26|ZTS|Pharmaceuticals - Health Care|10|170.55|181.56
2024-08-26|ZBH|Health Care Equipment - Health Care|1|107.19|114.63
2024-08-26|WY|Timber REITs - Real Estate|1|28.28|31.08
2024-08-26|WY|Timber REITs - Real Estate|1|30.49|31.08
2024-08-26|MAS|Building Products - Industrials|21|75.84|80.61
2024-08-26|WY|Timber REITs - Real Estate|1|30.31|31.08
2024-08-26|FE|Electric Utilities - Utilities|1|40.94|43.42
2024-08-26|XEL|Multi-Utilities - Utilities|1|58.63|61.46
2024-08-26|PPL|Electric Utilities - Utilities|1|29.72|31.91
2024-08-26|HRL|Packaged Foods & Meats - Consumer Staples|2|32.87|32.36
2024-08-26|MOH|Managed Health Care - Health Care|4|346.97|347.29
2024-08-26|PEP|Soft Drinks & Non-alcoholic Beverages - Consumer Staples|1|174.04|175.97
2024-08-26|IPG|Advertising - Communication Services|2|29.53|32.38
2024-08-26|KVUE|Personal Care Products - Consumer Staples|5|20.62|21.96
2024-08-26|SBUX|Restaurants - Consumer Discretionary|18|94.88|95.63
2024-08-26|BALL|Metal, Glass & Plastic Containers - Materials|1|63.0|64.34
2024-08-26|WBD|Broadcasting - Communication Services|2|7.24|8.23
2024-08-26|ENPH|Semiconductor Materials & Equipment - Information Technology|2|116.98|122.59
2024-08-26|XEL|Multi-Utilities - Utilities|1|59.99|61.46
2024-08-26|WY|Timber REITs - Real Estate|1|30.11|31.08
2024-08-26|WBD|Broadcasting - Communication Services|2|7.77|8.23
2024-08-26|WBD|Broadcasting - Communication Services|2|8.23|8.23
2024-08-29|YUM|Restaurants - Consumer Discretionary|2|129.03|135.25
2024-08-29|MET|Life & Health Insurance - Financials|1|69.73|76.73
2024-08-29|DD|Specialty Chemicals - Materials|3|30.88|34.9
2024-08-29|HLT|Hotels, Resorts & Cruise Lines - Consumer Discretionary|9|210.32|217.66
2024-08-29|ZTS|Pharmaceuticals - Health Care|10|170.55|182.89
2024-08-29|ZBH|Health Care Equipment - Health Care|1|107.19|114.67
2024-08-29|WY|Timber REITs - Real Estate|1|28.28|30.49
2024-08-29|WY|Timber REITs - Real Estate|1|30.49|30.49
2024-08-29|MAS|Building Products - Industrials|21|75.84|78.86
2024-08-29|WY|Timber REITs - Real Estate|1|30.31|30.49
2024-08-29|FE|Electric Utilities - Utilities|1|40.94|43.61
2024-08-29|XEL|Multi-Utilities - Utilities|1|58.63|61.39
2024-08-29|PPL|Electric Utilities - Utilities|1|29.72|31.75
2024-08-29|HRL|Packaged Foods & Meats - Consumer Staples|2|32.87|32.19
2024-08-29|MOH|Managed Health Care - Health Care|4|346.97|350.56
2024-08-29|PEP|Soft Drinks & Non-alcoholic Beverages - Consumer Staples|1|174.04|172.09
2024-08-29|IPG|Advertising - Communication Services|2|29.53|32.38
2024-08-29|KVUE|Personal Care Products - Consumer Staples|5|20.62|21.75
2024-08-29|SBUX|Restaurants - Consumer Discretionary|18|94.88|94.86
2024-08-29|BALL|Metal, Glass & Plastic Containers - Materials|1|63.0|62.39
2024-08-29|WBD|Broadcasting - Communication Services|2|7.24|7.73
2024-08-29|ENPH|Semiconductor Materials & Equipment - Information Technology|2|116.98|121.3
2024-08-29|XEL|Multi-Utilities - Utilities|1|59.99|61.39
2024-08-29|WY|Timber REITs - Real Estate|1|30.11|30.49
2024-08-29|WBD|Broadcasting - Communication Services|2|7.77|7.73
2024-08-29|WY|Timber REITs - Real Estate|1|30.49|30.49
2024-08-29|WBD|Broadcasting - Communication Services|1|7.73|7.73
2024-09-03|YUM|Restaurants - Consumer Discretionary|2|129.03|133.48
2024-09-03|MET|Life & Health Insurance - Financials|1|69.73|77.76
2024-09-03|DD|Specialty Chemicals - Materials|3|30.88|34.36
2024-09-03|HLT|Hotels, Resorts & Cruise Lines - Consumer Discretionary|9|210.32|215.65
2024-09-03|ZTS|Pharmaceuticals - Health Care|10|170.55|183.57
2024-09-03|ZBH|Health Care Equipment - Health Care|1|107.19|116.17
2024-09-03|WY|Timber REITs - Real Estate|1|28.28|30.28
2024-09-03|WY|Timber REITs - Real Estate|1|30.49|30.28
2024-09-03|MAS|Building Products - Industrials|21|75.84|78.31
2024-09-03|WY|Timber REITs - Real Estate|1|30.31|30.28
2024-09-03|FE|Electric Utilities - Utilities|1|40.94|44.31
2024-09-03|XEL|Multi-Utilities - Utilities|1|58.63|62.52
2024-09-03|PPL|Electric Utilities - Utilities|1|29.72|32.11
2024-09-03|HRL|Packaged Foods & Meats - Consumer Staples|2|32.87|33.14
2024-09-03|MOH|Managed Health Care - Health Care|4|346.97|356.03
2024-09-03|PEP|Soft Drinks & Non-alcoholic Beverages - Consumer Staples|1|174.04|177.54
2024-09-03|IPG|Advertising - Communication Services|2|29.53|31.95
2024-09-03|KVUE|Personal Care Products - Consumer Staples|5|20.62|22.1
2024-09-03|SBUX|Restaurants - Consumer Discretionary|18|94.88|93.18
2024-09-03|BALL|Metal, Glass & Plastic Containers - Materials|1|63.0|63.9
2024-09-03|WBD|Broadcasting - Communication Services|2|7.24|7.36
2024-09-03|ENPH|Semiconductor Materials & Equipment - Information Technology|2|116.98|112.91
2024-09-03|XEL|Multi-Utilities - Utilities|1|59.99|62.52
2024-09-03|WY|Timber REITs - Real Estate|1|30.11|30.28
2024-09-03|WY|Timber REITs - Real Estate|1|30.49|30.28
2024-09-03|WBD|Broadcasting - Communication Services|1|7.73|7.36
2024-09-03|WBD|Broadcasting - Communication Services|2|7.36|7.36
2024-09-04|YUM|Restaurants - Consumer Discretionary|2|129.03|134.81
2024-09-04|MET|Life & Health Insurance - Financials|1|69.73|77.52
2024-09-04|DD|Specialty Chemicals - Materials|3|30.88|34.18
2024-09-04|HLT|Hotels, Resorts & Cruise Lines - Consumer Discretionary|9|210.32|214.25
2024-09-04|ZTS|Pharmaceuticals - Health Care|10|170.55|187.33
2024-09-04|ZBH|Health Care Equipment - Health Care|1|107.19|114.48
2024-09-04|WY|Timber REITs - Real Estate|1|28.28|30.15
2024-09-04|WY|Timber REITs - Real Estate|1|30.49|30.15
2024-09-04|MAS|Building Products - Industrials|21|75.84|78.14
2024-09-04|WY|Timber REITs - Real Estate|1|30.31|30.15
2024-09-04|FE|Electric Utilities - Utilities|1|40.94|44.54
2024-09-04|XEL|Multi-Utilities - Utilities|1|58.63|63.16
2024-09-04|PPL|Electric Utilities - Utilities|1|29.72|32.21
2024-09-04|MOH|Managed Health Care - Health Care|4|346.97|331.24
2024-09-04|PEP|Soft Drinks & Non-alcoholic Beverages - Consumer Staples|1|174.04|178.52
2024-09-04|IPG|Advertising - Communication Services|2|29.53|31.47
2024-09-04|KVUE|Personal Care Products - Consumer Staples|5|20.62|22.51
2024-09-04|SBUX|Restaurants - Consumer Discretionary|18|94.88|92.33
2024-09-04|BALL|Metal, Glass & Plastic Containers - Materials|1|63.0|64.86
2024-09-04|WBD|Broadcasting - Communication Services|2|7.24|7.32
2024-09-04|ENPH|Semiconductor Materials & Equipment - Information Technology|2|116.98|113.11
2024-09-04|XEL|Multi-Utilities - Utilities|1|59.99|63.16
2024-09-04|WY|Timber REITs - Real Estate|1|30.11|30.15
2024-09-04|WY|Timber REITs - Real Estate|1|30.49|30.15
2024-09-04|WBD|Broadcasting - Communication Services|2|7.36|7.32
2024-09-04|TSCO|Other Specialty Retail - Consumer Discretionary|1|54.54|54.54
2024-09-04|WBD|Broadcasting - Communication Services|2|7.32|7.32
2024-09-06|YUM|Restaurants - Consumer Discretionary|2|129.03|133.87
2024-09-06|MET|Life & Health Insurance - Financials|1|69.73|74.08
2024-09-06|DD|Specialty Chemicals - Materials|3|30.88|33.11
2024-09-06|HLT|Hotels, Resorts & Cruise Lines - Consumer Discretionary|9|210.32|213.1
2024-09-06|ZTS|Pharmaceuticals - Health Care|10|170.55|189.23
2024-09-06|ZBH|Health Care Equipment - Health Care|1|107.19|104.81
2024-09-06|WY|Timber REITs - Real Estate|1|28.28|30.35
2024-09-06|WY|Timber REITs - Real Estate|1|30.49|30.35
2024-09-06|MAS|Building Products - Industrials|21|75.84|77.22
2024-09-06|WY|Timber REITs - Real Estate|1|30.31|30.35
2024-09-06|FE|Electric Utilities - Utilities|1|40.94|44.19
2024-09-06|XEL|Multi-Utilities - Utilities|1|58.63|62.91
2024-09-06|PPL|Electric Utilities - Utilities|1|29.72|32.07
2024-09-06|PEP|Soft Drinks & Non-alcoholic Beverages - Consumer Staples|1|174.04|177.34
2024-09-06|IPG|Advertising - Communication Services|2|29.53|31.09
2024-09-06|KVUE|Personal Care Products - Consumer Staples|5|20.62|22.86
2024-09-06|SBUX|Restaurants - Consumer Discretionary|18|94.88|91.15
2024-09-06|BALL|Metal, Glass & Plastic Containers - Materials|1|63.0|64.3
2024-09-06|WBD|Broadcasting - Communication Services|2|7.24|7.22
2024-09-06|XEL|Multi-Utilities - Utilities|1|59.99|62.91
2024-09-06|WY|Timber REITs - Real Estate|1|30.11|30.35
2024-09-06|WY|Timber REITs - Real Estate|1|30.49|30.35
2024-09-06|WBD|Broadcasting - Communication Services|2|7.36|7.22
2024-09-06|TSCO|Other Specialty Retail - Consumer Discretionary|1|54.54|54.12
2024-09-06|WBD|Broadcasting - Communication Services|2|7.32|7.22
2024-09-06|RJF|Investment Banking & Brokerage - Financials|13|115.2|115.2
2024-09-06|WY|Timber REITs - Real Estate|1|30.35|30.35
2024-09-11|YUM|Restaurants - Consumer Discretionary|2|129.03|134.03
2024-09-11|MET|Life & Health Insurance - Financials|1|69.73|74.74
2024-09-11|DD|Specialty Chemicals - Materials|3|30.88|33.44
2024-09-11|HLT|Hotels, Resorts & Cruise Lines - Consumer Discretionary|9|210.32|211.58
2024-09-11|ZTS|Pharmaceuticals - Health Care|10|170.55|189.99
2024-09-11|ZBH|Health Care Equipment - Health Care|1|107.19|105.15
2024-09-11|WY|Timber REITs - Real Estate|1|28.28|30.86
2024-09-11|WY|Timber REITs - Real Estate|1|30.49|30.86
2024-09-11|MAS|Building Products - Industrials|21|75.84|78.01
2024-09-11|WY|Timber REITs - Real Estate|1|30.31|30.86
2024-09-11|FE|Electric Utilities - Utilities|1|40.94|44.15
2024-09-11|XEL|Multi-Utilities - Utilities|1|58.63|63.85
2024-09-11|PPL|Electric Utilities - Utilities|1|29.72|31.95
2024-09-11|PEP|Soft Drinks & Non-alcoholic Beverages - Consumer Staples|1|174.04|175.78
2024-09-11|IPG|Advertising - Communication Services|2|29.53|30.93
2024-09-11|KVUE|Personal Care Products - Consumer Staples|5|20.62|23.09
2024-09-11|SBUX|Restaurants - Consumer Discretionary|18|94.88|98.2
2024-09-11|BALL|Metal, Glass & Plastic Containers - Materials|1|63.0|65.15
2024-09-11|WBD|Broadcasting - Communication Services|2|7.24|6.94
2024-09-11|XEL|Multi-Utilities - Utilities|1|59.99|63.85
2024-09-11|WY|Timber REITs - Real Estate|1|30.11|30.86
2024-09-11|WY|Timber REITs - Real Estate|1|30.49|30.86
2024-09-11|TSCO|Other Specialty Retail - Consumer Discretionary|1|54.54|55.25
2024-09-11|RJF|Investment Banking & Brokerage - Financials|13|115.2|115.95
2024-09-11|WY|Timber REITs - Real Estate|1|30.35|30.86
2024-09-11|WBD|Broadcasting - Communication Services|4|6.94|6.94
2024-09-13|YUM|Restaurants - Consumer Discretionary|2|129.03|133.65
2024-09-13|MET|Life & Health Insurance - Financials|1|69.73|76.19
2024-09-13|DD|Specialty Chemicals - Materials|3|30.88|34.07
2024-09-13|HLT|Hotels, Resorts & Cruise Lines - Consumer Discretionary|9|210.32|216.82
2024-09-13|ZTS|Pharmaceuticals - Health Care|10|170.55|191.09
2024-09-13|ZBH|Health Care Equipment - Health Care|1|107.19|106.26
2024-09-13|WY|Timber REITs - Real Estate|1|28.28|32.45
2024-09-13|WY|Timber REITs - Real Estate|1|30.49|32.45
2024-09-13|MAS|Building Products - Industrials|21|75.84|80.21
2024-09-13|WY|Timber REITs - Real Estate|1|30.31|32.45
2024-09-13|FE|Electric Utilities - Utilities|1|40.94|44.47
2024-09-13|XEL|Multi-Utilities - Utilities|1|58.63|63.84
2024-09-13|PPL|Electric Utilities - Utilities|1|29.72|32.46
2024-09-13|PEP|Soft Drinks & Non-alcoholic Beverages - Consumer Staples|1|174.04|177.36
2024-09-13|IPG|Advertising - Communication Services|2|29.53|30.85
2024-09-13|KVUE|Personal Care Products - Consumer Staples|5|20.62|23.39
2024-09-13|SBUX|Restaurants - Consumer Discretionary|18|94.88|98.57
2024-09-13|BALL|Metal, Glass & Plastic Containers - Materials|1|63.0|66.0
2024-09-13|XEL|Multi-Utilities - Utilities|1|59.99|63.84
2024-09-13|WY|Timber REITs - Real Estate|1|30.11|32.45
2024-09-13|WY|Timber REITs - Real Estate|1|30.49|32.45
2024-09-13|TSCO|Other Specialty Retail - Consumer Discretionary|1|54.54|56.59
2024-09-13|RJF|Investment Banking & Brokerage - Financials|13|115.2|117.89
2024-09-13|WY|Timber REITs - Real Estate|1|30.35|32.45
2024-09-13|UAL|Passenger Airlines - Industrials|1|50.22|50.22
2024-09-17|YUM|Restaurants - Consumer Discretionary|2|129.03|132.35
2024-09-17|MET|Life & Health Insurance - Financials|1|69.73|78.28
2024-09-17|DD|Specialty Chemicals - Materials|3|30.88|34.67
2024-09-17|HLT|Hotels, Resorts & Cruise Lines - Consumer Discretionary|9|210.32|220.38
2024-09-17|ZTS|Pharmaceuticals - Health Care|10|170.55|195.71
2024-09-17|ZBH|Health Care Equipment - Health Care|1|107.19|106.24
2024-09-17|WY|Timber REITs - Real Estate|1|30.49|33.25
2024-09-17|MAS|Building Products - Industrials|21|75.84|81.25
2024-09-17|WY|Timber REITs - Real Estate|1|30.31|33.25
2024-09-17|FE|Electric Utilities - Utilities|1|40.94|43.69
2024-09-17|XEL|Multi-Utilities - Utilities|1|58.63|64.5
2024-09-17|PPL|Electric Utilities - Utilities|1|29.72|32.4
2024-09-17|PEP|Soft Drinks & Non-alcoholic Beverages - Consumer Staples|1|174.04|176.87
2024-09-17|IPG|Advertising - Communication Services|2|29.53|31.23
2024-09-17|KVUE|Personal Care Products - Consumer Staples|5|20.62|23.39
2024-09-17|SBUX|Restaurants - Consumer Discretionary|18|94.88|96.44
2024-09-17|BALL|Metal, Glass & Plastic Containers - Materials|1|63.0|67.22
2024-09-17|XEL|Multi-Utilities - Utilities|1|59.99|64.5
2024-09-17|WY|Timber REITs - Real Estate|1|30.11|33.25
2024-09-17|WY|Timber REITs - Real Estate|1|30.49|33.25
2024-09-17|TSCO|Other Specialty Retail - Consumer Discretionary|1|54.54|55.35
2024-09-17|RJF|Investment Banking & Brokerage - Financials|13|115.2|120.68
2024-09-17|WY|Timber REITs - Real Estate|1|30.35|33.25
2024-09-17|UAL|Passenger Airlines - Industrials|1|50.22|52.64
2024-09-17|NCLH|Hotels, Resorts & Cruise Lines - Consumer Discretionary|1|19.76|19.76
2024-09-17|WBD|Broadcasting - Communication Services|1|8.45|8.45
2024-09-18|YUM|Restaurants - Consumer Discretionary|2|129.03|130.6
2024-09-18|MET|Life & Health Insurance - Financials|1|69.73|79.25
2024-09-18|DD|Specialty Chemicals - Materials|3|30.88|34.66
2024-09-18|HLT|Hotels, Resorts & Cruise Lines - Consumer Discretionary|9|210.32|220.98
2024-09-18|ZBH|Health Care Equipment - Health Care|1|107.19|106.28
2024-09-18|WY|Timber REITs - Real Estate|1|30.49|33.1
2024-09-18|MAS|Building Products - Industrials|21|75.84|81.69
2024-09-18|WY|Timber REITs - Real Estate|1|30.31|33.1
2024-09-18|FE|Electric Utilities - Utilities|1|40.94|43.49
2024-09-18|XEL|Multi-Utilities - Utilities|1|58.63|64.36
2024-09-18|PPL|Electric Utilities - Utilities|1|29.72|32.15
2024-09-18|PEP|Soft Drinks & Non-alcoholic Beverages - Consumer Staples|1|174.04|175.21
2024-09-18|IPG|Advertising - Communication Services|2|29.53|31.08
2024-09-18|KVUE|Personal Care Products - Consumer Staples|5|20.62|23.19
2024-09-18|SBUX|Restaurants - Consumer Discretionary|18|94.88|96.12
2024-09-18|BALL|Metal, Glass & Plastic Containers - Materials|1|63.0|66.52
2024-09-18|XEL|Multi-Utilities - Utilities|1|59.99|64.36
2024-09-18|WY|Timber REITs - Real Estate|1|30.11|33.1
2024-09-18|WY|Timber REITs - Real Estate|1|30.49|33.1
2024-09-18|TSCO|Other Specialty Retail - Consumer Discretionary|1|54.54|55.1
2024-09-18|RJF|Investment Banking & Brokerage - Financials|13|115.2|121.12
2024-09-18|WY|Timber REITs - Real Estate|1|30.35|33.1
2024-09-18|UAL|Passenger Airlines - Industrials|1|50.22|52.96
2024-09-18|NCLH|Hotels, Resorts & Cruise Lines - Consumer Discretionary|1|19.76|19.84
2024-09-18|WBD|Broadcasting - Communication Services|1|8.45|8.42
2024-09-18|ALGN|Health Care Supplies - Health Care|7|253.01|253.01
2024-09-18|HST|Hotel & Resort REITs - Real Estate|11|17.88|17.88
2024-09-19|YUM|Restaurants - Consumer Discretionary|2|129.03|131.09
2024-09-19|DD|Specialty Chemicals - Materials|3|30.88|34.8
2024-09-19|HLT|Hotels, Resorts & Cruise Lines - Consumer Discretionary|9|210.32|225.54
2024-09-19|ZBH|Health Care Equipment - Health Care|1|107.19|106.34
2024-09-19|WY|Timber REITs - Real Estate|1|30.49|33.59
2024-09-19|MAS|Building Products - Industrials|21|75.84|83.24
2024-09-19|WY|Timber REITs - Real Estate|1|30.31|33.59
2024-09-19|FE|Electric Utilities - Utilities|1|40.94|43.23
2024-09-19|XEL|Multi-Utilities - Utilities|1|58.63|64.06
2024-09-19|PPL|Electric Utilities - Utilities|1|29.72|31.79
2024-09-19|PEP|Soft Drinks & Non-alcoholic Beverages - Consumer Staples|1|174.04|174.66
2024-09-19|IPG|Advertising - Communication Services|2|29.53|31.49
2024-09-19|KVUE|Personal Care Products - Consumer Staples|5|20.62|22.9
2024-09-19|SBUX|Restaurants - Consumer Discretionary|18|94.88|96.9
2024-09-19|BALL|Metal, Glass & Plastic Containers - Materials|1|63.0|67.11
2024-09-19|XEL|Multi-Utilities - Utilities|1|59.99|64.06
2024-09-19|WY|Timber REITs - Real Estate|1|30.11|33.59
2024-09-19|WY|Timber REITs - Real Estate|1|30.49|33.59
2024-09-19|TSCO|Other Specialty Retail - Consumer Discretionary|1|54.54|54.79
2024-09-19|RJF|Investment Banking & Brokerage - Financials|13|115.2|124.11
2024-09-19|WY|Timber REITs - Real Estate|1|30.35|33.59
2024-09-19|UAL|Passenger Airlines - Industrials|1|50.22|52.59
2024-09-19|NCLH|Hotels, Resorts & Cruise Lines - Consumer Discretionary|1|19.76|20.21
2024-09-19|WBD|Broadcasting - Communication Services|1|8.45|8.4
2024-09-19|ALGN|Health Care Supplies - Health Care|7|253.01|257.17
2024-09-19|HST|Hotel & Resort REITs - Real Estate|11|17.88|18.53
2024-09-19|SYF|Consumer Finance - Financials|1|51.03|51.03
2024-09-19|CNP|Multi-Utilities - Utilities|1|28.26|28.26
2024-09-24|YUM|Restaurants - Consumer Discretionary|2|129.03|133.8
2024-09-24|HLT|Hotels, Resorts & Cruise Lines - Consumer Discretionary|9|210.32|228.47
2024-09-24|ZBH|Health Care Equipment - Health Care|1|107.19|107.81
2024-09-24|WY|Timber REITs - Real Estate|1|30.49|33.78
2024-09-24|MAS|Building Products - Industrials|21|75.84|83.05
2024-09-24|WY|Timber REITs - Real Estate|1|30.31|33.78
2024-09-24|FE|Electric Utilities - Utilities|1|40.94|43.65
2024-09-24|XEL|Multi-Utilities - Utilities|1|58.63|64.17
2024-09-24|PPL|Electric Utilities - Utilities|1|29.72|32.57
2024-09-24|PEP|Soft Drinks & Non-alcoholic Beverages - Consumer Staples|1|174.04|169.92
2024-09-24|IPG|Advertising - Communication Services|2|29.53|31.22
2024-09-24|KVUE|Personal Care Products - Consumer Staples|5|20.62|23.11
2024-09-24|SBUX|Restaurants - Consumer Discretionary|18|94.88|94.45
2024-09-24|BALL|Metal, Glass & Plastic Containers - Materials|1|63.0|67.14
2024-09-24|XEL|Multi-Utilities - Utilities|1|59.99|64.17
2024-09-24|WY|Timber REITs - Real Estate|1|30.11|33.78
2024-09-24|WY|Timber REITs - Real Estate|1|30.49|33.78
2024-09-24|TSCO|Other Specialty Retail - Consumer Discretionary|1|54.54|55.51
2024-09-24|RJF|Investment Banking & Brokerage - Financials|13|115.2|124.16
2024-09-24|WY|Timber REITs - Real Estate|1|30.35|33.78
2024-09-24|UAL|Passenger Airlines - Industrials|1|50.22|53.63
2024-09-24|NCLH|Hotels, Resorts & Cruise Lines - Consumer Discretionary|1|19.76|20.96
2024-09-24|WBD|Broadcasting - Communication Services|1|8.45|8.32
2024-09-24|ALGN|Health Care Supplies - Health Care|7|253.01|249.01
2024-09-24|HST|Hotel & Resort REITs - Real Estate|11|17.88|18.68
2024-09-24|CNP|Multi-Utilities - Utilities|1|28.26|28.68
2024-09-24|LW|Packaged Foods & Meats - Consumer Staples|2|64.84|64.84
2024-09-24|WBD|Broadcasting - Communication Services|3|8.32|8.32
2024-09-26|YUM|Restaurants - Consumer Discretionary|2|129.03|138.07
2024-09-26|HLT|Hotels, Resorts & Cruise Lines - Consumer Discretionary|9|210.32|232.91
2024-09-26|ZBH|Health Care Equipment - Health Care|1|107.19|107.71
2024-09-26|WY|Timber REITs - Real Estate|1|30.49|33.16
2024-09-26|MAS|Building Products - Industrials|21|75.84|83.15
2024-09-26|WY|Timber REITs - Real Estate|1|30.31|33.16
2024-09-26|FE|Electric Utilities - Utilities|1|40.94|43.61
2024-09-26|XEL|Multi-Utilities - Utilities|1|58.63|63.98
2024-09-26|PPL|Electric Utilities - Utilities|1|29.72|32.6
2024-09-26|PEP|Soft Drinks & Non-alcoholic Beverages - Consumer Staples|1|174.04|169.69
2024-09-26|IPG|Advertising - Communication Services|2|29.53|31.49
2024-09-26|KVUE|Personal Care Products - Consumer Staples|5|20.62|23.13
2024-09-26|SBUX|Restaurants - Consumer Discretionary|18|94.88|97.47
2024-09-26|BALL|Metal, Glass & Plastic Containers - Materials|1|63.0|67.0
2024-09-26|XEL|Multi-Utilities - Utilities|1|59.99|63.98
2024-09-26|WY|Timber REITs - Real Estate|1|30.11|33.16
2024-09-26|WY|Timber REITs - Real Estate|1|30.49|33.16
2024-09-26|TSCO|Other Specialty Retail - Consumer Discretionary|1|54.54|57.06
2024-09-26|RJF|Investment Banking & Brokerage - Financials|13|115.2|122.52
2024-09-26|WY|Timber REITs - Real Estate|1|30.35|33.16
2024-09-26|NCLH|Hotels, Resorts & Cruise Lines - Consumer Discretionary|1|19.76|21.08
2024-09-26|WBD|Broadcasting - Communication Services|1|8.45|8.3
2024-09-26|ALGN|Health Care Supplies - Health Care|7|253.01|249.46
2024-09-26|HST|Hotel & Resort REITs - Real Estate|11|17.88|18.24
2024-09-26|CNP|Multi-Utilities - Utilities|1|28.26|28.94
2024-09-26|LW|Packaged Foods & Meats - Consumer Staples|2|64.84|66.5
2024-09-26|WBD|Broadcasting - Communication Services|3|8.32|8.3
2024-09-26|WDC|Technology Hardware, Storage & Peripherals - Information Technology|1|53.26|53.26
2024-09-26|WBD|Broadcasting - Communication Services|1|8.3|8.3
2024-10-01|YUM|Restaurants - Consumer Discretionary|2|129.03|139.24
2024-10-01|HLT|Hotels, Resorts & Cruise Lines - Consumer Discretionary|9|210.32|229.83
2024-10-01|ZBH|Health Care Equipment - Health Care|1|107.19|107.34
2024-10-01|WY|Timber REITs - Real Estate|1|30.49|33.7
2024-10-01|MAS|Building Products - Industrials|21|75.84|83.82
2024-10-01|WY|Timber REITs - Real Estate|1|30.31|33.7
2024-10-01|FE|Electric Utilities - Utilities|1|40.94|44.51
2024-10-01|XEL|Multi-Utilities - Utilities|1|58.63|65.32
2024-10-01|PPL|Electric Utilities - Utilities|1|29.72|33.23
2024-10-01|PEP|Soft Drinks & Non-alcoholic Beverages - Consumer Staples|1|174.04|171.38
2024-10-01|IPG|Advertising - Communication Services|2|29.53|31.22
2024-10-01|KVUE|Personal Care Products - Consumer Staples|5|20.62|22.78
2024-10-01|SBUX|Restaurants - Consumer Discretionary|18|94.88|97.43
2024-10-01|BALL|Metal, Glass & Plastic Containers - Materials|1|63.0|67.61
2024-10-01|XEL|Multi-Utilities - Utilities|1|59.99|65.32
2024-10-01|WY|Timber REITs - Real Estate|1|30.11|33.7
2024-10-01|WY|Timber REITs - Real Estate|1|30.49|33.7
2024-10-01|TSCO|Other Specialty Retail - Consumer Discretionary|1|54.54|59.03
2024-10-01|RJF|Investment Banking & Brokerage - Financials|13|115.2|123.0
2024-10-01|WY|Timber REITs - Real Estate|1|30.35|33.7
2024-10-01|NCLH|Hotels, Resorts & Cruise Lines - Consumer Discretionary|1|19.76|19.91
2024-10-01|WBD|Broadcasting - Communication Services|1|8.45|8.16
2024-10-01|ALGN|Health Care Supplies - Health Care|7|253.01|245.35
2024-10-01|HST|Hotel & Resort REITs - Real Estate|11|17.88|17.55
2024-10-01|CNP|Multi-Utilities - Utilities|1|28.26|29.89
2024-10-01|LW|Packaged Foods & Meats - Consumer Staples|2|64.84|64.91
2024-10-01|WBD|Broadcasting - Communication Services|3|8.32|8.16
2024-10-01|WBD|Broadcasting - Communication Services|1|8.3|8.16
2024-10-01|WY|Timber REITs - Real Estate|1|33.7|33.7
2024-10-01|WBD|Broadcasting - Communication Services|2|8.16|8.16
2024-10-02|YUM|Restaurants - Consumer Discretionary|2|129.03|139.54
2024-10-02|HLT|Hotels, Resorts & Cruise Lines - Consumer Discretionary|9|210.32|231.46
2024-10-02|ZBH|Health Care Equipment - Health Care|1|107.19|105.69
2024-10-02|WY|Timber REITs - Real Estate|1|30.49|33.62
2024-10-02|MAS|Building Products - Industrials|21|75.84|83.26
2024-10-02|WY|Timber REITs - Real Estate|1|30.31|33.62
2024-10-02|FE|Electric Utilities - Utilities|1|40.94|44.05
2024-10-02|XEL|Multi-Utilities - Utilities|1|58.63|65.15
2024-10-02|PPL|Electric Utilities - Utilities|1|29.72|33.06
2024-10-02|PEP|Soft Drinks & Non-alcoholic Beverages - Consumer Staples|1|174.04|169.55
2024-10-02|IPG|Advertising - Communication Services|2|29.53|31.07
2024-10-02|KVUE|Personal Care Products - Consumer Staples|5|20.62|22.63
2024-10-02|SBUX|Restaurants - Consumer Discretionary|18|94.88|96.5
2024-10-02|BALL|Metal, Glass & Plastic Containers - Materials|1|63.0|66.49
2024-10-02|XEL|Multi-Utilities - Utilities|1|59.99|65.15
2024-10-02|WY|Timber REITs - Real Estate|1|30.11|33.62
2024-10-02|WY|Timber REITs - Real Estate|1|30.49|33.62
2024-10-02|TSCO|Other Specialty Retail - Consumer Discretionary|1|54.54|59.61
2024-10-02|RJF|Investment Banking & Brokerage - Financials|13|115.2|123.84
2024-10-02|WY|Timber REITs - Real Estate|1|30.35|33.62
2024-10-02|NCLH|Hotels, Resorts & Cruise Lines - Consumer Discretionary|1|19.76|19.86
2024-10-02|HST|Hotel & Resort REITs - Real Estate|11|17.88|17.57
2024-10-02|CNP|Multi-Utilities - Utilities|1|28.26|30.05
2024-10-02|LW|Packaged Foods & Meats - Consumer Staples|2|64.84|66.58
2024-10-02|WBD|Broadcasting - Communication Services|3|8.32|7.97
2024-10-02|WBD|Broadcasting - Communication Services|1|8.3|7.97
2024-10-02|WY|Timber REITs - Real Estate|1|33.7|33.62
2024-10-02|WBD|Broadcasting - Communication Services|2|8.16|7.97
2024-10-02|NVDA|Semiconductors - Information Technology|14|118.85|118.85
2024-10-02|WBD|Broadcasting - Communication Services|1|7.97|7.97
2024-10-03|YUM|Restaurants - Consumer Discretionary|2|129.03|137.21
2024-10-03|HLT|Hotels, Resorts & Cruise Lines - Consumer Discretionary|9|210.32|230.88
2024-10-03|ZBH|Health Care Equipment - Health Care|1|107.19|104.19
2024-10-03|WY|Timber REITs - Real Estate|1|30.49|32.93
2024-10-03|MAS|Building Products - Industrials|21|75.84|83.16
2024-10-03|WY|Timber REITs - Real Estate|1|30.31|32.93
2024-10-03|FE|Electric Utilities - Utilities|1|40.94|43.42
2024-10-03|XEL|Multi-Utilities - Utilities|1|58.63|64.4
2024-10-03|PPL|Electric Utilities - Utilities|1|29.72|32.75
2024-10-03|PEP|Soft Drinks & Non-alcoholic Beverages - Consumer Staples|1|174.04|168.53
2024-10-03|IPG|Advertising - Communication Services|2|29.53|30.82
2024-10-03|KVUE|Personal Care Products - Consumer Staples|5|20.62|22.27
2024-10-03|SBUX|Restaurants - Consumer Discretionary|18|94.88|95.56
2024-10-03|BALL|Metal, Glass & Plastic Containers - Materials|1|63.0|65.35
2024-10-03|XEL|Multi-Utilities - Utilities|1|59.99|64.4
2024-10-03|WY|Timber REITs - Real Estate|1|30.11|32.93
2024-10-03|WY|Timber REITs - Real Estate|1|30.49|32.93
2024-10-03|TSCO|Other Specialty Retail - Consumer Discretionary|1|54.54|58.37
2024-10-03|RJF|Investment Banking & Brokerage - Financials|13|115.2|124.7
2024-10-03|WY|Timber REITs - Real Estate|1|30.35|32.93
2024-10-03|NCLH|Hotels, Resorts & Cruise Lines - Consumer Discretionary|1|19.76|19.44
2024-10-03|HST|Hotel & Resort REITs - Real Estate|11|17.88|17.38
2024-10-03|CNP|Multi-Utilities - Utilities|1|28.26|30.3
2024-10-03|LW|Packaged Foods & Meats - Consumer Staples|2|64.84|68.29
2024-10-03|WY|Timber REITs - Real Estate|1|33.7|32.93
2024-10-03|NVDA|Semiconductors - Information Technology|14|118.85|122.85
2024-10-03|WBD|Broadcasting - Communication Services|1|7.97|7.74
2024-10-03|F|Automobile Manufacturers - Consumer Discretionary|5|10.45|10.45
2024-10-08|YUM|Restaurants - Consumer Discretionary|2|129.03|134.72
2024-10-08|HLT|Hotels, Resorts & Cruise Lines - Consumer Discretionary|9|210.32|234.19
2024-10-08|WY|Timber REITs - Real Estate|1|30.49|33.11
2024-10-08|MAS|Building Products - Industrials|21|75.84|83.21
2024-10-08|WY|Timber REITs - Real Estate|1|30.31|33.11
2024-10-08|FE|Electric Utilities - Utilities|1|40.94|42.73
2024-10-08|XEL|Multi-Utilities - Utilities|1|58.63|62.93
2024-10-08|PPL|Electric Utilities - Utilities|1|29.72|32.12
2024-10-08|PEP|Soft Drinks & Non-alcoholic Beverages - Consumer Staples|1|174.04|170.42
2024-10-08|IPG|Advertising - Communication Services|2|29.53|30.87
2024-10-08|KVUE|Personal Care Products - Consumer Staples|5|20.62|21.85
2024-10-08|SBUX|Restaurants - Consumer Discretionary|18|94.88|96.21
2024-10-08|BALL|Metal, Glass & Plastic Containers - Materials|1|63.0|64.06
2024-10-08|XEL|Multi-Utilities - Utilities|1|59.99|62.93
2024-10-08|WY|Timber REITs - Real Estate|1|30.11|33.11
2024-10-08|WY|Timber REITs - Real Estate|1|30.49|33.11
2024-10-08|TSCO|Other Specialty Retail - Consumer Discretionary|1|54.54|60.74
2024-10-08|RJF|Investment Banking & Brokerage - Financials|13|115.2|124.9
2024-10-08|WY|Timber REITs - Real Estate|1|30.35|33.11
2024-10-08|NCLH|Hotels, Resorts & Cruise Lines - Consumer Discretionary|1|19.76|20.8
2024-10-08|HST|Hotel & Resort REITs - Real Estate|11|17.88|17.46
2024-10-08|CNP|Multi-Utilities - Utilities|1|28.26|29.47
2024-10-08|LW|Packaged Foods & Meats - Consumer Staples|2|64.84|71.11
2024-10-08|WY|Timber REITs - Real Estate|1|33.7|33.11
2024-10-08|NVDA|Semiconductors - Information Technology|14|118.85|132.89
2024-10-08|WBD|Broadcasting - Communication Services|1|7.97|7.72
2024-10-08|F|Automobile Manufacturers - Consumer Discretionary|5|10.45|10.49
2024-10-08|MGM|Casinos & Gaming - Consumer Discretionary|2|39.81|39.81
2024-10-08|WBD|Broadcasting - Communication Services|3|7.72|7.72
2024-10-09|YUM|Restaurants - Consumer Discretionary|2|129.03|134.76
2024-10-09|HLT|Hotels, Resorts & Cruise Lines - Consumer Discretionary|9|210.32|236.98
2024-10-09|WY|Timber REITs - Real Estate|1|30.49|33.06
2024-10-09|MAS|Building Products - Industrials|21|75.84|83.98
2024-10-09|WY|Timber REITs - Real Estate|1|30.31|33.06
2024-10-09|FE|Electric Utilities - Utilities|1|40.94|42.55
2024-10-09|XEL|Multi-Utilities - Utilities|1|58.63|62.58
2024-10-09|PPL|Electric Utilities - Utilities|1|29.72|31.85
2024-10-09|PEP|Soft Drinks & Non-alcoholic Beverages - Consumer Staples|1|174.04|172.54
2024-10-09|IPG|Advertising - Communication Services|2|29.53|31.02
2024-10-09|KVUE|Personal Care Products - Consumer Staples|5|20.62|21.53
2024-10-09|SBUX|Restaurants - Consumer Discretionary|18|94.88|95.88
2024-10-09|BALL|Metal, Glass & Plastic Containers - Materials|1|63.0|64.8
2024-10-09|XEL|Multi-Utilities - Utilities|1|59.99|62.58
2024-10-09|WY|Timber REITs - Real Estate|1|30.11|33.06
2024-10-09|WY|Timber REITs - Real Estate|1|30.49|33.06
2024-10-09|TSCO|Other Specialty Retail - Consumer Discretionary|1|54.54|60.19
2024-10-09|RJF|Investment Banking & Brokerage - Financials|13|115.2|128.28
2024-10-09|WY|Timber REITs - Real Estate|1|30.35|33.06
2024-10-09|HST|Hotel & Resort REITs - Real Estate|11|17.88|17.45
2024-10-09|CNP|Multi-Utilities - Utilities|1|28.26|29.49
2024-10-09|LW|Packaged Foods & Meats - Consumer Staples|2|64.84|70.95
2024-10-09|WY|Timber REITs - Real Estate|1|33.7|33.06
2024-10-09|NVDA|Semiconductors - Information Technology|14|118.85|132.65
2024-10-09|WBD|Broadcasting - Communication Services|1|7.97|7.73
2024-10-09|F|Automobile Manufacturers - Consumer Discretionary|5|10.45|10.62
2024-10-09|MGM|Casinos & Gaming - Consumer Discretionary|2|39.81|40.18
2024-10-09|WBD|Broadcasting - Communication Services|3|7.72|7.73
2024-10-09|WBD|Broadcasting - Communication Services|3|7.73|7.73
2024-10-10|YUM|Restaurants - Consumer Discretionary|2|129.03|133.27
2024-10-10|HLT|Hotels, Resorts & Cruise Lines - Consumer Discretionary|9|210.32|235.95
2024-10-10|WY|Timber REITs - Real Estate|1|30.49|32.63
2024-10-10|MAS|Building Products - Industrials|21|75.84|83.1
2024-10-10|WY|Timber REITs - Real Estate|1|30.31|32.63
2024-10-10|FE|Electric Utilities - Utilities|1|40.94|42.33
2024-10-10|XEL|Multi-Utilities - Utilities|1|58.63|62.16
2024-10-10|PPL|Electric Utilities - Utilities|1|29.72|31.47
2024-10-10|PEP|Soft Drinks & Non-alcoholic Beverages - Consumer Staples|1|174.04|172.99
2024-10-10|IPG|Advertising - Communication Services|2|29.53|31.06
2024-10-10|KVUE|Personal Care Products - Consumer Staples|5|20.62|21.32
2024-10-10|SBUX|Restaurants - Consumer Discretionary|18|94.88|93.88
2024-10-10|BALL|Metal, Glass & Plastic Containers - Materials|1|63.0|64.47
2024-10-10|XEL|Multi-Utilities - Utilities|1|59.99|62.16
2024-10-10|WY|Timber REITs - Real Estate|1|30.11|32.63
2024-10-10|WY|Timber REITs - Real Estate|1|30.49|32.63
2024-10-10|TSCO|Other Specialty Retail - Consumer Discretionary|1|54.54|59.47
2024-10-10|RJF|Investment Banking & Brokerage - Financials|13|115.2|126.74
2024-10-10|WY|Timber REITs - Real Estate|1|30.35|32.63
2024-10-10|HST|Hotel & Resort REITs - Real Estate|11|17.88|17.61
2024-10-10|CNP|Multi-Utilities - Utilities|1|28.26|29.49
2024-10-10|LW|Packaged Foods & Meats - Consumer Staples|2|64.84|70.97
2024-10-10|WY|Timber REITs - Real Estate|1|33.7|32.63
2024-10-10|NVDA|Semiconductors - Information Technology|14|118.85|134.81
2024-10-10|F|Automobile Manufacturers - Consumer Discretionary|5|10.45|10.68
2024-10-10|MGM|Casinos & Gaming - Consumer Discretionary|2|39.81|39.59
2024-10-10|WBD|Broadcasting - Communication Services|3|7.72|7.54
2024-10-10|WBD|Broadcasting - Communication Services|3|7.73|7.54
2024-10-10|WBD|Broadcasting - Communication Services|1|7.54|7.54
2024-10-14|YUM|Restaurants - Consumer Discretionary|2|129.03|134.65
2024-10-14|HLT|Hotels, Resorts & Cruise Lines - Consumer Discretionary|9|210.32|237.76
2024-10-14|WY|Timber REITs - Real Estate|1|30.49|32.59
2024-10-14|MAS|Building Products - Industrials|21|75.84|84.81
2024-10-14|WY|Timber REITs - Real Estate|1|30.31|32.59
2024-10-14|FE|Electric Utilities - Utilities|1|40.94|43.17
2024-10-14|XEL|Multi-Utilities - Utilities|1|58.63|63.02
2024-10-14|PPL|Electric Utilities - Utilities|1|29.72|32.08
2024-10-14|PEP|Soft Drinks & Non-alcoholic Beverages - Consumer Staples|1|174.04|176.1
2024-10-14|IPG|Advertising - Communication Services|2|29.53|31.5
2024-10-14|KVUE|Personal Care Products - Consumer Staples|5|20.62|21.6
2024-10-14|SBUX|Restaurants - Consumer Discretionary|18|94.88|94.76
2024-10-14|BALL|Metal, Glass & Plastic Containers - Materials|1|63.0|65.39
2024-10-14|XEL|Multi-Utilities - Utilities|1|59.99|63.02
2024-10-14|WY|Timber REITs - Real Estate|1|30.11|32.59
2024-10-14|WY|Timber REITs - Real Estate|1|30.49|32.59
2024-10-14|TSCO|Other Specialty Retail - Consumer Discretionary|1|54.54|60.75
2024-10-14|RJF|Investment Banking & Brokerage - Financials|13|115.2|130.16
2024-10-14|WY|Timber REITs - Real Estate|1|30.35|32.59
2024-10-14|HST|Hotel & Resort REITs - Real Estate|11|17.88|17.9
2024-10-14|CNP|Multi-Utilities - Utilities|1|28.26|29.78
2024-10-14|LW|Packaged Foods & Meats - Consumer Staples|2|64.84|72.3
2024-10-14|WY|Timber REITs - Real Estate|1|33.7|32.59
2024-10-14|F|Automobile Manufacturers - Consumer Discretionary|5|10.45|10.92
2024-10-14|MGM|Casinos & Gaming - Consumer Discretionary|2|39.81|40.24
2024-10-14|WBD|Broadcasting - Communication Services|3|7.72|7.54
2024-10-14|WBD|Broadcasting - Communication Services|3|7.73|7.54
2024-10-14|WBD|Broadcasting - Communication Services|1|7.54|7.54
2024-10-14|SLB|Oil & Gas Equipment & Services - Energy|43|44.7|44.7
2024-10-14|WBD|Broadcasting - Communication Services|1|7.54|7.54
2024-10-15|YUM|Restaurants - Consumer Discretionary|2|129.03|133.22
2024-10-15|HLT|Hotels, Resorts & Cruise Lines - Consumer Discretionary|9|210.32|236.12
2024-10-15|WY|Timber REITs - Real Estate|1|30.49|33.05
2024-10-15|MAS|Building Products - Industrials|21|75.84|85.13
2024-10-15|WY|Timber REITs - Real Estate|1|30.31|33.05
2024-10-15|FE|Electric Utilities - Utilities|1|40.94|43.5
2024-10-15|XEL|Multi-Utilities - Utilities|1|58.63|63.43
2024-10-15|PPL|Electric Utilities - Utilities|1|29.72|32.34
2024-10-15|PEP|Soft Drinks & Non-alcoholic Beverages - Consumer Staples|1|174.04|175.9
2024-10-15|IPG|Advertising - Communication Services|2|29.53|31.63
2024-10-15|KVUE|Personal Care Products - Consumer Staples|5|20.62|21.76
2024-10-15|SBUX|Restaurants - Consumer Discretionary|18|94.88|95.04
2024-10-15|BALL|Metal, Glass & Plastic Containers - Materials|1|63.0|66.03
2024-10-15|XEL|Multi-Utilities - Utilities|1|59.99|63.43
2024-10-15|WY|Timber REITs - Real Estate|1|30.11|33.05
2024-10-15|WY|Timber REITs - Real Estate|1|30.49|33.05
2024-10-15|TSCO|Other Specialty Retail - Consumer Discretionary|1|54.54|60.16
2024-10-15|WY|Timber REITs - Real Estate|1|30.35|33.05
2024-10-15|HST|Hotel & Resort REITs - Real Estate|11|17.88|17.92
2024-10-15|CNP|Multi-Utilities - Utilities|1|28.26|29.96
2024-10-15|LW|Packaged Foods & Meats - Consumer Staples|2|64.84|71.31
2024-10-15|WY|Timber REITs - Real Estate|1|33.7|33.05
2024-10-15|F|Automobile Manufacturers - Consumer Discretionary|5|10.45|10.84
2024-10-15|MGM|Casinos & Gaming - Consumer Discretionary|2|39.81|39.39
2024-10-15|WBD|Broadcasting - Communication Services|3|7.72|7.6
2024-10-15|WBD|Broadcasting - Communication Services|3|7.73|7.6
2024-10-15|WBD|Broadcasting - Communication Services|1|7.54|7.6
2024-10-15|SLB|Oil & Gas Equipment & Services - Energy|43|44.7|42.95
2024-10-15|WBD|Broadcasting - Communication Services|1|7.54|7.6
2024-10-15|SNPS|Application Software - Information Technology|3|517.56|517.56
2024-10-15|ZBH|Health Care Equipment - Health Care|1|104.6|104.6
2024-10-15|XEL|Multi-Utilities - Utilities|1|63.43|63.43
2024-10-15|WBD|Broadcasting - Communication Services|1|7.6|7.6
2024-10-18|YUM|Restaurants - Consumer Discretionary|2|129.03|134.27
2024-10-18|HLT|Hotels, Resorts & Cruise Lines - Consumer Discretionary|9|210.32|238.81
2024-10-18|WY|Timber REITs - Real Estate|1|30.49|33.06
2024-10-18|MAS|Building Products - Industrials|21|75.84|85.71
2024-10-18|WY|Timber REITs - Real Estate|1|30.31|33.06
2024-10-18|FE|Electric Utilities - Utilities|1|40.94|43.66
2024-10-18|XEL|Multi-Utilities - Utilities|1|58.63|64.07
2024-10-18|PPL|Electric Utilities - Utilities|1|29.72|32.66
2024-10-18|PEP|Soft Drinks & Non-alcoholic Beverages - Consumer Staples|1|174.04|175.06
2024-10-18|IPG|Advertising - Communication Services|2|29.53|32.03
2024-10-18|KVUE|Personal Care Products - Consumer Staples|5|20.62|21.72
2024-10-18|SBUX|Restaurants - Consumer Discretionary|18|94.88|96.84
2024-10-18|BALL|Metal, Glass & Plastic Containers - Materials|1|63.0|67.25
2024-10-18|XEL|Multi-Utilities - Utilities|1|59.99|64.07
2024-10-18|WY|Timber REITs - Real Estate|1|30.11|33.06
2024-10-18|WY|Timber REITs - Real Estate|1|30.49|33.06
2024-10-18|TSCO|Other Specialty Retail - Consumer Discretionary|1|54.54|59.52
2024-10-18|WY|Timber REITs - Real Estate|1|30.35|33.06
2024-10-18|HST|Hotel & Resort REITs - Real Estate|11|17.88|17.77
2024-10-18|CNP|Multi-Utilities - Utilities|1|28.26|30.11
2024-10-18|WY|Timber REITs - Real Estate|1|33.7|33.06
2024-10-18|F|Automobile Manufacturers - Consumer Discretionary|5|10.45|11.1
2024-10-18|MGM|Casinos & Gaming - Consumer Discretionary|2|39.81|41.19
2024-10-18|WBD|Broadcasting - Communication Services|3|7.72|7.82
2024-10-18|WBD|Broadcasting - Communication Services|3|7.73|7.82
2024-10-18|WBD|Broadcasting - Communication Services|1|7.54|7.82
2024-10-18|WBD|Broadcasting - Communication Services|1|7.54|7.82
2024-10-18|SNPS|Application Software - Information Technology|3|517.56|507.03
2024-10-18|ZBH|Health Care Equipment - Health Care|1|104.6|106.31
2024-10-18|XEL|Multi-Utilities - Utilities|1|63.43|64.07
2024-10-18|WBD|Broadcasting - Communication Services|1|7.6|7.82
2024-10-18|ZTS|Pharmaceuticals - Health Care|10|193.28|193.28
2024-10-18|WBD|Broadcasting - Communication Services|4|7.82|7.82
2024-10-22|YUM|Restaurants - Consumer Discretionary|2|129.03|133.36
2024-10-22|HLT|Hotels, Resorts & Cruise Lines - Consumer Discretionary|9|210.32|238.13
2024-10-22|WY|Timber REITs - Real Estate|1|30.49|31.65
2024-10-22|MAS|Building Products - Industrials|21|75.84|82.2
2024-10-22|WY|Timber REITs - Real Estate|1|30.31|31.65
2024-10-22|FE|Electric Utilities - Utilities|1|40.94|43.84
2024-10-22|XEL|Multi-Utilities - Utilities|1|58.63|63.68
2024-10-22|PPL|Electric Utilities - Utilities|1|29.72|32.68
2024-10-22|PEP|Soft Drinks & Non-alcoholic Beverages - Consumer Staples|1|174.04|174.37
2024-10-22|IPG|Advertising - Communication Services|2|29.53|29.78
2024-10-22|KVUE|Personal Care Products - Consumer Staples|5|20.62|22.93
2024-10-22|SBUX|Restaurants - Consumer Discretionary|18|94.88|96.82
2024-10-22|BALL|Metal, Glass & Plastic Containers - Materials|1|63.0|65.47
2024-10-22|XEL|Multi-Utilities - Utilities|1|59.99|63.68
2024-10-22|WY|Timber REITs - Real Estate|1|30.11|31.65
2024-10-22|WY|Timber REITs - Real Estate|1|30.49|31.65
2024-10-22|TSCO|Other Specialty Retail - Consumer Discretionary|1|54.54|58.29
2024-10-22|WY|Timber REITs - Real Estate|1|30.35|31.65
2024-10-22|HST|Hotel & Resort REITs - Real Estate|11|17.88|17.59
2024-10-22|CNP|Multi-Utilities - Utilities|1|28.26|29.79
2024-10-22|F|Automobile Manufacturers - Consumer Discretionary|5|10.45|11.11
2024-10-22|MGM|Casinos & Gaming - Consumer Discretionary|2|39.81|40.52
2024-10-22|WBD|Broadcasting - Communication Services|3|7.72|7.53
2024-10-22|WBD|Broadcasting - Communication Services|3|7.73|7.53
2024-10-22|WBD|Broadcasting - Communication Services|1|7.54|7.53
2024-10-22|WBD|Broadcasting - Communication Services|1|7.54|7.53
2024-10-22|SNPS|Application Software - Information Technology|3|517.56|502.41
2024-10-22|ZBH|Health Care Equipment - Health Care|1|104.6|104.26
2024-10-22|XEL|Multi-Utilities - Utilities|1|63.43|63.68
2024-10-22|WBD|Broadcasting - Communication Services|1|7.6|7.53
2024-10-22|ZTS|Pharmaceuticals - Health Care|10|193.28|189.51
2024-10-22|WBD|Broadcasting - Communication Services|4|7.82|7.53
2024-10-22|WY|Timber REITs - Real Estate|1|31.65|31.65
2024-10-23|YUM|Restaurants - Consumer Discretionary|2|129.03|134.02
2024-10-23|HLT|Hotels, Resorts & Cruise Lines - Consumer Discretionary|9|210.32|233.5
2024-10-23|WY|Timber REITs - Real Estate|1|30.49|31.85
2024-10-23|MAS|Building Products - Industrials|21|75.84|81.95
2024-10-23|WY|Timber REITs - Real Estate|1|30.31|31.85
2024-10-23|FE|Electric Utilities - Utilities|1|40.94|44.27
2024-10-23|XEL|Multi-Utilities - Utilities|1|58.63|64.32
2024-10-23|PPL|Electric Utilities - Utilities|1|29.72|33.13
2024-10-23|PEP|Soft Drinks & Non-alcoholic Beverages - Consumer Staples|1|174.04|172.95
2024-10-23|IPG|Advertising - Communication Services|2|29.53|30.04
2024-10-23|KVUE|Personal Care Products - Consumer Staples|5|20.62|22.76
2024-10-23|SBUX|Restaurants - Consumer Discretionary|18|94.88|97.65
2024-10-23|BALL|Metal, Glass & Plastic Containers - Materials|1|63.0|65.48
2024-10-23|XEL|Multi-Utilities - Utilities|1|59.99|64.32
2024-10-23|WY|Timber REITs - Real Estate|1|30.11|31.85
2024-10-23|WY|Timber REITs - Real Estate|1|30.49|31.85
2024-10-23|TSCO|Other Specialty Retail - Consumer Discretionary|1|54.54|58.42
2024-10-23|WY|Timber REITs - Real Estate|1|30.35|31.85
2024-10-23|HST|Hotel & Resort REITs - Real Estate|11|17.88|17.38
2024-10-23|CNP|Multi-Utilities - Utilities|1|28.26|29.75
2024-10-23|F|Automobile Manufacturers - Consumer Discretionary|5|10.45|11.06
2024-10-23|MGM|Casinos & Gaming - Consumer Discretionary|2|39.81|39.64
2024-10-23|WBD|Broadcasting - Communication Services|1|7.54|7.33
2024-10-23|WBD|Broadcasting - Communication Services|1|7.54|7.33
2024-10-23|SNPS|Application Software - Information Technology|3|517.56|493.41
2024-10-23|ZBH|Health Care Equipment - Health Care|1|104.6|104.7
2024-10-23|XEL|Multi-Utilities - Utilities|1|63.43|64.32
2024-10-23|WBD|Broadcasting - Communication Services|1|7.6|7.33
2024-10-23|ZTS|Pharmaceuticals - Health Care|10|193.28|188.99
2024-10-23|WY|Timber REITs - Real Estate|1|31.65|31.85
2024-10-23|XEL|Multi-Utilities - Utilities|1|64.32|64.32
2024-10-23|WBD|Broadcasting - Communication Services|1|7.33|7.33
2024-10-24|YUM|Restaurants - Consumer Discretionary|2|129.03|133.16
2024-10-24|HLT|Hotels, Resorts & Cruise Lines - Consumer Discretionary|9|210.32|235.21
2024-10-24|WY|Timber REITs - Real Estate|1|30.49|32.13
2024-10-24|MAS|Building Products - Industrials|21|75.84|82.88
2024-10-24|WY|Timber REITs - Real Estate|1|30.31|32.13
2024-10-24|FE|Electric Utilities - Utilities|1|40.94|44.09
2024-10-24|XEL|Multi-Utilities - Utilities|1|58.63|65.11
2024-10-24|PPL|Electric Utilities - Utilities|1|29.72|32.87
2024-10-24|PEP|Soft Drinks & Non-alcoholic Beverages - Consumer Staples|1|174.04|172.16
2024-10-24|IPG|Advertising - Communication Services|2|29.53|29.89
2024-10-24|KVUE|Personal Care Products - Consumer Staples|5|20.62|22.97
2024-10-24|SBUX|Restaurants - Consumer Discretionary|18|94.88|97.15
2024-10-24|BALL|Metal, Glass & Plastic Containers - Materials|1|63.0|64.62
2024-10-24|XEL|Multi-Utilities - Utilities|1|59.99|65.11
2024-10-24|WY|Timber REITs - Real Estate|1|30.11|32.13
2024-10-24|WY|Timber REITs - Real Estate|1|30.49|32.13
2024-10-24|TSCO|Other Specialty Retail - Consumer Discretionary|1|54.54|54.86
2024-10-24|WY|Timber REITs - Real Estate|1|30.35|32.13
2024-10-24|HST|Hotel & Resort REITs - Real Estate|11|17.88|17.66
2024-10-24|CNP|Multi-Utilities - Utilities|1|28.26|29.48
2024-10-24|F|Automobile Manufacturers - Consumer Discretionary|5|10.45|11.24
2024-10-24|MGM|Casinos & Gaming - Consumer Discretionary|2|39.81|40.1
2024-10-24|WBD|Broadcasting - Communication Services|1|7.54|7.52
2024-10-24|WBD|Broadcasting - Communication Services|1|7.54|7.52
2024-10-24|SNPS|Application Software - Information Technology|3|517.56|495.25
2024-10-24|ZBH|Health Care Equipment - Health Care|1|104.6|104.0
2024-10-24|XEL|Multi-Utilities - Utilities|1|63.43|65.11
2024-10-24|WBD|Broadcasting - Communication Services|1|7.6|7.52
2024-10-24|WY|Timber REITs - Real Estate|1|31.65|32.13
2024-10-24|XEL|Multi-Utilities - Utilities|1|64.32|65.11
2024-10-24|WBD|Broadcasting - Communication Services|1|7.33|7.52
2024-10-24|FANG|Oil & Gas Exploration & Production - Energy|10|180.91|180.91
2024-10-24|WBD|Broadcasting - Communication Services|1|7.52|7.52
2024-10-31|YUM|Restaurants - Consumer Discretionary|2|129.03|131.16
2024-10-31|HLT|Hotels, Resorts & Cruise Lines - Consumer Discretionary|9|210.32|234.85
2024-10-31|WY|Timber REITs - Real Estate|1|30.49|31.16
2024-10-31|MAS|Building Products - Industrials|21|75.84|79.91
2024-10-31|WY|Timber REITs - Real Estate|1|30.31|31.16
2024-10-31|FE|Electric Utilities - Utilities|1|40.94|41.83
2024-10-31|XEL|Multi-Utilities - Utilities|1|58.63|66.81
2024-10-31|PPL|Electric Utilities - Utilities|1|29.72|32.56
2024-10-31|PEP|Soft Drinks & Non-alcoholic Beverages - Consumer Staples|1|174.04|166.08
2024-10-31|IPG|Advertising - Communication Services|2|29.53|29.4
2024-10-31|KVUE|Personal Care Products - Consumer Staples|5|20.62|22.93
2024-10-31|SBUX|Restaurants - Consumer Discretionary|18|94.88|97.7
2024-10-31|XEL|Multi-Utilities - Utilities|1|59.99|66.81
2024-10-31|WY|Timber REITs - Real Estate|1|30.11|31.16
2024-10-31|WY|Timber REITs - Real Estate|1|30.49|31.16
2024-10-31|TSCO|Other Specialty Retail - Consumer Discretionary|1|54.54|53.1
2024-10-31|WY|Timber REITs - Real Estate|1|30.35|31.16
2024-10-31|HST|Hotel & Resort REITs - Real Estate|11|17.88|17.24
2024-10-31|CNP|Multi-Utilities - Utilities|1|28.26|29.53
2024-10-31|F|Automobile Manufacturers - Consumer Discretionary|5|10.45|10.29
2024-10-31|WBD|Broadcasting - Communication Services|1|7.54|8.13
2024-10-31|WBD|Broadcasting - Communication Services|1|7.54|8.13
2024-10-31|SNPS|Application Software - Information Technology|3|517.56|513.61
2024-10-31|ZBH|Health Care Equipment - Health Care|1|104.6|106.92
2024-10-31|XEL|Multi-Utilities - Utilities|1|63.43|66.81
2024-10-31|WBD|Broadcasting - Communication Services|1|7.6|8.13
2024-10-31|WY|Timber REITs - Real Estate|1|31.65|31.16
2024-10-31|XEL|Multi-Utilities - Utilities|1|64.32|66.81
2024-10-31|WBD|Broadcasting - Communication Services|1|7.33|8.13
2024-10-31|FANG|Oil & Gas Exploration & Production - Energy|10|180.91|176.77
2024-10-31|WBD|Broadcasting - Communication Services|1|7.52|8.13
2024-10-31|SMCI|Technology Hardware, Storage & Peripherals - Information Technology|4|29.11|29.11
2024-10-31|WBD|Broadcasting - Communication Services|2|8.13|8.13
2024-11-01|YUM|Restaurants - Consumer Discretionary|2|129.03|132.34
2024-11-01|HLT|Hotels, Resorts & Cruise Lines - Consumer Discretionary|9|210.32|236.47
2024-11-01|WY|Timber REITs - Real Estate|1|30.49|31.18
2024-11-01|MAS|Building Products - Industrials|21|75.84|80.18
2024-11-01|WY|Timber REITs - Real Estate|1|30.31|31.18
2024-11-01|FE|Electric Utilities - Utilities|1|40.94|41.73
2024-11-01|XEL|Multi-Utilities - Utilities|1|58.63|66.69
2024-11-01|PPL|Electric Utilities - Utilities|1|29.72|31.56
2024-11-01|PEP|Soft Drinks & Non-alcoholic Beverages - Consumer Staples|1|174.04|165.59
2024-11-01|IPG|Advertising - Communication Services|2|29.53|29.48
2024-11-01|KVUE|Personal Care Products - Consumer Staples|5|20.62|22.73
2024-11-01|SBUX|Restaurants - Consumer Discretionary|18|94.88|98.87
2024-11-01|XEL|Multi-Utilities - Utilities|1|59.99|66.69
2024-11-01|WY|Timber REITs - Real Estate|1|30.11|31.18
2024-11-01|WY|Timber REITs - Real Estate|1|30.49|31.18
2024-11-01|TSCO|Other Specialty Retail - Consumer Discretionary|1|54.54|53.31
2024-11-01|WY|Timber REITs - Real Estate|1|30.35|31.18
2024-11-01|HST|Hotel & Resort REITs - Real Estate|11|17.88|17.33
2024-11-01|CNP|Multi-Utilities - Utilities|1|28.26|28.58
2024-11-01|F|Automobile Manufacturers - Consumer Discretionary|5|10.45|10.22
2024-11-01|WBD|Broadcasting - Communication Services|1|7.54|8.23
2024-11-01|WBD|Broadcasting - Communication Services|1|7.54|8.23
2024-11-01|SNPS|Application Software - Information Technology|3|517.56|518.4
2024-11-01|ZBH|Health Care Equipment - Health Care|1|104.6|107.27
2024-11-01|XEL|Multi-Utilities - Utilities|1|63.43|66.69
2024-11-01|WBD|Broadcasting - Communication Services|1|7.6|8.23
2024-11-01|WY|Timber REITs - Real Estate|1|31.65|31.18
2024-11-01|XEL|Multi-Utilities - Utilities|1|64.32|66.69
2024-11-01|WBD|Broadcasting - Communication Services|1|7.33|8.23
2024-11-01|FANG|Oil & Gas Exploration & Production - Energy|10|180.91|175.81
2024-11-01|WBD|Broadcasting - Communication Services|1|7.52|8.23
2024-11-01|WBD|Broadcasting - Communication Services|2|8.13|8.23
2024-11-01|IP|Paper & Plastic Packaging Products & Materials - Materials|1|55.77|55.77
2024-11-01|WY|Timber REITs - Real Estate|1|31.18|31.18
2024-11-01|WBD|Broadcasting - Communication Services|2|8.23|8.23
2024-11-06|YUM|Restaurants - Consumer Discretionary|2|129.03|134.37
2024-11-06|WY|Timber REITs - Real Estate|1|30.49|31.42
2024-11-06|MAS|Building Products - Industrials|21|75.84|80.21
2024-11-06|WY|Timber REITs - Real Estate|1|30.31|31.42
2024-11-06|FE|Electric Utilities - Utilities|1|40.94|41.58
2024-11-06|XEL|Multi-Utilities - Utilities|1|58.63|66.49
2024-11-06|PPL|Electric Utilities - Utilities|1|29.72|32.55
2024-11-06|IPG|Advertising - Communication Services|2|29.53|30.38
2024-11-06|KVUE|Personal Care Products - Consumer Staples|5|20.62|22.5
2024-11-06|SBUX|Restaurants - Consumer Discretionary|18|94.88|96.08
2024-11-06|XEL|Multi-Utilities - Utilities|1|59.99|66.49
2024-11-06|WY|Timber REITs - Real Estate|1|30.11|31.42
2024-11-06|WY|Timber REITs - Real Estate|1|30.49|31.42
2024-11-06|TSCO|Other Specialty Retail - Consumer Discretionary|1|54.54|57.79
2024-11-06|WY|Timber REITs - Real Estate|1|30.35|31.42
2024-11-06|HST|Hotel & Resort REITs - Real Estate|11|17.88|17.99
2024-11-06|CNP|Multi-Utilities - Utilities|1|28.26|29.02
2024-11-06|F|Automobile Manufacturers - Consumer Discretionary|5|10.45|11.19
2024-11-06|WBD|Broadcasting - Communication Services|1|7.54|8.38
2024-11-06|WBD|Broadcasting - Communication Services|1|7.54|8.38
2024-11-06|SNPS|Application Software - Information Technology|3|517.56|553.15
2024-11-06|ZBH|Health Care Equipment - Health Care|1|104.6|110.17
2024-11-06|XEL|Multi-Utilities - Utilities|1|63.43|66.49
2024-11-06|WBD|Broadcasting - Communication Services|1|7.6|8.38
2024-11-06|WY|Timber REITs - Real Estate|1|31.65|31.42
2024-11-06|XEL|Multi-Utilities - Utilities|1|64.32|66.49
2024-11-06|WBD|Broadcasting - Communication Services|1|7.33|8.38
2024-11-06|FANG|Oil & Gas Exploration & Production - Energy|10|180.91|183.62
2024-11-06|WBD|Broadcasting - Communication Services|1|7.52|8.38
2024-11-06|WBD|Broadcasting - Communication Services|2|8.13|8.38
2024-11-06|IP|Paper & Plastic Packaging Products & Materials - Materials|1|55.77|58.83
2024-11-06|WY|Timber REITs - Real Estate|1|31.18|31.42
2024-11-06|WBD|Broadcasting - Communication Services|2|8.23|8.38
2024-11-06|GRMN|Consumer Electronics - Consumer Discretionary|10|209.67|209.67
2024-11-06|SW|Paper & Plastic Packaging Products & Materials - Materials|5|53.21|53.21
2024-11-06|WBD|Broadcasting - Communication Services|2|8.38|8.38
2024-11-07|YUM|Restaurants - Consumer Discretionary|2|129.03|137.06
2024-11-07|WY|Timber REITs - Real Estate|1|30.49|31.74
2024-11-07|MAS|Building Products - Industrials|21|75.84|80.24
2024-11-07|WY|Timber REITs - Real Estate|1|30.31|31.74
2024-11-07|FE|Electric Utilities - Utilities|1|40.94|41.23
2024-11-07|XEL|Multi-Utilities - Utilities|1|58.63|66.2
2024-11-07|PPL|Electric Utilities - Utilities|1|29.72|32.34
2024-11-07|IPG|Advertising - Communication Services|2|29.53|30.07
2024-11-07|KVUE|Personal Care Products - Consumer Staples|5|20.62|22.97
2024-11-07|SBUX|Restaurants - Consumer Discretionary|18|94.88|96.12
2024-11-07|XEL|Multi-Utilities - Utilities|1|59.99|66.2
2024-11-07|WY|Timber REITs - Real Estate|1|30.11|31.74
2024-11-07|WY|Timber REITs - Real Estate|1|30.49|31.74
2024-11-07|TSCO|Other Specialty Retail - Consumer Discretionary|1|54.54|57.86
2024-11-07|WY|Timber REITs - Real Estate|1|30.35|31.74
2024-11-07|HST|Hotel & Resort REITs - Real Estate|11|17.88|18.0
2024-11-07|CNP|Multi-Utilities - Utilities|1|28.26|29.37
2024-11-07|F|Automobile Manufacturers - Consumer Discretionary|5|10.45|10.96
2024-11-07|SNPS|Application Software - Information Technology|3|517.56|573.59
2024-11-07|ZBH|Health Care Equipment - Health Care|1|104.6|108.69
2024-11-07|XEL|Multi-Utilities - Utilities|1|63.43|66.2
2024-11-07|WY|Timber REITs - Real Estate|1|31.65|31.74
2024-11-07|XEL|Multi-Utilities - Utilities|1|64.32|66.2
2024-11-07|FANG|Oil & Gas Exploration & Production - Energy|10|180.91|181.59
2024-11-07|IP|Paper & Plastic Packaging Products & Materials - Materials|1|55.77|58.41
2024-11-07|WY|Timber REITs - Real Estate|1|31.18|31.74
2024-11-07|WBD|Broadcasting - Communication Services|2|8.23|9.37
2024-11-07|GRMN|Consumer Electronics - Consumer Discretionary|10|209.67|210.34
2024-11-07|SW|Paper & Plastic Packaging Products & Materials - Materials|5|53.21|53.45
2024-11-07|WBD|Broadcasting - Communication Services|2|8.38|9.37
2024-11-07|XEL|Multi-Utilities - Utilities|1|66.2|66.2
2024-11-11|YUM|Restaurants - Consumer Discretionary|2|129.03|136.62
2024-11-11|WY|Timber REITs - Real Estate|1|30.49|31.35
2024-11-11|MAS|Building Products - Industrials|21|75.84|80.77
2024-11-11|WY|Timber REITs - Real Estate|1|30.31|31.35
2024-11-11|FE|Electric Utilities - Utilities|1|40.94|41.72
2024-11-11|PPL|Electric Utilities - Utilities|1|29.72|33.46
2024-11-11|IPG|Advertising - Communication Services|2|29.53|29.62
2024-11-11|SBUX|Restaurants - Consumer Discretionary|18|94.88|100.31
2024-11-11|XEL|Multi-Utilities - Utilities|1|59.99|68.65
2024-11-11|WY|Timber REITs - Real Estate|1|30.11|31.35
2024-11-11|WY|Timber REITs - Real Estate|1|30.49|31.35
2024-11-11|TSCO|Other Specialty Retail - Consumer Discretionary|1|54.54|56.31
2024-11-11|WY|Timber REITs - Real Estate|1|30.35|31.35
2024-11-11|HST|Hotel & Resort REITs - Real Estate|11|17.88|18.06
2024-11-11|CNP|Multi-Utilities - Utilities|1|28.26|30.06
2024-11-11|F|Automobile Manufacturers - Consumer Discretionary|5|10.45|11.23
2024-11-11|SNPS|Application Software - Information Technology|3|517.56|556.26
2024-11-11|ZBH|Health Care Equipment - Health Care|1|104.6|109.46
2024-11-11|XEL|Multi-Utilities - Utilities|1|63.43|68.65
2024-11-11|WY|Timber REITs - Real Estate|1|31.65|31.35
2024-11-11|XEL|Multi-Utilities - Utilities|1|64.32|68.65
2024-11-11|FANG|Oil & Gas Exploration & Production - Energy|10|180.91|179.13
2024-11-11|IP|Paper & Plastic Packaging Products & Materials - Materials|1|55.77|57.66
2024-11-11|WY|Timber REITs - Real Estate|1|31.18|31.35
2024-11-11|WBD|Broadcasting - Communication Services|2|8.23|9.33
2024-11-11|GRMN|Consumer Electronics - Consumer Discretionary|10|209.67|212.56
2024-11-11|SW|Paper & Plastic Packaging Products & Materials - Materials|5|53.21|52.31
2024-11-11|WBD|Broadcasting - Communication Services|2|8.38|9.33
2024-11-11|XEL|Multi-Utilities - Utilities|1|66.2|68.65
2024-11-11|KVUE|Personal Care Products - Consumer Staples|8|23.78|23.78
2024-11-13|YUM|Restaurants - Consumer Discretionary|2|129.03|135.26
2024-11-13|WY|Timber REITs - Real Estate|1|30.49|30.89
2024-11-13|MAS|Building Products - Industrials|21|75.84|79.25
2024-11-13|WY|Timber REITs - Real Estate|1|30.31|30.89
2024-11-13|FE|Electric Utilities - Utilities|1|40.94|41.22
2024-11-13|PPL|Electric Utilities - Utilities|1|29.72|33.49
2024-11-13|IPG|Advertising - Communication Services|2|29.53|29.29
2024-11-13|SBUX|Restaurants - Consumer Discretionary|18|94.88|99.8
2024-11-13|XEL|Multi-Utilities - Utilities|1|59.99|68.65
2024-11-13|WY|Timber REITs - Real Estate|1|30.11|30.89
2024-11-13|WY|Timber REITs - Real Estate|1|30.49|30.89
2024-11-13|TSCO|Other Specialty Retail - Consumer Discretionary|1|54.54|55.75
2024-11-13|WY|Timber REITs - Real Estate|1|30.35|30.89
2024-11-13|HST|Hotel & Resort REITs - Real Estate|11|17.88|18.0
2024-11-13|CNP|Multi-Utilities - Utilities|1|28.26|30.41
2024-11-13|F|Automobile Manufacturers - Consumer Discretionary|5|10.45|11.1
2024-11-13|SNPS|Application Software - Information Technology|3|517.56|557.96
2024-11-13|ZBH|Health Care Equipment - Health Care|1|104.6|109.97
2024-11-13|XEL|Multi-Utilities - Utilities|1|63.43|68.65
2024-11-13|WY|Timber REITs - Real Estate|1|31.65|30.89
2024-11-13|XEL|Multi-Utilities - Utilities|1|64.32|68.65
2024-11-13|FANG|Oil & Gas Exploration & Production - Energy|10|180.91|182.24
2024-11-13|IP|Paper & Plastic Packaging Products & Materials - Materials|1|55.77|56.38
2024-11-13|WY|Timber REITs - Real Estate|1|31.18|30.89
2024-11-13|GRMN|Consumer Electronics - Consumer Discretionary|10|209.67|212.98
2024-11-13|SW|Paper & Plastic Packaging Products & Materials - Materials|5|53.21|50.99
2024-11-13|XEL|Multi-Utilities - Utilities|1|66.2|68.65
2024-11-13|KVUE|Personal Care Products - Consumer Staples|8|23.78|23.14
2024-11-13|WY|Timber REITs - Real Estate|1|30.89|30.89
2024-11-13|WBD|Broadcasting - Communication Services|1|9.72|9.72
2024-11-14|YUM|Restaurants - Consumer Discretionary|2|129.03|136.74
2024-11-14|WY|Timber REITs - Real Estate|1|30.49|30.86
2024-11-14|MAS|Building Products - Industrials|21|75.84|79.19
2024-11-14|WY|Timber REITs - Real Estate|1|30.31|30.86
2024-11-14|FE|Electric Utilities - Utilities|1|40.94|40.83
2024-11-14|PPL|Electric Utilities - Utilities|1|29.72|33.21
2024-11-14|IPG|Advertising - Communication Services|2|29.53|29.2
2024-11-14|SBUX|Restaurants - Consumer Discretionary|18|94.88|99.23
2024-11-14|XEL|Multi-Utilities - Utilities|1|59.99|68.91
2024-11-14|WY|Timber REITs - Real Estate|1|30.11|30.86
2024-11-14|WY|Timber REITs - Real Estate|1|30.49|30.86
2024-11-14|TSCO|Other Specialty Retail - Consumer Discretionary|1|54.54|55.42
2024-11-14|WY|Timber REITs - Real Estate|1|30.35|30.86
2024-11-14|HST|Hotel & Resort REITs - Real Estate|11|17.88|17.46
2024-11-14|CNP|Multi-Utilities - Utilities|1|28.26|29.98
2024-11-14|F|Automobile Manufacturers - Consumer Discretionary|5|10.45|11.07
2024-11-14|SNPS|Application Software - Information Technology|3|517.56|548.31
2024-11-14|ZBH|Health Care Equipment - Health Care|1|104.6|108.85
2024-11-14|XEL|Multi-Utilities - Utilities|1|63.43|68.91
2024-11-14|WY|Timber REITs - Real Estate|1|31.65|30.86
2024-11-14|XEL|Multi-Utilities - Utilities|1|64.32|68.91
2024-11-14|FANG|Oil & Gas Exploration & Production - Energy|10|180.91|182.42
2024-11-14|IP|Paper & Plastic Packaging Products & Materials - Materials|1|55.77|56.93
2024-11-14|WY|Timber REITs - Real Estate|1|31.18|30.86
2024-11-14|GRMN|Consumer Electronics - Consumer Discretionary|10|209.67|211.37
2024-11-14|XEL|Multi-Utilities - Utilities|1|66.2|68.91
2024-11-14|KVUE|Personal Care Products - Consumer Staples|8|23.78|23.61
2024-11-14|WY|Timber REITs - Real Estate|1|30.89|30.86
2024-11-14|WBD|Broadcasting - Communication Services|1|9.72|9.86
2024-11-14|PNW|Multi-Utilities - Utilities|2|90.86|90.86
2024-11-14|XEL|Multi-Utilities - Utilities|1|68.91|68.91
2024-11-15|YUM|Restaurants - Consumer Discretionary|2|129.03|133.59
2024-11-15|WY|Timber REITs - Real Estate|1|30.49|30.93
2024-11-15|MAS|Building Products - Industrials|21|75.84|78.42
2024-11-15|WY|Timber REITs - Real Estate|1|30.31|30.93
2024-11-15|FE|Electric Utilities - Utilities|1|40.94|41.51
2024-11-15|PPL|Electric Utilities - Utilities|1|29.72|33.7
2024-11-15|SBUX|Restaurants - Consumer Discretionary|18|94.88|98.42
2024-11-15|WY|Timber REITs - Real Estate|1|30.11|30.93
2024-11-15|WY|Timber REITs - Real Estate|1|30.49|30.93
2024-11-15|TSCO|Other Specialty Retail - Consumer Discretionary|1|54.54|55.13
2024-11-15|WY|Timber REITs - Real Estate|1|30.35|30.93
2024-11-15|HST|Hotel & Resort REITs - Real Estate|11|17.88|17.26
2024-11-15|CNP|Multi-Utilities - Utilities|1|28.26|30.86
2024-11-15|F|Automobile Manufacturers - Consumer Discretionary|5|10.45|11.01
2024-11-15|SNPS|Application Software - Information Technology|3|517.56|520.75
2024-11-15|ZBH|Health Care Equipment - Health Care|1|104.6|112.54
2024-11-15|XEL|Multi-Utilities - Utilities|1|63.43|69.46
2024-11-15|WY|Timber REITs - Real Estate|1|31.65|30.93
2024-11-15|XEL|Multi-Utilities - Utilities|1|64.32|69.46
2024-11-15|FANG|Oil & Gas Exploration & Production - Energy|10|180.91|176.6
2024-11-15|IP|Paper & Plastic Packaging Products & Materials - Materials|1|55.77|57.58
2024-11-15|WY|Timber REITs - Real Estate|1|31.18|30.93
2024-11-15|GRMN|Consumer Electronics - Consumer Discretionary|10|209.67|208.43
2024-11-15|XEL|Multi-Utilities - Utilities|1|66.2|69.46
2024-11-15|KVUE|Personal Care Products - Consumer Staples|8|23.78|23.82
2024-11-15|WY|Timber REITs - Real Estate|1|30.89|30.93
2024-11-15|PNW|Multi-Utilities - Utilities|2|90.86|91.88
2024-11-15|XEL|Multi-Utilities - Utilities|1|68.91|69.46
2024-11-15|ZBH|Health Care Equipment - Health Care|1|112.54|112.54
2024-11-15|WBD|Broadcasting - Communication Services|2|9.22|9.22
2024-11-20|YUM|Restaurants - Consumer Discretionary|2|129.03|132.88
2024-11-20|WY|Timber REITs - Real Estate|1|30.49|30.67
2024-11-20|MAS|Building Products - Industrials|21|75.84|77.01
2024-11-20|WY|Timber REITs - Real Estate|1|30.31|30.67
2024-11-20|FE|Electric Utilities - Utilities|1|40.94|41.73
2024-11-20|SBUX|Restaurants - Consumer Discretionary|18|94.88|98.26
2024-11-20|WY|Timber REITs - Real Estate|1|30.11|30.67
2024-11-20|WY|Timber REITs - Real Estate|1|30.49|30.67
2024-11-20|TSCO|Other Specialty Retail - Consumer Discretionary|1|54.54|54.0
2024-11-20|WY|Timber REITs - Real Estate|1|30.35|30.67
2024-11-20|HST|Hotel & Resort REITs - Real Estate|11|17.88|17.42
2024-11-20|CNP|Multi-Utilities - Utilities|1|28.26|31.57
2024-11-20|F|Automobile Manufacturers - Consumer Discretionary|5|10.45|10.73
2024-11-20|SNPS|Application Software - Information Technology|3|517.56|541.56
2024-11-20|ZBH|Health Care Equipment - Health Care|1|104.6|109.27
2024-11-20|XEL|Multi-Utilities - Utilities|1|63.43|70.05
2024-11-20|WY|Timber REITs - Real Estate|1|31.65|30.67
2024-11-20|XEL|Multi-Utilities - Utilities|1|64.32|70.05
2024-11-20|FANG|Oil & Gas Exploration & Production - Energy|10|180.91|181.46
2024-11-20|IP|Paper & Plastic Packaging Products & Materials - Materials|1|55.77|58.84
2024-11-20|WY|Timber REITs - Real Estate|1|31.18|30.67
2024-11-20|GRMN|Consumer Electronics - Consumer Discretionary|10|209.67|205.59
2024-11-20|XEL|Multi-Utilities - Utilities|1|66.2|70.05
2024-11-20|KVUE|Personal Care Products - Consumer Staples|8|23.78|23.78
2024-11-20|WY|Timber REITs - Real Estate|1|30.89|30.67
2024-11-20|PNW|Multi-Utilities - Utilities|2|90.86|91.79
2024-11-20|XEL|Multi-Utilities - Utilities|1|68.91|70.05
2024-11-20|ZBH|Health Care Equipment - Health Care|1|112.54|109.27
2024-11-20|WBD|Broadcasting - Communication Services|2|9.22|9.95
2024-11-20|WY|Timber REITs - Real Estate|1|30.67|30.67
2024-11-26|YUM|Restaurants - Consumer Discretionary|2|129.03|138.63
2024-11-26|WY|Timber REITs - Real Estate|1|30.49|31.91
2024-11-26|MAS|Building Products - Industrials|21|75.84|80.71
2024-11-26|WY|Timber REITs - Real Estate|1|30.31|31.91
2024-11-26|FE|Electric Utilities - Utilities|1|40.94|42.28
2024-11-26|SBUX|Restaurants - Consumer Discretionary|18|94.88|100.68
2024-11-26|WY|Timber REITs - Real Estate|1|30.11|31.91
2024-11-26|WY|Timber REITs - Real Estate|1|30.49|31.91
2024-11-26|TSCO|Other Specialty Retail - Consumer Discretionary|1|54.54|56.04
2024-11-26|WY|Timber REITs - Real Estate|1|30.35|31.91
2024-11-26|HST|Hotel & Resort REITs - Real Estate|11|17.88|18.31
2024-11-26|F|Automobile Manufacturers - Consumer Discretionary|5|10.45|11.1
2024-11-26|SNPS|Application Software - Information Technology|3|517.56|553.95
2024-11-26|ZBH|Health Care Equipment - Health Care|1|104.6|110.64
2024-11-26|XEL|Multi-Utilities - Utilities|1|63.43|71.87
2024-11-26|WY|Timber REITs - Real Estate|1|31.65|31.91
2024-11-26|XEL|Multi-Utilities - Utilities|1|64.32|71.87
2024-11-26|FANG|Oil & Gas Exploration & Production - Energy|10|180.91|175.97
2024-11-26|IP|Paper & Plastic Packaging Products & Materials - Materials|1|55.77|59.11
2024-11-26|WY|Timber REITs - Real Estate|1|31.18|31.91
2024-11-26|GRMN|Consumer Electronics - Consumer Discretionary|10|209.67|212.85
2024-11-26|XEL|Multi-Utilities - Utilities|1|66.2|71.87
2024-11-26|KVUE|Personal Care Products - Consumer Staples|8|23.78|24.12
2024-11-26|WY|Timber REITs - Real Estate|1|30.89|31.91
2024-11-26|PNW|Multi-Utilities - Utilities|2|90.86|93.8
2024-11-26|XEL|Multi-Utilities - Utilities|1|68.91|71.87
2024-11-26|ZBH|Health Care Equipment - Health Care|1|112.54|110.64
2024-11-26|WBD|Broadcasting - Communication Services|2|9.22|10.11
2024-11-26|WY|Timber REITs - Real Estate|1|30.67|31.91
2024-11-26|WY|Timber REITs - Real Estate|1|31.91|31.91
2024-12-04|YUM|Restaurants - Consumer Discretionary|2|129.03|138.16
2024-12-04|WY|Timber REITs - Real Estate|1|30.49|31.24
2024-12-04|MAS|Building Products - Industrials|21|75.84|80.36
2024-12-04|WY|Timber REITs - Real Estate|1|30.31|31.24
2024-12-04|FE|Electric Utilities - Utilities|1|40.94|41.28
2024-12-04|SBUX|Restaurants - Consumer Discretionary|18|94.88|100.7
2024-12-04|WY|Timber REITs - Real Estate|1|30.11|31.24
2024-12-04|WY|Timber REITs - Real Estate|1|30.49|31.24
2024-12-04|TSCO|Other Specialty Retail - Consumer Discretionary|1|54.54|57.17
2024-12-04|WY|Timber REITs - Real Estate|1|30.35|31.24
2024-12-04|HST|Hotel & Resort REITs - Real Estate|11|17.88|18.53
2024-12-04|F|Automobile Manufacturers - Consumer Discretionary|5|10.45|10.74
2024-12-04|SNPS|Application Software - Information Technology|3|517.56|588.0
2024-12-04|ZBH|Health Care Equipment - Health Care|1|104.6|110.62
2024-12-04|XEL|Multi-Utilities - Utilities|1|63.43|70.72
2024-12-04|WY|Timber REITs - Real Estate|1|31.65|31.24
2024-12-04|XEL|Multi-Utilities - Utilities|1|64.32|70.72
2024-12-04|IP|Paper & Plastic Packaging Products & Materials - Materials|1|55.77|57.72
2024-12-04|WY|Timber REITs - Real Estate|1|31.18|31.24
2024-12-04|GRMN|Consumer Electronics - Consumer Discretionary|10|209.67|215.77
2024-12-04|XEL|Multi-Utilities - Utilities|1|66.2|70.72
2024-12-04|KVUE|Personal Care Products - Consumer Staples|8|23.78|23.16
2024-12-04|WY|Timber REITs - Real Estate|1|30.89|31.24
2024-12-04|PNW|Multi-Utilities - Utilities|2|90.86|92.09
2024-12-04|XEL|Multi-Utilities - Utilities|1|68.91|70.72
2024-12-04|ZBH|Health Care Equipment - Health Care|1|112.54|110.62
2024-12-04|WY|Timber REITs - Real Estate|1|30.67|31.24
2024-12-04|WY|Timber REITs - Real Estate|1|31.91|31.24
2024-12-04|ALGN|Health Care Supplies - Health Care|7|235.29|235.29
2024-12-04|LKQ|Distributors - Consumer Discretionary|2|39.48|39.48
2024-12-04|WBD|Broadcasting - Communication Services|1|10.65|10.65
2024-12-11|YUM|Restaurants - Consumer Discretionary|2|129.03|138.54
2024-12-11|WY|Timber REITs - Real Estate|1|30.49|30.89
2024-12-11|MAS|Building Products - Industrials|21|75.84|79.35
2024-12-11|WY|Timber REITs - Real Estate|1|30.31|30.89
2024-12-11|FE|Electric Utilities - Utilities|1|40.94|40.12
2024-12-11|SBUX|Restaurants - Consumer Discretionary|18|94.88|98.42
2024-12-11|WY|Timber REITs - Real Estate|1|30.11|30.89
2024-12-11|WY|Timber REITs - Real Estate|1|30.49|30.89
2024-12-11|TSCO|Other Specialty Retail - Consumer Discretionary|1|54.54|57.1
2024-12-11|WY|Timber REITs - Real Estate|1|30.35|30.89
2024-12-11|HST|Hotel & Resort REITs - Real Estate|11|17.88|18.93
2024-12-11|F|Automobile Manufacturers - Consumer Discretionary|5|10.45|10.41
2024-12-11|SNPS|Application Software - Information Technology|3|517.56|512.06
2024-12-11|ZBH|Health Care Equipment - Health Care|1|104.6|106.91
2024-12-11|XEL|Multi-Utilities - Utilities|1|63.43|68.36
2024-12-11|WY|Timber REITs - Real Estate|1|31.65|30.89
2024-12-11|XEL|Multi-Utilities - Utilities|1|64.32|68.36
2024-12-11|IP|Paper & Plastic Packaging Products & Materials - Materials|1|55.77|54.52
2024-12-11|WY|Timber REITs - Real Estate|1|31.18|30.89
2024-12-11|GRMN|Consumer Electronics - Consumer Discretionary|10|209.67|220.77
2024-12-11|XEL|Multi-Utilities - Utilities|1|66.2|68.36
2024-12-11|WY|Timber REITs - Real Estate|1|30.89|30.89
2024-12-11|PNW|Multi-Utilities - Utilities|2|90.86|88.89
2024-12-11|XEL|Multi-Utilities - Utilities|1|68.91|68.36
2024-12-11|WY|Timber REITs - Real Estate|1|30.67|30.89
2024-12-11|WY|Timber REITs - Real Estate|1|31.91|30.89
2024-12-11|ALGN|Health Care Supplies - Health Care|7|235.29|239.52
2024-12-11|LKQ|Distributors - Consumer Discretionary|2|39.48|38.61
2024-12-11|WBD|Broadcasting - Communication Services|1|10.65|10.82
2024-12-11|VZ|Integrated Telecommunication Services - Communication Services|6|41.99|41.99
2024-12-11|WY|Timber REITs - Real Estate|1|30.89|30.89
2024-12-12|YUM|Restaurants - Consumer Discretionary|2|129.03|138.64
2024-12-12|WY|Timber REITs - Real Estate|1|30.49|30.4
2024-12-12|MAS|Building Products - Industrials|21|75.84|79.23
2024-12-12|WY|Timber REITs - Real Estate|1|30.31|30.4
2024-12-12|FE|Electric Utilities - Utilities|1|40.94|40.32
2024-12-12|SBUX|Restaurants - Consumer Discretionary|18|94.88|97.82
2024-12-12|WY|Timber REITs - Real Estate|1|30.11|30.4
2024-12-12|WY|Timber REITs - Real Estate|1|30.49|30.4
2024-12-12|TSCO|Other Specialty Retail - Consumer Discretionary|1|54.54|57.05
2024-12-12|WY|Timber REITs - Real Estate|1|30.35|30.4
2024-12-12|HST|Hotel & Resort REITs - Real Estate|11|17.88|18.82
2024-12-12|F|Automobile Manufacturers - Consumer Discretionary|5|10.45|10.39
2024-12-12|SNPS|Application Software - Information Technology|3|517.56|511.73
2024-12-12|ZBH|Health Care Equipment - Health Care|1|104.6|106.84
2024-12-12|XEL|Multi-Utilities - Utilities|1|63.43|68.49
2024-12-12|WY|Timber REITs - Real Estate|1|31.65|30.4
2024-12-12|XEL|Multi-Utilities - Utilities|1|64.32|68.49
2024-12-12|IP|Paper & Plastic Packaging Products & Materials - Materials|1|55.77|54.86
2024-12-12|WY|Timber REITs - Real Estate|1|31.18|30.4
2024-12-12|GRMN|Consumer Electronics - Consumer Discretionary|10|209.67|215.97
2024-12-12|XEL|Multi-Utilities - Utilities|1|66.2|68.49
2024-12-12|WY|Timber REITs - Real Estate|1|30.89|30.4
2024-12-12|PNW|Multi-Utilities - Utilities|2|90.86|88.71
2024-12-12|XEL|Multi-Utilities - Utilities|1|68.91|68.49
2024-12-12|WY|Timber REITs - Real Estate|1|30.67|30.4
2024-12-12|WY|Timber REITs - Real Estate|1|31.91|30.4
2024-12-12|ALGN|Health Care Supplies - Health Care|7|235.29|235.72
2024-12-12|LKQ|Distributors - Consumer Discretionary|2|39.48|38.37
2024-12-12|VZ|Integrated Telecommunication Services - Communication Services|6|41.99|42.08
2024-12-12|WY|Timber REITs - Real Estate|1|30.89|30.4
2024-12-12|WBD|Broadcasting - Communication Services|1|12.49|12.49
2024-12-13|YUM|Restaurants - Consumer Discretionary|2|129.03|137.0
2024-12-13|WY|Timber REITs - Real Estate|1|30.49|30.06
2024-12-13|MAS|Building Products - Industrials|21|75.84|78.76
2024-12-13|WY|Timber REITs - Real Estate|1|30.31|30.06
2024-12-13|FE|Electric Utilities - Utilities|1|40.94|40.27
2024-12-13|SBUX|Restaurants - Consumer Discretionary|18|94.88|97.42
2024-12-13|WY|Timber REITs - Real Estate|1|30.11|30.06
2024-12-13|WY|Timber REITs - Real Estate|1|30.49|30.06
2024-12-13|TSCO|Other Specialty Retail - Consumer Discretionary|1|54.54|57.09
2024-12-13|WY|Timber REITs - Real Estate|1|30.35|30.06
2024-12-13|HST|Hotel & Resort REITs - Real Estate|11|17.88|18.58
2024-12-13|F|Automobile Manufacturers - Consumer Discretionary|5|10.45|10.39
2024-12-13|SNPS|Application Software - Information Technology|3|517.56|508.28
2024-12-13|ZBH|Health Care Equipment - Health Care|1|104.6|106.74
2024-12-13|XEL|Multi-Utilities - Utilities|1|63.43|68.12
2024-12-13|XEL|Multi-Utilities - Utilities|1|64.32|68.12
2024-12-13|IP|Paper & Plastic Packaging Products & Materials - Materials|1|55.77|55.54
2024-12-13|WY|Timber REITs - Real Estate|1|31.18|30.06
2024-12-13|GRMN|Consumer Electronics - Consumer Discretionary|10|209.67|215.4
2024-12-13|XEL|Multi-Utilities - Utilities|1|66.2|68.12
2024-12-13|WY|Timber REITs - Real Estate|1|30.89|30.06
2024-12-13|PNW|Multi-Utilities - Utilities|2|90.86|87.55
2024-12-13|XEL|Multi-Utilities - Utilities|1|68.91|68.12
2024-12-13|WY|Timber REITs - Real Estate|1|30.67|30.06
2024-12-13|ALGN|Health Care Supplies - Health Care|7|235.29|235.39
2024-12-13|LKQ|Distributors - Consumer Discretionary|2|39.48|37.98
2024-12-13|VZ|Integrated Telecommunication Services - Communication Services|6|41.99|42.28
2024-12-13|WY|Timber REITs - Real Estate|1|30.89|30.06
2024-12-13|WBD|Broadcasting - Communication Services|1|12.49|12.07
2024-12-13|WY|Timber REITs - Real Estate|2|30.06|30.06
2024-12-16|YUM|Restaurants - Consumer Discretionary|2|129.03|135.05
2024-12-16|WY|Timber REITs - Real Estate|1|30.49|29.65
2024-12-16|MAS|Building Products - Industrials|21|75.84|77.78
2024-12-16|WY|Timber REITs - Real Estate|1|30.31|29.65
2024-12-16|FE|Electric Utilities - Utilities|1|40.94|39.9
2024-12-16|SBUX|Restaurants - Consumer Discretionary|18|94.88|93.12
2024-12-16|WY|Timber REITs - Real Estate|1|30.11|29.65
2024-12-16|WY|Timber REITs - Real Estate|1|30.49|29.65
2024-12-16|TSCO|Other Specialty Retail - Consumer Discretionary|1|54.54|55.3
2024-12-16|WY|Timber REITs - Real Estate|1|30.35|29.65
2024-12-16|HST|Hotel & Resort REITs - Real Estate|11|17.88|18.66
2024-12-16|F|Automobile Manufacturers - Consumer Discretionary|5|10.45|9.99
2024-12-16|SNPS|Application Software - Information Technology|3|517.56|522.11
2024-12-16|ZBH|Health Care Equipment - Health Care|1|104.6|106.85
2024-12-16|XEL|Multi-Utilities - Utilities|1|63.43|67.66
2024-12-16|XEL|Multi-Utilities - Utilities|1|64.32|67.66
2024-12-16|IP|Paper & Plastic Packaging Products & Materials - Materials|1|55.77|55.79
2024-12-16|WY|Timber REITs - Real Estate|1|31.18|29.65
2024-12-16|GRMN|Consumer Electronics - Consumer Discretionary|10|209.67|214.62
2024-12-16|XEL|Multi-Utilities - Utilities|1|66.2|67.66
2024-12-16|WY|Timber REITs - Real Estate|1|30.89|29.65
2024-12-16|XEL|Multi-Utilities - Utilities|1|68.91|67.66
2024-12-16|WY|Timber REITs - Real Estate|1|30.67|29.65
2024-12-16|ALGN|Health Care Supplies - Health Care|7|235.29|230.09
2024-12-16|VZ|Integrated Telecommunication Services - Communication Services|6|41.99|40.88
2024-12-16|WY|Timber REITs - Real Estate|1|30.89|29.65
2024-12-16|WY|Timber REITs - Real Estate|2|30.06|29.65
2024-12-16|MKC|Packaged Foods & Meats - Consumer Staples|3|80.17|80.17
2024-12-16|WBD|Broadcasting - Communication Services|1|11.6|11.6
2024-12-16|F|Automobile Manufacturers - Consumer Discretionary|1|9.99|9.99
2024-12-17|YUM|Restaurants - Consumer Discretionary|2|129.03|134.73
2024-12-17|WY|Timber REITs - Real Estate|1|30.49|29.38
2024-12-17|MAS|Building Products - Industrials|21|75.84|76.58
2024-12-17|WY|Timber REITs - Real Estate|1|30.31|29.38
2024-12-17|FE|Electric Utilities - Utilities|1|40.94|39.84
2024-12-17|SBUX|Restaurants - Consumer Discretionary|18|94.88|92.09
2024-12-17|WY|Timber REITs - Real Estate|1|30.11|29.38
2024-12-17|WY|Timber REITs - Real Estate|1|30.49|29.38
2024-12-17|TSCO|Other Specialty Retail - Consumer Discretionary|1|54.54|55.04
2024-12-17|WY|Timber REITs - Real Estate|1|30.35|29.38
2024-12-17|HST|Hotel & Resort REITs - Real Estate|11|17.88|18.72
2024-12-17|F|Automobile Manufacturers - Consumer Discretionary|5|10.45|9.97
2024-12-17|SNPS|Application Software - Information Technology|3|517.56|511.87
2024-12-17|ZBH|Health Care Equipment - Health Care|1|104.6|108.06
2024-12-17|XEL|Multi-Utilities - Utilities|1|63.43|68.08
2024-12-17|XEL|Multi-Utilities - Utilities|1|64.32|68.08
2024-12-17|IP|Paper & Plastic Packaging Products & Materials - Materials|1|55.77|55.24
2024-12-17|GRMN|Consumer Electronics - Consumer Discretionary|10|209.67|210.89
2024-12-17|XEL|Multi-Utilities - Utilities|1|66.2|68.08
2024-12-17|WY|Timber REITs - Real Estate|1|30.89|29.38
2024-12-17|XEL|Multi-Utilities - Utilities|1|68.91|68.08
2024-12-17|WY|Timber REITs - Real Estate|1|30.67|29.38
2024-12-17|ALGN|Health Care Supplies - Health Care|7|235.29|228.81
2024-12-17|VZ|Integrated Telecommunication Services - Communication Services|6|41.99|40.78
2024-12-17|WY|Timber REITs - Real Estate|1|30.89|29.38
2024-12-17|WY|Timber REITs - Real Estate|2|30.06|29.38
2024-12-17|MKC|Packaged Foods & Meats - Consumer Staples|3|80.17|80.31
2024-12-17|WBD|Broadcasting - Communication Services|1|11.6|11.35
2024-12-17|F|Automobile Manufacturers - Consumer Discretionary|1|9.99|9.97
2024-12-17|WY|Timber REITs - Real Estate|1|29.38|29.38
2024-12-18|YUM|Restaurants - Consumer Discretionary|2|129.03|131.46
2024-12-18|MAS|Building Products - Industrials|21|75.84|73.96
2024-12-18|FE|Electric Utilities - Utilities|1|40.94|39.14
2024-12-18|TSCO|Other Specialty Retail - Consumer Discretionary|1|54.54|53.04
2024-12-18|HST|Hotel & Resort REITs - Real Estate|11|17.88|17.55
2024-12-18|SNPS|Application Software - Information Technology|3|517.56|494.43
2024-12-18|ZBH|Health Care Equipment - Health Care|1|104.6|105.86
2024-12-18|XEL|Multi-Utilities - Utilities|1|63.43|66.4
2024-12-18|XEL|Multi-Utilities - Utilities|1|64.32|66.4
2024-12-18|IP|Paper & Plastic Packaging Products & Materials - Materials|1|55.77|53.64
2024-12-18|GRMN|Consumer Electronics - Consumer Discretionary|10|209.67|206.23
2024-12-18|XEL|Multi-Utilities - Utilities|1|66.2|66.4
2024-12-18|XEL|Multi-Utilities - Utilities|1|68.91|66.4
2024-12-18|VZ|Integrated Telecommunication Services - Communication Services|6|41.99|40.24
2024-12-18|MKC|Packaged Foods & Meats - Consumer Staples|3|80.17|79.17
2024-12-18|F|Automobile Manufacturers - Consumer Discretionary|1|9.99|9.69
2024-12-18|WY|Timber REITs - Real Estate|1|29.38|27.96
2024-12-18|TER|Semiconductor Materials & Equipment - Information Technology|16|123.77|123.77
2024-12-18|ZTS|Pharmaceuticals - Health Care|8|167.01|167.01
2024-12-18|ZBH|Health Care Equipment - Health Care|1|105.86|105.86
2024-12-18|WBD|Broadcasting - Communication Services|2|10.63|10.63
2024-12-19|YUM|Restaurants - Consumer Discretionary|2|129.03|130.36
2024-12-19|MAS|Building Products - Industrials|21|75.84|72.69
2024-12-19|FE|Electric Utilities - Utilities|1|40.94|39.16
2024-12-19|TSCO|Other Specialty Retail - Consumer Discretionary|1|54.54|52.81
2024-12-19|HST|Hotel & Resort REITs - Real Estate|11|17.88|17.63
2024-12-19|SNPS|Application Software - Information Technology|3|517.56|493.35
2024-12-19|ZBH|Health Care Equipment - Health Care|1|104.6|105.81
2024-12-19|XEL|Multi-Utilities - Utilities|1|63.43|66.65
2024-12-19|XEL|Multi-Utilities - Utilities|1|64.32|66.65
2024-12-19|IP|Paper & Plastic Packaging Products & Materials - Materials|1|55.77|53.84
2024-12-19|GRMN|Consumer Electronics - Consumer Discretionary|10|209.67|205.42
2024-12-19|XEL|Multi-Utilities - Utilities|1|66.2|66.65
2024-12-19|XEL|Multi-Utilities - Utilities|1|68.91|66.65
2024-12-19|VZ|Integrated Telecommunication Services - Communication Services|6|41.99|39.97
2024-12-19|MKC|Packaged Foods & Meats - Consumer Staples|3|80.17|78.24
2024-12-19|F|Automobile Manufacturers - Consumer Discretionary|1|9.99|9.74
2024-12-19|TER|Semiconductor Materials & Equipment - Information Technology|16|123.77|125.19
2024-12-19|ZTS|Pharmaceuticals - Health Care|8|167.01|163.52
2024-12-19|ZBH|Health Care Equipment - Health Care|1|105.86|105.81
2024-12-19|WBD|Broadcasting - Communication Services|2|10.63|10.49
2024-12-19|WY|Timber REITs - Real Estate|1|27.21|27.21
2024-12-24|YUM|Restaurants - Consumer Discretionary|2|129.03|135.0
2024-12-24|MAS|Building Products - Industrials|21|75.84|74.13
2024-12-24|FE|Electric Utilities - Utilities|1|40.94|39.89
2024-12-24|TSCO|Other Specialty Retail - Consumer Discretionary|1|54.54|54.49
2024-12-24|HST|Hotel & Resort REITs - Real Estate|11|17.88|18.22
2024-12-24|SNPS|Application Software - Information Technology|3|517.56|500.16
2024-12-24|ZBH|Health Care Equipment - Health Care|1|104.6|107.3
2024-12-24|XEL|Multi-Utilities - Utilities|1|63.43|68.21
2024-12-24|XEL|Multi-Utilities - Utilities|1|64.32|68.21
2024-12-24|IP|Paper & Plastic Packaging Products & Materials - Materials|1|55.77|55.11
2024-12-24|GRMN|Consumer Electronics - Consumer Discretionary|10|209.67|211.02
2024-12-24|XEL|Multi-Utilities - Utilities|1|66.2|68.21
2024-12-24|XEL|Multi-Utilities - Utilities|1|68.91|68.21
2024-12-24|MKC|Packaged Foods & Meats - Consumer Staples|3|80.17|78.03
2024-12-24|F|Automobile Manufacturers - Consumer Discretionary|1|9.99|10.02
2024-12-24|TER|Semiconductor Materials & Equipment - Information Technology|16|123.77|129.96
2024-12-24|ZTS|Pharmaceuticals - Health Care|8|167.01|164.7
2024-12-24|ZBH|Health Care Equipment - Health Care|1|105.86|107.3
2024-12-24|WBD|Broadcasting - Communication Services|2|10.63|10.55
2024-12-24|WY|Timber REITs - Real Estate|1|27.21|28.26
2024-12-24|ZTS|Pharmaceuticals - Health Care|1|164.7|164.7
2024-12-24|XEL|Multi-Utilities - Utilities|1|68.21|68.21
2024-12-27|YUM|Restaurants - Consumer Discretionary|2|129.03|135.23
2024-12-27|MAS|Building Products - Industrials|21|75.84|73.22
2024-12-27|FE|Electric Utilities - Utilities|1|40.94|39.67
2024-12-27|TSCO|Other Specialty Retail - Consumer Discretionary|1|54.54|54.56
2024-12-27|HST|Hotel & Resort REITs - Real Estate|11|17.88|17.98
2024-12-27|ZBH|Health Care Equipment - Health Care|1|104.6|106.87
2024-12-27|XEL|Multi-Utilities - Utilities|1|63.43|68.14
2024-12-27|XEL|Multi-Utilities - Utilities|1|64.32|68.14
2024-12-27|IP|Paper & Plastic Packaging Products & Materials - Materials|1|55.77|54.49
2024-12-27|GRMN|Consumer Electronics - Consumer Discretionary|10|209.67|209.36
2024-12-27|XEL|Multi-Utilities - Utilities|1|66.2|68.14
2024-12-27|XEL|Multi-Utilities - Utilities|1|68.91|68.14
2024-12-27|MKC|Packaged Foods & Meats - Consumer Staples|3|80.17|77.05
2024-12-27|F|Automobile Manufacturers - Consumer Discretionary|1|9.99|10.03
2024-12-27|TER|Semiconductor Materials & Equipment - Information Technology|16|123.77|128.54
2024-12-27|ZTS|Pharmaceuticals - Health Care|8|167.01|164.6
2024-12-27|ZBH|Health Care Equipment - Health Care|1|105.86|106.87
2024-12-27|WBD|Broadcasting - Communication Services|2|10.63|10.61
2024-12-27|WY|Timber REITs - Real Estate|1|27.21|27.99
2024-12-27|ZTS|Pharmaceuticals - Health Care|1|164.7|164.6
2024-12-27|XEL|Multi-Utilities - Utilities|1|68.21|68.14
2024-12-27|AKAM|Internet Services & Infrastructure - Information Technology|15|96.97|96.97
2024-12-27|WBD|Broadcasting - Communication Services|2|10.61|10.61
2024-12-30|YUM|Restaurants - Consumer Discretionary|2|129.03|133.52
2024-12-30|MAS|Building Products - Industrials|21|75.84|72.52
2024-12-30|FE|Electric Utilities - Utilities|1|40.94|39.64
2024-12-30|TSCO|Other Specialty Retail - Consumer Discretionary|1|54.54|52.59
2024-12-30|HST|Hotel & Resort REITs - Real Estate|11|17.88|17.78
2024-12-30|ZBH|Health Care Equipment - Health Care|1|104.6|105.4
2024-12-30|XEL|Multi-Utilities - Utilities|1|63.43|67.59
2024-12-30|XEL|Multi-Utilities - Utilities|1|64.32|67.59
2024-12-30|IP|Paper & Plastic Packaging Products & Materials - Materials|1|55.77|53.65
2024-12-30|GRMN|Consumer Electronics - Consumer Discretionary|10|209.67|207.46
2024-12-30|XEL|Multi-Utilities - Utilities|1|66.2|67.59
2024-12-30|XEL|Multi-Utilities - Utilities|1|68.91|67.59
2024-12-30|F|Automobile Manufacturers - Consumer Discretionary|1|9.99|9.88
2024-12-30|TER|Semiconductor Materials & Equipment - Information Technology|16|123.77|126.7
2024-12-30|ZTS|Pharmaceuticals - Health Care|8|167.01|162.24
2024-12-30|ZBH|Health Care Equipment - Health Care|1|105.86|105.4
2024-12-30|WBD|Broadcasting - Communication Services|2|10.63|10.51
2024-12-30|WY|Timber REITs - Real Estate|1|27.21|27.89
2024-12-30|ZTS|Pharmaceuticals - Health Care|1|164.7|162.24
2024-12-30|XEL|Multi-Utilities - Utilities|1|68.21|67.59
2024-12-30|AKAM|Internet Services & Infrastructure - Information Technology|15|96.97|95.56
2024-12-30|WBD|Broadcasting - Communication Services|2|10.61|10.51
2024-12-30|ZTS|Pharmaceuticals - Health Care|1|162.24|162.24
2024-12-30|XEL|Multi-Utilities - Utilities|1|67.59|67.59
