Date|symbol|sector|quantity|buy_price|price
2024-01-02|PFE|Pharmaceuticals - Health Care|33|29.73|29.73
2024-01-02|DGX|Health Care Services - Health Care|7|140.82|140.82
2024-01-02|MDLZ|Packaged Foods & Meats - Consumer Staples|13|73.84|73.84
2024-01-02|TRGP|Oil & Gas Storage & Transportation - Energy|11|86.42|86.42
2024-01-02|MCK|Health Care Distributors - Health Care|2|473.42|473.42
2024-01-02|EVRG|Electric Utilities - Utilities|18|53.43|53.43
2024-01-02|ZBRA|Electronic Equipment & Instruments - Information Technology|3|267.98|267.98
2024-01-02|ZBH|Health Care Equipment - Health Care|8|121.39|121.39
2024-01-02|YUM|Restaurants - Consumer Discretionary|7|129.03|129.03
2024-01-02|XYL|Industrial Machinery & Supplies & Components - Industrials|8|113.67|113.67
2024-01-02|XOM|Integrated Oil & Gas - Energy|6|102.36|102.36
2024-01-02|WBD|Broadcasting - Communication Services|1|11.66|11.66
2024-01-03|PFE|Pharmaceuticals - Health Care|33|29.73|29.73
2024-01-03|DGX|Health Care Services - Health Care|7|140.82|139.68
2024-01-03|MDLZ|Packaged Foods & Meats - Consumer Staples|13|73.84|73.28
2024-01-03|TRGP|Oil & Gas Storage & Transportation - Energy|11|86.42|87.75
2024-01-03|MCK|Health Care Distributors - Health Care|2|473.42|480.34
2024-01-03|EVRG|Electric Utilities - Utilities|18|53.43|53.87
2024-01-03|ZBH|Health Care Equipment - Health Care|8|121.39|120.47
2024-01-03|YUM|Restaurants - Consumer Discretionary|7|129.03|129.1
2024-01-03|XYL|Industrial Machinery & Supplies & Components - Industrials|8|113.67|111.56
2024-01-03|XOM|Integrated Oil & Gas - Energy|6|102.36|103.22
2024-01-03|WBD|Broadcasting - Communication Services|1|11.66|11.3
2024-01-03|T|Integrated Telecommunication Services - Communication Services|44|17.23|17.23
2024-01-09|PFE|Pharmaceuticals - Health Care|33|29.73|29.4
2024-01-09|DGX|Health Care Services - Health Care|7|140.82|142.11
2024-01-09|MDLZ|Packaged Foods & Meats - Consumer Staples|13|73.84|73.74
2024-01-09|TRGP|Oil & Gas Storage & Transportation - Energy|11|86.42|83.6
2024-01-09|MCK|Health Care Distributors - Health Care|2|473.42|481.06
2024-01-09|EVRG|Electric Utilities - Utilities|18|53.43|54.21
2024-01-09|ZBH|Health Care Equipment - Health Care|8|121.39|121.87
2024-01-09|YUM|Restaurants - Consumer Discretionary|7|129.03|128.22
2024-01-09|XYL|Industrial Machinery & Supplies & Components - Industrials|8|113.67|112.11
2024-01-09|XOM|Integrated Oil & Gas - Energy|6|102.36|99.67
2024-01-09|T|Integrated Telecommunication Services - Communication Services|44|17.23|16.95
2024-01-09|WBD|Broadcasting - Communication Services|1|11.03|11.03
2024-01-11|PFE|Pharmaceuticals - Health Care|33|29.73|28.4
2024-01-11|DGX|Health Care Services - Health Care|7|140.82|135.77
2024-01-11|MDLZ|Packaged Foods & Meats - Consumer Staples|13|73.84|72.78
2024-01-11|TRGP|Oil & Gas Storage & Transportation - Energy|11|86.42|83.23
2024-01-11|MCK|Health Care Distributors - Health Care|2|473.42|488.84
2024-01-11|EVRG|Electric Utilities - Utilities|18|53.43|53.35
2024-01-11|ZBH|Health Care Equipment - Health Care|8|121.39|122.38
2024-01-11|YUM|Restaurants - Consumer Discretionary|7|129.03|129.0
2024-01-11|XYL|Industrial Machinery & Supplies & Components - Industrials|8|113.67|111.67
2024-01-11|XOM|Integrated Oil & Gas - Energy|6|102.36|98.67
2024-01-11|WBD|Broadcasting - Communication Services|1|11.03|10.54
2024-01-11|EG|Reinsurance - Financials|1|374.37|374.37
2024-01-11|MMC|Insurance Brokers - Financials|1|192.86|192.86
2024-01-11|TAP|Brewers - Consumer Staples|2|63.7|63.7
2024-01-11|WBD|Broadcasting - Communication Services|1|10.54|10.54
2024-01-16|PFE|Pharmaceuticals - Health Care|33|29.73|28.32
2024-01-16|DGX|Health Care Services - Health Care|7|140.82|133.85
2024-01-16|MDLZ|Packaged Foods & Meats - Consumer Staples|13|73.84|72.85
2024-01-16|TRGP|Oil & Gas Storage & Transportation - Energy|11|86.42|82.53
2024-01-16|MCK|Health Care Distributors - Health Care|2|473.42|488.5
2024-01-16|EVRG|Electric Utilities - Utilities|18|53.43|52.86
2024-01-16|ZBH|Health Care Equipment - Health Care|8|121.39|122.64
2024-01-16|YUM|Restaurants - Consumer Discretionary|7|129.03|129.81
2024-01-16|XYL|Industrial Machinery & Supplies & Components - Industrials|8|113.67|110.96
2024-01-16|XOM|Integrated Oil & Gas - Energy|6|102.36|97.69
2024-01-16|EG|Reinsurance - Financials|1|374.37|369.23
2024-01-16|MMC|Insurance Brokers - Financials|1|192.86|195.65
2024-01-16|TAP|Brewers - Consumer Staples|2|63.7|63.18
2024-01-16|WBD|Broadcasting - Communication Services|1|10.54|10.35
2024-01-16|WBD|Broadcasting - Communication Services|1|10.35|10.35
2024-01-17|MDLZ|Packaged Foods & Meats - Consumer Staples|13|73.84|73.3
2024-01-17|MCK|Health Care Distributors - Health Care|2|473.42|485.82
2024-01-17|EVRG|Electric Utilities - Utilities|18|53.43|51.79
2024-01-17|ZBH|Health Care Equipment - Health Care|8|121.39|122.23
2024-01-17|YUM|Restaurants - Consumer Discretionary|7|129.03|129.08
2024-01-17|XYL|Industrial Machinery & Supplies & Components - Industrials|8|113.67|109.69
2024-01-17|EG|Reinsurance - Financials|1|374.37|365.2
2024-01-17|MMC|Insurance Brokers - Financials|1|192.86|196.34
2024-01-17|TAP|Brewers - Consumer Staples|2|63.7|63.26
2024-01-17|WBD|Broadcasting - Communication Services|1|10.54|10.16
2024-01-17|WBD|Broadcasting - Communication Services|1|10.35|10.16
2024-01-17|HD|Home Improvement Retail - Consumer Discretionary|2|355.7|355.7
2024-01-17|DECK|Footwear - Consumer Discretionary|8|120.75|120.75
2024-01-17|AON|Insurance Brokers - Financials|2|303.26|303.26
2024-01-17|CRM|Application Software - Information Technology|3|271.44|271.44
2024-01-17|IBM|IT Consulting & Other Services - Information Technology|1|166.08|166.08
2024-01-17|FITB|Regional Banks - Financials|2|33.79|33.79
2024-01-17|WBD|Broadcasting - Communication Services|2|10.16|10.16
2024-01-19|MDLZ|Packaged Foods & Meats - Consumer Staples|13|73.84|72.85
2024-01-19|MCK|Health Care Distributors - Health Care|2|473.42|484.6
2024-01-19|ZBH|Health Care Equipment - Health Care|8|121.39|123.36
2024-01-19|YUM|Restaurants - Consumer Discretionary|7|129.03|132.3
2024-01-19|XYL|Industrial Machinery & Supplies & Components - Industrials|8|113.67|111.87
2024-01-19|EG|Reinsurance - Financials|1|374.37|373.84
2024-01-19|MMC|Insurance Brokers - Financials|1|192.86|199.1
2024-01-19|TAP|Brewers - Consumer Staples|2|63.7|62.49
2024-01-19|WBD|Broadcasting - Communication Services|1|10.54|10.35
2024-01-19|WBD|Broadcasting - Communication Services|1|10.35|10.35
2024-01-19|HD|Home Improvement Retail - Consumer Discretionary|2|355.7|362.41
2024-01-19|DECK|Footwear - Consumer Discretionary|8|120.75|124.88
2024-01-19|AON|Insurance Brokers - Financials|2|303.26|311.58
2024-01-19|CRM|Application Software - Information Technology|3|271.44|280.88
2024-01-19|IBM|IT Consulting & Other Services - Information Technology|1|166.08|171.48
2024-01-19|FITB|Regional Banks - Financials|2|33.79|34.21
2024-01-19|WBD|Broadcasting - Communication Services|2|10.16|10.35
2024-01-19|AVGO|Semiconductors - Information Technology|7|121.12|121.12
2024-01-19|GEN|Systems Software - Information Technology|2|23.48|23.48
2024-01-19|WBD|Broadcasting - Communication Services|1|10.35|10.35
2024-01-25|MDLZ|Packaged Foods & Meats - Consumer Staples|13|73.84|74.5
2024-01-25|MCK|Health Care Distributors - Health Care|2|473.42|486.33
2024-01-25|ZBH|Health Care Equipment - Health Care|8|121.39|121.96
2024-01-25|YUM|Restaurants - Consumer Discretionary|7|129.03|130.22
2024-01-25|XYL|Industrial Machinery & Supplies & Components - Industrials|8|113.67|112.98
2024-01-25|EG|Reinsurance - Financials|1|374.37|376.56
2024-01-25|MMC|Insurance Brokers - Financials|1|192.86|191.09
2024-01-25|TAP|Brewers - Consumer Staples|2|63.7|62.88
2024-01-25|WBD|Broadcasting - Communication Services|1|10.54|10.58
2024-01-25|WBD|Broadcasting - Communication Services|1|10.35|10.58
2024-01-25|HD|Home Improvement Retail - Consumer Discretionary|2|355.7|350.97
2024-01-25|DECK|Footwear - Consumer Discretionary|8|120.75|126.83
2024-01-25|AON|Insurance Brokers - Financials|2|303.26|299.71
2024-01-25|CRM|Application Software - Information Technology|3|271.44|279.03
2024-01-25|FITB|Regional Banks - Financials|2|33.79|34.9
2024-01-25|WBD|Broadcasting - Communication Services|2|10.16|10.58
2024-01-25|AVGO|Semiconductors - Information Technology|7|121.12|123.0
2024-01-25|GEN|Systems Software - Information Technology|2|23.48|23.84
2024-01-25|WBD|Broadcasting - Communication Services|1|10.35|10.58
2024-01-25|TXT|Aerospace & Defense - Industrials|2|86.16|86.16
2024-01-25|PLTR|Internet Services & Infrastructure - Information Technology|1|16.46|16.46
2024-02-02|MDLZ|Packaged Foods & Meats - Consumer Staples|13|73.84|76.87
2024-02-02|MCK|Health Care Distributors - Health Care|2|473.42|504.45
2024-02-02|ZBH|Health Care Equipment - Health Care|8|121.39|126.32
2024-02-02|YUM|Restaurants - Consumer Discretionary|7|129.03|128.75
2024-02-02|XYL|Industrial Machinery & Supplies & Components - Industrials|8|113.67|115.42
2024-02-02|EG|Reinsurance - Financials|1|374.37|381.34
2024-02-02|MMC|Insurance Brokers - Financials|1|192.86|193.36
2024-02-02|TAP|Brewers - Consumer Staples|2|63.7|62.07
2024-02-02|WBD|Broadcasting - Communication Services|1|10.54|10.25
2024-02-02|WBD|Broadcasting - Communication Services|1|10.35|10.25
2024-02-02|HD|Home Improvement Retail - Consumer Discretionary|2|355.7|357.23
2024-02-02|AON|Insurance Brokers - Financials|2|303.26|292.4
2024-02-02|CRM|Application Software - Information Technology|3|271.44|285.66
2024-02-02|FITB|Regional Banks - Financials|2|33.79|33.85
2024-02-02|WBD|Broadcasting - Communication Services|2|10.16|10.25
2024-02-02|AVGO|Semiconductors - Information Technology|7|121.12|122.43
2024-02-02|WBD|Broadcasting - Communication Services|1|10.35|10.25
2024-02-02|TXT|Aerospace & Defense - Industrials|2|86.16|86.0
2024-02-02|PLTR|Internet Services & Infrastructure - Information Technology|1|16.46|17.02
2024-02-02|PEP|Soft Drinks & Non-alcoholic Beverages - Consumer Staples|5|170.97|170.97
2024-02-02|MGM|Casinos & Gaming - Consumer Discretionary|8|44.88|44.88
2024-02-06|MDLZ|Packaged Foods & Meats - Consumer Staples|13|73.84|75.25
2024-02-06|MCK|Health Care Distributors - Health Care|2|473.42|506.87
2024-02-06|ZBH|Health Care Equipment - Health Care|8|121.39|127.6
2024-02-06|YUM|Restaurants - Consumer Discretionary|7|129.03|127.27
2024-02-06|XYL|Industrial Machinery & Supplies & Components - Industrials|8|113.67|119.56
2024-02-06|EG|Reinsurance - Financials|1|374.37|380.63
2024-02-06|MMC|Insurance Brokers - Financials|1|192.86|194.5
2024-02-06|TAP|Brewers - Consumer Staples|2|63.7|61.29
2024-02-06|WBD|Broadcasting - Communication Services|1|10.54|10.07
2024-02-06|WBD|Broadcasting - Communication Services|1|10.35|10.07
2024-02-06|HD|Home Improvement Retail - Consumer Discretionary|2|355.7|356.25
2024-02-06|AON|Insurance Brokers - Financials|2|303.26|300.83
2024-02-06|CRM|Application Software - Information Technology|3|271.44|285.83
2024-02-06|FITB|Regional Banks - Financials|2|33.79|33.47
2024-02-06|WBD|Broadcasting - Communication Services|2|10.16|10.07
2024-02-06|AVGO|Semiconductors - Information Technology|7|121.12|122.26
2024-02-06|WBD|Broadcasting - Communication Services|1|10.35|10.07
2024-02-06|TXT|Aerospace & Defense - Industrials|2|86.16|86.09
2024-02-06|PEP|Soft Drinks & Non-alcoholic Beverages - Consumer Staples|5|170.97|171.42
2024-02-06|MGM|Casinos & Gaming - Consumer Discretionary|8|44.88|44.69
2024-02-06|PLTR|Internet Services & Infrastructure - Information Technology|1|21.87|21.87
2024-02-07|MDLZ|Packaged Foods & Meats - Consumer Staples|13|73.84|74.62
2024-02-07|MCK|Health Care Distributors - Health Care|2|473.42|516.98
2024-02-07|ZBH|Health Care Equipment - Health Care|8|121.39|127.55
2024-02-07|YUM|Restaurants - Consumer Discretionary|7|129.03|129.64
2024-02-07|XYL|Industrial Machinery & Supplies & Components - Industrials|8|113.67|123.35
2024-02-07|EG|Reinsurance - Financials|1|374.37|383.94
2024-02-07|MMC|Insurance Brokers - Financials|1|192.86|195.73
2024-02-07|HD|Home Improvement Retail - Consumer Discretionary|2|355.7|362.69
2024-02-07|AON|Insurance Brokers - Financials|2|303.26|301.88
2024-02-07|CRM|Application Software - Information Technology|3|271.44|288.84
2024-02-07|FITB|Regional Banks - Financials|2|33.79|33.36
2024-02-07|WBD|Broadcasting - Communication Services|2|10.16|9.75
2024-02-07|AVGO|Semiconductors - Information Technology|7|121.12|125.71
2024-02-07|TXT|Aerospace & Defense - Industrials|2|86.16|87.71
2024-02-07|PEP|Soft Drinks & Non-alcoholic Beverages - Consumer Staples|5|170.97|171.47
2024-02-07|MGM|Casinos & Gaming - Consumer Discretionary|8|44.88|44.72
2024-02-07|PLTR|Internet Services & Infrastructure - Information Technology|1|21.87|23.6
2024-02-07|EMR|Electrical Components & Equipment - Industrials|1|104.09|104.09
2024-02-07|ROL|Environmental & Facilities Services - Industrials|1|44.2|44.2
2024-02-08|MDLZ|Packaged Foods & Meats - Consumer Staples|13|73.84|74.76
2024-02-08|MCK|Health Care Distributors - Health Care|2|473.42|494.23
2024-02-08|ZBH|Health Care Equipment - Health Care|8|121.39|123.04
2024-02-08|YUM|Restaurants - Consumer Discretionary|7|129.03|130.4
2024-02-08|XYL|Industrial Machinery & Supplies & Components - Industrials|8|113.67|122.38
2024-02-08|MMC|Insurance Brokers - Financials|1|192.86|196.8
2024-02-08|HD|Home Improvement Retail - Consumer Discretionary|2|355.7|363.72
2024-02-08|AON|Insurance Brokers - Financials|2|303.26|307.18
2024-02-08|CRM|Application Software - Information Technology|3|271.44|291.95
2024-02-08|FITB|Regional Banks - Financials|2|33.79|33.39
2024-02-08|WBD|Broadcasting - Communication Services|2|10.16|9.83
2024-02-08|AVGO|Semiconductors - Information Technology|7|121.12|127.48
2024-02-08|TXT|Aerospace & Defense - Industrials|2|86.16|87.59
2024-02-08|PEP|Soft Drinks & Non-alcoholic Beverages - Consumer Staples|5|170.97|173.85
2024-02-08|MGM|Casinos & Gaming - Consumer Discretionary|8|44.88|46.43
2024-02-08|EMR|Electrical Components & Equipment - Industrials|1|104.09|102.38
2024-02-08|ROL|Environmental & Facilities Services - Industrials|1|44.2|43.73
2024-02-08|PWR|Construction & Engineering - Industrials|1|207.77|207.77
2024-02-08|ON|Semiconductors - Information Technology|1|80.71|80.71
2024-02-08|CMS|Multi-Utilities - Utilities|1|56.27|56.27
2024-02-08|WY|Timber REITs - Real Estate|1|33.01|33.01
2024-02-08|WBD|Broadcasting - Communication Services|1|9.83|9.83
2024-02-09|MDLZ|Packaged Foods & Meats - Consumer Staples|13|73.84|73.17
2024-02-09|MCK|Health Care Distributors - Health Care|2|473.42|501.35
2024-02-09|ZBH|Health Care Equipment - Health Care|8|121.39|122.8
2024-02-09|YUM|Restaurants - Consumer Discretionary|7|129.03|130.27
2024-02-09|XYL|Industrial Machinery & Supplies & Components - Industrials|8|113.67|124.3
2024-02-09|MMC|Insurance Brokers - Financials|1|192.86|197.91
2024-02-09|HD|Home Improvement Retail - Consumer Discretionary|2|355.7|363.15
2024-02-09|AON|Insurance Brokers - Financials|2|303.26|312.56
2024-02-09|CRM|Application Software - Information Technology|3|271.44|291.3
2024-02-09|FITB|Regional Banks - Financials|2|33.79|33.65
2024-02-09|AVGO|Semiconductors - Information Technology|7|121.12|128.34
2024-02-09|TXT|Aerospace & Defense - Industrials|2|86.16|87.2
2024-02-09|PEP|Soft Drinks & Non-alcoholic Beverages - Consumer Staples|5|170.97|167.67
2024-02-09|MGM|Casinos & Gaming - Consumer Discretionary|8|44.88|46.74
2024-02-09|EMR|Electrical Components & Equipment - Industrials|1|104.09|103.2
2024-02-09|ROL|Environmental & Facilities Services - Industrials|1|44.2|43.48
2024-02-09|PWR|Construction & Engineering - Industrials|1|207.77|210.11
2024-02-09|ON|Semiconductors - Information Technology|1|80.71|80.8
2024-02-09|CMS|Multi-Utilities - Utilities|1|56.27|56.08
2024-02-09|WY|Timber REITs - Real Estate|1|33.01|33.28
2024-02-09|WBD|Broadcasting - Communication Services|1|9.83|9.64
2024-02-09|WBD|Broadcasting - Communication Services|2|9.64|9.64
2024-02-15|MDLZ|Packaged Foods & Meats - Consumer Staples|13|73.84|71.61
2024-02-15|MCK|Health Care Distributors - Health Care|2|473.42|505.68
2024-02-15|ZBH|Health Care Equipment - Health Care|8|121.39|124.4
2024-02-15|YUM|Restaurants - Consumer Discretionary|7|129.03|135.4
2024-02-15|XYL|Industrial Machinery & Supplies & Components - Industrials|8|113.67|124.42
2024-02-15|MMC|Insurance Brokers - Financials|1|192.86|200.99
2024-02-15|HD|Home Improvement Retail - Consumer Discretionary|2|355.7|361.08
2024-02-15|AON|Insurance Brokers - Financials|2|303.26|314.37
2024-02-15|CRM|Application Software - Information Technology|3|271.44|291.94
2024-02-15|FITB|Regional Banks - Financials|2|33.79|33.9
2024-02-15|AVGO|Semiconductors - Information Technology|7|121.12|126.51
2024-02-15|TXT|Aerospace & Defense - Industrials|2|86.16|86.21
2024-02-15|PEP|Soft Drinks & Non-alcoholic Beverages - Consumer Staples|5|170.97|167.86
2024-02-15|MGM|Casinos & Gaming - Consumer Discretionary|8|44.88|43.1
2024-02-15|EMR|Electrical Components & Equipment - Industrials|1|104.09|105.71
2024-02-15|PWR|Construction & Engineering - Industrials|1|207.77|214.06
2024-02-15|ON|Semiconductors - Information Technology|1|80.71|80.62
2024-02-15|CMS|Multi-Utilities - Utilities|1|56.27|57.22
2024-02-15|WY|Timber REITs - Real Estate|1|33.01|33.42
2024-02-15|WBD|Broadcasting - Communication Services|1|9.83|10.14
2024-02-15|WBD|Broadcasting - Communication Services|2|9.64|10.14
2024-02-15|WY|Timber REITs - Real Estate|1|33.42|33.42
2024-02-16|MDLZ|Packaged Foods & Meats - Consumer Staples|13|73.84|71.98
2024-02-16|MCK|Health Care Distributors - Health Care|2|473.42|511.06
2024-02-16|ZBH|Health Care Equipment - Health Care|8|121.39|124.71
2024-02-16|YUM|Restaurants - Consumer Discretionary|7|129.03|134.55
2024-02-16|XYL|Industrial Machinery & Supplies & Components - Industrials|8|113.67|123.79
2024-02-16|MMC|Insurance Brokers - Financials|1|192.86|200.3
2024-02-16|HD|Home Improvement Retail - Consumer Discretionary|2|355.7|362.35
2024-02-16|AON|Insurance Brokers - Financials|2|303.26|311.24
2024-02-16|CRM|Application Software - Information Technology|3|271.44|289.72
2024-02-16|FITB|Regional Banks - Financials|2|33.79|33.93
2024-02-16|AVGO|Semiconductors - Information Technology|7|121.12|124.55
2024-02-16|TXT|Aerospace & Defense - Industrials|2|86.16|85.69
2024-02-16|PEP|Soft Drinks & Non-alcoholic Beverages - Consumer Staples|5|170.97|166.32
2024-02-16|EMR|Electrical Components & Equipment - Industrials|1|104.09|106.15
2024-02-16|PWR|Construction & Engineering - Industrials|1|207.77|211.44
2024-02-16|ON|Semiconductors - Information Technology|1|80.71|78.64
2024-02-16|CMS|Multi-Utilities - Utilities|1|56.27|57.27
2024-02-16|WY|Timber REITs - Real Estate|1|33.01|32.99
2024-02-16|WBD|Broadcasting - Communication Services|1|9.83|9.83
2024-02-16|WBD|Broadcasting - Communication Services|2|9.64|9.83
2024-02-16|WY|Timber REITs - Real Estate|1|33.42|32.99
2024-02-16|DD|Specialty Chemicals - Materials|12|28.64|28.64
2024-02-22|MDLZ|Packaged Foods & Meats - Consumer Staples|13|73.84|74.13
2024-02-22|MCK|Health Care Distributors - Health Care|2|473.42|510.3
2024-02-22|ZBH|Health Care Equipment - Health Care|8|121.39|128.54
2024-02-22|YUM|Restaurants - Consumer Discretionary|7|129.03|137.33
2024-02-22|MMC|Insurance Brokers - Financials|1|192.86|204.26
2024-02-22|HD|Home Improvement Retail - Consumer Discretionary|2|355.7|371.34
2024-02-22|AON|Insurance Brokers - Financials|2|303.26|315.36
2024-02-22|CRM|Application Software - Information Technology|3|271.44|293.65
2024-02-22|FITB|Regional Banks - Financials|2|33.79|33.4
2024-02-22|AVGO|Semiconductors - Information Technology|7|121.12|130.49
2024-02-22|TXT|Aerospace & Defense - Industrials|2|86.16|85.38
2024-02-22|PEP|Soft Drinks & Non-alcoholic Beverages - Consumer Staples|5|170.97|168.25
2024-02-22|EMR|Electrical Components & Equipment - Industrials|1|104.09|105.29
2024-02-22|ON|Semiconductors - Information Technology|1|80.71|78.36
2024-02-22|CMS|Multi-Utilities - Utilities|1|56.27|57.14
2024-02-22|WY|Timber REITs - Real Estate|1|33.01|33.69
2024-02-22|WBD|Broadcasting - Communication Services|1|9.83|9.56
2024-02-22|WBD|Broadcasting - Communication Services|2|9.64|9.56
2024-02-22|WY|Timber REITs - Real Estate|1|33.42|33.69
2024-02-22|DD|Specialty Chemicals - Materials|12|28.64|29.26
2024-02-22|TECH|Life Sciences Tools & Services - Health Care|13|71.76|71.76
2024-02-22|EXC|Electric Utilities - Utilities|8|36.03|36.03
2024-02-22|WBD|Broadcasting - Communication Services|1|9.56|9.56
2024-02-23|MDLZ|Packaged Foods & Meats - Consumer Staples|13|73.84|73.98
2024-02-23|MCK|Health Care Distributors - Health Care|2|473.42|516.24
2024-02-23|ZBH|Health Care Equipment - Health Care|8|121.39|129.18
2024-02-23|YUM|Restaurants - Consumer Discretionary|7|129.03|138.32
2024-02-23|MMC|Insurance Brokers - Financials|1|192.86|203.65
2024-02-23|HD|Home Improvement Retail - Consumer Discretionary|2|355.7|371.96
2024-02-23|AON|Insurance Brokers - Financials|2|303.26|315.32
2024-02-23|CRM|Application Software - Information Technology|3|271.44|292.8
2024-02-23|FITB|Regional Banks - Financials|2|33.79|33.52
2024-02-23|AVGO|Semiconductors - Information Technology|7|121.12|129.64
2024-02-23|TXT|Aerospace & Defense - Industrials|2|86.16|85.97
2024-02-23|PEP|Soft Drinks & Non-alcoholic Beverages - Consumer Staples|5|170.97|169.6
2024-02-23|EMR|Electrical Components & Equipment - Industrials|1|104.09|105.91
2024-02-23|CMS|Multi-Utilities - Utilities|1|56.27|57.7
2024-02-23|WY|Timber REITs - Real Estate|1|33.01|33.38
2024-02-23|WY|Timber REITs - Real Estate|1|33.42|33.38
2024-02-23|DD|Specialty Chemicals - Materials|12|28.64|29.27
2024-02-23|TECH|Life Sciences Tools & Services - Health Care|13|71.76|71.62
2024-02-23|EXC|Electric Utilities - Utilities|8|36.03|36.13
2024-02-23|HBAN|Regional Banks - Financials|9|12.86|12.86
2024-02-26|MDLZ|Packaged Foods & Meats - Consumer Staples|13|73.84|73.29
2024-02-26|MCK|Health Care Distributors - Health Care|2|473.42|519.2
2024-02-26|ZBH|Health Care Equipment - Health Care|8|121.39|126.88
2024-02-26|YUM|Restaurants - Consumer Discretionary|7|129.03|138.06
2024-02-26|MMC|Insurance Brokers - Financials|1|192.86|203.5
2024-02-26|HD|Home Improvement Retail - Consumer Discretionary|2|355.7|371.6
2024-02-26|AON|Insurance Brokers - Financials|2|303.26|314.43
2024-02-26|FITB|Regional Banks - Financials|2|33.79|33.27
2024-02-26|AVGO|Semiconductors - Information Technology|7|121.12|130.91
2024-02-26|TXT|Aerospace & Defense - Industrials|2|86.16|87.11
2024-02-26|PEP|Soft Drinks & Non-alcoholic Beverages - Consumer Staples|5|170.97|168.26
2024-02-26|EMR|Electrical Components & Equipment - Industrials|1|104.09|106.19
2024-02-26|CMS|Multi-Utilities - Utilities|1|56.27|56.6
2024-02-26|WY|Timber REITs - Real Estate|1|33.01|32.78
2024-02-26|WY|Timber REITs - Real Estate|1|33.42|32.78
2024-02-26|DD|Specialty Chemicals - Materials|12|28.64|29.25
2024-02-26|TECH|Life Sciences Tools & Services - Health Care|13|71.76|71.91
2024-02-26|EXC|Electric Utilities - Utilities|8|36.03|35.63
2024-02-26|HBAN|Regional Banks - Financials|9|12.86|12.78
2024-02-26|UPS|Air Freight & Logistics - Industrials|6|147.5|147.5
2024-02-26|WBD|Broadcasting - Communication Services|2|8.55|8.55
2024-02-28|MDLZ|Packaged Foods & Meats - Consumer Staples|13|73.84|73.19
2024-02-28|ZBH|Health Care Equipment - Health Care|8|121.39|124.13
2024-02-28|YUM|Restaurants - Consumer Discretionary|7|129.03|138.6
2024-02-28|MMC|Insurance Brokers - Financials|1|192.86|206.08
2024-02-28|HD|Home Improvement Retail - Consumer Discretionary|2|355.7|377.61
2024-02-28|AON|Insurance Brokers - Financials|2|303.26|317.66
2024-02-28|FITB|Regional Banks - Financials|2|33.79|33.58
2024-02-28|AVGO|Semiconductors - Information Technology|7|121.12|128.94
2024-02-28|TXT|Aerospace & Defense - Industrials|2|86.16|87.6
2024-02-28|PEP|Soft Drinks & Non-alcoholic Beverages - Consumer Staples|5|170.97|167.03
2024-02-28|EMR|Electrical Components & Equipment - Industrials|1|104.09|105.56
2024-02-28|CMS|Multi-Utilities - Utilities|1|56.27|57.02
2024-02-28|WY|Timber REITs - Real Estate|1|33.01|34.23
2024-02-28|WY|Timber REITs - Real Estate|1|33.42|34.23
2024-02-28|DD|Specialty Chemicals - Materials|12|28.64|29.13
2024-02-28|TECH|Life Sciences Tools & Services - Health Care|13|71.76|74.39
2024-02-28|EXC|Electric Utilities - Utilities|8|36.03|35.8
2024-02-28|HBAN|Regional Banks - Financials|9|12.86|12.9
2024-02-28|UPS|Air Freight & Logistics - Industrials|6|147.5|147.77
2024-02-28|WBD|Broadcasting - Communication Services|2|8.55|8.71
2024-02-28|ZTS|Pharmaceuticals - Health Care|5|199.94|199.94
2024-02-28|SLB|Oil & Gas Equipment & Services - Energy|1|48.16|48.16
2024-03-01|MDLZ|Packaged Foods & Meats - Consumer Staples|13|73.84|72.37
2024-03-01|ZBH|Health Care Equipment - Health Care|8|121.39|124.01
2024-03-01|YUM|Restaurants - Consumer Discretionary|7|129.03|137.42
2024-03-01|MMC|Insurance Brokers - Financials|1|192.86|202.0
2024-03-01|HD|Home Improvement Retail - Consumer Discretionary|2|355.7|384.45
2024-03-01|AON|Insurance Brokers - Financials|2|303.26|314.23
2024-03-01|FITB|Regional Banks - Financials|2|33.79|34.37
2024-03-01|TXT|Aerospace & Defense - Industrials|2|86.16|88.68
2024-03-01|PEP|Soft Drinks & Non-alcoholic Beverages - Consumer Staples|5|170.97|164.59
2024-03-01|EMR|Electrical Components & Equipment - Industrials|1|104.09|108.14
2024-03-01|CMS|Multi-Utilities - Utilities|1|56.27|58.14
2024-03-01|WY|Timber REITs - Real Estate|1|33.01|34.91
2024-03-01|WY|Timber REITs - Real Estate|1|33.42|34.91
2024-03-01|DD|Specialty Chemicals - Materials|12|28.64|29.1
2024-03-01|TECH|Life Sciences Tools & Services - Health Care|13|71.76|74.38
2024-03-01|EXC|Electric Utilities - Utilities|8|36.03|35.49
2024-03-01|HBAN|Regional Banks - Financials|9|12.86|12.95
2024-03-01|UPS|Air Freight & Logistics - Industrials|6|147.5|148.06
2024-03-01|WBD|Broadcasting - Communication Services|2|8.55|8.67
2024-03-01|ZTS|Pharmaceuticals - Health Care|5|199.94|190.82
2024-03-01|SLB|Oil & Gas Equipment & Services - Energy|1|48.16|49.35
2024-03-01|MRNA|Biotechnology - Health Care|10|95.06|95.06
2024-03-01|GEN|Systems Software - Information Technology|1|21.83|21.83
2024-03-01|WBD|Broadcasting - Communication Services|1|8.67|8.67
2024-03-04|MDLZ|Packaged Foods & Meats - Consumer Staples|13|73.84|71.51
2024-03-04|ZBH|Health Care Equipment - Health Care|8|121.39|125.51
2024-03-04|YUM|Restaurants - Consumer Discretionary|7|129.03|138.55
2024-03-04|MMC|Insurance Brokers - Financials|1|192.86|201.88
2024-03-04|HD|Home Improvement Retail - Consumer Discretionary|2|355.7|380.37
2024-03-04|AON|Insurance Brokers - Financials|2|303.26|316.01
2024-03-04|FITB|Regional Banks - Financials|2|33.79|35.48
2024-03-04|TXT|Aerospace & Defense - Industrials|2|86.16|89.39
2024-03-04|PEP|Soft Drinks & Non-alcoholic Beverages - Consumer Staples|5|170.97|165.37
2024-03-04|EMR|Electrical Components & Equipment - Industrials|1|104.09|109.51
2024-03-04|CMS|Multi-Utilities - Utilities|1|56.27|58.97
2024-03-04|WY|Timber REITs - Real Estate|1|33.01|35.36
2024-03-04|WY|Timber REITs - Real Estate|1|33.42|35.36
2024-03-04|DD|Specialty Chemicals - Materials|12|28.64|29.14
2024-03-04|TECH|Life Sciences Tools & Services - Health Care|13|71.76|74.88
2024-03-04|EXC|Electric Utilities - Utilities|8|36.03|36.2
2024-03-04|HBAN|Regional Banks - Financials|9|12.86|13.36
2024-03-04|UPS|Air Freight & Logistics - Industrials|6|147.5|150.61
2024-03-04|SLB|Oil & Gas Equipment & Services - Energy|1|48.16|49.42
2024-03-04|MRNA|Biotechnology - Health Care|10|95.06|96.0
2024-03-04|GEN|Systems Software - Information Technology|1|21.83|21.7
2024-03-04|AMT|Telecom Tower REITs - Real Estate|4|206.15|206.15
2024-03-04|MS|Investment Banking & Brokerage - Financials|1|90.04|90.04
2024-03-04|LNT|Electric Utilities - Utilities|1|48.54|48.54
2024-03-05|MDLZ|Packaged Foods & Meats - Consumer Staples|13|73.84|70.84
2024-03-05|ZBH|Health Care Equipment - Health Care|8|121.39|124.78
2024-03-05|YUM|Restaurants - Consumer Discretionary|7|129.03|138.7
2024-03-05|MMC|Insurance Brokers - Financials|1|192.86|201.9
2024-03-05|HD|Home Improvement Retail - Consumer Discretionary|2|355.7|378.45
2024-03-05|AON|Insurance Brokers - Financials|2|303.26|315.2
2024-03-05|FITB|Regional Banks - Financials|2|33.79|36.35
2024-03-05|TXT|Aerospace & Defense - Industrials|2|86.16|89.34
2024-03-05|EMR|Electrical Components & Equipment - Industrials|1|104.09|109.02
2024-03-05|CMS|Multi-Utilities - Utilities|1|56.27|59.3
2024-03-05|WY|Timber REITs - Real Estate|1|33.01|34.44
2024-03-05|WY|Timber REITs - Real Estate|1|33.42|34.44
2024-03-05|DD|Specialty Chemicals - Materials|12|28.64|28.87
2024-03-05|TECH|Life Sciences Tools & Services - Health Care|13|71.76|73.4
2024-03-05|EXC|Electric Utilities - Utilities|8|36.03|36.27
2024-03-05|HBAN|Regional Banks - Financials|9|12.86|13.66
2024-03-05|UPS|Air Freight & Logistics - Industrials|6|147.5|149.66
2024-03-05|SLB|Oil & Gas Equipment & Services - Energy|1|48.16|49.66
2024-03-05|MRNA|Biotechnology - Health Care|10|95.06|95.56
2024-03-05|GEN|Systems Software - Information Technology|1|21.83|21.18
2024-03-05|AMT|Telecom Tower REITs - Real Estate|4|206.15|205.42
2024-03-05|MS|Investment Banking & Brokerage - Financials|1|90.04|89.13
2024-03-05|LNT|Electric Utilities - Utilities|1|48.54|48.51
2024-03-05|SNA|Industrial Machinery & Supplies & Components - Industrials|2|283.04|283.04
2024-03-05|ROL|Environmental & Facilities Services - Industrials|5|44.28|44.28
2024-03-05|WBD|Broadcasting - Communication Services|2|8.14|8.14
2024-03-11|MDLZ|Packaged Foods & Meats - Consumer Staples|13|73.84|72.4
2024-03-11|ZBH|Health Care Equipment - Health Care|8|121.39|128.04
2024-03-11|YUM|Restaurants - Consumer Discretionary|7|129.03|140.08
2024-03-11|MMC|Insurance Brokers - Financials|1|192.86|205.96
2024-03-11|HD|Home Improvement Retail - Consumer Discretionary|2|355.7|371.52
2024-03-11|AON|Insurance Brokers - Financials|2|303.26|317.97
2024-03-11|FITB|Regional Banks - Financials|2|33.79|36.72
2024-03-11|TXT|Aerospace & Defense - Industrials|2|86.16|91.81
2024-03-11|EMR|Electrical Components & Equipment - Industrials|1|104.09|109.65
2024-03-11|CMS|Multi-Utilities - Utilities|1|56.27|60.47
2024-03-11|WY|Timber REITs - Real Estate|1|33.01|35.07
2024-03-11|WY|Timber REITs - Real Estate|1|33.42|35.07
2024-03-11|DD|Specialty Chemicals - Materials|12|28.64|30.19
2024-03-11|TECH|Life Sciences Tools & Services - Health Care|13|71.76|75.13
2024-03-11|EXC|Electric Utilities - Utilities|8|36.03|37.19
2024-03-11|HBAN|Regional Banks - Financials|9|12.86|13.46
2024-03-11|UPS|Air Freight & Logistics - Industrials|6|147.5|154.75
2024-03-11|SLB|Oil & Gas Equipment & Services - Energy|1|48.16|51.53
2024-03-11|GEN|Systems Software - Information Technology|1|21.83|21.88
2024-03-11|AMT|Telecom Tower REITs - Real Estate|4|206.15|206.75
2024-03-11|MS|Investment Banking & Brokerage - Financials|1|90.04|86.94
2024-03-11|LNT|Electric Utilities - Utilities|1|48.54|49.59
2024-03-11|SNA|Industrial Machinery & Supplies & Components - Industrials|2|283.04|292.2
2024-03-11|ROL|Environmental & Facilities Services - Industrials|5|44.28|45.73
2024-03-11|NEM|Gold - Materials|29|35.24|35.24
2024-03-11|ON|Semiconductors - Information Technology|1|81.6|81.6
2024-03-11|IVZ|Asset Management & Custody Banks - Financials|2|15.8|15.8
2024-03-11|WBD|Broadcasting - Communication Services|1|9.07|9.07
2024-03-14|MDLZ|Packaged Foods & Meats - Consumer Staples|13|73.84|70.96
2024-03-14|ZBH|Health Care Equipment - Health Care|8|121.39|125.73
2024-03-14|YUM|Restaurants - Consumer Discretionary|7|129.03|137.16
2024-03-14|MMC|Insurance Brokers - Financials|1|192.86|207.74
2024-03-14|HD|Home Improvement Retail - Consumer Discretionary|2|355.7|375.27
2024-03-14|AON|Insurance Brokers - Financials|2|303.26|320.48
2024-03-14|FITB|Regional Banks - Financials|2|33.79|35.42
2024-03-14|TXT|Aerospace & Defense - Industrials|2|86.16|92.25
2024-03-14|EMR|Electrical Components & Equipment - Industrials|1|104.09|110.41
2024-03-14|CMS|Multi-Utilities - Utilities|1|56.27|58.29
2024-03-14|WY|Timber REITs - Real Estate|1|33.01|34.26
2024-03-14|WY|Timber REITs - Real Estate|1|33.42|34.26
2024-03-14|DD|Specialty Chemicals - Materials|12|28.64|30.88
2024-03-14|TECH|Life Sciences Tools & Services - Health Care|13|71.76|71.22
2024-03-14|EXC|Electric Utilities - Utilities|8|36.03|36.57
2024-03-14|HBAN|Regional Banks - Financials|9|12.86|13.06
2024-03-14|UPS|Air Freight & Logistics - Industrials|6|147.5|153.89
2024-03-14|GEN|Systems Software - Information Technology|1|21.83|21.58
2024-03-14|AMT|Telecom Tower REITs - Real Estate|4|206.15|199.19
2024-03-14|MS|Investment Banking & Brokerage - Financials|1|90.04|89.1
2024-03-14|LNT|Electric Utilities - Utilities|1|48.54|48.07
2024-03-14|SNA|Industrial Machinery & Supplies & Components - Industrials|2|283.04|290.85
2024-03-14|ROL|Environmental & Facilities Services - Industrials|5|44.28|45.94
2024-03-14|NEM|Gold - Materials|29|35.24|34.21
2024-03-14|IVZ|Asset Management & Custody Banks - Financials|2|15.8|15.39
2024-03-14|AKAM|Internet Services & Infrastructure - Information Technology|1|108.95|108.95
2024-03-14|PFE|Pharmaceuticals - Health Care|1|28.13|28.13
2024-03-20|MDLZ|Packaged Foods & Meats - Consumer Staples|13|73.84|71.87
2024-03-20|ZBH|Health Care Equipment - Health Care|8|121.39|126.53
2024-03-20|YUM|Restaurants - Consumer Discretionary|7|129.03|136.51
2024-03-20|MMC|Insurance Brokers - Financials|1|192.86|206.45
2024-03-20|HD|Home Improvement Retail - Consumer Discretionary|2|355.7|384.41
2024-03-20|AON|Insurance Brokers - Financials|2|303.26|326.07
2024-03-20|FITB|Regional Banks - Financials|2|33.79|36.61
2024-03-20|EMR|Electrical Components & Equipment - Industrials|1|104.09|112.02
2024-03-20|CMS|Multi-Utilities - Utilities|1|56.27|58.53
2024-03-20|WY|Timber REITs - Real Estate|1|33.01|35.31
2024-03-20|WY|Timber REITs - Real Estate|1|33.42|35.31
2024-03-20|DD|Specialty Chemicals - Materials|12|28.64|31.18
2024-03-20|TECH|Life Sciences Tools & Services - Health Care|13|71.76|71.88
2024-03-20|EXC|Electric Utilities - Utilities|8|36.03|36.56
2024-03-20|HBAN|Regional Banks - Financials|9|12.86|13.32
2024-03-20|UPS|Air Freight & Logistics - Industrials|6|147.5|154.76
2024-03-20|GEN|Systems Software - Information Technology|1|21.83|21.59
2024-03-20|MS|Investment Banking & Brokerage - Financials|1|90.04|91.35
2024-03-20|LNT|Electric Utilities - Utilities|1|48.54|48.8
2024-03-20|SNA|Industrial Machinery & Supplies & Components - Industrials|2|283.04|292.01
2024-03-20|ROL|Environmental & Facilities Services - Industrials|5|44.28|46.83
2024-03-20|NEM|Gold - Materials|29|35.24|34.3
2024-03-20|IVZ|Asset Management & Custody Banks - Financials|2|15.8|15.83
2024-03-20|AKAM|Internet Services & Infrastructure - Information Technology|1|108.95|109.6
2024-03-20|PFE|Pharmaceuticals - Health Care|1|28.13|27.7
2024-03-20|FOXA|Broadcasting - Communication Services|32|30.22|30.22
2024-03-21|MDLZ|Packaged Foods & Meats - Consumer Staples|13|73.84|72.21
2024-03-21|ZBH|Health Care Equipment - Health Care|8|121.39|127.07
2024-03-21|YUM|Restaurants - Consumer Discretionary|7|129.03|136.57
2024-03-21|MMC|Insurance Brokers - Financials|1|192.86|205.43
2024-03-21|AON|Insurance Brokers - Financials|2|303.26|326.52
2024-03-21|FITB|Regional Banks - Financials|2|33.79|37.01
2024-03-21|EMR|Electrical Components & Equipment - Industrials|1|104.09|112.6
2024-03-21|CMS|Multi-Utilities - Utilities|1|56.27|58.89
2024-03-21|WY|Timber REITs - Real Estate|1|33.01|35.53
2024-03-21|WY|Timber REITs - Real Estate|1|33.42|35.53
2024-03-21|DD|Specialty Chemicals - Materials|12|28.64|31.41
2024-03-21|TECH|Life Sciences Tools & Services - Health Care|13|71.76|72.33
2024-03-21|EXC|Electric Utilities - Utilities|8|36.03|37.03
2024-03-21|HBAN|Regional Banks - Financials|9|12.86|13.61
2024-03-21|UPS|Air Freight & Logistics - Industrials|6|147.5|155.32
2024-03-21|GEN|Systems Software - Information Technology|1|21.83|22.14
2024-03-21|MS|Investment Banking & Brokerage - Financials|1|90.04|93.4
2024-03-21|LNT|Electric Utilities - Utilities|1|48.54|48.9
2024-03-21|SNA|Industrial Machinery & Supplies & Components - Industrials|2|283.04|293.18
2024-03-21|ROL|Environmental & Facilities Services - Industrials|5|44.28|46.52
2024-03-21|NEM|Gold - Materials|29|35.24|34.53
2024-03-21|IVZ|Asset Management & Custody Banks - Financials|2|15.8|16.0
2024-03-21|AKAM|Internet Services & Infrastructure - Information Technology|1|108.95|109.15
2024-03-21|PFE|Pharmaceuticals - Health Care|1|28.13|27.66
2024-03-21|FOXA|Broadcasting - Communication Services|32|30.22|30.51
2024-03-21|WBD|Broadcasting - Communication Services|8|8.72|8.72
2024-03-21|RL|Apparel, Accessories & Luxury Goods - Consumer Discretionary|3|190.42|190.42
2024-03-21|NTRS|Asset Management & Custody Banks - Financials|1|86.5|86.5
2024-03-21|F|Automobile Manufacturers - Consumer Discretionary|5|12.92|12.92
2024-03-22|MDLZ|Packaged Foods & Meats - Consumer Staples|13|73.84|72.4
2024-03-22|ZBH|Health Care Equipment - Health Care|8|121.39|127.2
2024-03-22|YUM|Restaurants - Consumer Discretionary|7|129.03|136.23
2024-03-22|MMC|Insurance Brokers - Financials|1|192.86|204.42
2024-03-22|AON|Insurance Brokers - Financials|2|303.26|326.79
2024-03-22|FITB|Regional Banks - Financials|2|33.79|36.37
2024-03-22|EMR|Electrical Components & Equipment - Industrials|1|104.09|112.45
2024-03-22|CMS|Multi-Utilities - Utilities|1|56.27|58.97
2024-03-22|WY|Timber REITs - Real Estate|1|33.01|35.61
2024-03-22|WY|Timber REITs - Real Estate|1|33.42|35.61
2024-03-22|TECH|Life Sciences Tools & Services - Health Care|13|71.76|71.5
2024-03-22|EXC|Electric Utilities - Utilities|8|36.03|36.7
2024-03-22|HBAN|Regional Banks - Financials|9|12.86|13.31
2024-03-22|UPS|Air Freight & Logistics - Industrials|6|147.5|156.27
2024-03-22|GEN|Systems Software - Information Technology|1|21.83|22.1
2024-03-22|MS|Investment Banking & Brokerage - Financials|1|90.04|91.95
2024-03-22|LNT|Electric Utilities - Utilities|1|48.54|48.67
2024-03-22|SNA|Industrial Machinery & Supplies & Components - Industrials|2|283.04|291.63
2024-03-22|ROL|Environmental & Facilities Services - Industrials|5|44.28|46.54
2024-03-22|NEM|Gold - Materials|29|35.24|33.77
2024-03-22|IVZ|Asset Management & Custody Banks - Financials|2|15.8|15.71
2024-03-22|AKAM|Internet Services & Infrastructure - Information Technology|1|108.95|108.97
2024-03-22|PFE|Pharmaceuticals - Health Care|1|28.13|27.36
2024-03-22|FOXA|Broadcasting - Communication Services|32|30.22|30.04
2024-03-22|WBD|Broadcasting - Communication Services|8|8.72|8.44
2024-03-22|RL|Apparel, Accessories & Luxury Goods - Consumer Discretionary|3|190.42|187.6
2024-03-22|NTRS|Asset Management & Custody Banks - Financials|1|86.5|85.54
2024-03-22|F|Automobile Manufacturers - Consumer Discretionary|5|12.92|12.91
2024-03-22|BBY|Computer & Electronics Retail - Consumer Discretionary|4|81.66|81.66
2024-03-22|VZ|Integrated Telecommunication Services - Communication Services|1|40.37|40.37
2024-03-22|VTRS|Pharmaceuticals - Health Care|1|11.84|11.84
2024-03-26|ZBH|Health Care Equipment - Health Care|8|121.39|127.87
2024-03-26|YUM|Restaurants - Consumer Discretionary|7|129.03|134.8
2024-03-26|MMC|Insurance Brokers - Financials|1|192.86|203.37
2024-03-26|AON|Insurance Brokers - Financials|2|303.26|329.92
2024-03-26|FITB|Regional Banks - Financials|2|33.79|36.03
2024-03-26|EMR|Electrical Components & Equipment - Industrials|1|104.09|111.95
2024-03-26|CMS|Multi-Utilities - Utilities|1|56.27|58.25
2024-03-26|WY|Timber REITs - Real Estate|1|33.01|35.45
2024-03-26|WY|Timber REITs - Real Estate|1|33.42|35.45
2024-03-26|TECH|Life Sciences Tools & Services - Health Care|13|71.76|68.4
2024-03-26|EXC|Electric Utilities - Utilities|8|36.03|36.56
2024-03-26|HBAN|Regional Banks - Financials|9|12.86|13.34
2024-03-26|UPS|Air Freight & Logistics - Industrials|6|147.5|143.79
2024-03-26|GEN|Systems Software - Information Technology|1|21.83|21.9
2024-03-26|MS|Investment Banking & Brokerage - Financials|1|90.04|91.28
2024-03-26|LNT|Electric Utilities - Utilities|1|48.54|48.26
2024-03-26|SNA|Industrial Machinery & Supplies & Components - Industrials|2|283.04|290.97
2024-03-26|ROL|Environmental & Facilities Services - Industrials|5|44.28|45.84
2024-03-26|NEM|Gold - Materials|29|35.24|34.0
2024-03-26|IVZ|Asset Management & Custody Banks - Financials|2|15.8|16.05
2024-03-26|AKAM|Internet Services & Infrastructure - Information Technology|1|108.95|108.02
2024-03-26|PFE|Pharmaceuticals - Health Care|1|28.13|27.59
2024-03-26|FOXA|Broadcasting - Communication Services|32|30.22|30.58
2024-03-26|WBD|Broadcasting - Communication Services|8|8.72|8.38
2024-03-26|RL|Apparel, Accessories & Luxury Goods - Consumer Discretionary|3|190.42|182.89
2024-03-26|NTRS|Asset Management & Custody Banks - Financials|1|86.5|86.62
2024-03-26|F|Automobile Manufacturers - Consumer Discretionary|5|12.92|12.44
2024-03-26|BBY|Computer & Electronics Retail - Consumer Discretionary|4|81.66|80.06
2024-03-26|VZ|Integrated Telecommunication Services - Communication Services|1|40.37|40.85
2024-03-26|VTRS|Pharmaceuticals - Health Care|1|11.84|11.6
2024-03-26|MTCH|Interactive Media & Services - Communication Services|25|35.67|35.67
2024-03-26|VTRS|Pharmaceuticals - Health Care|1|11.6|11.6
2024-03-27|ZBH|Health Care Equipment - Health Care|8|121.39|132.61
2024-03-27|YUM|Restaurants - Consumer Discretionary|7|129.03|137.32
2024-03-27|MMC|Insurance Brokers - Financials|1|192.86|205.61
2024-03-27|FITB|Regional Banks - Financials|2|33.79|36.74
2024-03-27|EMR|Electrical Components & Equipment - Industrials|1|104.09|113.45
2024-03-27|CMS|Multi-Utilities - Utilities|1|56.27|59.92
2024-03-27|WY|Timber REITs - Real Estate|1|33.01|35.93
2024-03-27|WY|Timber REITs - Real Estate|1|33.42|35.93
2024-03-27|TECH|Life Sciences Tools & Services - Health Care|13|71.76|69.42
2024-03-27|EXC|Electric Utilities - Utilities|8|36.03|37.31
2024-03-27|HBAN|Regional Banks - Financials|9|12.86|13.79
2024-03-27|UPS|Air Freight & Logistics - Industrials|6|147.5|147.33
2024-03-27|GEN|Systems Software - Information Technology|1|21.83|22.1
2024-03-27|MS|Investment Banking & Brokerage - Financials|1|90.04|93.5
2024-03-27|LNT|Electric Utilities - Utilities|1|48.54|49.77
2024-03-27|SNA|Industrial Machinery & Supplies & Components - Industrials|2|283.04|296.94
2024-03-27|ROL|Environmental & Facilities Services - Industrials|5|44.28|46.7
2024-03-27|NEM|Gold - Materials|29|35.24|35.25
2024-03-27|IVZ|Asset Management & Custody Banks - Financials|2|15.8|16.45
2024-03-27|AKAM|Internet Services & Infrastructure - Information Technology|1|108.95|109.63
2024-03-27|PFE|Pharmaceuticals - Health Care|1|28.13|27.78
2024-03-27|FOXA|Broadcasting - Communication Services|32|30.22|31.17
2024-03-27|WBD|Broadcasting - Communication Services|8|8.72|8.64
2024-03-27|RL|Apparel, Accessories & Luxury Goods - Consumer Discretionary|3|190.42|186.5
2024-03-27|NTRS|Asset Management & Custody Banks - Financials|1|86.5|87.75
2024-03-27|F|Automobile Manufacturers - Consumer Discretionary|5|12.92|13.06
2024-03-27|BBY|Computer & Electronics Retail - Consumer Discretionary|4|81.66|81.87
2024-03-27|VZ|Integrated Telecommunication Services - Communication Services|1|40.37|41.54
2024-03-27|VTRS|Pharmaceuticals - Health Care|1|11.84|11.83
2024-03-27|MTCH|Interactive Media & Services - Communication Services|25|35.67|35.88
2024-03-27|VTRS|Pharmaceuticals - Health Care|1|11.6|11.83
2024-03-27|AES|Independent Power Producers & Energy Traders - Utilities|39|17.25|17.25
2024-03-28|ZBH|Health Care Equipment - Health Care|8|121.39|131.98
2024-03-28|YUM|Restaurants - Consumer Discretionary|7|129.03|138.65
2024-03-28|MMC|Insurance Brokers - Financials|1|192.86|205.98
2024-03-28|EMR|Electrical Components & Equipment - Industrials|1|104.09|113.42
2024-03-28|CMS|Multi-Utilities - Utilities|1|56.27|60.34
2024-03-28|WY|Timber REITs - Real Estate|1|33.01|35.91
2024-03-28|WY|Timber REITs - Real Estate|1|33.42|35.91
2024-03-28|TECH|Life Sciences Tools & Services - Health Care|13|71.76|70.39
2024-03-28|EXC|Electric Utilities - Utilities|8|36.03|37.57
2024-03-28|HBAN|Regional Banks - Financials|9|12.86|13.95
2024-03-28|UPS|Air Freight & Logistics - Industrials|6|147.5|148.63
2024-03-28|GEN|Systems Software - Information Technology|1|21.83|22.4
2024-03-28|MS|Investment Banking & Brokerage - Financials|1|90.04|94.16
2024-03-28|LNT|Electric Utilities - Utilities|1|48.54|50.4
2024-03-28|SNA|Industrial Machinery & Supplies & Components - Industrials|2|283.04|296.22
2024-03-28|ROL|Environmental & Facilities Services - Industrials|5|44.28|46.27
2024-03-28|NEM|Gold - Materials|29|35.24|35.84
2024-03-28|IVZ|Asset Management & Custody Banks - Financials|2|15.8|16.59
2024-03-28|AKAM|Internet Services & Infrastructure - Information Technology|1|108.95|108.76
2024-03-28|PFE|Pharmaceuticals - Health Care|1|28.13|27.75
2024-03-28|FOXA|Broadcasting - Communication Services|32|30.22|31.27
2024-03-28|WBD|Broadcasting - Communication Services|8|8.72|8.73
2024-03-28|RL|Apparel, Accessories & Luxury Goods - Consumer Discretionary|3|190.42|187.76
2024-03-28|NTRS|Asset Management & Custody Banks - Financials|1|86.5|88.92
2024-03-28|F|Automobile Manufacturers - Consumer Discretionary|5|12.92|13.28
2024-03-28|BBY|Computer & Electronics Retail - Consumer Discretionary|4|81.66|82.03
2024-03-28|VZ|Integrated Telecommunication Services - Communication Services|1|40.37|41.96
2024-03-28|VTRS|Pharmaceuticals - Health Care|1|11.84|11.94
2024-03-28|MTCH|Interactive Media & Services - Communication Services|25|35.67|36.28
2024-03-28|VTRS|Pharmaceuticals - Health Care|1|11.6|11.94
2024-03-28|AES|Independent Power Producers & Energy Traders - Utilities|39|17.25|17.93
2024-03-28|MAS|Building Products - Industrials|1|78.88|78.88
2024-04-02|ZBH|Health Care Equipment - Health Care|8|121.39|128.47
2024-04-02|YUM|Restaurants - Consumer Discretionary|7|129.03|140.71
2024-04-02|MMC|Insurance Brokers - Financials|1|192.86|203.08
2024-04-02|EMR|Electrical Components & Equipment - Industrials|1|104.09|113.27
2024-04-02|CMS|Multi-Utilities - Utilities|1|56.27|60.19
2024-04-02|WY|Timber REITs - Real Estate|1|33.01|35.43
2024-04-02|WY|Timber REITs - Real Estate|1|33.42|35.43
2024-04-02|TECH|Life Sciences Tools & Services - Health Care|13|71.76|68.76
2024-04-02|EXC|Electric Utilities - Utilities|8|36.03|37.58
2024-04-02|HBAN|Regional Banks - Financials|9|12.86|13.6
2024-04-02|UPS|Air Freight & Logistics - Industrials|6|147.5|149.15
2024-04-02|GEN|Systems Software - Information Technology|1|21.83|22.06
2024-04-02|MS|Investment Banking & Brokerage - Financials|1|90.04|92.71
2024-04-02|LNT|Electric Utilities - Utilities|1|48.54|49.97
2024-04-02|SNA|Industrial Machinery & Supplies & Components - Industrials|2|283.04|292.09
2024-04-02|ROL|Environmental & Facilities Services - Industrials|5|44.28|45.53
2024-04-02|NEM|Gold - Materials|29|35.24|36.79
2024-04-02|IVZ|Asset Management & Custody Banks - Financials|2|15.8|16.47
2024-04-02|AKAM|Internet Services & Infrastructure - Information Technology|1|108.95|107.38
2024-04-02|PFE|Pharmaceuticals - Health Care|1|28.13|27.55
2024-04-02|FOXA|Broadcasting - Communication Services|32|30.22|31.03
2024-04-02|WBD|Broadcasting - Communication Services|8|8.72|8.48
2024-04-02|NTRS|Asset Management & Custody Banks - Financials|1|86.5|87.57
2024-04-02|F|Automobile Manufacturers - Consumer Discretionary|5|12.92|13.28
2024-04-02|BBY|Computer & Electronics Retail - Consumer Discretionary|4|81.66|80.17
2024-04-02|VZ|Integrated Telecommunication Services - Communication Services|1|40.37|42.54
2024-04-02|VTRS|Pharmaceuticals - Health Care|1|11.84|11.94
2024-04-02|MTCH|Interactive Media & Services - Communication Services|25|35.67|35.22
2024-04-02|VTRS|Pharmaceuticals - Health Care|1|11.6|11.94
2024-04-02|AES|Independent Power Producers & Energy Traders - Utilities|39|17.25|17.82
2024-04-02|MAS|Building Products - Industrials|1|78.88|77.18
2024-04-02|DELL|Technology Hardware, Storage & Peripherals - Information Technology|4|118.44|118.44
2024-04-02|EQT|Oil & Gas Exploration & Production - Energy|1|36.87|36.87
2024-04-02|VTRS|Pharmaceuticals - Health Care|1|11.94|11.94
2024-04-03|ZBH|Health Care Equipment - Health Care|8|121.39|130.01
2024-04-03|YUM|Restaurants - Consumer Discretionary|7|129.03|139.01
2024-04-03|MMC|Insurance Brokers - Financials|1|192.86|203.5
2024-04-03|EMR|Electrical Components & Equipment - Industrials|1|104.09|113.54
2024-04-03|CMS|Multi-Utilities - Utilities|1|56.27|59.32
2024-04-03|WY|Timber REITs - Real Estate|1|33.01|34.94
2024-04-03|WY|Timber REITs - Real Estate|1|33.42|34.94
2024-04-03|EXC|Electric Utilities - Utilities|8|36.03|37.21
2024-04-03|HBAN|Regional Banks - Financials|9|12.86|13.61
2024-04-03|UPS|Air Freight & Logistics - Industrials|6|147.5|152.27
2024-04-03|GEN|Systems Software - Information Technology|1|21.83|22.06
2024-04-03|MS|Investment Banking & Brokerage - Financials|1|90.04|93.0
2024-04-03|LNT|Electric Utilities - Utilities|1|48.54|49.45
2024-04-03|SNA|Industrial Machinery & Supplies & Components - Industrials|2|283.04|292.51
2024-04-03|ROL|Environmental & Facilities Services - Industrials|5|44.28|45.47
2024-04-03|NEM|Gold - Materials|29|35.24|37.23
2024-04-03|IVZ|Asset Management & Custody Banks - Financials|2|15.8|16.68
2024-04-03|AKAM|Internet Services & Infrastructure - Information Technology|1|108.95|107.08
2024-04-03|PFE|Pharmaceuticals - Health Care|1|28.13|27.22
2024-04-03|FOXA|Broadcasting - Communication Services|32|30.22|31.41
2024-04-03|WBD|Broadcasting - Communication Services|8|8.72|8.73
2024-04-03|NTRS|Asset Management & Custody Banks - Financials|1|86.5|87.93
2024-04-03|F|Automobile Manufacturers - Consumer Discretionary|5|12.92|13.65
2024-04-03|BBY|Computer & Electronics Retail - Consumer Discretionary|4|81.66|79.31
2024-04-03|VZ|Integrated Telecommunication Services - Communication Services|1|40.37|42.84
2024-04-03|VTRS|Pharmaceuticals - Health Care|1|11.84|12.02
2024-04-03|MTCH|Interactive Media & Services - Communication Services|25|35.67|35.77
2024-04-03|VTRS|Pharmaceuticals - Health Care|1|11.6|12.02
2024-04-03|AES|Independent Power Producers & Energy Traders - Utilities|39|17.25|17.9
2024-04-03|MAS|Building Products - Industrials|1|78.88|77.9
2024-04-03|DELL|Technology Hardware, Storage & Peripherals - Information Technology|4|118.44|128.58
2024-04-03|EQT|Oil & Gas Exploration & Production - Energy|1|36.87|37.19
2024-04-03|VTRS|Pharmaceuticals - Health Care|1|11.94|12.02
2024-04-03|STX|Technology Hardware, Storage & Peripherals - Information Technology|6|91.63|91.63
2024-04-03|LVS|Casinos & Gaming - Consumer Discretionary|6|53.96|53.96
2024-04-03|VTRS|Pharmaceuticals - Health Care|1|12.02|12.02
2024-04-04|ZBH|Health Care Equipment - Health Care|8|121.39|127.56
2024-04-04|YUM|Restaurants - Consumer Discretionary|7|129.03|136.28
2024-04-04|MMC|Insurance Brokers - Financials|1|192.86|200.75
2024-04-04|EMR|Electrical Components & Equipment - Industrials|1|104.09|113.04
2024-04-04|CMS|Multi-Utilities - Utilities|1|56.27|59.27
2024-04-04|WY|Timber REITs - Real Estate|1|33.01|34.64
2024-04-04|WY|Timber REITs - Real Estate|1|33.42|34.64
2024-04-04|EXC|Electric Utilities - Utilities|8|36.03|37.22
2024-04-04|HBAN|Regional Banks - Financials|9|12.86|13.52
2024-04-04|UPS|Air Freight & Logistics - Industrials|6|147.5|150.0
2024-04-04|GEN|Systems Software - Information Technology|1|21.83|22.03
2024-04-04|MS|Investment Banking & Brokerage - Financials|1|90.04|92.28
2024-04-04|LNT|Electric Utilities - Utilities|1|48.54|49.13
2024-04-04|SNA|Industrial Machinery & Supplies & Components - Industrials|2|283.04|293.21
2024-04-04|ROL|Environmental & Facilities Services - Industrials|5|44.28|44.57
2024-04-04|NEM|Gold - Materials|29|35.24|37.72
2024-04-04|IVZ|Asset Management & Custody Banks - Financials|2|15.8|16.53
2024-04-04|AKAM|Internet Services & Infrastructure - Information Technology|1|108.95|105.99
2024-04-04|FOXA|Broadcasting - Communication Services|32|30.22|31.14
2024-04-04|WBD|Broadcasting - Communication Services|8|8.72|8.44
2024-04-04|NTRS|Asset Management & Custody Banks - Financials|1|86.5|86.57
2024-04-04|F|Automobile Manufacturers - Consumer Discretionary|5|12.92|13.21
2024-04-04|BBY|Computer & Electronics Retail - Consumer Discretionary|4|81.66|79.0
2024-04-04|VZ|Integrated Telecommunication Services - Communication Services|1|40.37|42.45
2024-04-04|VTRS|Pharmaceuticals - Health Care|1|11.84|11.76
2024-04-04|VTRS|Pharmaceuticals - Health Care|1|11.6|11.76
2024-04-04|AES|Independent Power Producers & Energy Traders - Utilities|39|17.25|18.14
2024-04-04|MAS|Building Products - Industrials|1|78.88|76.58
2024-04-04|DELL|Technology Hardware, Storage & Peripherals - Information Technology|4|118.44|127.16
2024-04-04|EQT|Oil & Gas Exploration & Production - Energy|1|36.87|36.76
2024-04-04|VTRS|Pharmaceuticals - Health Care|1|11.94|11.76
2024-04-04|STX|Technology Hardware, Storage & Peripherals - Information Technology|6|91.63|90.76
2024-04-04|LVS|Casinos & Gaming - Consumer Discretionary|6|53.96|52.59
2024-04-04|VTRS|Pharmaceuticals - Health Care|1|12.02|11.76
2024-04-04|BA|Aerospace & Defense - Industrials|4|183.29|183.29
2024-04-04|BAX|Health Care Equipment - Health Care|1|42.63|42.63
2024-04-04|ED|Multi-Utilities - Utilities|1|90.19|90.19
2024-04-05|ZBH|Health Care Equipment - Health Care|8|121.39|127.33
2024-04-05|YUM|Restaurants - Consumer Discretionary|7|129.03|136.1
2024-04-05|MMC|Insurance Brokers - Financials|1|192.86|205.58
2024-04-05|CMS|Multi-Utilities - Utilities|1|56.27|58.65
2024-04-05|WY|Timber REITs - Real Estate|1|33.01|34.59
2024-04-05|WY|Timber REITs - Real Estate|1|33.42|34.59
2024-04-05|EXC|Electric Utilities - Utilities|8|36.03|37.34
2024-04-05|HBAN|Regional Banks - Financials|9|12.86|13.6
2024-04-05|UPS|Air Freight & Logistics - Industrials|6|147.5|151.36
2024-04-05|GEN|Systems Software - Information Technology|1|21.83|22.15
2024-04-05|MS|Investment Banking & Brokerage - Financials|1|90.04|92.47
2024-04-05|LNT|Electric Utilities - Utilities|1|48.54|48.85
2024-04-05|SNA|Industrial Machinery & Supplies & Components - Industrials|2|283.04|292.76
2024-04-05|ROL|Environmental & Facilities Services - Industrials|5|44.28|45.37
2024-04-05|IVZ|Asset Management & Custody Banks - Financials|2|15.8|16.65
2024-04-05|AKAM|Internet Services & Infrastructure - Information Technology|1|108.95|106.24
2024-04-05|FOXA|Broadcasting - Communication Services|32|30.22|31.02
2024-04-05|WBD|Broadcasting - Communication Services|8|8.72|8.32
2024-04-05|NTRS|Asset Management & Custody Banks - Financials|1|86.5|86.78
2024-04-05|F|Automobile Manufacturers - Consumer Discretionary|5|12.92|13.28
2024-04-05|BBY|Computer & Electronics Retail - Consumer Discretionary|4|81.66|79.61
2024-04-05|VZ|Integrated Telecommunication Services - Communication Services|1|40.37|42.12
2024-04-05|VTRS|Pharmaceuticals - Health Care|1|11.84|11.8
2024-04-05|VTRS|Pharmaceuticals - Health Care|1|11.6|11.8
2024-04-05|AES|Independent Power Producers & Energy Traders - Utilities|39|17.25|18.08
2024-04-05|MAS|Building Products - Industrials|1|78.88|76.9
2024-04-05|EQT|Oil & Gas Exploration & Production - Energy|1|36.87|36.48
2024-04-05|VTRS|Pharmaceuticals - Health Care|1|11.94|11.8
2024-04-05|STX|Technology Hardware, Storage & Peripherals - Information Technology|6|91.63|89.99
2024-04-05|LVS|Casinos & Gaming - Consumer Discretionary|6|53.96|53.18
2024-04-05|VTRS|Pharmaceuticals - Health Care|1|12.02|11.8
2024-04-05|BA|Aerospace & Defense - Industrials|4|183.29|183.14
2024-04-05|BAX|Health Care Equipment - Health Care|1|42.63|42.62
2024-04-05|ED|Multi-Utilities - Utilities|1|90.19|89.65
2024-04-05|DG|Consumer Staples Merchandise Retail - Consumer Staples|6|159.55|159.55
2024-04-05|ZTS|Pharmaceuticals - Health Care|5|165.86|165.86
2024-04-05|WBD|Broadcasting - Communication Services|1|8.32|8.32
2024-04-10|ZBH|Health Care Equipment - Health Care|8|121.39|127.72
2024-04-10|YUM|Restaurants - Consumer Discretionary|7|129.03|137.95
2024-04-10|MMC|Insurance Brokers - Financials|1|192.86|201.18
2024-04-10|CMS|Multi-Utilities - Utilities|1|56.27|58.14
2024-04-10|WY|Timber REITs - Real Estate|1|33.01|33.6
2024-04-10|WY|Timber REITs - Real Estate|1|33.42|33.6
2024-04-10|EXC|Electric Utilities - Utilities|8|36.03|36.91
2024-04-10|HBAN|Regional Banks - Financials|9|12.86|13.58
2024-04-10|UPS|Air Freight & Logistics - Industrials|6|147.5|147.26
2024-04-10|GEN|Systems Software - Information Technology|1|21.83|22.34
2024-04-10|MS|Investment Banking & Brokerage - Financials|1|90.04|91.65
2024-04-10|LNT|Electric Utilities - Utilities|1|48.54|48.68
2024-04-10|SNA|Industrial Machinery & Supplies & Components - Industrials|2|283.04|292.08
2024-04-10|ROL|Environmental & Facilities Services - Industrials|5|44.28|45.15
2024-04-10|IVZ|Asset Management & Custody Banks - Financials|2|15.8|15.87
2024-04-10|AKAM|Internet Services & Infrastructure - Information Technology|1|108.95|104.38
2024-04-10|FOXA|Broadcasting - Communication Services|32|30.22|30.87
2024-04-10|WBD|Broadcasting - Communication Services|8|8.72|8.32
2024-04-10|NTRS|Asset Management & Custody Banks - Financials|1|86.5|85.41
2024-04-10|F|Automobile Manufacturers - Consumer Discretionary|5|12.92|13.06
2024-04-10|BBY|Computer & Electronics Retail - Consumer Discretionary|4|81.66|79.89
2024-04-10|VZ|Integrated Telecommunication Services - Communication Services|1|40.37|40.52
2024-04-10|VTRS|Pharmaceuticals - Health Care|1|11.84|11.71
2024-04-10|VTRS|Pharmaceuticals - Health Care|1|11.6|11.71
2024-04-10|AES|Independent Power Producers & Energy Traders - Utilities|39|17.25|17.68
2024-04-10|EQT|Oil & Gas Exploration & Production - Energy|1|36.87|37.71
2024-04-10|VTRS|Pharmaceuticals - Health Care|1|11.94|11.71
2024-04-10|STX|Technology Hardware, Storage & Peripherals - Information Technology|6|91.63|87.99
2024-04-10|LVS|Casinos & Gaming - Consumer Discretionary|6|53.96|51.86
2024-04-10|VTRS|Pharmaceuticals - Health Care|1|12.02|11.71
2024-04-10|BA|Aerospace & Defense - Industrials|4|183.29|174.63
2024-04-10|BAX|Health Care Equipment - Health Care|1|42.63|42.0
2024-04-10|ED|Multi-Utilities - Utilities|1|90.19|88.89
2024-04-10|DG|Consumer Staples Merchandise Retail - Consumer Staples|6|159.55|154.63
2024-04-10|ZTS|Pharmaceuticals - Health Care|5|165.86|163.2
2024-04-10|WBD|Broadcasting - Communication Services|1|8.32|8.32
2024-04-10|LUV|Passenger Airlines - Industrials|2|27.96|27.96
2024-04-10|VTRS|Pharmaceuticals - Health Care|2|11.71|11.71
2024-04-11|ZBH|Health Care Equipment - Health Care|8|121.39|127.52
2024-04-11|YUM|Restaurants - Consumer Discretionary|7|129.03|138.33
2024-04-11|MMC|Insurance Brokers - Financials|1|192.86|199.19
2024-04-11|CMS|Multi-Utilities - Utilities|1|56.27|57.88
2024-04-11|WY|Timber REITs - Real Estate|1|33.01|33.65
2024-04-11|WY|Timber REITs - Real Estate|1|33.42|33.65
2024-04-11|EXC|Electric Utilities - Utilities|8|36.03|36.8
2024-04-11|HBAN|Regional Banks - Financials|9|12.86|13.49
2024-04-11|UPS|Air Freight & Logistics - Industrials|6|147.5|149.01
2024-04-11|GEN|Systems Software - Information Technology|1|21.83|20.99
2024-04-11|MS|Investment Banking & Brokerage - Financials|1|90.04|86.84
2024-04-11|LNT|Electric Utilities - Utilities|1|48.54|48.48
2024-04-11|SNA|Industrial Machinery & Supplies & Components - Industrials|2|283.04|291.54
2024-04-11|ROL|Environmental & Facilities Services - Industrials|5|44.28|44.64
2024-04-11|IVZ|Asset Management & Custody Banks - Financials|2|15.8|15.71
2024-04-11|AKAM|Internet Services & Infrastructure - Information Technology|1|108.95|105.09
2024-04-11|FOXA|Broadcasting - Communication Services|32|30.22|30.74
2024-04-11|WBD|Broadcasting - Communication Services|8|8.72|8.54
2024-04-11|NTRS|Asset Management & Custody Banks - Financials|1|86.5|84.93
2024-04-11|F|Automobile Manufacturers - Consumer Discretionary|5|12.92|13.04
2024-04-11|BBY|Computer & Electronics Retail - Consumer Discretionary|4|81.66|80.01
2024-04-11|VZ|Integrated Telecommunication Services - Communication Services|1|40.37|40.16
2024-04-11|VTRS|Pharmaceuticals - Health Care|1|11.84|11.57
2024-04-11|VTRS|Pharmaceuticals - Health Care|1|11.6|11.57
2024-04-11|AES|Independent Power Producers & Energy Traders - Utilities|39|17.25|17.82
2024-04-11|EQT|Oil & Gas Exploration & Production - Energy|1|36.87|37.49
2024-04-11|VTRS|Pharmaceuticals - Health Care|1|11.94|11.57
2024-04-11|STX|Technology Hardware, Storage & Peripherals - Information Technology|6|91.63|88.78
2024-04-11|LVS|Casinos & Gaming - Consumer Discretionary|6|53.96|51.61
2024-04-11|VTRS|Pharmaceuticals - Health Care|1|12.02|11.57
2024-04-11|BAX|Health Care Equipment - Health Care|1|42.63|42.12
2024-04-11|ED|Multi-Utilities - Utilities|1|90.19|88.55
2024-04-11|DG|Consumer Staples Merchandise Retail - Consumer Staples|6|159.55|154.37
2024-04-11|ZTS|Pharmaceuticals - Health Care|5|165.86|162.73
2024-04-11|WBD|Broadcasting - Communication Services|1|8.32|8.54
2024-04-11|LUV|Passenger Airlines - Industrials|2|27.96|28.52
2024-04-11|VTRS|Pharmaceuticals - Health Care|2|11.71|11.57
2024-04-11|ZBRA|Electronic Equipment & Instruments - Information Technology|2|297.54|297.54
2024-04-11|XEL|Multi-Utilities - Utilities|1|53.49|53.49
2024-04-11|WY|Timber REITs - Real Estate|1|33.65|33.65
2024-04-11|VTRS|Pharmaceuticals - Health Care|1|11.57|11.57
2024-04-12|ZBH|Health Care Equipment - Health Care|8|121.39|124.48
2024-04-12|YUM|Restaurants - Consumer Discretionary|7|129.03|137.8
2024-04-12|MMC|Insurance Brokers - Financials|1|192.86|198.07
2024-04-12|CMS|Multi-Utilities - Utilities|1|56.27|57.66
2024-04-12|WY|Timber REITs - Real Estate|1|33.01|33.24
2024-04-12|WY|Timber REITs - Real Estate|1|33.42|33.24
2024-04-12|EXC|Electric Utilities - Utilities|8|36.03|36.48
2024-04-12|HBAN|Regional Banks - Financials|9|12.86|13.31
2024-04-12|UPS|Air Freight & Logistics - Industrials|6|147.5|144.91
2024-04-12|GEN|Systems Software - Information Technology|1|21.83|20.93
2024-04-12|MS|Investment Banking & Brokerage - Financials|1|90.04|86.19
2024-04-12|LNT|Electric Utilities - Utilities|1|48.54|48.0
2024-04-12|SNA|Industrial Machinery & Supplies & Components - Industrials|2|283.04|289.58
2024-04-12|ROL|Environmental & Facilities Services - Industrials|5|44.28|44.35
2024-04-12|IVZ|Asset Management & Custody Banks - Financials|2|15.8|15.34
2024-04-12|FOXA|Broadcasting - Communication Services|32|30.22|30.09
2024-04-12|WBD|Broadcasting - Communication Services|8|8.72|8.34
2024-04-12|NTRS|Asset Management & Custody Banks - Financials|1|86.5|83.83
2024-04-12|F|Automobile Manufacturers - Consumer Discretionary|5|12.92|12.61
2024-04-12|BBY|Computer & Electronics Retail - Consumer Discretionary|4|81.66|78.0
2024-04-12|VZ|Integrated Telecommunication Services - Communication Services|1|40.37|39.72
2024-04-12|VTRS|Pharmaceuticals - Health Care|1|11.84|11.33
2024-04-12|VTRS|Pharmaceuticals - Health Care|1|11.6|11.33
2024-04-12|AES|Independent Power Producers & Energy Traders - Utilities|39|17.25|16.85
2024-04-12|EQT|Oil & Gas Exploration & Production - Energy|1|36.87|37.25
2024-04-12|ED|Multi-Utilities - Utilities|1|90.19|88.63
2024-04-12|WBD|Broadcasting - Communication Services|1|8.32|8.34
2024-04-12|LUV|Passenger Airlines - Industrials|2|27.96|27.54
2024-04-12|VTRS|Pharmaceuticals - Health Care|2|11.71|11.33
2024-04-12|ZBRA|Electronic Equipment & Instruments - Information Technology|2|297.54|289.68
2024-04-12|XEL|Multi-Utilities - Utilities|1|53.49|53.17
2024-04-12|WY|Timber REITs - Real Estate|1|33.65|33.24
2024-04-12|VTRS|Pharmaceuticals - Health Care|1|11.57|11.33
2024-04-12|AVB|Multi-Family Residential REITs - Real Estate|5|183.78|183.78
2024-04-12|ZTS|Pharmaceuticals - Health Care|6|149.98|149.98
2024-04-12|ZBRA|Electronic Equipment & Instruments - Information Technology|1|289.68|289.68
2024-04-12|XYL|Industrial Machinery & Supplies & Components - Industrials|3|128.11|128.11
2024-04-12|XOM|Integrated Oil & Gas - Energy|1|120.37|120.37
2024-04-15|ZBH|Health Care Equipment - Health Care|8|121.39|124.0
2024-04-15|YUM|Restaurants - Consumer Discretionary|7|129.03|137.67
2024-04-15|MMC|Insurance Brokers - Financials|1|192.86|197.32
2024-04-15|CMS|Multi-Utilities - Utilities|1|56.27|57.61
2024-04-15|WY|Timber REITs - Real Estate|1|33.01|32.69
2024-04-15|WY|Timber REITs - Real Estate|1|33.42|32.69
2024-04-15|EXC|Electric Utilities - Utilities|8|36.03|36.27
2024-04-15|HBAN|Regional Banks - Financials|9|12.86|13.26
2024-04-15|UPS|Air Freight & Logistics - Industrials|6|147.5|144.85
2024-04-15|MS|Investment Banking & Brokerage - Financials|1|90.04|86.99
2024-04-15|LNT|Electric Utilities - Utilities|1|48.54|48.0
2024-04-15|SNA|Industrial Machinery & Supplies & Components - Industrials|2|283.04|285.83
2024-04-15|ROL|Environmental & Facilities Services - Industrials|5|44.28|43.28
2024-04-15|IVZ|Asset Management & Custody Banks - Financials|2|15.8|15.19
2024-04-15|FOXA|Broadcasting - Communication Services|32|30.22|30.35
2024-04-15|WBD|Broadcasting - Communication Services|8|8.72|8.36
2024-04-15|NTRS|Asset Management & Custody Banks - Financials|1|86.5|83.71
2024-04-15|VZ|Integrated Telecommunication Services - Communication Services|1|40.37|40.11
2024-04-15|VTRS|Pharmaceuticals - Health Care|1|11.84|11.32
2024-04-15|VTRS|Pharmaceuticals - Health Care|1|11.6|11.32
2024-04-15|EQT|Oil & Gas Exploration & Production - Energy|1|36.87|36.52
2024-04-15|ED|Multi-Utilities - Utilities|1|90.19|89.32
2024-04-15|WBD|Broadcasting - Communication Services|1|8.32|8.36
2024-04-15|LUV|Passenger Airlines - Industrials|2|27.96|27.84
2024-04-15|VTRS|Pharmaceuticals - Health Care|2|11.71|11.32
2024-04-15|ZBRA|Electronic Equipment & Instruments - Information Technology|2|297.54|283.0
2024-04-15|XEL|Multi-Utilities - Utilities|1|53.49|53.17
2024-04-15|WY|Timber REITs - Real Estate|1|33.65|32.69
2024-04-15|VTRS|Pharmaceuticals - Health Care|1|11.57|11.32
2024-04-15|AVB|Multi-Family Residential REITs - Real Estate|5|183.78|180.72
2024-04-15|ZTS|Pharmaceuticals - Health Care|6|149.98|149.77
2024-04-15|ZBRA|Electronic Equipment & Instruments - Information Technology|1|289.68|283.0
2024-04-15|XYL|Industrial Machinery & Supplies & Components - Industrials|3|128.11|127.29
2024-04-15|XOM|Integrated Oil & Gas - Energy|1|120.37|119.68
2024-04-15|EQR|Multi-Family Residential REITs - Real Estate|1|60.66|60.66
2024-04-15|XOM|Integrated Oil & Gas - Energy|7|119.68|119.68
2024-04-15|XEL|Multi-Utilities - Utilities|2|53.17|53.17
2024-04-15|VTRS|Pharmaceuticals - Health Care|1|11.32|11.32
2024-04-16|ZBH|Health Care Equipment - Health Care|8|121.39|122.07
2024-04-16|YUM|Restaurants - Consumer Discretionary|7|129.03|138.0
2024-04-16|MMC|Insurance Brokers - Financials|1|192.86|196.29
2024-04-16|CMS|Multi-Utilities - Utilities|1|56.27|56.89
2024-04-16|WY|Timber REITs - Real Estate|1|33.01|31.97
2024-04-16|WY|Timber REITs - Real Estate|1|33.42|31.97
2024-04-16|EXC|Electric Utilities - Utilities|8|36.03|35.75
2024-04-16|HBAN|Regional Banks - Financials|9|12.86|13.04
2024-04-16|UPS|Air Freight & Logistics - Industrials|6|147.5|142.89
2024-04-16|MS|Investment Banking & Brokerage - Financials|1|90.04|89.14
2024-04-16|LNT|Electric Utilities - Utilities|1|48.54|47.4
2024-04-16|SNA|Industrial Machinery & Supplies & Components - Industrials|2|283.04|282.45
2024-04-16|ROL|Environmental & Facilities Services - Industrials|5|44.28|43.31
2024-04-16|IVZ|Asset Management & Custody Banks - Financials|2|15.8|15.19
2024-04-16|FOXA|Broadcasting - Communication Services|32|30.22|30.4
2024-04-16|VZ|Integrated Telecommunication Services - Communication Services|1|40.37|39.77
2024-04-16|VTRS|Pharmaceuticals - Health Care|1|11.6|11.12
2024-04-16|EQT|Oil & Gas Exploration & Production - Energy|1|36.87|36.2
2024-04-16|ED|Multi-Utilities - Utilities|1|90.19|87.42
2024-04-16|WBD|Broadcasting - Communication Services|1|8.32|8.14
2024-04-16|LUV|Passenger Airlines - Industrials|2|27.96|28.05
2024-04-16|XEL|Multi-Utilities - Utilities|1|53.49|52.53
2024-04-16|WY|Timber REITs - Real Estate|1|33.65|31.97
2024-04-16|VTRS|Pharmaceuticals - Health Care|1|11.57|11.12
2024-04-16|AVB|Multi-Family Residential REITs - Real Estate|5|183.78|178.98
2024-04-16|ZTS|Pharmaceuticals - Health Care|6|149.98|153.02
2024-04-16|ZBRA|Electronic Equipment & Instruments - Information Technology|1|289.68|280.42
2024-04-16|XYL|Industrial Machinery & Supplies & Components - Industrials|3|128.11|128.0
2024-04-16|XOM|Integrated Oil & Gas - Energy|1|120.37|118.69
2024-04-16|EQR|Multi-Family Residential REITs - Real Estate|1|60.66|59.68
2024-04-16|XOM|Integrated Oil & Gas - Energy|7|119.68|118.69
2024-04-16|XEL|Multi-Utilities - Utilities|2|53.17|52.53
2024-04-16|VTRS|Pharmaceuticals - Health Care|1|11.32|11.12
2024-04-16|ZBRA|Electronic Equipment & Instruments - Information Technology|2|280.42|280.42
2024-04-16|XEL|Multi-Utilities - Utilities|3|52.53|52.53
2024-04-16|WBD|Broadcasting - Communication Services|3|8.14|8.14
2024-04-17|ZBH|Health Care Equipment - Health Care|8|121.39|121.3
2024-04-17|YUM|Restaurants - Consumer Discretionary|7|129.03|137.83
2024-04-17|MMC|Insurance Brokers - Financials|1|192.86|197.62
2024-04-17|CMS|Multi-Utilities - Utilities|1|56.27|58.25
2024-04-17|WY|Timber REITs - Real Estate|1|33.01|31.52
2024-04-17|EXC|Electric Utilities - Utilities|8|36.03|36.42
2024-04-17|HBAN|Regional Banks - Financials|9|12.86|13.15
2024-04-17|UPS|Air Freight & Logistics - Industrials|6|147.5|142.25
2024-04-17|MS|Investment Banking & Brokerage - Financials|1|90.04|90.08
2024-04-17|LNT|Electric Utilities - Utilities|1|48.54|48.42
2024-04-17|SNA|Industrial Machinery & Supplies & Components - Industrials|2|283.04|283.5
2024-04-17|ROL|Environmental & Facilities Services - Industrials|5|44.28|43.01
2024-04-17|IVZ|Asset Management & Custody Banks - Financials|2|15.8|15.24
2024-04-17|FOXA|Broadcasting - Communication Services|32|30.22|30.46
2024-04-17|VZ|Integrated Telecommunication Services - Communication Services|1|40.37|39.78
2024-04-17|VTRS|Pharmaceuticals - Health Care|1|11.6|11.1
2024-04-17|EQT|Oil & Gas Exploration & Production - Energy|1|36.87|36.04
2024-04-17|ED|Multi-Utilities - Utilities|1|90.19|90.33
2024-04-17|WBD|Broadcasting - Communication Services|1|8.32|8.23
2024-04-17|LUV|Passenger Airlines - Industrials|2|27.96|28.78
2024-04-17|XEL|Multi-Utilities - Utilities|1|53.49|53.19
2024-04-17|VTRS|Pharmaceuticals - Health Care|1|11.57|11.1
2024-04-17|AVB|Multi-Family Residential REITs - Real Estate|5|183.78|180.95
2024-04-17|ZTS|Pharmaceuticals - Health Care|6|149.98|151.94
2024-04-17|ZBRA|Electronic Equipment & Instruments - Information Technology|1|289.68|276.14
2024-04-17|XYL|Industrial Machinery & Supplies & Components - Industrials|3|128.11|126.22
2024-04-17|XOM|Integrated Oil & Gas - Energy|1|120.37|118.63
2024-04-17|EQR|Multi-Family Residential REITs - Real Estate|1|60.66|60.41
2024-04-17|XOM|Integrated Oil & Gas - Energy|7|119.68|118.63
2024-04-17|XEL|Multi-Utilities - Utilities|2|53.17|53.19
2024-04-17|VTRS|Pharmaceuticals - Health Care|1|11.32|11.1
2024-04-17|ZBRA|Electronic Equipment & Instruments - Information Technology|2|280.42|276.14
2024-04-17|XEL|Multi-Utilities - Utilities|3|52.53|53.19
2024-04-17|WBD|Broadcasting - Communication Services|3|8.14|8.23
2024-04-17|XEL|Multi-Utilities - Utilities|1|53.19|53.19
2024-04-17|WBD|Broadcasting - Communication Services|1|8.23|8.23
2024-04-18|ZBH|Health Care Equipment - Health Care|8|121.39|119.33
2024-04-18|YUM|Restaurants - Consumer Discretionary|7|129.03|137.87
2024-04-18|MMC|Insurance Brokers - Financials|1|192.86|201.73
2024-04-18|CMS|Multi-Utilities - Utilities|1|56.27|58.48
2024-04-18|EXC|Electric Utilities - Utilities|8|36.03|36.68
2024-04-18|HBAN|Regional Banks - Financials|9|12.86|13.18
2024-04-18|UPS|Air Freight & Logistics - Industrials|6|147.5|142.74
2024-04-18|MS|Investment Banking & Brokerage - Financials|1|90.04|90.26
2024-04-18|LNT|Electric Utilities - Utilities|1|48.54|48.84
2024-04-18|ROL|Environmental & Facilities Services - Industrials|5|44.28|42.44
2024-04-18|IVZ|Asset Management & Custody Banks - Financials|2|15.8|15.27
2024-04-18|FOXA|Broadcasting - Communication Services|32|30.22|30.77
2024-04-18|VZ|Integrated Telecommunication Services - Communication Services|1|40.37|40.13
2024-04-18|VTRS|Pharmaceuticals - Health Care|1|11.6|11.12
2024-04-18|EQT|Oil & Gas Exploration & Production - Energy|1|36.87|36.22
2024-04-18|ED|Multi-Utilities - Utilities|1|90.19|90.9
2024-04-18|WBD|Broadcasting - Communication Services|1|8.32|8.31
2024-04-18|LUV|Passenger Airlines - Industrials|2|27.96|29.06
2024-04-18|XEL|Multi-Utilities - Utilities|1|53.49|53.76
2024-04-18|VTRS|Pharmaceuticals - Health Care|1|11.57|11.12
2024-04-18|AVB|Multi-Family Residential REITs - Real Estate|5|183.78|182.02
2024-04-18|ZTS|Pharmaceuticals - Health Care|6|149.98|153.11
2024-04-18|XYL|Industrial Machinery & Supplies & Components - Industrials|3|128.11|127.16
2024-04-18|XOM|Integrated Oil & Gas - Energy|1|120.37|118.52
2024-04-18|EQR|Multi-Family Residential REITs - Real Estate|1|60.66|60.99
2024-04-18|XOM|Integrated Oil & Gas - Energy|7|119.68|118.52
2024-04-18|XEL|Multi-Utilities - Utilities|2|53.17|53.76
2024-04-18|VTRS|Pharmaceuticals - Health Care|1|11.32|11.12
2024-04-18|ZBRA|Electronic Equipment & Instruments - Information Technology|2|280.42|273.03
2024-04-18|XEL|Multi-Utilities - Utilities|3|52.53|53.76
2024-04-18|WBD|Broadcasting - Communication Services|3|8.14|8.31
2024-04-18|XEL|Multi-Utilities - Utilities|1|53.19|53.76
2024-04-18|WBD|Broadcasting - Communication Services|1|8.23|8.31
2024-04-18|ED|Multi-Utilities - Utilities|5|90.9|90.9
2024-04-18|ZBRA|Electronic Equipment & Instruments - Information Technology|1|273.03|273.03
2024-04-18|WYNN|Casinos & Gaming - Consumer Discretionary|1|96.1|96.1
2024-04-23|ZBH|Health Care Equipment - Health Care|8|121.39|121.52
2024-04-23|YUM|Restaurants - Consumer Discretionary|7|129.03|140.1
2024-04-23|MMC|Insurance Brokers - Financials|1|192.86|201.71
2024-04-23|CMS|Multi-Utilities - Utilities|1|56.27|59.95
2024-04-23|EXC|Electric Utilities - Utilities|8|36.03|37.56
2024-04-23|HBAN|Regional Banks - Financials|9|12.86|13.63
2024-04-23|UPS|Air Freight & Logistics - Industrials|6|147.5|148.87
2024-04-23|MS|Investment Banking & Brokerage - Financials|1|90.04|93.76
2024-04-23|LNT|Electric Utilities - Utilities|1|48.54|49.97
2024-04-23|ROL|Environmental & Facilities Services - Industrials|5|44.28|42.65
2024-04-23|FOXA|Broadcasting - Communication Services|32|30.22|31.71
2024-04-23|VZ|Integrated Telecommunication Services - Communication Services|1|40.37|39.7
2024-04-23|VTRS|Pharmaceuticals - Health Care|1|11.6|11.36
2024-04-23|EQT|Oil & Gas Exploration & Production - Energy|1|36.87|37.98
2024-04-23|ED|Multi-Utilities - Utilities|1|90.19|92.84
2024-04-23|WBD|Broadcasting - Communication Services|1|8.32|8.44
2024-04-23|LUV|Passenger Airlines - Industrials|2|27.96|29.46
2024-04-23|XEL|Multi-Utilities - Utilities|1|53.49|55.27
2024-04-23|VTRS|Pharmaceuticals - Health Care|1|11.57|11.36
2024-04-23|AVB|Multi-Family Residential REITs - Real Estate|5|183.78|188.66
2024-04-23|ZTS|Pharmaceuticals - Health Care|6|149.98|149.56
2024-04-23|XYL|Industrial Machinery & Supplies & Components - Industrials|3|128.11|130.72
2024-04-23|XOM|Integrated Oil & Gas - Energy|1|120.37|121.03
2024-04-23|EQR|Multi-Family Residential REITs - Real Estate|1|60.66|63.09
2024-04-23|XOM|Integrated Oil & Gas - Energy|7|119.68|121.03
2024-04-23|XEL|Multi-Utilities - Utilities|2|53.17|55.27
2024-04-23|VTRS|Pharmaceuticals - Health Care|1|11.32|11.36
2024-04-23|ZBRA|Electronic Equipment & Instruments - Information Technology|2|280.42|276.56
2024-04-23|XEL|Multi-Utilities - Utilities|3|52.53|55.27
2024-04-23|WBD|Broadcasting - Communication Services|3|8.14|8.44
2024-04-23|XEL|Multi-Utilities - Utilities|1|53.19|55.27
2024-04-23|WBD|Broadcasting - Communication Services|1|8.23|8.44
2024-04-23|ED|Multi-Utilities - Utilities|5|90.9|92.84
2024-04-23|ZBRA|Electronic Equipment & Instruments - Information Technology|1|273.03|276.56
2024-04-23|WYNN|Casinos & Gaming - Consumer Discretionary|1|96.1|98.82
2024-04-23|LUV|Passenger Airlines - Industrials|1|29.46|29.46
2024-04-25|ZBH|Health Care Equipment - Health Care|8|121.39|119.75
2024-04-25|YUM|Restaurants - Consumer Discretionary|7|129.03|141.56
2024-04-25|MMC|Insurance Brokers - Financials|1|192.86|201.47
2024-04-25|CMS|Multi-Utilities - Utilities|1|56.27|60.48
2024-04-25|EXC|Electric Utilities - Utilities|8|36.03|37.66
2024-04-25|HBAN|Regional Banks - Financials|9|12.86|13.58
2024-04-25|UPS|Air Freight & Logistics - Industrials|6|147.5|147.39
2024-04-25|MS|Investment Banking & Brokerage - Financials|1|90.04|92.56
2024-04-25|LNT|Electric Utilities - Utilities|1|48.54|50.23
2024-04-25|ROL|Environmental & Facilities Services - Industrials|5|44.28|44.27
2024-04-25|FOXA|Broadcasting - Communication Services|32|30.22|31.68
2024-04-25|VZ|Integrated Telecommunication Services - Communication Services|1|40.37|39.22
2024-04-25|VTRS|Pharmaceuticals - Health Care|1|11.6|11.47
2024-04-25|EQT|Oil & Gas Exploration & Production - Energy|1|36.87|40.41
2024-04-25|ED|Multi-Utilities - Utilities|1|90.19|94.11
2024-04-25|WBD|Broadcasting - Communication Services|1|8.32|8.29
2024-04-25|LUV|Passenger Airlines - Industrials|2|27.96|27.26
2024-04-25|XEL|Multi-Utilities - Utilities|1|53.49|55.01
2024-04-25|VTRS|Pharmaceuticals - Health Care|1|11.57|11.47
2024-04-25|AVB|Multi-Family Residential REITs - Real Estate|5|183.78|191.32
2024-04-25|ZTS|Pharmaceuticals - Health Care|6|149.98|153.36
2024-04-25|XYL|Industrial Machinery & Supplies & Components - Industrials|3|128.11|130.61
2024-04-25|XOM|Integrated Oil & Gas - Energy|1|120.37|121.33
2024-04-25|EQR|Multi-Family Residential REITs - Real Estate|1|60.66|64.88
2024-04-25|XOM|Integrated Oil & Gas - Energy|7|119.68|121.33
2024-04-25|XEL|Multi-Utilities - Utilities|2|53.17|55.01
2024-04-25|VTRS|Pharmaceuticals - Health Care|1|11.32|11.47
2024-04-25|ZBRA|Electronic Equipment & Instruments - Information Technology|2|280.42|292.53
2024-04-25|XEL|Multi-Utilities - Utilities|3|52.53|55.01
2024-04-25|WBD|Broadcasting - Communication Services|3|8.14|8.29
2024-04-25|XEL|Multi-Utilities - Utilities|1|53.19|55.01
2024-04-25|WBD|Broadcasting - Communication Services|1|8.23|8.29
2024-04-25|ED|Multi-Utilities - Utilities|5|90.9|94.11
2024-04-25|ZBRA|Electronic Equipment & Instruments - Information Technology|1|273.03|292.53
2024-04-25|WYNN|Casinos & Gaming - Consumer Discretionary|1|96.1|96.6
2024-04-25|KMI|Oil & Gas Storage & Transportation - Energy|1|18.8|18.8
2024-04-25|VTRS|Pharmaceuticals - Health Care|1|11.47|11.47
2024-04-26|ZBH|Health Care Equipment - Health Care|8|121.39|119.35
2024-04-26|YUM|Restaurants - Consumer Discretionary|7|129.03|141.77
2024-04-26|MMC|Insurance Brokers - Financials|1|192.86|197.95
2024-04-26|CMS|Multi-Utilities - Utilities|1|56.27|59.34
2024-04-26|EXC|Electric Utilities - Utilities|8|36.03|37.32
2024-04-26|HBAN|Regional Banks - Financials|9|12.86|13.55
2024-04-26|UPS|Air Freight & Logistics - Industrials|6|147.5|147.59
2024-04-26|MS|Investment Banking & Brokerage - Financials|1|90.04|92.83
2024-04-26|LNT|Electric Utilities - Utilities|1|48.54|49.59
2024-04-26|ROL|Environmental & Facilities Services - Industrials|5|44.28|44.9
2024-04-26|FOXA|Broadcasting - Communication Services|32|30.22|31.21
2024-04-26|VZ|Integrated Telecommunication Services - Communication Services|1|40.37|39.68
2024-04-26|VTRS|Pharmaceuticals - Health Care|1|11.6|11.57
2024-04-26|ED|Multi-Utilities - Utilities|1|90.19|92.93
2024-04-26|WBD|Broadcasting - Communication Services|1|8.32|8.11
2024-04-26|LUV|Passenger Airlines - Industrials|2|27.96|27.03
2024-04-26|XEL|Multi-Utilities - Utilities|1|53.49|53.96
2024-04-26|VTRS|Pharmaceuticals - Health Care|1|11.57|11.57
2024-04-26|AVB|Multi-Family Residential REITs - Real Estate|5|183.78|191.45
2024-04-26|ZTS|Pharmaceuticals - Health Care|6|149.98|158.42
2024-04-26|XYL|Industrial Machinery & Supplies & Components - Industrials|3|128.11|132.4
2024-04-26|XOM|Integrated Oil & Gas - Energy|1|120.37|117.96
2024-04-26|EQR|Multi-Family Residential REITs - Real Estate|1|60.66|65.14
2024-04-26|XOM|Integrated Oil & Gas - Energy|7|119.68|117.96
2024-04-26|XEL|Multi-Utilities - Utilities|2|53.17|53.96
2024-04-26|VTRS|Pharmaceuticals - Health Care|1|11.32|11.57
2024-04-26|ZBRA|Electronic Equipment & Instruments - Information Technology|2|280.42|297.21
2024-04-26|XEL|Multi-Utilities - Utilities|3|52.53|53.96
2024-04-26|WBD|Broadcasting - Communication Services|3|8.14|8.11
2024-04-26|XEL|Multi-Utilities - Utilities|1|53.19|53.96
2024-04-26|WBD|Broadcasting - Communication Services|1|8.23|8.11
2024-04-26|ED|Multi-Utilities - Utilities|5|90.9|92.93
2024-04-26|ZBRA|Electronic Equipment & Instruments - Information Technology|1|273.03|297.21
2024-04-26|WYNN|Casinos & Gaming - Consumer Discretionary|1|96.1|95.88
2024-04-26|KMI|Oil & Gas Storage & Transportation - Energy|1|18.8|18.68
2024-04-26|VTRS|Pharmaceuticals - Health Care|1|11.47|11.57
2024-04-26|FITB|Regional Banks - Financials|1|36.9|36.9
2024-04-29|ZBH|Health Care Equipment - Health Care|8|121.39|121.71
2024-04-29|MMC|Insurance Brokers - Financials|1|192.86|198.48
2024-04-29|CMS|Multi-Utilities - Utilities|1|56.27|60.2
2024-04-29|EXC|Electric Utilities - Utilities|8|36.03|37.72
2024-04-29|HBAN|Regional Banks - Financials|9|12.86|13.57
2024-04-29|UPS|Air Freight & Logistics - Industrials|6|147.5|148.55
2024-04-29|MS|Investment Banking & Brokerage - Financials|1|90.04|92.11
2024-04-29|LNT|Electric Utilities - Utilities|1|48.54|49.77
2024-04-29|ROL|Environmental & Facilities Services - Industrials|5|44.28|44.77
2024-04-29|FOXA|Broadcasting - Communication Services|32|30.22|31.57
2024-04-29|VZ|Integrated Telecommunication Services - Communication Services|1|40.37|40.09
2024-04-29|VTRS|Pharmaceuticals - Health Care|1|11.6|11.78
2024-04-29|ED|Multi-Utilities - Utilities|1|90.19|93.97
2024-04-29|WBD|Broadcasting - Communication Services|1|8.32|8.15
2024-04-29|LUV|Passenger Airlines - Industrials|2|27.96|26.84
2024-04-29|XEL|Multi-Utilities - Utilities|1|53.49|54.48
2024-04-29|VTRS|Pharmaceuticals - Health Care|1|11.57|11.78
2024-04-29|AVB|Multi-Family Residential REITs - Real Estate|5|183.78|191.02
2024-04-29|ZTS|Pharmaceuticals - Health Care|6|149.98|159.7
2024-04-29|XYL|Industrial Machinery & Supplies & Components - Industrials|3|128.11|132.59
2024-04-29|XOM|Integrated Oil & Gas - Energy|1|120.37|119.64
2024-04-29|EQR|Multi-Family Residential REITs - Real Estate|1|60.66|65.3
2024-04-29|XOM|Integrated Oil & Gas - Energy|7|119.68|119.64
2024-04-29|XEL|Multi-Utilities - Utilities|2|53.17|54.48
2024-04-29|VTRS|Pharmaceuticals - Health Care|1|11.32|11.78
2024-04-29|ZBRA|Electronic Equipment & Instruments - Information Technology|2|280.42|300.01
2024-04-29|XEL|Multi-Utilities - Utilities|3|52.53|54.48
2024-04-29|WBD|Broadcasting - Communication Services|3|8.14|8.15
2024-04-29|XEL|Multi-Utilities - Utilities|1|53.19|54.48
2024-04-29|WBD|Broadcasting - Communication Services|1|8.23|8.15
2024-04-29|ED|Multi-Utilities - Utilities|5|90.9|93.97
2024-04-29|ZBRA|Electronic Equipment & Instruments - Information Technology|1|273.03|300.01
2024-04-29|WYNN|Casinos & Gaming - Consumer Discretionary|1|96.1|96.98
2024-04-29|KMI|Oil & Gas Storage & Transportation - Energy|1|18.8|18.6
2024-04-29|VTRS|Pharmaceuticals - Health Care|1|11.47|11.78
2024-04-29|FITB|Regional Banks - Financials|1|36.9|37.0
2024-04-29|BAC|Diversified Banks - Financials|26|37.55|37.55
2024-04-29|CFG|Regional Banks - Financials|1|34.98|34.98
2024-04-30|ZBH|Health Care Equipment - Health Care|8|121.39|120.28
2024-04-30|MMC|Insurance Brokers - Financials|1|192.86|199.43
2024-04-30|CMS|Multi-Utilities - Utilities|1|56.27|60.61
2024-04-30|EXC|Electric Utilities - Utilities|8|36.03|37.58
2024-04-30|HBAN|Regional Banks - Financials|9|12.86|13.47
2024-04-30|UPS|Air Freight & Logistics - Industrials|6|147.5|147.48
2024-04-30|MS|Investment Banking & Brokerage - Financials|1|90.04|90.84
2024-04-30|LNT|Electric Utilities - Utilities|1|48.54|49.8
2024-04-30|ROL|Environmental & Facilities Services - Industrials|5|44.28|44.56
2024-04-30|FOXA|Broadcasting - Communication Services|32|30.22|31.01
2024-04-30|VZ|Integrated Telecommunication Services - Communication Services|1|40.37|39.49
2024-04-30|VTRS|Pharmaceuticals - Health Care|1|11.6|11.57
2024-04-30|ED|Multi-Utilities - Utilities|1|90.19|94.4
2024-04-30|XEL|Multi-Utilities - Utilities|1|53.49|53.73
2024-04-30|VTRS|Pharmaceuticals - Health Care|1|11.57|11.57
2024-04-30|AVB|Multi-Family Residential REITs - Real Estate|5|183.78|189.57
2024-04-30|ZTS|Pharmaceuticals - Health Care|6|149.98|159.24
2024-04-30|XYL|Industrial Machinery & Supplies & Components - Industrials|3|128.11|130.7
2024-04-30|XOM|Integrated Oil & Gas - Energy|1|120.37|118.27
2024-04-30|EQR|Multi-Family Residential REITs - Real Estate|1|60.66|64.4
2024-04-30|XOM|Integrated Oil & Gas - Energy|7|119.68|118.27
2024-04-30|XEL|Multi-Utilities - Utilities|2|53.17|53.73
2024-04-30|VTRS|Pharmaceuticals - Health Care|1|11.32|11.57
2024-04-30|XEL|Multi-Utilities - Utilities|3|52.53|53.73
2024-04-30|XEL|Multi-Utilities - Utilities|1|53.19|53.73
2024-04-30|ED|Multi-Utilities - Utilities|5|90.9|94.4
2024-04-30|WYNN|Casinos & Gaming - Consumer Discretionary|1|96.1|91.65
2024-04-30|KMI|Oil & Gas Storage & Transportation - Energy|1|18.8|18.28
2024-04-30|VTRS|Pharmaceuticals - Health Care|1|11.47|11.57
2024-04-30|FITB|Regional Banks - Financials|1|36.9|36.46
2024-04-30|BAC|Diversified Banks - Financials|26|37.55|37.01
2024-04-30|CFG|Regional Banks - Financials|1|34.98|34.11
2024-04-30|CARR|Building Products - Industrials|16|61.49|61.49
2024-04-30|TFC|Diversified Banks - Financials|1|37.55|37.55
2024-04-30|WBD|Broadcasting - Communication Services|1|7.36|7.36
2024-05-02|ZBH|Health Care Equipment - Health Care|8|121.39|118.46
2024-05-02|MMC|Insurance Brokers - Financials|1|192.86|199.36
2024-05-02|CMS|Multi-Utilities - Utilities|1|56.27|61.27
2024-05-02|EXC|Electric Utilities - Utilities|8|36.03|37.89
2024-05-02|HBAN|Regional Banks - Financials|9|12.86|13.67
2024-05-02|UPS|Air Freight & Logistics - Industrials|6|147.5|147.22
2024-05-02|MS|Investment Banking & Brokerage - Financials|1|90.04|92.65
2024-05-02|LNT|Electric Utilities - Utilities|1|48.54|50.85
2024-05-02|ROL|Environmental & Facilities Services - Industrials|5|44.28|44.74
2024-05-02|FOXA|Broadcasting - Communication Services|32|30.22|31.66
2024-05-02|VZ|Integrated Telecommunication Services - Communication Services|1|40.37|38.93
2024-05-02|VTRS|Pharmaceuticals - Health Care|1|11.6|11.6
2024-05-02|ED|Multi-Utilities - Utilities|1|90.19|95.25
2024-05-02|XEL|Multi-Utilities - Utilities|1|53.49|53.79
2024-05-02|VTRS|Pharmaceuticals - Health Care|1|11.57|11.6
2024-05-02|AVB|Multi-Family Residential REITs - Real Estate|5|183.78|192.45
2024-05-02|XYL|Industrial Machinery & Supplies & Components - Industrials|3|128.11|135.99
2024-05-02|XOM|Integrated Oil & Gas - Energy|1|120.37|116.24
2024-05-02|EQR|Multi-Family Residential REITs - Real Estate|1|60.66|65.56
2024-05-02|XOM|Integrated Oil & Gas - Energy|7|119.68|116.24
2024-05-02|XEL|Multi-Utilities - Utilities|2|53.17|53.79
2024-05-02|VTRS|Pharmaceuticals - Health Care|1|11.32|11.6
2024-05-02|XEL|Multi-Utilities - Utilities|3|52.53|53.79
2024-05-02|XEL|Multi-Utilities - Utilities|1|53.19|53.79
2024-05-02|ED|Multi-Utilities - Utilities|5|90.9|95.25
2024-05-02|WYNN|Casinos & Gaming - Consumer Discretionary|1|96.1|95.27
2024-05-02|KMI|Oil & Gas Storage & Transportation - Energy|1|18.8|18.46
2024-05-02|VTRS|Pharmaceuticals - Health Care|1|11.47|11.6
2024-05-02|FITB|Regional Banks - Financials|1|36.9|36.89
2024-05-02|BAC|Diversified Banks - Financials|26|37.55|36.88
2024-05-02|CFG|Regional Banks - Financials|1|34.98|34.99
2024-05-02|CARR|Building Products - Industrials|16|61.49|60.94
2024-05-02|TFC|Diversified Banks - Financials|1|37.55|38.35
2024-05-02|WBD|Broadcasting - Communication Services|1|7.36|7.95
2024-05-02|TSLA|Automobile Manufacturers - Consumer Discretionary|5|180.01|180.01
2024-05-02|CCL|Hotels, Resorts & Cruise Lines - Consumer Discretionary|7|14.46|14.46
2024-05-07|ZBH|Health Care Equipment - Health Care|8|121.39|121.43
2024-05-07|MMC|Insurance Brokers - Financials|1|192.86|203.71
2024-05-07|EXC|Electric Utilities - Utilities|8|36.03|37.91
2024-05-07|HBAN|Regional Banks - Financials|9|12.86|13.85
2024-05-07|UPS|Air Freight & Logistics - Industrials|6|147.5|147.09
2024-05-07|MS|Investment Banking & Brokerage - Financials|1|90.04|95.79
2024-05-07|LNT|Electric Utilities - Utilities|1|48.54|51.13
2024-05-07|ROL|Environmental & Facilities Services - Industrials|5|44.28|47.2
2024-05-07|FOXA|Broadcasting - Communication Services|32|30.22|32.32
2024-05-07|VZ|Integrated Telecommunication Services - Communication Services|1|40.37|39.31
2024-05-07|VTRS|Pharmaceuticals - Health Care|1|11.6|11.72
2024-05-07|ED|Multi-Utilities - Utilities|1|90.19|97.5
2024-05-07|XEL|Multi-Utilities - Utilities|1|53.49|55.02
2024-05-07|VTRS|Pharmaceuticals - Health Care|1|11.57|11.72
2024-05-07|AVB|Multi-Family Residential REITs - Real Estate|5|183.78|195.89
2024-05-07|XYL|Industrial Machinery & Supplies & Components - Industrials|3|128.11|140.03
2024-05-07|XOM|Integrated Oil & Gas - Energy|1|120.37|116.17
2024-05-07|EQR|Multi-Family Residential REITs - Real Estate|1|60.66|66.7
2024-05-07|XOM|Integrated Oil & Gas - Energy|7|119.68|116.17
2024-05-07|XEL|Multi-Utilities - Utilities|2|53.17|55.02
2024-05-07|VTRS|Pharmaceuticals - Health Care|1|11.32|11.72
2024-05-07|XEL|Multi-Utilities - Utilities|3|52.53|55.02
2024-05-07|XEL|Multi-Utilities - Utilities|1|53.19|55.02
2024-05-07|ED|Multi-Utilities - Utilities|5|90.9|97.5
2024-05-07|WYNN|Casinos & Gaming - Consumer Discretionary|1|96.1|97.23
2024-05-07|KMI|Oil & Gas Storage & Transportation - Energy|1|18.8|18.77
2024-05-07|VTRS|Pharmaceuticals - Health Care|1|11.47|11.72
2024-05-07|FITB|Regional Banks - Financials|1|36.9|38.03
2024-05-07|BAC|Diversified Banks - Financials|26|37.55|37.84
2024-05-07|CFG|Regional Banks - Financials|1|34.98|35.57
2024-05-07|CARR|Building Products - Industrials|16|61.49|64.26
2024-05-07|TFC|Diversified Banks - Financials|1|37.55|39.11
2024-05-07|WBD|Broadcasting - Communication Services|1|7.36|7.77
2024-05-07|TSLA|Automobile Manufacturers - Consumer Discretionary|5|180.01|177.81
2024-05-07|CCL|Hotels, Resorts & Cruise Lines - Consumer Discretionary|7|14.46|14.12
2024-05-07|WDC|Technology Hardware, Storage & Peripherals - Information Technology|1|54.04|54.04
2024-05-07|WBD|Broadcasting - Communication Services|1|7.77|7.77
2024-05-08|ZBH|Health Care Equipment - Health Care|8|121.39|120.85
2024-05-08|MMC|Insurance Brokers - Financials|1|192.86|203.59
2024-05-08|EXC|Electric Utilities - Utilities|8|36.03|37.82
2024-05-08|HBAN|Regional Banks - Financials|9|12.86|14.05
2024-05-08|UPS|Air Freight & Logistics - Industrials|6|147.5|147.77
2024-05-08|MS|Investment Banking & Brokerage - Financials|1|90.04|95.64
2024-05-08|LNT|Electric Utilities - Utilities|1|48.54|51.21
2024-05-08|ROL|Environmental & Facilities Services - Industrials|5|44.28|46.64
2024-05-08|FOXA|Broadcasting - Communication Services|32|30.22|33.16
2024-05-08|VZ|Integrated Telecommunication Services - Communication Services|1|40.37|39.48
2024-05-08|VTRS|Pharmaceuticals - Health Care|1|11.6|11.81
2024-05-08|ED|Multi-Utilities - Utilities|1|90.19|97.57
2024-05-08|XEL|Multi-Utilities - Utilities|1|53.49|54.93
2024-05-08|VTRS|Pharmaceuticals - Health Care|1|11.57|11.81
2024-05-08|AVB|Multi-Family Residential REITs - Real Estate|5|183.78|194.9
2024-05-08|XOM|Integrated Oil & Gas - Energy|1|120.37|116.15
2024-05-08|EQR|Multi-Family Residential REITs - Real Estate|1|60.66|66.1
2024-05-08|XOM|Integrated Oil & Gas - Energy|7|119.68|116.15
2024-05-08|XEL|Multi-Utilities - Utilities|2|53.17|54.93
2024-05-08|VTRS|Pharmaceuticals - Health Care|1|11.32|11.81
2024-05-08|XEL|Multi-Utilities - Utilities|3|52.53|54.93
2024-05-08|XEL|Multi-Utilities - Utilities|1|53.19|54.93
2024-05-08|ED|Multi-Utilities - Utilities|5|90.9|97.57
2024-05-08|WYNN|Casinos & Gaming - Consumer Discretionary|1|96.1|95.75
2024-05-08|KMI|Oil & Gas Storage & Transportation - Energy|1|18.8|18.81
2024-05-08|VTRS|Pharmaceuticals - Health Care|1|11.47|11.81
2024-05-08|FITB|Regional Banks - Financials|1|36.9|38.48
2024-05-08|BAC|Diversified Banks - Financials|26|37.55|37.71
2024-05-08|CFG|Regional Banks - Financials|1|34.98|35.95
2024-05-08|CARR|Building Products - Industrials|16|61.49|64.31
2024-05-08|TFC|Diversified Banks - Financials|1|37.55|39.39
2024-05-08|WBD|Broadcasting - Communication Services|1|7.36|7.8
2024-05-08|TSLA|Automobile Manufacturers - Consumer Discretionary|5|180.01|174.72
2024-05-08|CCL|Hotels, Resorts & Cruise Lines - Consumer Discretionary|7|14.46|14.3
2024-05-08|WDC|Technology Hardware, Storage & Peripherals - Information Technology|1|54.04|54.45
2024-05-08|WBD|Broadcasting - Communication Services|1|7.77|7.8
2024-05-08|IP|Paper & Plastic Packaging Products & Materials - Materials|10|39.28|39.28
2024-05-08|HPQ|Technology Hardware, Storage & Peripherals - Information Technology|1|29.44|29.44
2024-05-08|WBD|Broadcasting - Communication Services|1|7.8|7.8
2024-05-09|ZBH|Health Care Equipment - Health Care|8|121.39|121.44
2024-05-09|MMC|Insurance Brokers - Financials|1|192.86|204.84
2024-05-09|EXC|Electric Utilities - Utilities|8|36.03|38.33
2024-05-09|HBAN|Regional Banks - Financials|9|12.86|14.02
2024-05-09|UPS|Air Freight & Logistics - Industrials|6|147.5|148.06
2024-05-09|MS|Investment Banking & Brokerage - Financials|1|90.04|98.11
2024-05-09|LNT|Electric Utilities - Utilities|1|48.54|51.7
2024-05-09|ROL|Environmental & Facilities Services - Industrials|5|44.28|47.01
2024-05-09|VZ|Integrated Telecommunication Services - Communication Services|1|40.37|39.79
2024-05-09|VTRS|Pharmaceuticals - Health Care|1|11.6|11.22
2024-05-09|ED|Multi-Utilities - Utilities|1|90.19|98.12
2024-05-09|XEL|Multi-Utilities - Utilities|1|53.49|55.24
2024-05-09|VTRS|Pharmaceuticals - Health Care|1|11.57|11.22
2024-05-09|AVB|Multi-Family Residential REITs - Real Estate|5|183.78|197.14
2024-05-09|XOM|Integrated Oil & Gas - Energy|1|120.37|118.44
2024-05-09|XOM|Integrated Oil & Gas - Energy|7|119.68|118.44
2024-05-09|XEL|Multi-Utilities - Utilities|2|53.17|55.24
2024-05-09|VTRS|Pharmaceuticals - Health Care|1|11.32|11.22
2024-05-09|XEL|Multi-Utilities - Utilities|3|52.53|55.24
2024-05-09|XEL|Multi-Utilities - Utilities|1|53.19|55.24
2024-05-09|ED|Multi-Utilities - Utilities|5|90.9|98.12
2024-05-09|WYNN|Casinos & Gaming - Consumer Discretionary|1|96.1|97.19
2024-05-09|KMI|Oil & Gas Storage & Transportation - Energy|1|18.8|19.01
2024-05-09|VTRS|Pharmaceuticals - Health Care|1|11.47|11.22
2024-05-09|FITB|Regional Banks - Financials|1|36.9|38.65
2024-05-09|BAC|Diversified Banks - Financials|26|37.55|38.28
2024-05-09|CFG|Regional Banks - Financials|1|34.98|36.02
2024-05-09|CARR|Building Products - Industrials|16|61.49|65.24
2024-05-09|TFC|Diversified Banks - Financials|1|37.55|39.1
2024-05-09|WBD|Broadcasting - Communication Services|1|7.36|8.04
2024-05-09|TSLA|Automobile Manufacturers - Consumer Discretionary|5|180.01|171.97
2024-05-09|CCL|Hotels, Resorts & Cruise Lines - Consumer Discretionary|7|14.46|14.56
2024-05-09|WDC|Technology Hardware, Storage & Peripherals - Information Technology|1|54.04|54.49
2024-05-09|WBD|Broadcasting - Communication Services|1|7.77|8.04
2024-05-09|IP|Paper & Plastic Packaging Products & Materials - Materials|10|39.28|39.84
2024-05-09|HPQ|Technology Hardware, Storage & Peripherals - Information Technology|1|29.44|29.65
2024-05-09|WBD|Broadcasting - Communication Services|1|7.8|8.04
2024-05-09|PSA|Self-Storage REITs - Real Estate|3|275.39|275.39
2024-05-09|KVUE|Personal Care Products - Consumer Staples|14|20.54|20.54
2024-05-09|WBD|Broadcasting - Communication Services|2|8.04|8.04
2024-05-10|ZBH|Health Care Equipment - Health Care|8|121.39|121.31
2024-05-10|MMC|Insurance Brokers - Financials|1|192.86|205.55
2024-05-10|EXC|Electric Utilities - Utilities|8|36.03|37.67
2024-05-10|HBAN|Regional Banks - Financials|9|12.86|14.06
2024-05-10|UPS|Air Freight & Logistics - Industrials|6|147.5|147.37
2024-05-10|MS|Investment Banking & Brokerage - Financials|1|90.04|98.28
2024-05-10|LNT|Electric Utilities - Utilities|1|48.54|51.33
2024-05-10|ROL|Environmental & Facilities Services - Industrials|5|44.28|46.63
2024-05-10|VZ|Integrated Telecommunication Services - Communication Services|1|40.37|40.4
2024-05-10|VTRS|Pharmaceuticals - Health Care|1|11.6|11.16
2024-05-10|ED|Multi-Utilities - Utilities|1|90.19|97.7
2024-05-10|XEL|Multi-Utilities - Utilities|1|53.49|55.46
2024-05-10|VTRS|Pharmaceuticals - Health Care|1|11.57|11.16
2024-05-10|AVB|Multi-Family Residential REITs - Real Estate|5|183.78|196.89
2024-05-10|XOM|Integrated Oil & Gas - Energy|1|120.37|117.96
2024-05-10|XOM|Integrated Oil & Gas - Energy|7|119.68|117.96
2024-05-10|XEL|Multi-Utilities - Utilities|2|53.17|55.46
2024-05-10|VTRS|Pharmaceuticals - Health Care|1|11.32|11.16
2024-05-10|XEL|Multi-Utilities - Utilities|3|52.53|55.46
2024-05-10|XEL|Multi-Utilities - Utilities|1|53.19|55.46
2024-05-10|ED|Multi-Utilities - Utilities|5|90.9|97.7
2024-05-10|WYNN|Casinos & Gaming - Consumer Discretionary|1|96.1|96.39
2024-05-10|KMI|Oil & Gas Storage & Transportation - Energy|1|18.8|19.08
2024-05-10|VTRS|Pharmaceuticals - Health Care|1|11.47|11.16
2024-05-10|FITB|Regional Banks - Financials|1|36.9|38.78
2024-05-10|BAC|Diversified Banks - Financials|26|37.55|38.45
2024-05-10|CFG|Regional Banks - Financials|1|34.98|36.06
2024-05-10|CARR|Building Products - Industrials|16|61.49|65.5
2024-05-10|TFC|Diversified Banks - Financials|1|37.55|39.47
2024-05-10|CCL|Hotels, Resorts & Cruise Lines - Consumer Discretionary|7|14.46|14.43
2024-05-10|WDC|Technology Hardware, Storage & Peripherals - Information Technology|1|54.04|54.12
2024-05-10|WBD|Broadcasting - Communication Services|1|7.77|8.15
2024-05-10|IP|Paper & Plastic Packaging Products & Materials - Materials|10|39.28|38.58
2024-05-10|HPQ|Technology Hardware, Storage & Peripherals - Information Technology|1|29.44|29.72
2024-05-10|WBD|Broadcasting - Communication Services|1|7.8|8.15
2024-05-10|PSA|Self-Storage REITs - Real Estate|3|275.39|275.94
2024-05-10|KVUE|Personal Care Products - Consumer Staples|14|20.54|20.54
2024-05-10|WBD|Broadcasting - Communication Services|2|8.04|8.15
2024-05-10|MU|Semiconductors - Information Technology|7|121.24|121.24
2024-05-14|ZBH|Health Care Equipment - Health Care|8|121.39|119.97
2024-05-14|MMC|Insurance Brokers - Financials|1|192.86|205.07
2024-05-14|EXC|Electric Utilities - Utilities|8|36.03|38.4
2024-05-14|HBAN|Regional Banks - Financials|9|12.86|14.08
2024-05-14|UPS|Air Freight & Logistics - Industrials|6|147.5|147.94
2024-05-14|LNT|Electric Utilities - Utilities|1|48.54|51.36
2024-05-14|ROL|Environmental & Facilities Services - Industrials|5|44.28|46.92
2024-05-14|VZ|Integrated Telecommunication Services - Communication Services|1|40.37|40.49
2024-05-14|VTRS|Pharmaceuticals - Health Care|1|11.6|11.14
2024-05-14|ED|Multi-Utilities - Utilities|1|90.19|96.64
2024-05-14|XEL|Multi-Utilities - Utilities|1|53.49|55.56
2024-05-14|VTRS|Pharmaceuticals - Health Care|1|11.57|11.14
2024-05-14|AVB|Multi-Family Residential REITs - Real Estate|5|183.78|197.49
2024-05-14|XOM|Integrated Oil & Gas - Energy|1|120.37|117.67
2024-05-14|XOM|Integrated Oil & Gas - Energy|7|119.68|117.67
2024-05-14|XEL|Multi-Utilities - Utilities|2|53.17|55.56
2024-05-14|VTRS|Pharmaceuticals - Health Care|1|11.32|11.14
2024-05-14|XEL|Multi-Utilities - Utilities|3|52.53|55.56
2024-05-14|XEL|Multi-Utilities - Utilities|1|53.19|55.56
2024-05-14|ED|Multi-Utilities - Utilities|5|90.9|96.64
2024-05-14|WYNN|Casinos & Gaming - Consumer Discretionary|1|96.1|98.04
2024-05-14|KMI|Oil & Gas Storage & Transportation - Energy|1|18.8|19.41
2024-05-14|VTRS|Pharmaceuticals - Health Care|1|11.47|11.14
2024-05-14|FITB|Regional Banks - Financials|1|36.9|38.47
2024-05-14|BAC|Diversified Banks - Financials|26|37.55|38.49
2024-05-14|CFG|Regional Banks - Financials|1|34.98|36.43
2024-05-14|CARR|Building Products - Industrials|16|61.49|64.96
2024-05-14|TFC|Diversified Banks - Financials|1|37.55|39.39
2024-05-14|CCL|Hotels, Resorts & Cruise Lines - Consumer Discretionary|7|14.46|14.52
2024-05-14|WDC|Technology Hardware, Storage & Peripherals - Information Technology|1|54.04|55.59
2024-05-14|IP|Paper & Plastic Packaging Products & Materials - Materials|10|39.28|39.85
2024-05-14|HPQ|Technology Hardware, Storage & Peripherals - Information Technology|1|29.44|30.76
2024-05-14|WBD|Broadcasting - Communication Services|1|7.8|8.56
2024-05-14|PSA|Self-Storage REITs - Real Estate|3|275.39|279.83
2024-05-14|KVUE|Personal Care Products - Consumer Staples|14|20.54|20.63
2024-05-14|WBD|Broadcasting - Communication Services|2|8.04|8.56
2024-05-14|MU|Semiconductors - Information Technology|7|121.24|124.81
2024-05-14|LRCX|Semiconductor Materials & Equipment - Information Technology|1|91.25|91.25
2024-05-14|HPE|Technology Hardware, Storage & Peripherals - Information Technology|1|17.65|17.65
2024-05-15|ZBH|Health Care Equipment - Health Care|8|121.39|120.98
2024-05-15|MMC|Insurance Brokers - Financials|1|192.86|206.33
2024-05-15|EXC|Electric Utilities - Utilities|8|36.03|38.73
2024-05-15|UPS|Air Freight & Logistics - Industrials|6|147.5|147.94
2024-05-15|LNT|Electric Utilities - Utilities|1|48.54|51.99
2024-05-15|ROL|Environmental & Facilities Services - Industrials|5|44.28|47.17
2024-05-15|VZ|Integrated Telecommunication Services - Communication Services|1|40.37|40.49
2024-05-15|VTRS|Pharmaceuticals - Health Care|1|11.6|11.07
2024-05-15|ED|Multi-Utilities - Utilities|1|90.19|96.91
2024-05-15|XEL|Multi-Utilities - Utilities|1|53.49|55.79
2024-05-15|VTRS|Pharmaceuticals - Health Care|1|11.57|11.07
2024-05-15|AVB|Multi-Family Residential REITs - Real Estate|5|183.78|198.46
2024-05-15|XOM|Integrated Oil & Gas - Energy|1|120.37|118.58
2024-05-15|XOM|Integrated Oil & Gas - Energy|7|119.68|118.58
2024-05-15|XEL|Multi-Utilities - Utilities|2|53.17|55.79
2024-05-15|VTRS|Pharmaceuticals - Health Care|1|11.32|11.07
2024-05-15|XEL|Multi-Utilities - Utilities|3|52.53|55.79
2024-05-15|XEL|Multi-Utilities - Utilities|1|53.19|55.79
2024-05-15|ED|Multi-Utilities - Utilities|5|90.9|96.91
2024-05-15|WYNN|Casinos & Gaming - Consumer Discretionary|1|96.1|97.62
2024-05-15|KMI|Oil & Gas Storage & Transportation - Energy|1|18.8|19.54
2024-05-15|VTRS|Pharmaceuticals - Health Care|1|11.47|11.07
2024-05-15|FITB|Regional Banks - Financials|1|36.9|38.98
2024-05-15|BAC|Diversified Banks - Financials|26|37.55|38.91
2024-05-15|CFG|Regional Banks - Financials|1|34.98|36.84
2024-05-15|CARR|Building Products - Industrials|16|61.49|65.8
2024-05-15|TFC|Diversified Banks - Financials|1|37.55|40.18
2024-05-15|CCL|Hotels, Resorts & Cruise Lines - Consumer Discretionary|7|14.46|14.86
2024-05-15|WDC|Technology Hardware, Storage & Peripherals - Information Technology|1|54.04|57.21
2024-05-15|IP|Paper & Plastic Packaging Products & Materials - Materials|10|39.28|39.71
2024-05-15|HPQ|Technology Hardware, Storage & Peripherals - Information Technology|1|29.44|31.36
2024-05-15|WBD|Broadcasting - Communication Services|1|7.8|8.2
2024-05-15|PSA|Self-Storage REITs - Real Estate|3|275.39|286.65
2024-05-15|KVUE|Personal Care Products - Consumer Staples|14|20.54|20.54
2024-05-15|WBD|Broadcasting - Communication Services|2|8.04|8.2
2024-05-15|MU|Semiconductors - Information Technology|7|121.24|127.81
2024-05-15|LRCX|Semiconductor Materials & Equipment - Information Technology|1|91.25|94.78
2024-05-15|HPE|Technology Hardware, Storage & Peripherals - Information Technology|1|17.65|17.97
2024-05-15|SMCI|Technology Hardware, Storage & Peripherals - Information Technology|1|95.24|95.24
2024-05-15|CSX|Rail Transportation - Industrials|1|33.84|33.84
2024-05-16|ZBH|Health Care Equipment - Health Care|8|121.39|121.23
2024-05-16|MMC|Insurance Brokers - Financials|1|192.86|209.14
2024-05-16|EXC|Electric Utilities - Utilities|8|36.03|38.62
2024-05-16|UPS|Air Freight & Logistics - Industrials|6|147.5|149.66
2024-05-16|LNT|Electric Utilities - Utilities|1|48.54|51.97
2024-05-16|ROL|Environmental & Facilities Services - Industrials|5|44.28|47.07
2024-05-16|VZ|Integrated Telecommunication Services - Communication Services|1|40.37|40.25
2024-05-16|ED|Multi-Utilities - Utilities|1|90.19|96.91
2024-05-16|XEL|Multi-Utilities - Utilities|1|53.49|55.85
2024-05-16|VTRS|Pharmaceuticals - Health Care|1|11.57|11.02
2024-05-16|AVB|Multi-Family Residential REITs - Real Estate|5|183.78|198.05
2024-05-16|XOM|Integrated Oil & Gas - Energy|1|120.37|117.87
2024-05-16|XOM|Integrated Oil & Gas - Energy|7|119.68|117.87
2024-05-16|XEL|Multi-Utilities - Utilities|2|53.17|55.85
2024-05-16|VTRS|Pharmaceuticals - Health Care|1|11.32|11.02
2024-05-16|XEL|Multi-Utilities - Utilities|3|52.53|55.85
2024-05-16|XEL|Multi-Utilities - Utilities|1|53.19|55.85
2024-05-16|ED|Multi-Utilities - Utilities|5|90.9|96.91
2024-05-16|WYNN|Casinos & Gaming - Consumer Discretionary|1|96.1|97.11
2024-05-16|KMI|Oil & Gas Storage & Transportation - Energy|1|18.8|19.6
2024-05-16|VTRS|Pharmaceuticals - Health Care|1|11.47|11.02
2024-05-16|FITB|Regional Banks - Financials|1|36.9|38.6
2024-05-16|BAC|Diversified Banks - Financials|26|37.55|39.22
2024-05-16|CFG|Regional Banks - Financials|1|34.98|36.52
2024-05-16|CARR|Building Products - Industrials|16|61.49|65.0
2024-05-16|TFC|Diversified Banks - Financials|1|37.55|40.15
2024-05-16|CCL|Hotels, Resorts & Cruise Lines - Consumer Discretionary|7|14.46|14.9
2024-05-16|WDC|Technology Hardware, Storage & Peripherals - Information Technology|1|54.04|56.01
2024-05-16|IP|Paper & Plastic Packaging Products & Materials - Materials|10|39.28|40.52
2024-05-16|HPQ|Technology Hardware, Storage & Peripherals - Information Technology|1|29.44|31.07
2024-05-16|WBD|Broadcasting - Communication Services|1|7.8|8.23
2024-05-16|PSA|Self-Storage REITs - Real Estate|3|275.39|287.02
2024-05-16|KVUE|Personal Care Products - Consumer Staples|14|20.54|20.6
2024-05-16|WBD|Broadcasting - Communication Services|2|8.04|8.23
2024-05-16|MU|Semiconductors - Information Technology|7|121.24|127.89
2024-05-16|LRCX|Semiconductor Materials & Equipment - Information Technology|1|91.25|94.29
2024-05-16|HPE|Technology Hardware, Storage & Peripherals - Information Technology|1|17.65|17.89
2024-05-16|CSX|Rail Transportation - Industrials|1|33.84|33.93
2024-05-16|GILD|Biotechnology - Health Care|1|67.86|67.86
2024-05-16|WBD|Broadcasting - Communication Services|4|8.23|8.23
2024-05-17|ZBH|Health Care Equipment - Health Care|8|121.39|120.18
2024-05-17|MMC|Insurance Brokers - Financials|1|192.86|209.97
2024-05-17|EXC|Electric Utilities - Utilities|8|36.03|38.58
2024-05-17|UPS|Air Freight & Logistics - Industrials|6|147.5|149.24
2024-05-17|LNT|Electric Utilities - Utilities|1|48.54|51.97
2024-05-17|ROL|Environmental & Facilities Services - Industrials|5|44.28|46.13
2024-05-17|VZ|Integrated Telecommunication Services - Communication Services|1|40.37|40.06
2024-05-17|ED|Multi-Utilities - Utilities|1|90.19|97.1
2024-05-17|XEL|Multi-Utilities - Utilities|1|53.49|55.52
2024-05-17|AVB|Multi-Family Residential REITs - Real Estate|5|183.78|198.89
2024-05-17|XOM|Integrated Oil & Gas - Energy|1|120.37|119.64
2024-05-17|XOM|Integrated Oil & Gas - Energy|7|119.68|119.64
2024-05-17|XEL|Multi-Utilities - Utilities|2|53.17|55.52
2024-05-17|VTRS|Pharmaceuticals - Health Care|1|11.32|10.98
2024-05-17|XEL|Multi-Utilities - Utilities|3|52.53|55.52
2024-05-17|XEL|Multi-Utilities - Utilities|1|53.19|55.52
2024-05-17|ED|Multi-Utilities - Utilities|5|90.9|97.1
2024-05-17|WYNN|Casinos & Gaming - Consumer Discretionary|1|96.1|96.79
2024-05-17|KMI|Oil & Gas Storage & Transportation - Energy|1|18.8|19.7
2024-05-17|VTRS|Pharmaceuticals - Health Care|1|11.47|10.98
2024-05-17|FITB|Regional Banks - Financials|1|36.9|38.56
2024-05-17|BAC|Diversified Banks - Financials|26|37.55|39.29
2024-05-17|CFG|Regional Banks - Financials|1|34.98|37.16
2024-05-17|CARR|Building Products - Industrials|16|61.49|65.23
2024-05-17|TFC|Diversified Banks - Financials|1|37.55|39.97
2024-05-17|CCL|Hotels, Resorts & Cruise Lines - Consumer Discretionary|7|14.46|15.0
2024-05-17|WDC|Technology Hardware, Storage & Peripherals - Information Technology|1|54.04|54.5
2024-05-17|IP|Paper & Plastic Packaging Products & Materials - Materials|10|39.28|40.64
2024-05-17|HPQ|Technology Hardware, Storage & Peripherals - Information Technology|1|29.44|31.19
2024-05-17|WBD|Broadcasting - Communication Services|1|7.8|8.05
2024-05-17|PSA|Self-Storage REITs - Real Estate|3|275.39|288.67
2024-05-17|KVUE|Personal Care Products - Consumer Staples|14|20.54|20.47
2024-05-17|WBD|Broadcasting - Communication Services|2|8.04|8.05
2024-05-17|MU|Semiconductors - Information Technology|7|121.24|125.29
2024-05-17|LRCX|Semiconductor Materials & Equipment - Information Technology|1|91.25|91.21
2024-05-17|HPE|Technology Hardware, Storage & Peripherals - Information Technology|1|17.65|17.86
2024-05-17|CSX|Rail Transportation - Industrials|1|33.84|33.52
2024-05-17|GILD|Biotechnology - Health Care|1|67.86|67.72
2024-05-17|WBD|Broadcasting - Communication Services|4|8.23|8.05
2024-05-17|WBD|Broadcasting - Communication Services|1|8.05|8.05
2024-05-20|ZBH|Health Care Equipment - Health Care|8|121.39|119.05
2024-05-20|MMC|Insurance Brokers - Financials|1|192.86|209.16
2024-05-20|EXC|Electric Utilities - Utilities|8|36.03|38.46
2024-05-20|UPS|Air Freight & Logistics - Industrials|6|147.5|147.59
2024-05-20|LNT|Electric Utilities - Utilities|1|48.54|51.78
2024-05-20|ROL|Environmental & Facilities Services - Industrials|5|44.28|46.79
2024-05-20|VZ|Integrated Telecommunication Services - Communication Services|1|40.37|40.12
2024-05-20|ED|Multi-Utilities - Utilities|1|90.19|96.51
2024-05-20|XEL|Multi-Utilities - Utilities|1|53.49|56.07
2024-05-20|AVB|Multi-Family Residential REITs - Real Estate|5|183.78|197.41
2024-05-20|XOM|Integrated Oil & Gas - Energy|1|120.37|118.67
2024-05-20|XOM|Integrated Oil & Gas - Energy|7|119.68|118.67
2024-05-20|XEL|Multi-Utilities - Utilities|2|53.17|56.07
2024-05-20|VTRS|Pharmaceuticals - Health Care|1|11.32|11.07
2024-05-20|XEL|Multi-Utilities - Utilities|3|52.53|56.07
2024-05-20|XEL|Multi-Utilities - Utilities|1|53.19|56.07
2024-05-20|ED|Multi-Utilities - Utilities|5|90.9|96.51
2024-05-20|WYNN|Casinos & Gaming - Consumer Discretionary|1|96.1|97.66
2024-05-20|KMI|Oil & Gas Storage & Transportation - Energy|1|18.8|19.84
2024-05-20|VTRS|Pharmaceuticals - Health Care|1|11.47|11.07
2024-05-20|FITB|Regional Banks - Financials|1|36.9|37.76
2024-05-20|BAC|Diversified Banks - Financials|26|37.55|38.82
2024-05-20|CFG|Regional Banks - Financials|1|34.98|36.49
2024-05-20|CARR|Building Products - Industrials|16|61.49|65.98
2024-05-20|TFC|Diversified Banks - Financials|1|37.55|39.03
2024-05-20|WDC|Technology Hardware, Storage & Peripherals - Information Technology|1|54.04|55.22
2024-05-20|IP|Paper & Plastic Packaging Products & Materials - Materials|10|39.28|41.18
2024-05-20|HPQ|Technology Hardware, Storage & Peripherals - Information Technology|1|29.44|31.82
2024-05-20|WBD|Broadcasting - Communication Services|1|7.8|8.09
2024-05-20|PSA|Self-Storage REITs - Real Estate|3|275.39|285.9
2024-05-20|KVUE|Personal Care Products - Consumer Staples|14|20.54|19.9
2024-05-20|WBD|Broadcasting - Communication Services|2|8.04|8.09
2024-05-20|MU|Semiconductors - Information Technology|7|121.24|129.0
2024-05-20|LRCX|Semiconductor Materials & Equipment - Information Technology|1|91.25|94.2
2024-05-20|HPE|Technology Hardware, Storage & Peripherals - Information Technology|1|17.65|17.8
2024-05-20|CSX|Rail Transportation - Industrials|1|33.84|33.41
2024-05-20|GILD|Biotechnology - Health Care|1|67.86|67.9
2024-05-20|WBD|Broadcasting - Communication Services|4|8.23|8.09
2024-05-20|WBD|Broadcasting - Communication Services|1|8.05|8.09
2024-05-20|CCL|Hotels, Resorts & Cruise Lines - Consumer Discretionary|7|16.09|16.09
2024-05-21|ZBH|Health Care Equipment - Health Care|8|121.39|119.0
2024-05-21|MMC|Insurance Brokers - Financials|1|192.86|209.93
2024-05-21|EXC|Electric Utilities - Utilities|8|36.03|38.52
2024-05-21|UPS|Air Freight & Logistics - Industrials|6|147.5|145.42
2024-05-21|LNT|Electric Utilities - Utilities|1|48.54|52.12
2024-05-21|ROL|Environmental & Facilities Services - Industrials|5|44.28|46.5
2024-05-21|VZ|Integrated Telecommunication Services - Communication Services|1|40.37|39.62
2024-05-21|ED|Multi-Utilities - Utilities|1|90.19|96.34
2024-05-21|XEL|Multi-Utilities - Utilities|1|53.49|56.74
2024-05-21|AVB|Multi-Family Residential REITs - Real Estate|5|183.78|198.47
2024-05-21|XOM|Integrated Oil & Gas - Energy|1|120.37|117.85
2024-05-21|XOM|Integrated Oil & Gas - Energy|7|119.68|117.85
2024-05-21|XEL|Multi-Utilities - Utilities|2|53.17|56.74
2024-05-21|VTRS|Pharmaceuticals - Health Care|1|11.32|10.96
2024-05-21|XEL|Multi-Utilities - Utilities|3|52.53|56.74
2024-05-21|XEL|Multi-Utilities - Utilities|1|53.19|56.74
2024-05-21|ED|Multi-Utilities - Utilities|5|90.9|96.34
2024-05-21|WYNN|Casinos & Gaming - Consumer Discretionary|1|96.1|96.59
2024-05-21|KMI|Oil & Gas Storage & Transportation - Energy|1|18.8|19.74
2024-05-21|VTRS|Pharmaceuticals - Health Care|1|11.47|10.96
2024-05-21|FITB|Regional Banks - Financials|1|36.9|38.04
2024-05-21|BAC|Diversified Banks - Financials|26|37.55|39.65
2024-05-21|CFG|Regional Banks - Financials|1|34.98|36.57
2024-05-21|CARR|Building Products - Industrials|16|61.49|66.22
2024-05-21|TFC|Diversified Banks - Financials|1|37.55|39.54
2024-05-21|WDC|Technology Hardware, Storage & Peripherals - Information Technology|1|54.04|55.94
2024-05-21|IP|Paper & Plastic Packaging Products & Materials - Materials|10|39.28|41.89
2024-05-21|WBD|Broadcasting - Communication Services|1|7.8|7.89
2024-05-21|PSA|Self-Storage REITs - Real Estate|3|275.39|283.03
2024-05-21|KVUE|Personal Care Products - Consumer Staples|14|20.54|19.97
2024-05-21|WBD|Broadcasting - Communication Services|2|8.04|7.89
2024-05-21|MU|Semiconductors - Information Technology|7|121.24|127.5
2024-05-21|LRCX|Semiconductor Materials & Equipment - Information Technology|1|91.25|96.4
2024-05-21|HPE|Technology Hardware, Storage & Peripherals - Information Technology|1|17.65|17.78
2024-05-21|CSX|Rail Transportation - Industrials|1|33.84|33.07
2024-05-21|GILD|Biotechnology - Health Care|1|67.86|67.29
2024-05-21|WBD|Broadcasting - Communication Services|4|8.23|7.89
2024-05-21|WBD|Broadcasting - Communication Services|1|8.05|7.89
2024-05-21|CCL|Hotels, Resorts & Cruise Lines - Consumer Discretionary|7|16.09|16.2
2024-05-21|WY|Timber REITs - Real Estate|1|31.11|31.11
2024-05-21|WBD|Broadcasting - Communication Services|1|7.89|7.89
2024-05-22|ZBH|Health Care Equipment - Health Care|8|121.39|119.33
2024-05-22|MMC|Insurance Brokers - Financials|1|192.86|210.82
2024-05-22|EXC|Electric Utilities - Utilities|8|36.03|37.9
2024-05-22|UPS|Air Freight & Logistics - Industrials|6|147.5|143.77
2024-05-22|LNT|Electric Utilities - Utilities|1|48.54|51.17
2024-05-22|ROL|Environmental & Facilities Services - Industrials|5|44.28|46.11
2024-05-22|VZ|Integrated Telecommunication Services - Communication Services|1|40.37|39.79
2024-05-22|ED|Multi-Utilities - Utilities|1|90.19|96.13
2024-05-22|XEL|Multi-Utilities - Utilities|1|53.49|55.52
2024-05-22|AVB|Multi-Family Residential REITs - Real Estate|5|183.78|197.6
2024-05-22|XOM|Integrated Oil & Gas - Energy|1|120.37|115.48
2024-05-22|XOM|Integrated Oil & Gas - Energy|7|119.68|115.48
2024-05-22|XEL|Multi-Utilities - Utilities|2|53.17|55.52
2024-05-22|VTRS|Pharmaceuticals - Health Care|1|11.32|10.88
2024-05-22|XEL|Multi-Utilities - Utilities|3|52.53|55.52
2024-05-22|XEL|Multi-Utilities - Utilities|1|53.19|55.52
2024-05-22|ED|Multi-Utilities - Utilities|5|90.9|96.13
2024-05-22|WYNN|Casinos & Gaming - Consumer Discretionary|1|96.1|95.48
2024-05-22|KMI|Oil & Gas Storage & Transportation - Energy|1|18.8|19.39
2024-05-22|FITB|Regional Banks - Financials|1|36.9|37.59
2024-05-22|BAC|Diversified Banks - Financials|26|37.55|39.76
2024-05-22|CFG|Regional Banks - Financials|1|34.98|35.91
2024-05-22|CARR|Building Products - Industrials|16|61.49|65.35
2024-05-22|TFC|Diversified Banks - Financials|1|37.55|38.89
2024-05-22|WDC|Technology Hardware, Storage & Peripherals - Information Technology|1|54.04|55.59
2024-05-22|IP|Paper & Plastic Packaging Products & Materials - Materials|10|39.28|42.1
2024-05-22|WBD|Broadcasting - Communication Services|1|7.8|8.06
2024-05-22|PSA|Self-Storage REITs - Real Estate|3|275.39|283.01
2024-05-22|KVUE|Personal Care Products - Consumer Staples|14|20.54|19.88
2024-05-22|WBD|Broadcasting - Communication Services|2|8.04|8.06
2024-05-22|MU|Semiconductors - Information Technology|7|121.24|126.28
2024-05-22|LRCX|Semiconductor Materials & Equipment - Information Technology|1|91.25|96.58
2024-05-22|HPE|Technology Hardware, Storage & Peripherals - Information Technology|1|17.65|18.15
2024-05-22|CSX|Rail Transportation - Industrials|1|33.84|34.01
2024-05-22|GILD|Biotechnology - Health Care|1|67.86|67.8
2024-05-22|WBD|Broadcasting - Communication Services|4|8.23|8.06
2024-05-22|WBD|Broadcasting - Communication Services|1|8.05|8.06
2024-05-22|CCL|Hotels, Resorts & Cruise Lines - Consumer Discretionary|7|16.09|15.65
2024-05-22|WY|Timber REITs - Real Estate|1|31.11|30.7
2024-05-22|WBD|Broadcasting - Communication Services|1|7.89|8.06
2024-05-22|WBD|Broadcasting - Communication Services|1|8.06|8.06
2024-05-23|ZBH|Health Care Equipment - Health Care|8|121.39|115.85
2024-05-23|MMC|Insurance Brokers - Financials|1|192.86|207.99
2024-05-23|EXC|Electric Utilities - Utilities|8|36.03|37.03
2024-05-23|LNT|Electric Utilities - Utilities|1|48.54|50.01
2024-05-23|ROL|Environmental & Facilities Services - Industrials|5|44.28|45.38
2024-05-23|VZ|Integrated Telecommunication Services - Communication Services|1|40.37|39.43
2024-05-23|ED|Multi-Utilities - Utilities|1|90.19|93.87
2024-05-23|XEL|Multi-Utilities - Utilities|1|53.49|54.05
2024-05-23|AVB|Multi-Family Residential REITs - Real Estate|5|183.78|193.96
2024-05-23|XEL|Multi-Utilities - Utilities|2|53.17|54.05
2024-05-23|XEL|Multi-Utilities - Utilities|3|52.53|54.05
2024-05-23|XEL|Multi-Utilities - Utilities|1|53.19|54.05
2024-05-23|ED|Multi-Utilities - Utilities|5|90.9|93.87
2024-05-23|WYNN|Casinos & Gaming - Consumer Discretionary|1|96.1|94.09
2024-05-23|KMI|Oil & Gas Storage & Transportation - Energy|1|18.8|19.08
2024-05-23|FITB|Regional Banks - Financials|1|36.9|36.82
2024-05-23|BAC|Diversified Banks - Financials|26|37.55|39.17
2024-05-23|CFG|Regional Banks - Financials|1|34.98|35.12
2024-05-23|CARR|Building Products - Industrials|16|61.49|64.35
2024-05-23|TFC|Diversified Banks - Financials|1|37.55|38.24
2024-05-23|WDC|Technology Hardware, Storage & Peripherals - Information Technology|1|54.04|56.05
2024-05-23|WBD|Broadcasting - Communication Services|1|7.8|7.7
2024-05-23|PSA|Self-Storage REITs - Real Estate|3|275.39|274.36
2024-05-23|WBD|Broadcasting - Communication Services|2|8.04|7.7
2024-05-23|MU|Semiconductors - Information Technology|7|121.24|126.27
2024-05-23|LRCX|Semiconductor Materials & Equipment - Information Technology|1|91.25|95.81
2024-05-23|HPE|Technology Hardware, Storage & Peripherals - Information Technology|1|17.65|18.24
2024-05-23|CSX|Rail Transportation - Industrials|1|33.84|33.5
2024-05-23|GILD|Biotechnology - Health Care|1|67.86|66.17
2024-05-23|WBD|Broadcasting - Communication Services|1|8.05|7.7
2024-05-23|WY|Timber REITs - Real Estate|1|31.11|30.11
2024-05-23|WBD|Broadcasting - Communication Services|1|7.89|7.7
2024-05-23|WBD|Broadcasting - Communication Services|1|8.06|7.7
2024-05-23|INTC|Semiconductors - Information Technology|6|30.08|30.08
2024-05-23|CF|Fertilizers & Agricultural Chemicals - Materials|13|78.26|78.26
2024-05-23|VLO|Oil & Gas Refining & Marketing - Energy|6|162.56|162.56
2024-05-23|VRSN|Internet Services & Infrastructure - Information Technology|2|172.0|172.0
2024-05-23|XEL|Multi-Utilities - Utilities|1|54.05|54.05
2024-05-23|WY|Timber REITs - Real Estate|1|30.11|30.11
2024-05-28|ZBH|Health Care Equipment - Health Care|8|121.39|116.33
2024-05-28|MMC|Insurance Brokers - Financials|1|192.86|203.97
2024-05-28|EXC|Electric Utilities - Utilities|8|36.03|36.78
2024-05-28|LNT|Electric Utilities - Utilities|1|48.54|49.87
2024-05-28|ROL|Environmental & Facilities Services - Industrials|5|44.28|46.16
2024-05-28|VZ|Integrated Telecommunication Services - Communication Services|1|40.37|39.36
2024-05-28|ED|Multi-Utilities - Utilities|1|90.19|93.21
2024-05-28|XEL|Multi-Utilities - Utilities|1|53.49|53.74
2024-05-28|AVB|Multi-Family Residential REITs - Real Estate|5|183.78|192.25
2024-05-28|XEL|Multi-Utilities - Utilities|2|53.17|53.74
2024-05-28|XEL|Multi-Utilities - Utilities|3|52.53|53.74
2024-05-28|XEL|Multi-Utilities - Utilities|1|53.19|53.74
2024-05-28|ED|Multi-Utilities - Utilities|5|90.9|93.21
2024-05-28|WYNN|Casinos & Gaming - Consumer Discretionary|1|96.1|93.51
2024-05-28|KMI|Oil & Gas Storage & Transportation - Energy|1|18.8|19.07
2024-05-28|FITB|Regional Banks - Financials|1|36.9|36.68
2024-05-28|BAC|Diversified Banks - Financials|26|37.55|39.32
2024-05-28|CFG|Regional Banks - Financials|1|34.98|34.66
2024-05-28|CARR|Building Products - Industrials|16|61.49|64.67
2024-05-28|TFC|Diversified Banks - Financials|1|37.55|37.75
2024-05-28|WDC|Technology Hardware, Storage & Peripherals - Information Technology|1|54.04|57.55
2024-05-28|WBD|Broadcasting - Communication Services|1|7.8|7.87
2024-05-28|PSA|Self-Storage REITs - Real Estate|3|275.39|270.49
2024-05-28|WBD|Broadcasting - Communication Services|2|8.04|7.87
2024-05-28|MU|Semiconductors - Information Technology|7|121.24|132.67
2024-05-28|LRCX|Semiconductor Materials & Equipment - Information Technology|1|91.25|97.13
2024-05-28|HPE|Technology Hardware, Storage & Peripherals - Information Technology|1|17.65|18.41
2024-05-28|CSX|Rail Transportation - Industrials|1|33.84|33.48
2024-05-28|WBD|Broadcasting - Communication Services|1|8.05|7.87
2024-05-28|WY|Timber REITs - Real Estate|1|31.11|29.76
2024-05-28|WBD|Broadcasting - Communication Services|1|7.89|7.87
2024-05-28|WBD|Broadcasting - Communication Services|1|8.06|7.87
2024-05-28|INTC|Semiconductors - Information Technology|6|30.08|31.06
2024-05-28|CF|Fertilizers & Agricultural Chemicals - Materials|13|78.26|78.71
2024-05-28|VLO|Oil & Gas Refining & Marketing - Energy|6|162.56|163.57
2024-05-28|VRSN|Internet Services & Infrastructure - Information Technology|2|172.0|171.05
2024-05-28|XEL|Multi-Utilities - Utilities|1|54.05|53.74
2024-05-28|WY|Timber REITs - Real Estate|1|30.11|29.76
2024-05-28|XEL|Multi-Utilities - Utilities|1|53.74|53.74
2024-05-28|WBD|Broadcasting - Communication Services|1|7.87|7.87
2024-05-29|MMC|Insurance Brokers - Financials|1|192.86|201.96
2024-05-29|EXC|Electric Utilities - Utilities|8|36.03|36.18
2024-05-29|LNT|Electric Utilities - Utilities|1|48.54|49.36
2024-05-29|ROL|Environmental & Facilities Services - Industrials|5|44.28|45.35
2024-05-29|VZ|Integrated Telecommunication Services - Communication Services|1|40.37|39.1
2024-05-29|ED|Multi-Utilities - Utilities|1|90.19|91.91
2024-05-29|XEL|Multi-Utilities - Utilities|1|53.49|53.3
2024-05-29|AVB|Multi-Family Residential REITs - Real Estate|5|183.78|188.59
2024-05-29|XEL|Multi-Utilities - Utilities|2|53.17|53.3
2024-05-29|XEL|Multi-Utilities - Utilities|3|52.53|53.3
2024-05-29|XEL|Multi-Utilities - Utilities|1|53.19|53.3
2024-05-29|ED|Multi-Utilities - Utilities|5|90.9|91.91
2024-05-29|WYNN|Casinos & Gaming - Consumer Discretionary|1|96.1|92.53
2024-05-29|KMI|Oil & Gas Storage & Transportation - Energy|1|18.8|18.91
2024-05-29|FITB|Regional Banks - Financials|1|36.9|36.26
2024-05-29|BAC|Diversified Banks - Financials|26|37.55|38.72
2024-05-29|CFG|Regional Banks - Financials|1|34.98|34.2
2024-05-29|CARR|Building Products - Industrials|16|61.49|63.07
2024-05-29|TFC|Diversified Banks - Financials|1|37.55|37.46
2024-05-29|WDC|Technology Hardware, Storage & Peripherals - Information Technology|1|54.04|58.53
2024-05-29|WBD|Broadcasting - Communication Services|1|7.8|7.66
2024-05-29|PSA|Self-Storage REITs - Real Estate|3|275.39|263.8
2024-05-29|WBD|Broadcasting - Communication Services|2|8.04|7.66
2024-05-29|MU|Semiconductors - Information Technology|7|121.24|131.58
2024-05-29|LRCX|Semiconductor Materials & Equipment - Information Technology|1|91.25|95.32
2024-05-29|HPE|Technology Hardware, Storage & Peripherals - Information Technology|1|17.65|18.18
2024-05-29|CSX|Rail Transportation - Industrials|1|33.84|33.24
2024-05-29|WBD|Broadcasting - Communication Services|1|8.05|7.66
2024-05-29|WBD|Broadcasting - Communication Services|1|7.89|7.66
2024-05-29|WBD|Broadcasting - Communication Services|1|8.06|7.66
2024-05-29|INTC|Semiconductors - Information Technology|6|30.08|30.13
2024-05-29|CF|Fertilizers & Agricultural Chemicals - Materials|13|78.26|77.1
2024-05-29|VLO|Oil & Gas Refining & Marketing - Energy|6|162.56|155.69
2024-05-29|VRSN|Internet Services & Infrastructure - Information Technology|2|172.0|170.81
2024-05-29|XEL|Multi-Utilities - Utilities|1|54.05|53.3
2024-05-29|WY|Timber REITs - Real Estate|1|30.11|29.36
2024-05-29|XEL|Multi-Utilities - Utilities|1|53.74|53.3
2024-05-29|WBD|Broadcasting - Communication Services|1|7.87|7.66
2024-05-29|NCLH|Hotels, Resorts & Cruise Lines - Consumer Discretionary|58|16.49|16.49
2024-05-30|MMC|Insurance Brokers - Financials|1|192.86|204.4
2024-05-30|EXC|Electric Utilities - Utilities|8|36.03|36.73
2024-05-30|LNT|Electric Utilities - Utilities|1|48.54|50.16
2024-05-30|ROL|Environmental & Facilities Services - Industrials|5|44.28|45.86
2024-05-30|VZ|Integrated Telecommunication Services - Communication Services|1|40.37|40.33
2024-05-30|ED|Multi-Utilities - Utilities|1|90.19|92.45
2024-05-30|XEL|Multi-Utilities - Utilities|1|53.49|54.32
2024-05-30|AVB|Multi-Family Residential REITs - Real Estate|5|183.78|189.98
2024-05-30|XEL|Multi-Utilities - Utilities|2|53.17|54.32
2024-05-30|XEL|Multi-Utilities - Utilities|3|52.53|54.32
2024-05-30|XEL|Multi-Utilities - Utilities|1|53.19|54.32
2024-05-30|ED|Multi-Utilities - Utilities|5|90.9|92.45
2024-05-30|WYNN|Casinos & Gaming - Consumer Discretionary|1|96.1|92.54
2024-05-30|KMI|Oil & Gas Storage & Transportation - Energy|1|18.8|19.0
2024-05-30|FITB|Regional Banks - Financials|1|36.9|36.75
2024-05-30|BAC|Diversified Banks - Financials|26|37.55|38.63
2024-05-30|CFG|Regional Banks - Financials|1|34.98|34.41
2024-05-30|CARR|Building Products - Industrials|16|61.49|63.34
2024-05-30|TFC|Diversified Banks - Financials|1|37.55|37.12
2024-05-30|WDC|Technology Hardware, Storage & Peripherals - Information Technology|1|54.04|57.07
2024-05-30|WBD|Broadcasting - Communication Services|1|7.8|8.08
2024-05-30|PSA|Self-Storage REITs - Real Estate|3|275.39|268.24
2024-05-30|WBD|Broadcasting - Communication Services|2|8.04|8.08
2024-05-30|MU|Semiconductors - Information Technology|7|121.24|126.29
2024-05-30|LRCX|Semiconductor Materials & Equipment - Information Technology|1|91.25|95.07
2024-05-30|HPE|Technology Hardware, Storage & Peripherals - Information Technology|1|17.65|18.52
2024-05-30|CSX|Rail Transportation - Industrials|1|33.84|33.3
2024-05-30|WBD|Broadcasting - Communication Services|1|8.05|8.08
2024-05-30|WBD|Broadcasting - Communication Services|1|7.89|8.08
2024-05-30|WBD|Broadcasting - Communication Services|1|8.06|8.08
2024-05-30|INTC|Semiconductors - Information Technology|6|30.08|30.19
2024-05-30|CF|Fertilizers & Agricultural Chemicals - Materials|13|78.26|76.98
2024-05-30|VRSN|Internet Services & Infrastructure - Information Technology|2|172.0|169.58
2024-05-30|XEL|Multi-Utilities - Utilities|1|54.05|54.32
2024-05-30|WY|Timber REITs - Real Estate|1|30.11|29.72
2024-05-30|XEL|Multi-Utilities - Utilities|1|53.74|54.32
2024-05-30|WBD|Broadcasting - Communication Services|1|7.87|8.08
2024-05-30|NCLH|Hotels, Resorts & Cruise Lines - Consumer Discretionary|58|16.49|16.45
2024-05-30|CVS|Health Care Services - Health Care|16|56.04|56.04
2024-05-30|WBD|Broadcasting - Communication Services|1|8.08|8.08
2024-06-05|MMC|Insurance Brokers - Financials|1|192.86|208.13
2024-06-05|EXC|Electric Utilities - Utilities|8|36.03|36.79
2024-06-05|LNT|Electric Utilities - Utilities|1|48.54|51.11
2024-06-05|ROL|Environmental & Facilities Services - Industrials|5|44.28|47.45
2024-06-05|VZ|Integrated Telecommunication Services - Communication Services|1|40.37|41.35
2024-06-05|ED|Multi-Utilities - Utilities|1|90.19|92.6
2024-06-05|XEL|Multi-Utilities - Utilities|1|53.49|55.16
2024-06-05|AVB|Multi-Family Residential REITs - Real Estate|5|183.78|198.48
2024-06-05|XEL|Multi-Utilities - Utilities|2|53.17|55.16
2024-06-05|XEL|Multi-Utilities - Utilities|3|52.53|55.16
2024-06-05|XEL|Multi-Utilities - Utilities|1|53.19|55.16
2024-06-05|ED|Multi-Utilities - Utilities|5|90.9|92.6
2024-06-05|WYNN|Casinos & Gaming - Consumer Discretionary|1|96.1|93.36
2024-06-05|KMI|Oil & Gas Storage & Transportation - Energy|1|18.8|19.79
2024-06-05|FITB|Regional Banks - Financials|1|36.9|36.38
2024-06-05|BAC|Diversified Banks - Financials|26|37.55|39.96
2024-06-05|CFG|Regional Banks - Financials|1|34.98|34.11
2024-06-05|CARR|Building Products - Industrials|16|61.49|63.17
2024-06-05|TFC|Diversified Banks - Financials|1|37.55|36.63
2024-06-05|WDC|Technology Hardware, Storage & Peripherals - Information Technology|1|54.04|58.13
2024-06-05|WBD|Broadcasting - Communication Services|1|7.8|8.3
2024-06-05|PSA|Self-Storage REITs - Real Estate|3|275.39|277.14
2024-06-05|WBD|Broadcasting - Communication Services|2|8.04|8.3
2024-06-05|LRCX|Semiconductor Materials & Equipment - Information Technology|1|91.25|97.17
2024-06-05|CSX|Rail Transportation - Industrials|1|33.84|33.05
2024-06-05|WBD|Broadcasting - Communication Services|1|8.05|8.3
2024-06-05|WBD|Broadcasting - Communication Services|1|7.89|8.3
2024-06-05|WBD|Broadcasting - Communication Services|1|8.06|8.3
2024-06-05|INTC|Semiconductors - Information Technology|6|30.08|30.78
2024-06-05|CF|Fertilizers & Agricultural Chemicals - Materials|13|78.26|76.84
2024-06-05|VRSN|Internet Services & Infrastructure - Information Technology|2|172.0|180.78
2024-06-05|XEL|Multi-Utilities - Utilities|1|54.05|55.16
2024-06-05|WY|Timber REITs - Real Estate|1|30.11|29.45
2024-06-05|XEL|Multi-Utilities - Utilities|1|53.74|55.16
2024-06-05|WBD|Broadcasting - Communication Services|1|7.87|8.3
2024-06-05|CVS|Health Care Services - Health Care|16|56.04|60.7
2024-06-05|WBD|Broadcasting - Communication Services|1|8.08|8.3
2024-06-05|COR|Health Care Distributors - Health Care|4|231.77|231.77
2024-06-05|PLTR|Internet Services & Infrastructure - Information Technology|30|22.96|22.96
2024-06-05|PODD|Health Care Equipment - Health Care|2|187.68|187.68
2024-06-05|WY|Timber REITs - Real Estate|1|29.45|29.45
2024-06-07|MMC|Insurance Brokers - Financials|1|192.86|209.99
2024-06-07|EXC|Electric Utilities - Utilities|8|36.03|36.17
2024-06-07|LNT|Electric Utilities - Utilities|1|48.54|50.13
2024-06-07|ROL|Environmental & Facilities Services - Industrials|5|44.28|46.57
2024-06-07|VZ|Integrated Telecommunication Services - Communication Services|1|40.37|40.94
2024-06-07|ED|Multi-Utilities - Utilities|1|90.19|91.61
2024-06-07|XEL|Multi-Utilities - Utilities|1|53.49|54.74
2024-06-07|AVB|Multi-Family Residential REITs - Real Estate|5|183.78|197.21
2024-06-07|XEL|Multi-Utilities - Utilities|2|53.17|54.74
2024-06-07|XEL|Multi-Utilities - Utilities|3|52.53|54.74
2024-06-07|XEL|Multi-Utilities - Utilities|1|53.19|54.74
2024-06-07|ED|Multi-Utilities - Utilities|5|90.9|91.61
2024-06-07|WYNN|Casinos & Gaming - Consumer Discretionary|1|96.1|93.14
2024-06-07|KMI|Oil & Gas Storage & Transportation - Energy|1|18.8|19.62
2024-06-07|FITB|Regional Banks - Financials|1|36.9|36.13
2024-06-07|BAC|Diversified Banks - Financials|26|37.55|39.78
2024-06-07|CFG|Regional Banks - Financials|1|34.98|34.15
2024-06-07|CARR|Building Products - Industrials|16|61.49|62.71
2024-06-07|TFC|Diversified Banks - Financials|1|37.55|36.17
2024-06-07|WDC|Technology Hardware, Storage & Peripherals - Information Technology|1|54.04|56.67
2024-06-07|WBD|Broadcasting - Communication Services|1|7.8|8.27
2024-06-07|PSA|Self-Storage REITs - Real Estate|3|275.39|273.82
2024-06-07|WBD|Broadcasting - Communication Services|2|8.04|8.27
2024-06-07|LRCX|Semiconductor Materials & Equipment - Information Technology|1|91.25|96.27
2024-06-07|CSX|Rail Transportation - Industrials|1|33.84|32.75
2024-06-07|WBD|Broadcasting - Communication Services|1|8.05|8.27
2024-06-07|WBD|Broadcasting - Communication Services|1|7.89|8.27
2024-06-07|WBD|Broadcasting - Communication Services|1|8.06|8.27
2024-06-07|INTC|Semiconductors - Information Technology|6|30.08|30.74
2024-06-07|CF|Fertilizers & Agricultural Chemicals - Materials|13|78.26|77.86
2024-06-07|VRSN|Internet Services & Infrastructure - Information Technology|2|172.0|180.46
2024-06-07|XEL|Multi-Utilities - Utilities|1|54.05|54.74
2024-06-07|WY|Timber REITs - Real Estate|1|30.11|29.36
2024-06-07|XEL|Multi-Utilities - Utilities|1|53.74|54.74
2024-06-07|WBD|Broadcasting - Communication Services|1|7.87|8.27
2024-06-07|WBD|Broadcasting - Communication Services|1|8.08|8.27
2024-06-07|COR|Health Care Distributors - Health Care|4|231.77|235.47
2024-06-07|PLTR|Internet Services & Infrastructure - Information Technology|30|22.96|23.31
2024-06-07|PODD|Health Care Equipment - Health Care|2|187.68|191.42
2024-06-07|WY|Timber REITs - Real Estate|1|29.45|29.36
2024-06-07|BA|Aerospace & Defense - Industrials|5|190.24|190.24
2024-06-07|MTCH|Interactive Media & Services - Communication Services|1|32.02|32.02
2024-06-07|WBD|Broadcasting - Communication Services|1|8.27|8.27
2024-06-12|MMC|Insurance Brokers - Financials|1|192.86|210.48
2024-06-12|EXC|Electric Utilities - Utilities|8|36.03|34.75
2024-06-12|LNT|Electric Utilities - Utilities|1|48.54|49.85
2024-06-12|ROL|Environmental & Facilities Services - Industrials|5|44.28|47.92
2024-06-12|VZ|Integrated Telecommunication Services - Communication Services|1|40.37|39.77
2024-06-12|ED|Multi-Utilities - Utilities|1|90.19|91.14
2024-06-12|XEL|Multi-Utilities - Utilities|1|53.49|54.77
2024-06-12|AVB|Multi-Family Residential REITs - Real Estate|5|183.78|198.76
2024-06-12|XEL|Multi-Utilities - Utilities|2|53.17|54.77
2024-06-12|XEL|Multi-Utilities - Utilities|3|52.53|54.77
2024-06-12|XEL|Multi-Utilities - Utilities|1|53.19|54.77
2024-06-12|ED|Multi-Utilities - Utilities|5|90.9|91.14
2024-06-12|KMI|Oil & Gas Storage & Transportation - Energy|1|18.8|19.88
2024-06-12|FITB|Regional Banks - Financials|1|36.9|36.05
2024-06-12|BAC|Diversified Banks - Financials|26|37.55|39.41
2024-06-12|CFG|Regional Banks - Financials|1|34.98|35.16
2024-06-12|CARR|Building Products - Industrials|16|61.49|64.38
2024-06-12|TFC|Diversified Banks - Financials|1|37.55|36.81
2024-06-12|WBD|Broadcasting - Communication Services|1|7.8|7.81
2024-06-12|PSA|Self-Storage REITs - Real Estate|3|275.39|275.74
2024-06-12|WBD|Broadcasting - Communication Services|2|8.04|7.81
2024-06-12|CSX|Rail Transportation - Industrials|1|33.84|32.76
2024-06-12|WBD|Broadcasting - Communication Services|1|8.05|7.81
2024-06-12|WBD|Broadcasting - Communication Services|1|7.89|7.81
2024-06-12|WBD|Broadcasting - Communication Services|1|8.06|7.81
2024-06-12|INTC|Semiconductors - Information Technology|6|30.08|30.76
2024-06-12|CF|Fertilizers & Agricultural Chemicals - Materials|13|78.26|75.19
2024-06-12|VRSN|Internet Services & Infrastructure - Information Technology|2|172.0|180.06
2024-06-12|XEL|Multi-Utilities - Utilities|1|54.05|54.77
2024-06-12|WY|Timber REITs - Real Estate|1|30.11|29.21
2024-06-12|XEL|Multi-Utilities - Utilities|1|53.74|54.77
2024-06-12|WBD|Broadcasting - Communication Services|1|7.87|7.81
2024-06-12|WBD|Broadcasting - Communication Services|1|8.08|7.81
2024-06-12|COR|Health Care Distributors - Health Care|4|231.77|230.14
2024-06-12|PLTR|Internet Services & Infrastructure - Information Technology|30|22.96|23.77
2024-06-12|PODD|Health Care Equipment - Health Care|2|187.68|200.67
2024-06-12|WY|Timber REITs - Real Estate|1|29.45|29.21
2024-06-12|BA|Aerospace & Defense - Industrials|5|190.24|182.67
2024-06-12|MTCH|Interactive Media & Services - Communication Services|1|32.02|31.05
2024-06-12|ORCL|Application Software - Information Technology|1|140.38|140.38
2024-06-12|SWKS|Semiconductors - Information Technology|1|102.64|102.64
2024-06-12|F|Automobile Manufacturers - Consumer Discretionary|1|12.08|12.08
2024-06-12|WBD|Broadcasting - Communication Services|1|7.81|7.81
2024-06-13|MMC|Insurance Brokers - Financials|1|192.86|209.5
2024-06-13|EXC|Electric Utilities - Utilities|8|36.03|35.41
2024-06-13|LNT|Electric Utilities - Utilities|1|48.54|49.84
2024-06-13|ROL|Environmental & Facilities Services - Industrials|5|44.28|47.86
2024-06-13|VZ|Integrated Telecommunication Services - Communication Services|1|40.37|39.78
2024-06-13|ED|Multi-Utilities - Utilities|1|90.19|90.61
2024-06-13|XEL|Multi-Utilities - Utilities|1|53.49|54.34
2024-06-13|AVB|Multi-Family Residential REITs - Real Estate|5|183.78|199.91
2024-06-13|XEL|Multi-Utilities - Utilities|2|53.17|54.34
2024-06-13|XEL|Multi-Utilities - Utilities|3|52.53|54.34
2024-06-13|XEL|Multi-Utilities - Utilities|1|53.19|54.34
2024-06-13|ED|Multi-Utilities - Utilities|5|90.9|90.61
2024-06-13|KMI|Oil & Gas Storage & Transportation - Energy|1|18.8|19.76
2024-06-13|FITB|Regional Banks - Financials|1|36.9|35.61
2024-06-13|BAC|Diversified Banks - Financials|26|37.55|39.26
2024-06-13|CFG|Regional Banks - Financials|1|34.98|34.49
2024-06-13|CARR|Building Products - Industrials|16|61.49|63.99
2024-06-13|TFC|Diversified Banks - Financials|1|37.55|36.36
2024-06-13|PSA|Self-Storage REITs - Real Estate|3|275.39|282.6
2024-06-13|CSX|Rail Transportation - Industrials|1|33.84|32.53
2024-06-13|INTC|Semiconductors - Information Technology|6|30.08|30.46
2024-06-13|VRSN|Internet Services & Infrastructure - Information Technology|2|172.0|179.7
2024-06-13|XEL|Multi-Utilities - Utilities|1|54.05|54.34
2024-06-13|WY|Timber REITs - Real Estate|1|30.11|29.02
2024-06-13|XEL|Multi-Utilities - Utilities|1|53.74|54.34
2024-06-13|COR|Health Care Distributors - Health Care|4|231.77|232.23
2024-06-13|PLTR|Internet Services & Infrastructure - Information Technology|30|22.96|23.27
2024-06-13|PODD|Health Care Equipment - Health Care|2|187.68|201.84
2024-06-13|WY|Timber REITs - Real Estate|1|29.45|29.02
2024-06-13|MTCH|Interactive Media & Services - Communication Services|1|32.02|31.6
2024-06-13|ORCL|Application Software - Information Technology|1|140.38|139.85
2024-06-13|SWKS|Semiconductors - Information Technology|1|102.64|106.33
2024-06-13|F|Automobile Manufacturers - Consumer Discretionary|1|12.08|11.94
2024-06-13|AMZN|Broadline Retail - Consumer Discretionary|5|183.83|183.83
2024-06-13|ADSK|Application Software - Information Technology|4|223.1|223.1
2024-06-13|CL|Household Products - Consumer Staples|1|94.76|94.76
2024-06-13|WBD|Broadcasting - Communication Services|1|7.29|7.29
2024-06-14|MMC|Insurance Brokers - Financials|1|192.86|208.88
2024-06-14|EXC|Electric Utilities - Utilities|8|36.03|35.54
2024-06-14|LNT|Electric Utilities - Utilities|1|48.54|49.84
2024-06-14|ROL|Environmental & Facilities Services - Industrials|5|44.28|48.5
2024-06-14|VZ|Integrated Telecommunication Services - Communication Services|1|40.37|39.67
2024-06-14|ED|Multi-Utilities - Utilities|1|90.19|90.87
2024-06-14|XEL|Multi-Utilities - Utilities|1|53.49|53.77
2024-06-14|AVB|Multi-Family Residential REITs - Real Estate|5|183.78|201.89
2024-06-14|XEL|Multi-Utilities - Utilities|2|53.17|53.77
2024-06-14|XEL|Multi-Utilities - Utilities|3|52.53|53.77
2024-06-14|XEL|Multi-Utilities - Utilities|1|53.19|53.77
2024-06-14|ED|Multi-Utilities - Utilities|5|90.9|90.87
2024-06-14|KMI|Oil & Gas Storage & Transportation - Energy|1|18.8|19.59
2024-06-14|FITB|Regional Banks - Financials|1|36.9|35.22
2024-06-14|BAC|Diversified Banks - Financials|26|37.55|39.24
2024-06-14|CFG|Regional Banks - Financials|1|34.98|34.07
2024-06-14|CARR|Building Products - Industrials|16|61.49|64.35
2024-06-14|PSA|Self-Storage REITs - Real Estate|3|275.39|283.25
2024-06-14|CSX|Rail Transportation - Industrials|1|33.84|32.18
2024-06-14|INTC|Semiconductors - Information Technology|6|30.08|30.45
2024-06-14|VRSN|Internet Services & Infrastructure - Information Technology|2|172.0|180.31
2024-06-14|XEL|Multi-Utilities - Utilities|1|54.05|53.77
2024-06-14|WY|Timber REITs - Real Estate|1|30.11|29.0
2024-06-14|XEL|Multi-Utilities - Utilities|1|53.74|53.77
2024-06-14|COR|Health Care Distributors - Health Care|4|231.77|232.53
2024-06-14|PLTR|Internet Services & Infrastructure - Information Technology|30|22.96|23.57
2024-06-14|PODD|Health Care Equipment - Health Care|2|187.68|200.45
2024-06-14|WY|Timber REITs - Real Estate|1|29.45|29.0
2024-06-14|MTCH|Interactive Media & Services - Communication Services|1|32.02|31.55
2024-06-14|ORCL|Application Software - Information Technology|1|140.38|138.13
2024-06-14|SWKS|Semiconductors - Information Technology|1|102.64|104.37
2024-06-14|F|Automobile Manufacturers - Consumer Discretionary|1|12.08|11.71
2024-06-14|AMZN|Broadline Retail - Consumer Discretionary|5|183.83|183.66
2024-06-14|ADSK|Application Software - Information Technology|4|223.1|225.87
2024-06-14|CL|Household Products - Consumer Staples|1|94.76|94.62
2024-06-14|WBD|Broadcasting - Communication Services|1|7.29|7.24
2024-06-14|WY|Timber REITs - Real Estate|1|29.0|29.0
2024-06-14|WBD|Broadcasting - Communication Services|1|7.24|7.24
2024-06-17|MMC|Insurance Brokers - Financials|1|192.86|211.52
2024-06-17|EXC|Electric Utilities - Utilities|8|36.03|35.17
2024-06-17|LNT|Electric Utilities - Utilities|1|48.54|49.67
2024-06-17|VZ|Integrated Telecommunication Services - Communication Services|1|40.37|39.46
2024-06-17|ED|Multi-Utilities - Utilities|1|90.19|90.65
2024-06-17|XEL|Multi-Utilities - Utilities|1|53.49|53.24
2024-06-17|AVB|Multi-Family Residential REITs - Real Estate|5|183.78|201.6
2024-06-17|XEL|Multi-Utilities - Utilities|2|53.17|53.24
2024-06-17|XEL|Multi-Utilities - Utilities|3|52.53|53.24
2024-06-17|XEL|Multi-Utilities - Utilities|1|53.19|53.24
2024-06-17|ED|Multi-Utilities - Utilities|5|90.9|90.65
2024-06-17|KMI|Oil & Gas Storage & Transportation - Energy|1|18.8|19.67
2024-06-17|FITB|Regional Banks - Financials|1|36.9|35.65
2024-06-17|BAC|Diversified Banks - Financials|26|37.55|39.51
2024-06-17|CFG|Regional Banks - Financials|1|34.98|34.5
2024-06-17|CARR|Building Products - Industrials|16|61.49|65.12
2024-06-17|PSA|Self-Storage REITs - Real Estate|3|275.39|283.8
2024-06-17|CSX|Rail Transportation - Industrials|1|33.84|32.61
2024-06-17|INTC|Semiconductors - Information Technology|6|30.08|30.98
2024-06-17|VRSN|Internet Services & Infrastructure - Information Technology|2|172.0|178.29
2024-06-17|XEL|Multi-Utilities - Utilities|1|54.05|53.24
2024-06-17|WY|Timber REITs - Real Estate|1|30.11|29.15
2024-06-17|XEL|Multi-Utilities - Utilities|1|53.74|53.24
2024-06-17|COR|Health Care Distributors - Health Care|4|231.77|234.7
2024-06-17|PLTR|Internet Services & Infrastructure - Information Technology|30|22.96|25.02
2024-06-17|PODD|Health Care Equipment - Health Care|2|187.68|198.4
2024-06-17|WY|Timber REITs - Real Estate|1|29.45|29.15
2024-06-17|MTCH|Interactive Media & Services - Communication Services|1|32.02|30.54
2024-06-17|ORCL|Application Software - Information Technology|1|140.38|141.31
2024-06-17|SWKS|Semiconductors - Information Technology|1|102.64|106.3
2024-06-17|F|Automobile Manufacturers - Consumer Discretionary|1|12.08|11.85
2024-06-17|AMZN|Broadline Retail - Consumer Discretionary|5|183.83|184.06
2024-06-17|ADSK|Application Software - Information Technology|4|223.1|240.51
2024-06-17|CL|Household Products - Consumer Staples|1|94.76|95.95
2024-06-17|WBD|Broadcasting - Communication Services|1|7.29|7.16
2024-06-17|WY|Timber REITs - Real Estate|1|29.0|29.15
2024-06-17|WBD|Broadcasting - Communication Services|1|7.24|7.16
2024-06-17|ANET|Communications Equipment - Information Technology|2|85.02|85.02
2024-06-17|CPRT|Diversified Support Services - Industrials|1|54.35|54.35
2024-06-17|WBD|Broadcasting - Communication Services|3|7.16|7.16
2024-06-18|EXC|Electric Utilities - Utilities|8|36.03|34.89
2024-06-18|LNT|Electric Utilities - Utilities|1|48.54|49.62
2024-06-18|VZ|Integrated Telecommunication Services - Communication Services|1|40.37|40.08
2024-06-18|ED|Multi-Utilities - Utilities|1|90.19|90.39
2024-06-18|XEL|Multi-Utilities - Utilities|1|53.49|53.12
2024-06-18|XEL|Multi-Utilities - Utilities|2|53.17|53.12
2024-06-18|XEL|Multi-Utilities - Utilities|3|52.53|53.12
2024-06-18|XEL|Multi-Utilities - Utilities|1|53.19|53.12
2024-06-18|ED|Multi-Utilities - Utilities|5|90.9|90.39
2024-06-18|KMI|Oil & Gas Storage & Transportation - Energy|1|18.8|19.74
2024-06-18|FITB|Regional Banks - Financials|1|36.9|35.98
2024-06-18|BAC|Diversified Banks - Financials|26|37.55|39.99
2024-06-18|CFG|Regional Banks - Financials|1|34.98|34.77
2024-06-18|CARR|Building Products - Industrials|16|61.49|65.72
2024-06-18|PSA|Self-Storage REITs - Real Estate|3|275.39|291.45
2024-06-18|CSX|Rail Transportation - Industrials|1|33.84|33.03
2024-06-18|INTC|Semiconductors - Information Technology|6|30.08|30.63
2024-06-18|VRSN|Internet Services & Infrastructure - Information Technology|2|172.0|178.2
2024-06-18|XEL|Multi-Utilities - Utilities|1|54.05|53.12
2024-06-18|WY|Timber REITs - Real Estate|1|30.11|28.87
2024-06-18|XEL|Multi-Utilities - Utilities|1|53.74|53.12
2024-06-18|COR|Health Care Distributors - Health Care|4|231.77|237.2
2024-06-18|PODD|Health Care Equipment - Health Care|2|187.68|196.4
2024-06-18|WY|Timber REITs - Real Estate|1|29.45|28.87
2024-06-18|MTCH|Interactive Media & Services - Communication Services|1|32.02|30.47
2024-06-18|ORCL|Application Software - Information Technology|1|140.38|144.64
2024-06-18|SWKS|Semiconductors - Information Technology|1|102.64|106.46
2024-06-18|F|Automobile Manufacturers - Consumer Discretionary|1|12.08|11.78
2024-06-18|AMZN|Broadline Retail - Consumer Discretionary|5|183.83|182.81
2024-06-18|ADSK|Application Software - Information Technology|4|223.1|244.12
2024-06-18|CL|Household Products - Consumer Staples|1|94.76|97.01
2024-06-18|WBD|Broadcasting - Communication Services|1|7.29|6.99
2024-06-18|WY|Timber REITs - Real Estate|1|29.0|28.87
2024-06-18|WBD|Broadcasting - Communication Services|1|7.24|6.99
2024-06-18|ANET|Communications Equipment - Information Technology|2|85.02|85.08
2024-06-18|CPRT|Diversified Support Services - Industrials|1|54.35|54.86
2024-06-18|WBD|Broadcasting - Communication Services|3|7.16|6.99
2024-06-18|BXP|Office REITs - Real Estate|17|62.05|62.05
2024-06-18|MMM|Industrial Conglomerates - Industrials|9|100.77|100.77
2024-06-18|BMY|Pharmaceuticals - Health Care|1|40.81|40.81
2024-06-20|EXC|Electric Utilities - Utilities|8|36.03|34.94
2024-06-20|LNT|Electric Utilities - Utilities|1|48.54|50.99
2024-06-20|VZ|Integrated Telecommunication Services - Communication Services|1|40.37|40.24
2024-06-20|ED|Multi-Utilities - Utilities|1|90.19|90.53
2024-06-20|XEL|Multi-Utilities - Utilities|1|53.49|53.53
2024-06-20|XEL|Multi-Utilities - Utilities|2|53.17|53.53
2024-06-20|XEL|Multi-Utilities - Utilities|3|52.53|53.53
2024-06-20|XEL|Multi-Utilities - Utilities|1|53.19|53.53
2024-06-20|ED|Multi-Utilities - Utilities|5|90.9|90.53
2024-06-20|KMI|Oil & Gas Storage & Transportation - Energy|1|18.8|19.8
2024-06-20|FITB|Regional Banks - Financials|1|36.9|35.92
2024-06-20|BAC|Diversified Banks - Financials|26|37.55|39.99
2024-06-20|CFG|Regional Banks - Financials|1|34.98|34.68
2024-06-20|CARR|Building Products - Industrials|16|61.49|64.22
2024-06-20|PSA|Self-Storage REITs - Real Estate|3|275.39|291.97
2024-06-20|CSX|Rail Transportation - Industrials|1|33.84|33.31
2024-06-20|INTC|Semiconductors - Information Technology|6|30.08|30.62
2024-06-20|VRSN|Internet Services & Infrastructure - Information Technology|2|172.0|180.89
2024-06-20|XEL|Multi-Utilities - Utilities|1|54.05|53.53
2024-06-20|WY|Timber REITs - Real Estate|1|30.11|28.64
2024-06-20|XEL|Multi-Utilities - Utilities|1|53.74|53.53
2024-06-20|COR|Health Care Distributors - Health Care|4|231.77|235.68
2024-06-20|PODD|Health Care Equipment - Health Care|2|187.68|199.31
2024-06-20|WY|Timber REITs - Real Estate|1|29.45|28.64
2024-06-20|ORCL|Application Software - Information Technology|1|140.38|142.91
2024-06-20|SWKS|Semiconductors - Information Technology|1|102.64|105.8
2024-06-20|F|Automobile Manufacturers - Consumer Discretionary|1|12.08|11.94
2024-06-20|AMZN|Broadline Retail - Consumer Discretionary|5|183.83|186.1
2024-06-20|ADSK|Application Software - Information Technology|4|223.1|243.51
2024-06-20|CL|Household Products - Consumer Staples|1|94.76|96.95
2024-06-20|WBD|Broadcasting - Communication Services|1|7.29|7.04
2024-06-20|WY|Timber REITs - Real Estate|1|29.0|28.64
2024-06-20|WBD|Broadcasting - Communication Services|1|7.24|7.04
2024-06-20|ANET|Communications Equipment - Information Technology|2|85.02|85.05
2024-06-20|CPRT|Diversified Support Services - Industrials|1|54.35|54.01
2024-06-20|WBD|Broadcasting - Communication Services|3|7.16|7.04
2024-06-20|BXP|Office REITs - Real Estate|17|62.05|61.41
2024-06-20|MMM|Industrial Conglomerates - Industrials|9|100.77|101.66
2024-06-20|BMY|Pharmaceuticals - Health Care|1|40.81|41.04
2024-06-20|INTC|Semiconductors - Information Technology|1|30.62|30.62
2024-06-25|EXC|Electric Utilities - Utilities|8|36.03|34.82
2024-06-25|LNT|Electric Utilities - Utilities|1|48.54|50.54
2024-06-25|VZ|Integrated Telecommunication Services - Communication Services|1|40.37|41.08
2024-06-25|ED|Multi-Utilities - Utilities|1|90.19|89.39
2024-06-25|XEL|Multi-Utilities - Utilities|1|53.49|53.74
2024-06-25|XEL|Multi-Utilities - Utilities|2|53.17|53.74
2024-06-25|XEL|Multi-Utilities - Utilities|3|52.53|53.74
2024-06-25|XEL|Multi-Utilities - Utilities|1|53.19|53.74
2024-06-25|ED|Multi-Utilities - Utilities|5|90.9|89.39
2024-06-25|KMI|Oil & Gas Storage & Transportation - Energy|1|18.8|20.1
2024-06-25|FITB|Regional Banks - Financials|1|36.9|35.91
2024-06-25|BAC|Diversified Banks - Financials|26|37.55|39.38
2024-06-25|CFG|Regional Banks - Financials|1|34.98|34.99
2024-06-25|CARR|Building Products - Industrials|16|61.49|63.93
2024-06-25|PSA|Self-Storage REITs - Real Estate|3|275.39|289.57
2024-06-25|CSX|Rail Transportation - Industrials|1|33.84|32.71
2024-06-25|INTC|Semiconductors - Information Technology|6|30.08|30.74
2024-06-25|VRSN|Internet Services & Infrastructure - Information Technology|2|172.0|177.92
2024-06-25|XEL|Multi-Utilities - Utilities|1|54.05|53.74
2024-06-25|XEL|Multi-Utilities - Utilities|1|53.74|53.74
2024-06-25|COR|Health Care Distributors - Health Care|4|231.77|238.33
2024-06-25|PODD|Health Care Equipment - Health Care|2|187.68|205.75
2024-06-25|WY|Timber REITs - Real Estate|1|29.45|28.28
2024-06-25|ORCL|Application Software - Information Technology|1|140.38|139.17
2024-06-25|SWKS|Semiconductors - Information Technology|1|102.64|107.38
2024-06-25|F|Automobile Manufacturers - Consumer Discretionary|1|12.08|12.09
2024-06-25|AMZN|Broadline Retail - Consumer Discretionary|5|183.83|186.34
2024-06-25|ADSK|Application Software - Information Technology|4|223.1|242.53
2024-06-25|CL|Household Products - Consumer Staples|1|94.76|98.7
2024-06-25|WBD|Broadcasting - Communication Services|1|7.29|7.24
2024-06-25|WY|Timber REITs - Real Estate|1|29.0|28.28
2024-06-25|WBD|Broadcasting - Communication Services|1|7.24|7.24
2024-06-25|ANET|Communications Equipment - Information Technology|2|85.02|83.63
2024-06-25|CPRT|Diversified Support Services - Industrials|1|54.35|55.27
2024-06-25|WBD|Broadcasting - Communication Services|3|7.16|7.24
2024-06-25|BXP|Office REITs - Real Estate|17|62.05|61.71
2024-06-25|MMM|Industrial Conglomerates - Industrials|9|100.77|102.05
2024-06-25|BMY|Pharmaceuticals - Health Care|1|40.81|42.19
2024-06-25|INTC|Semiconductors - Information Technology|1|30.62|30.74
2024-06-25|RF|Regional Banks - Financials|1|19.02|19.02
2024-06-25|WBD|Broadcasting - Communication Services|1|7.24|7.24
2024-06-26|EXC|Electric Utilities - Utilities|8|36.03|34.8
2024-06-26|LNT|Electric Utilities - Utilities|1|48.54|50.46
2024-06-26|VZ|Integrated Telecommunication Services - Communication Services|1|40.37|41.02
2024-06-26|ED|Multi-Utilities - Utilities|1|90.19|89.67
2024-06-26|XEL|Multi-Utilities - Utilities|1|53.49|53.79
2024-06-26|XEL|Multi-Utilities - Utilities|2|53.17|53.79
2024-06-26|XEL|Multi-Utilities - Utilities|3|52.53|53.79
2024-06-26|XEL|Multi-Utilities - Utilities|1|53.19|53.79
2024-06-26|ED|Multi-Utilities - Utilities|5|90.9|89.67
2024-06-26|KMI|Oil & Gas Storage & Transportation - Energy|1|18.8|19.74
2024-06-26|FITB|Regional Banks - Financials|1|36.9|35.93
2024-06-26|BAC|Diversified Banks - Financials|26|37.55|39.0
2024-06-26|CFG|Regional Banks - Financials|1|34.98|34.78
2024-06-26|CARR|Building Products - Industrials|16|61.49|62.86
2024-06-26|PSA|Self-Storage REITs - Real Estate|3|275.39|288.12
2024-06-26|CSX|Rail Transportation - Industrials|1|33.84|33.01
2024-06-26|INTC|Semiconductors - Information Technology|6|30.08|30.54
2024-06-26|VRSN|Internet Services & Infrastructure - Information Technology|2|172.0|179.1
2024-06-26|XEL|Multi-Utilities - Utilities|1|54.05|53.79
2024-06-26|XEL|Multi-Utilities - Utilities|1|53.74|53.79
2024-06-26|COR|Health Care Distributors - Health Care|4|231.77|237.28
2024-06-26|ORCL|Application Software - Information Technology|1|140.38|138.23
2024-06-26|SWKS|Semiconductors - Information Technology|1|102.64|106.14
2024-06-26|F|Automobile Manufacturers - Consumer Discretionary|1|12.08|12.11
2024-06-26|AMZN|Broadline Retail - Consumer Discretionary|5|183.83|193.61
2024-06-26|ADSK|Application Software - Information Technology|4|223.1|243.28
2024-06-26|CL|Household Products - Consumer Staples|1|94.76|98.23
2024-06-26|WBD|Broadcasting - Communication Services|1|7.29|7.25
2024-06-26|WY|Timber REITs - Real Estate|1|29.0|27.96
2024-06-26|WBD|Broadcasting - Communication Services|1|7.24|7.25
2024-06-26|ANET|Communications Equipment - Information Technology|2|85.02|83.68
2024-06-26|CPRT|Diversified Support Services - Industrials|1|54.35|54.63
2024-06-26|WBD|Broadcasting - Communication Services|3|7.16|7.25
2024-06-26|BXP|Office REITs - Real Estate|17|62.05|61.09
2024-06-26|MMM|Industrial Conglomerates - Industrials|9|100.77|101.45
2024-06-26|BMY|Pharmaceuticals - Health Care|1|40.81|42.5
2024-06-26|INTC|Semiconductors - Information Technology|1|30.62|30.54
2024-06-26|RF|Regional Banks - Financials|1|19.02|18.88
2024-06-26|WBD|Broadcasting - Communication Services|1|7.24|7.25
2024-06-26|LDOS|Diversified Support Services - Industrials|3|146.39|146.39
2024-06-28|EXC|Electric Utilities - Utilities|8|36.03|34.61
2024-06-28|LNT|Electric Utilities - Utilities|1|48.54|50.9
2024-06-28|VZ|Integrated Telecommunication Services - Communication Services|1|40.37|41.24
2024-06-28|ED|Multi-Utilities - Utilities|1|90.19|89.42
2024-06-28|XEL|Multi-Utilities - Utilities|1|53.49|53.41
2024-06-28|XEL|Multi-Utilities - Utilities|2|53.17|53.41
2024-06-28|XEL|Multi-Utilities - Utilities|3|52.53|53.41
2024-06-28|XEL|Multi-Utilities - Utilities|1|53.19|53.41
2024-06-28|ED|Multi-Utilities - Utilities|5|90.9|89.42
2024-06-28|KMI|Oil & Gas Storage & Transportation - Energy|1|18.8|19.87
2024-06-28|FITB|Regional Banks - Financials|1|36.9|36.49
2024-06-28|BAC|Diversified Banks - Financials|26|37.55|39.77
2024-06-28|CFG|Regional Banks - Financials|1|34.98|36.03
2024-06-28|CARR|Building Products - Industrials|16|61.49|63.08
2024-06-28|PSA|Self-Storage REITs - Real Estate|3|275.39|287.65
2024-06-28|CSX|Rail Transportation - Industrials|1|33.84|33.45
2024-06-28|INTC|Semiconductors - Information Technology|6|30.08|30.97
2024-06-28|VRSN|Internet Services & Infrastructure - Information Technology|2|172.0|177.8
2024-06-28|XEL|Multi-Utilities - Utilities|1|54.05|53.41
2024-06-28|XEL|Multi-Utilities - Utilities|1|53.74|53.41
2024-06-28|COR|Health Care Distributors - Health Care|4|231.77|225.3
2024-06-28|ORCL|Application Software - Information Technology|1|140.38|141.2
2024-06-28|SWKS|Semiconductors - Information Technology|1|102.64|106.58
2024-06-28|F|Automobile Manufacturers - Consumer Discretionary|1|12.08|12.54
2024-06-28|AMZN|Broadline Retail - Consumer Discretionary|5|183.83|193.25
2024-06-28|CL|Household Products - Consumer Staples|1|94.76|97.04
2024-06-28|WBD|Broadcasting - Communication Services|1|7.29|7.44
2024-06-28|WY|Timber REITs - Real Estate|1|29.0|28.39
2024-06-28|WBD|Broadcasting - Communication Services|1|7.24|7.44
2024-06-28|ANET|Communications Equipment - Information Technology|2|85.02|87.62
2024-06-28|CPRT|Diversified Support Services - Industrials|1|54.35|54.16
2024-06-28|WBD|Broadcasting - Communication Services|3|7.16|7.44
2024-06-28|BXP|Office REITs - Real Estate|17|62.05|61.56
2024-06-28|MMM|Industrial Conglomerates - Industrials|9|100.77|102.19
2024-06-28|BMY|Pharmaceuticals - Health Care|1|40.81|41.53
2024-06-28|INTC|Semiconductors - Information Technology|1|30.62|30.97
2024-06-28|RF|Regional Banks - Financials|1|19.02|20.04
2024-06-28|WBD|Broadcasting - Communication Services|1|7.24|7.44
2024-06-28|LDOS|Diversified Support Services - Industrials|3|146.39|145.88
2024-06-28|RJF|Investment Banking & Brokerage - Financials|8|123.61|123.61
2024-07-01|EXC|Electric Utilities - Utilities|8|36.03|34.55
2024-07-01|LNT|Electric Utilities - Utilities|1|48.54|50.74
2024-07-01|VZ|Integrated Telecommunication Services - Communication Services|1|40.37|41.74
2024-07-01|ED|Multi-Utilities - Utilities|1|90.19|88.81
2024-07-01|XEL|Multi-Utilities - Utilities|1|53.49|52.43
2024-07-01|XEL|Multi-Utilities - Utilities|2|53.17|52.43
2024-07-01|XEL|Multi-Utilities - Utilities|3|52.53|52.43
2024-07-01|XEL|Multi-Utilities - Utilities|1|53.19|52.43
2024-07-01|ED|Multi-Utilities - Utilities|5|90.9|88.81
2024-07-01|KMI|Oil & Gas Storage & Transportation - Energy|1|18.8|19.79
2024-07-01|FITB|Regional Banks - Financials|1|36.9|36.27
2024-07-01|BAC|Diversified Banks - Financials|26|37.55|40.01
2024-07-01|CFG|Regional Banks - Financials|1|34.98|35.83
2024-07-01|CARR|Building Products - Industrials|16|61.49|61.9
2024-07-01|PSA|Self-Storage REITs - Real Estate|3|275.39|283.13
2024-07-01|CSX|Rail Transportation - Industrials|1|33.84|33.59
2024-07-01|INTC|Semiconductors - Information Technology|6|30.08|30.84
2024-07-01|VRSN|Internet Services & Infrastructure - Information Technology|2|172.0|175.71
2024-07-01|XEL|Multi-Utilities - Utilities|1|54.05|52.43
2024-07-01|XEL|Multi-Utilities - Utilities|1|53.74|52.43
2024-07-01|COR|Health Care Distributors - Health Care|4|231.77|223.53
2024-07-01|ORCL|Application Software - Information Technology|1|140.38|143.09
2024-07-01|SWKS|Semiconductors - Information Technology|1|102.64|106.4
2024-07-01|F|Automobile Manufacturers - Consumer Discretionary|1|12.08|12.76
2024-07-01|AMZN|Broadline Retail - Consumer Discretionary|5|183.83|197.2
2024-07-01|CL|Household Products - Consumer Staples|1|94.76|95.54
2024-07-01|WBD|Broadcasting - Communication Services|1|7.29|7.1
2024-07-01|WY|Timber REITs - Real Estate|1|29.0|27.56
2024-07-01|WBD|Broadcasting - Communication Services|1|7.24|7.1
2024-07-01|ANET|Communications Equipment - Information Technology|2|85.02|89.18
2024-07-01|CPRT|Diversified Support Services - Industrials|1|54.35|53.35
2024-07-01|WBD|Broadcasting - Communication Services|3|7.16|7.1
2024-07-01|BXP|Office REITs - Real Estate|17|62.05|60.69
2024-07-01|MMM|Industrial Conglomerates - Industrials|9|100.77|100.61
2024-07-01|BMY|Pharmaceuticals - Health Care|1|40.81|41.3
2024-07-01|INTC|Semiconductors - Information Technology|1|30.62|30.84
2024-07-01|RF|Regional Banks - Financials|1|19.02|19.9
2024-07-01|WBD|Broadcasting - Communication Services|1|7.24|7.1
2024-07-01|LDOS|Diversified Support Services - Industrials|3|146.39|145.56
2024-07-01|RJF|Investment Banking & Brokerage - Financials|8|123.61|123.2
2024-07-01|WBD|Broadcasting - Communication Services|1|7.1|7.1
2024-07-02|EXC|Electric Utilities - Utilities|8|36.03|34.53
2024-07-02|LNT|Electric Utilities - Utilities|1|48.54|51.1
2024-07-02|VZ|Integrated Telecommunication Services - Communication Services|1|40.37|41.1
2024-07-02|ED|Multi-Utilities - Utilities|1|90.19|88.97
2024-07-02|XEL|Multi-Utilities - Utilities|1|53.49|53.2
2024-07-02|XEL|Multi-Utilities - Utilities|2|53.17|53.2
2024-07-02|XEL|Multi-Utilities - Utilities|3|52.53|53.2
2024-07-02|XEL|Multi-Utilities - Utilities|1|53.19|53.2
2024-07-02|ED|Multi-Utilities - Utilities|5|90.9|88.97
2024-07-02|KMI|Oil & Gas Storage & Transportation - Energy|1|18.8|19.72
2024-07-02|FITB|Regional Banks - Financials|1|36.9|36.98
2024-07-02|BAC|Diversified Banks - Financials|26|37.55|40.93
2024-07-02|CFG|Regional Banks - Financials|1|34.98|36.38
2024-07-02|CARR|Building Products - Industrials|16|61.49|62.83
2024-07-02|PSA|Self-Storage REITs - Real Estate|3|275.39|285.39
2024-07-02|CSX|Rail Transportation - Industrials|1|33.84|33.76
2024-07-02|INTC|Semiconductors - Information Technology|6|30.08|31.07
2024-07-02|VRSN|Internet Services & Infrastructure - Information Technology|2|172.0|175.98
2024-07-02|XEL|Multi-Utilities - Utilities|1|54.05|53.2
2024-07-02|XEL|Multi-Utilities - Utilities|1|53.74|53.2
2024-07-02|COR|Health Care Distributors - Health Care|4|231.77|222.51
2024-07-02|ORCL|Application Software - Information Technology|1|140.38|143.28
2024-07-02|SWKS|Semiconductors - Information Technology|1|102.64|106.96
2024-07-02|F|Automobile Manufacturers - Consumer Discretionary|1|12.08|12.87
2024-07-02|AMZN|Broadline Retail - Consumer Discretionary|5|183.83|200.0
2024-07-02|CL|Household Products - Consumer Staples|1|94.76|96.12
2024-07-02|WBD|Broadcasting - Communication Services|1|7.29|7.2
2024-07-02|WBD|Broadcasting - Communication Services|1|7.24|7.2
2024-07-02|ANET|Communications Equipment - Information Technology|2|85.02|89.25
2024-07-02|CPRT|Diversified Support Services - Industrials|1|54.35|54.69
2024-07-02|WBD|Broadcasting - Communication Services|3|7.16|7.2
2024-07-02|BXP|Office REITs - Real Estate|17|62.05|61.55
2024-07-02|MMM|Industrial Conglomerates - Industrials|9|100.77|101.62
2024-07-02|BMY|Pharmaceuticals - Health Care|1|40.81|40.45
2024-07-02|INTC|Semiconductors - Information Technology|1|30.62|31.07
2024-07-02|RF|Regional Banks - Financials|1|19.02|20.09
2024-07-02|WBD|Broadcasting - Communication Services|1|7.24|7.2
2024-07-02|LDOS|Diversified Support Services - Industrials|3|146.39|145.86
2024-07-02|RJF|Investment Banking & Brokerage - Financials|8|123.61|122.08
2024-07-02|WBD|Broadcasting - Communication Services|1|7.1|7.2
2024-07-02|KEY|Regional Banks - Financials|1|14.43|14.43
2024-07-02|VTRS|Pharmaceuticals - Health Care|1|10.43|10.43
2024-07-08|EXC|Electric Utilities - Utilities|8|36.03|34.24
2024-07-08|LNT|Electric Utilities - Utilities|1|48.54|51.39
2024-07-08|VZ|Integrated Telecommunication Services - Communication Services|1|40.37|41.53
2024-07-08|ED|Multi-Utilities - Utilities|1|90.19|88.42
2024-07-08|XEL|Multi-Utilities - Utilities|1|53.49|52.11
2024-07-08|XEL|Multi-Utilities - Utilities|2|53.17|52.11
2024-07-08|XEL|Multi-Utilities - Utilities|3|52.53|52.11
2024-07-08|XEL|Multi-Utilities - Utilities|1|53.19|52.11
2024-07-08|ED|Multi-Utilities - Utilities|5|90.9|88.42
2024-07-08|KMI|Oil & Gas Storage & Transportation - Energy|1|18.8|19.91
2024-07-08|FITB|Regional Banks - Financials|1|36.9|36.23
2024-07-08|BAC|Diversified Banks - Financials|26|37.55|40.62
2024-07-08|CFG|Regional Banks - Financials|1|34.98|35.55
2024-07-08|CARR|Building Products - Industrials|16|61.49|63.13
2024-07-08|PSA|Self-Storage REITs - Real Estate|3|275.39|290.44
2024-07-08|CSX|Rail Transportation - Industrials|1|33.84|33.39
2024-07-08|VRSN|Internet Services & Infrastructure - Information Technology|2|172.0|175.84
2024-07-08|XEL|Multi-Utilities - Utilities|1|54.05|52.11
2024-07-08|XEL|Multi-Utilities - Utilities|1|53.74|52.11
2024-07-08|COR|Health Care Distributors - Health Care|4|231.77|223.69
2024-07-08|ORCL|Application Software - Information Technology|1|140.38|145.03
2024-07-08|SWKS|Semiconductors - Information Technology|1|102.64|106.38
2024-07-08|F|Automobile Manufacturers - Consumer Discretionary|1|12.08|12.98
2024-07-08|AMZN|Broadline Retail - Consumer Discretionary|5|183.83|199.29
2024-07-08|CL|Household Products - Consumer Staples|1|94.76|97.58
2024-07-08|WBD|Broadcasting - Communication Services|1|7.29|7.11
2024-07-08|WBD|Broadcasting - Communication Services|1|7.24|7.11
2024-07-08|ANET|Communications Equipment - Information Technology|2|85.02|92.77
2024-07-08|CPRT|Diversified Support Services - Industrials|1|54.35|54.79
2024-07-08|WBD|Broadcasting - Communication Services|3|7.16|7.11
2024-07-08|BXP|Office REITs - Real Estate|17|62.05|60.75
2024-07-08|MMM|Industrial Conglomerates - Industrials|9|100.77|101.1
2024-07-08|BMY|Pharmaceuticals - Health Care|1|40.81|39.99
2024-07-08|RF|Regional Banks - Financials|1|19.02|19.79
2024-07-08|WBD|Broadcasting - Communication Services|1|7.24|7.11
2024-07-08|LDOS|Diversified Support Services - Industrials|3|146.39|145.56
2024-07-08|RJF|Investment Banking & Brokerage - Financials|8|123.61|117.47
2024-07-08|WBD|Broadcasting - Communication Services|1|7.1|7.11
2024-07-08|KEY|Regional Banks - Financials|1|14.43|14.03
2024-07-08|VTRS|Pharmaceuticals - Health Care|1|10.43|10.61
2024-07-08|TFX|Health Care Equipment - Health Care|1|211.73|211.73
2024-07-08|PFE|Pharmaceuticals - Health Care|1|27.93|27.93
2024-07-09|EXC|Electric Utilities - Utilities|8|36.03|34.43
2024-07-09|LNT|Electric Utilities - Utilities|1|48.54|51.67
2024-07-09|VZ|Integrated Telecommunication Services - Communication Services|1|40.37|41.3
2024-07-09|ED|Multi-Utilities - Utilities|1|90.19|88.85
2024-07-09|XEL|Multi-Utilities - Utilities|1|53.49|52.47
2024-07-09|XEL|Multi-Utilities - Utilities|2|53.17|52.47
2024-07-09|XEL|Multi-Utilities - Utilities|3|52.53|52.47
2024-07-09|XEL|Multi-Utilities - Utilities|1|53.19|52.47
2024-07-09|ED|Multi-Utilities - Utilities|5|90.9|88.85
2024-07-09|KMI|Oil & Gas Storage & Transportation - Energy|1|18.8|19.99
2024-07-09|FITB|Regional Banks - Financials|1|36.9|36.21
2024-07-09|CFG|Regional Banks - Financials|1|34.98|36.3
2024-07-09|CARR|Building Products - Industrials|16|61.49|62.29
2024-07-09|PSA|Self-Storage REITs - Real Estate|3|275.39|288.99
2024-07-09|CSX|Rail Transportation - Industrials|1|33.84|32.48
2024-07-09|VRSN|Internet Services & Infrastructure - Information Technology|2|172.0|174.18
2024-07-09|XEL|Multi-Utilities - Utilities|1|54.05|52.47
2024-07-09|XEL|Multi-Utilities - Utilities|1|53.74|52.47
2024-07-09|COR|Health Care Distributors - Health Care|4|231.77|222.37
2024-07-09|ORCL|Application Software - Information Technology|1|140.38|140.68
2024-07-09|SWKS|Semiconductors - Information Technology|1|102.64|106.41
2024-07-09|F|Automobile Manufacturers - Consumer Discretionary|1|12.08|12.9
2024-07-09|AMZN|Broadline Retail - Consumer Discretionary|5|183.83|199.34
2024-07-09|CL|Household Products - Consumer Staples|1|94.76|97.04
2024-07-09|WBD|Broadcasting - Communication Services|1|7.29|7.34
2024-07-09|WBD|Broadcasting - Communication Services|1|7.24|7.34
2024-07-09|ANET|Communications Equipment - Information Technology|2|85.02|91.44
2024-07-09|CPRT|Diversified Support Services - Industrials|1|54.35|54.44
2024-07-09|WBD|Broadcasting - Communication Services|3|7.16|7.34
2024-07-09|BXP|Office REITs - Real Estate|17|62.05|61.26
2024-07-09|MMM|Industrial Conglomerates - Industrials|9|100.77|99.69
2024-07-09|BMY|Pharmaceuticals - Health Care|1|40.81|40.86
2024-07-09|RF|Regional Banks - Financials|1|19.02|20.11
2024-07-09|WBD|Broadcasting - Communication Services|1|7.24|7.34
2024-07-09|LDOS|Diversified Support Services - Industrials|3|146.39|145.05
2024-07-09|RJF|Investment Banking & Brokerage - Financials|8|123.61|118.67
2024-07-09|WBD|Broadcasting - Communication Services|1|7.1|7.34
2024-07-09|KEY|Regional Banks - Financials|1|14.43|14.29
2024-07-09|VTRS|Pharmaceuticals - Health Care|1|10.43|10.8
2024-07-09|TFX|Health Care Equipment - Health Care|1|211.73|218.07
2024-07-09|PFE|Pharmaceuticals - Health Care|1|27.93|27.72
2024-07-09|BIIB|Biotechnology - Health Care|4|229.06|229.06
2024-07-09|FI|Transaction & Payment Processing Services - Financials|1|151.09|151.09
2024-07-09|WBD|Broadcasting - Communication Services|1|7.34|7.34
2024-07-11|EXC|Electric Utilities - Utilities|8|36.03|35.32
2024-07-11|LNT|Electric Utilities - Utilities|1|48.54|53.31
2024-07-11|VZ|Integrated Telecommunication Services - Communication Services|1|40.37|41.3
2024-07-11|ED|Multi-Utilities - Utilities|1|90.19|91.46
2024-07-11|XEL|Multi-Utilities - Utilities|1|53.49|54.08
2024-07-11|XEL|Multi-Utilities - Utilities|2|53.17|54.08
2024-07-11|XEL|Multi-Utilities - Utilities|3|52.53|54.08
2024-07-11|XEL|Multi-Utilities - Utilities|1|53.19|54.08
2024-07-11|ED|Multi-Utilities - Utilities|5|90.9|91.46
2024-07-11|KMI|Oil & Gas Storage & Transportation - Energy|1|18.8|20.16
2024-07-11|FITB|Regional Banks - Financials|1|36.9|38.26
2024-07-11|CFG|Regional Banks - Financials|1|34.98|38.2
2024-07-11|CARR|Building Products - Industrials|16|61.49|66.41
2024-07-11|PSA|Self-Storage REITs - Real Estate|3|275.39|296.63
2024-07-11|CSX|Rail Transportation - Industrials|1|33.84|33.74
2024-07-11|VRSN|Internet Services & Infrastructure - Information Technology|2|172.0|174.85
2024-07-11|XEL|Multi-Utilities - Utilities|1|54.05|54.08
2024-07-11|XEL|Multi-Utilities - Utilities|1|53.74|54.08
2024-07-11|COR|Health Care Distributors - Health Care|4|231.77|222.0
2024-07-11|ORCL|Application Software - Information Technology|1|140.38|142.76
2024-07-11|SWKS|Semiconductors - Information Technology|1|102.64|109.95
2024-07-11|AMZN|Broadline Retail - Consumer Discretionary|5|183.83|195.05
2024-07-11|CL|Household Products - Consumer Staples|1|94.76|97.76
2024-07-11|WBD|Broadcasting - Communication Services|1|7.29|7.38
2024-07-11|WBD|Broadcasting - Communication Services|1|7.24|7.38
2024-07-11|ANET|Communications Equipment - Information Technology|2|85.02|89.9
2024-07-11|CPRT|Diversified Support Services - Industrials|1|54.35|54.84
2024-07-11|WBD|Broadcasting - Communication Services|3|7.16|7.38
2024-07-11|BXP|Office REITs - Real Estate|17|62.05|65.23
2024-07-11|MMM|Industrial Conglomerates - Industrials|9|100.77|103.23
2024-07-11|BMY|Pharmaceuticals - Health Care|1|40.81|40.75
2024-07-11|RF|Regional Banks - Financials|1|19.02|20.71
2024-07-11|WBD|Broadcasting - Communication Services|1|7.24|7.38
2024-07-11|LDOS|Diversified Support Services - Industrials|3|146.39|148.95
2024-07-11|RJF|Investment Banking & Brokerage - Financials|8|123.61|120.7
2024-07-11|WBD|Broadcasting - Communication Services|1|7.1|7.38
2024-07-11|KEY|Regional Banks - Financials|1|14.43|15.13
2024-07-11|VTRS|Pharmaceuticals - Health Care|1|10.43|11.19
2024-07-11|TFX|Health Care Equipment - Health Care|1|211.73|224.48
2024-07-11|PFE|Pharmaceuticals - Health Care|1|27.93|28.66
2024-07-11|BIIB|Biotechnology - Health Care|4|229.06|236.8
2024-07-11|FI|Transaction & Payment Processing Services - Financials|1|151.09|151.25
2024-07-11|WBD|Broadcasting - Communication Services|1|7.34|7.38
2024-07-11|WBD|Broadcasting - Communication Services|2|7.38|7.38
2024-07-12|EXC|Electric Utilities - Utilities|8|36.03|35.24
2024-07-12|VZ|Integrated Telecommunication Services - Communication Services|1|40.37|41.43
2024-07-12|ED|Multi-Utilities - Utilities|1|90.19|92.19
2024-07-12|XEL|Multi-Utilities - Utilities|1|53.49|54.28
2024-07-12|XEL|Multi-Utilities - Utilities|2|53.17|54.28
2024-07-12|XEL|Multi-Utilities - Utilities|3|52.53|54.28
2024-07-12|XEL|Multi-Utilities - Utilities|1|53.19|54.28
2024-07-12|ED|Multi-Utilities - Utilities|5|90.9|92.19
2024-07-12|KMI|Oil & Gas Storage & Transportation - Energy|1|18.8|20.19
2024-07-12|FITB|Regional Banks - Financials|1|36.9|38.48
2024-07-12|CFG|Regional Banks - Financials|1|34.98|38.2
2024-07-12|CARR|Building Products - Industrials|16|61.49|66.0
2024-07-12|PSA|Self-Storage REITs - Real Estate|3|275.39|302.63
2024-07-12|CSX|Rail Transportation - Industrials|1|33.84|33.79
2024-07-12|VRSN|Internet Services & Infrastructure - Information Technology|2|172.0|177.76
2024-07-12|XEL|Multi-Utilities - Utilities|1|54.05|54.28
2024-07-12|XEL|Multi-Utilities - Utilities|1|53.74|54.28
2024-07-12|COR|Health Care Distributors - Health Care|4|231.77|222.6
2024-07-12|ORCL|Application Software - Information Technology|1|140.38|144.77
2024-07-12|SWKS|Semiconductors - Information Technology|1|102.64|112.33
2024-07-12|AMZN|Broadline Retail - Consumer Discretionary|5|183.83|194.49
2024-07-12|CL|Household Products - Consumer Staples|1|94.76|98.07
2024-07-12|WBD|Broadcasting - Communication Services|1|7.29|7.4
2024-07-12|WBD|Broadcasting - Communication Services|1|7.24|7.4
2024-07-12|ANET|Communications Equipment - Information Technology|2|85.02|90.47
2024-07-12|CPRT|Diversified Support Services - Industrials|1|54.35|55.54
2024-07-12|WBD|Broadcasting - Communication Services|3|7.16|7.4
2024-07-12|BXP|Office REITs - Real Estate|17|62.05|67.76
2024-07-12|MMM|Industrial Conglomerates - Industrials|9|100.77|104.04
2024-07-12|BMY|Pharmaceuticals - Health Care|1|40.81|40.46
2024-07-12|RF|Regional Banks - Financials|1|19.02|20.47
2024-07-12|WBD|Broadcasting - Communication Services|1|7.24|7.4
2024-07-12|LDOS|Diversified Support Services - Industrials|3|146.39|149.92
2024-07-12|RJF|Investment Banking & Brokerage - Financials|8|123.61|121.06
2024-07-12|WBD|Broadcasting - Communication Services|1|7.1|7.4
2024-07-12|KEY|Regional Banks - Financials|1|14.43|15.21
2024-07-12|VTRS|Pharmaceuticals - Health Care|1|10.43|11.24
2024-07-12|TFX|Health Care Equipment - Health Care|1|211.73|220.47
2024-07-12|PFE|Pharmaceuticals - Health Care|1|27.93|28.92
2024-07-12|BIIB|Biotechnology - Health Care|4|229.06|230.06
2024-07-12|FI|Transaction & Payment Processing Services - Financials|1|151.09|153.2
2024-07-12|WBD|Broadcasting - Communication Services|1|7.34|7.4
2024-07-12|WBD|Broadcasting - Communication Services|2|7.38|7.4
2024-07-12|DAY|Human Resource & Employment Services - Industrials|1|53.02|53.02
2024-07-15|EXC|Electric Utilities - Utilities|8|36.03|35.35
2024-07-15|VZ|Integrated Telecommunication Services - Communication Services|1|40.37|40.79
2024-07-15|ED|Multi-Utilities - Utilities|1|90.19|90.26
2024-07-15|XEL|Multi-Utilities - Utilities|1|53.49|53.23
2024-07-15|XEL|Multi-Utilities - Utilities|2|53.17|53.23
2024-07-15|XEL|Multi-Utilities - Utilities|3|52.53|53.23
2024-07-15|XEL|Multi-Utilities - Utilities|1|53.19|53.23
2024-07-15|ED|Multi-Utilities - Utilities|5|90.9|90.26
2024-07-15|KMI|Oil & Gas Storage & Transportation - Energy|1|18.8|20.17
2024-07-15|FITB|Regional Banks - Financials|1|36.9|39.16
2024-07-15|CARR|Building Products - Industrials|16|61.49|67.36
2024-07-15|PSA|Self-Storage REITs - Real Estate|3|275.39|302.04
2024-07-15|CSX|Rail Transportation - Industrials|1|33.84|34.6
2024-07-15|VRSN|Internet Services & Infrastructure - Information Technology|2|172.0|176.9
2024-07-15|XEL|Multi-Utilities - Utilities|1|54.05|53.23
2024-07-15|XEL|Multi-Utilities - Utilities|1|53.74|53.23
2024-07-15|COR|Health Care Distributors - Health Care|4|231.77|222.2
2024-07-15|ORCL|Application Software - Information Technology|1|140.38|143.07
2024-07-15|AMZN|Broadline Retail - Consumer Discretionary|5|183.83|192.72
2024-07-15|CL|Household Products - Consumer Staples|1|94.76|97.25
2024-07-15|WBD|Broadcasting - Communication Services|1|7.29|7.42
2024-07-15|WBD|Broadcasting - Communication Services|1|7.24|7.42
2024-07-15|ANET|Communications Equipment - Information Technology|2|85.02|90.11
2024-07-15|CPRT|Diversified Support Services - Industrials|1|54.35|54.72
2024-07-15|WBD|Broadcasting - Communication Services|3|7.16|7.42
2024-07-15|MMM|Industrial Conglomerates - Industrials|9|100.77|102.72
2024-07-15|BMY|Pharmaceuticals - Health Care|1|40.81|40.15
2024-07-15|WBD|Broadcasting - Communication Services|1|7.24|7.42
2024-07-15|LDOS|Diversified Support Services - Industrials|3|146.39|148.96
2024-07-15|RJF|Investment Banking & Brokerage - Financials|8|123.61|121.11
2024-07-15|WBD|Broadcasting - Communication Services|1|7.1|7.42
2024-07-15|KEY|Regional Banks - Financials|1|14.43|15.5
2024-07-15|VTRS|Pharmaceuticals - Health Care|1|10.43|11.0
2024-07-15|TFX|Health Care Equipment - Health Care|1|211.73|219.84
2024-07-15|PFE|Pharmaceuticals - Health Care|1|27.93|29.1
2024-07-15|BIIB|Biotechnology - Health Care|4|229.06|221.58
2024-07-15|FI|Transaction & Payment Processing Services - Financials|1|151.09|155.39
2024-07-15|WBD|Broadcasting - Communication Services|1|7.34|7.42
2024-07-15|WBD|Broadcasting - Communication Services|2|7.38|7.42
2024-07-15|DAY|Human Resource & Employment Services - Industrials|1|53.02|53.9
2024-07-15|WBD|Broadcasting - Communication Services|139|7.42|7.42
2024-07-15|D|Multi-Utilities - Utilities|1|51.03|51.03
2024-07-15|ALLE|Building Products - Industrials|1|122.72|122.72
2024-07-15|VICI|Hotel & Resort REITs - Real Estate|4|30.29|30.29
2024-07-15|VTRS|Pharmaceuticals - Health Care|1|11.0|11.0
2024-07-16|EXC|Electric Utilities - Utilities|8|36.03|35.52
2024-07-16|VZ|Integrated Telecommunication Services - Communication Services|1|40.37|41.45
2024-07-16|ED|Multi-Utilities - Utilities|1|90.19|91.55
2024-07-16|XEL|Multi-Utilities - Utilities|1|53.49|53.93
2024-07-16|XEL|Multi-Utilities - Utilities|2|53.17|53.93
2024-07-16|XEL|Multi-Utilities - Utilities|3|52.53|53.93
2024-07-16|XEL|Multi-Utilities - Utilities|1|53.19|53.93
2024-07-16|ED|Multi-Utilities - Utilities|5|90.9|91.55
2024-07-16|KMI|Oil & Gas Storage & Transportation - Energy|1|18.8|20.24
2024-07-16|FITB|Regional Banks - Financials|1|36.9|40.22
2024-07-16|CSX|Rail Transportation - Industrials|1|33.84|35.33
2024-07-16|VRSN|Internet Services & Infrastructure - Information Technology|2|172.0|179.8
2024-07-16|XEL|Multi-Utilities - Utilities|1|54.05|53.93
2024-07-16|XEL|Multi-Utilities - Utilities|1|53.74|53.93
2024-07-16|COR|Health Care Distributors - Health Care|4|231.77|225.38
2024-07-16|ORCL|Application Software - Information Technology|1|140.38|142.61
2024-07-16|AMZN|Broadline Retail - Consumer Discretionary|5|183.83|193.02
2024-07-16|CL|Household Products - Consumer Staples|1|94.76|97.4
2024-07-16|WBD|Broadcasting - Communication Services|1|7.29|7.98
2024-07-16|ANET|Communications Equipment - Information Technology|2|85.02|89.56
2024-07-16|CPRT|Diversified Support Services - Industrials|1|54.35|54.0
2024-07-16|MMM|Industrial Conglomerates - Industrials|9|100.77|103.31
2024-07-16|BMY|Pharmaceuticals - Health Care|1|40.81|41.2
2024-07-16|LDOS|Diversified Support Services - Industrials|3|146.39|151.81
2024-07-16|VTRS|Pharmaceuticals - Health Care|1|10.43|11.38
2024-07-16|TFX|Health Care Equipment - Health Care|1|211.73|229.28
2024-07-16|PFE|Pharmaceuticals - Health Care|1|27.93|29.5
2024-07-16|BIIB|Biotechnology - Health Care|4|229.06|225.02
2024-07-16|FI|Transaction & Payment Processing Services - Financials|1|151.09|157.14
2024-07-16|WBD|Broadcasting - Communication Services|1|7.34|7.98
2024-07-16|WBD|Broadcasting - Communication Services|2|7.38|7.98
2024-07-16|DAY|Human Resource & Employment Services - Industrials|1|53.02|55.61
2024-07-16|WBD|Broadcasting - Communication Services|139|7.42|7.98
2024-07-16|D|Multi-Utilities - Utilities|1|51.03|51.29
2024-07-16|ALLE|Building Products - Industrials|1|122.72|128.02
2024-07-16|VICI|Hotel & Resort REITs - Real Estate|4|30.29|30.27
2024-07-16|VTRS|Pharmaceuticals - Health Care|1|11.0|11.38
2024-07-16|JCI|Building Products - Industrials|13|72.18|72.18
2024-07-16|TECH|Life Sciences Tools & Services - Health Care|14|79.82|79.82
2024-07-16|NSC|Rail Transportation - Industrials|4|234.79|234.79
2024-07-16|WBD|Broadcasting - Communication Services|1|7.98|7.98
2024-07-17|EXC|Electric Utilities - Utilities|8|36.03|36.43
2024-07-17|VZ|Integrated Telecommunication Services - Communication Services|1|40.37|42.03
2024-07-17|ED|Multi-Utilities - Utilities|1|90.19|93.76
2024-07-17|XEL|Multi-Utilities - Utilities|1|53.49|55.32
2024-07-17|XEL|Multi-Utilities - Utilities|2|53.17|55.32
2024-07-17|XEL|Multi-Utilities - Utilities|3|52.53|55.32
2024-07-17|XEL|Multi-Utilities - Utilities|1|53.19|55.32
2024-07-17|ED|Multi-Utilities - Utilities|5|90.9|93.76
2024-07-17|KMI|Oil & Gas Storage & Transportation - Energy|1|18.8|20.53
2024-07-17|CSX|Rail Transportation - Industrials|1|33.84|35.45
2024-07-17|VRSN|Internet Services & Infrastructure - Information Technology|2|172.0|179.34
2024-07-17|XEL|Multi-Utilities - Utilities|1|54.05|55.32
2024-07-17|XEL|Multi-Utilities - Utilities|1|53.74|55.32
2024-07-17|COR|Health Care Distributors - Health Care|4|231.77|225.16
2024-07-17|ORCL|Application Software - Information Technology|1|140.38|139.26
2024-07-17|AMZN|Broadline Retail - Consumer Discretionary|5|183.83|187.93
2024-07-17|CL|Household Products - Consumer Staples|1|94.76|99.39
2024-07-17|ANET|Communications Equipment - Information Technology|2|85.02|84.17
2024-07-17|CPRT|Diversified Support Services - Industrials|1|54.35|52.99
2024-07-17|MMM|Industrial Conglomerates - Industrials|9|100.77|104.64
2024-07-17|BMY|Pharmaceuticals - Health Care|1|40.81|43.15
2024-07-17|LDOS|Diversified Support Services - Industrials|3|146.39|150.24
2024-07-17|TFX|Health Care Equipment - Health Care|1|211.73|230.3
2024-07-17|PFE|Pharmaceuticals - Health Care|1|27.93|30.03
2024-07-17|BIIB|Biotechnology - Health Care|4|229.06|228.33
2024-07-17|FI|Transaction & Payment Processing Services - Financials|1|151.09|157.96
2024-07-17|DAY|Human Resource & Employment Services - Industrials|1|53.02|55.61
2024-07-17|D|Multi-Utilities - Utilities|1|51.03|52.04
2024-07-17|ALLE|Building Products - Industrials|1|122.72|126.92
2024-07-17|VICI|Hotel & Resort REITs - Real Estate|4|30.29|30.87
2024-07-17|VTRS|Pharmaceuticals - Health Care|1|11.0|11.84
2024-07-17|JCI|Building Products - Industrials|13|72.18|69.85
2024-07-17|TECH|Life Sciences Tools & Services - Health Care|14|79.82|78.29
2024-07-17|NSC|Rail Transportation - Industrials|4|234.79|234.45
2024-07-17|WBD|Broadcasting - Communication Services|1|7.98|8.32
2024-07-17|WY|Timber REITs - Real Estate|37|30.49|30.49
2024-07-17|EXC|Electric Utilities - Utilities|3|36.43|36.43
2024-07-17|WBD|Broadcasting - Communication Services|1|8.32|8.32
2024-07-18|EXC|Electric Utilities - Utilities|8|36.03|36.24
2024-07-18|VZ|Integrated Telecommunication Services - Communication Services|1|40.37|42.07
2024-07-18|ED|Multi-Utilities - Utilities|1|90.19|94.11
2024-07-18|XEL|Multi-Utilities - Utilities|1|53.49|55.78
2024-07-18|XEL|Multi-Utilities - Utilities|2|53.17|55.78
2024-07-18|XEL|Multi-Utilities - Utilities|3|52.53|55.78
2024-07-18|XEL|Multi-Utilities - Utilities|1|53.19|55.78
2024-07-18|ED|Multi-Utilities - Utilities|5|90.9|94.11
2024-07-18|CSX|Rail Transportation - Industrials|1|33.84|35.02
2024-07-18|VRSN|Internet Services & Infrastructure - Information Technology|2|172.0|177.63
2024-07-18|XEL|Multi-Utilities - Utilities|1|54.05|55.78
2024-07-18|XEL|Multi-Utilities - Utilities|1|53.74|55.78
2024-07-18|COR|Health Care Distributors - Health Care|4|231.77|223.71
2024-07-18|ORCL|Application Software - Information Technology|1|140.38|138.03
2024-07-18|AMZN|Broadline Retail - Consumer Discretionary|5|183.83|183.75
2024-07-18|CL|Household Products - Consumer Staples|1|94.76|98.51
2024-07-18|ANET|Communications Equipment - Information Technology|2|85.02|83.16
2024-07-18|CPRT|Diversified Support Services - Industrials|1|54.35|51.65
2024-07-18|MMM|Industrial Conglomerates - Industrials|9|100.77|104.02
2024-07-18|BMY|Pharmaceuticals - Health Care|1|40.81|42.39
2024-07-18|LDOS|Diversified Support Services - Industrials|3|146.39|150.8
2024-07-18|TFX|Health Care Equipment - Health Care|1|211.73|220.27
2024-07-18|PFE|Pharmaceuticals - Health Care|1|27.93|29.71
2024-07-18|BIIB|Biotechnology - Health Care|4|229.06|225.25
2024-07-18|FI|Transaction & Payment Processing Services - Financials|1|151.09|157.69
2024-07-18|DAY|Human Resource & Employment Services - Industrials|1|53.02|53.23
2024-07-18|D|Multi-Utilities - Utilities|1|51.03|51.57
2024-07-18|ALLE|Building Products - Industrials|1|122.72|127.41
2024-07-18|VICI|Hotel & Resort REITs - Real Estate|4|30.29|30.62
2024-07-18|VTRS|Pharmaceuticals - Health Care|1|11.0|11.77
2024-07-18|JCI|Building Products - Industrials|13|72.18|69.54
2024-07-18|TECH|Life Sciences Tools & Services - Health Care|14|79.82|75.92
2024-07-18|NSC|Rail Transportation - Industrials|4|234.79|230.38
2024-07-18|WBD|Broadcasting - Communication Services|1|7.98|8.52
2024-07-18|WY|Timber REITs - Real Estate|37|30.49|30.31
2024-07-18|EXC|Electric Utilities - Utilities|3|36.43|36.24
2024-07-18|WBD|Broadcasting - Communication Services|1|8.32|8.52
2024-07-18|HPE|Technology Hardware, Storage & Peripherals - Information Technology|1|20.67|20.67
2024-07-19|EXC|Electric Utilities - Utilities|8|36.03|36.13
2024-07-19|VZ|Integrated Telecommunication Services - Communication Services|1|40.37|41.62
2024-07-19|ED|Multi-Utilities - Utilities|1|90.19|94.04
2024-07-19|XEL|Multi-Utilities - Utilities|1|53.49|55.94
2024-07-19|XEL|Multi-Utilities - Utilities|2|53.17|55.94
2024-07-19|XEL|Multi-Utilities - Utilities|3|52.53|55.94
2024-07-19|XEL|Multi-Utilities - Utilities|1|53.19|55.94
2024-07-19|ED|Multi-Utilities - Utilities|5|90.9|94.04
2024-07-19|CSX|Rail Transportation - Industrials|1|33.84|34.69
2024-07-19|VRSN|Internet Services & Infrastructure - Information Technology|2|172.0|177.18
2024-07-19|XEL|Multi-Utilities - Utilities|1|54.05|55.94
2024-07-19|XEL|Multi-Utilities - Utilities|1|53.74|55.94
2024-07-19|COR|Health Care Distributors - Health Care|4|231.77|223.6
2024-07-19|ORCL|Application Software - Information Technology|1|140.38|138.56
2024-07-19|AMZN|Broadline Retail - Consumer Discretionary|5|183.83|183.13
2024-07-19|CL|Household Products - Consumer Staples|1|94.76|98.08
2024-07-19|ANET|Communications Equipment - Information Technology|2|85.02|82.64
2024-07-19|CPRT|Diversified Support Services - Industrials|1|54.35|51.71
2024-07-19|MMM|Industrial Conglomerates - Industrials|9|100.77|103.92
2024-07-19|BMY|Pharmaceuticals - Health Care|1|40.81|42.64
2024-07-19|LDOS|Diversified Support Services - Industrials|3|146.39|149.94
2024-07-19|TFX|Health Care Equipment - Health Care|1|211.73|221.79
2024-07-19|PFE|Pharmaceuticals - Health Care|1|27.93|29.97
2024-07-19|BIIB|Biotechnology - Health Care|4|229.06|226.4
2024-07-19|FI|Transaction & Payment Processing Services - Financials|1|151.09|156.04
2024-07-19|DAY|Human Resource & Employment Services - Industrials|1|53.02|53.34
2024-07-19|D|Multi-Utilities - Utilities|1|51.03|51.41
2024-07-19|ALLE|Building Products - Industrials|1|122.72|124.1
2024-07-19|VICI|Hotel & Resort REITs - Real Estate|4|30.29|30.31
2024-07-19|VTRS|Pharmaceuticals - Health Care|1|11.0|11.84
2024-07-19|JCI|Building Products - Industrials|13|72.18|68.95
2024-07-19|NSC|Rail Transportation - Industrials|4|234.79|227.95
2024-07-19|WBD|Broadcasting - Communication Services|1|7.98|8.67
2024-07-19|WY|Timber REITs - Real Estate|37|30.49|30.14
2024-07-19|EXC|Electric Utilities - Utilities|3|36.43|36.13
2024-07-19|WBD|Broadcasting - Communication Services|1|8.32|8.67
2024-07-19|HPE|Technology Hardware, Storage & Peripherals - Information Technology|1|20.67|20.48
2024-07-19|A|Life Sciences Tools & Services - Health Care|8|131.78|131.78
2024-07-24|EXC|Electric Utilities - Utilities|8|36.03|36.47
2024-07-24|VZ|Integrated Telecommunication Services - Communication Services|1|40.37|39.67
2024-07-24|ED|Multi-Utilities - Utilities|1|90.19|95.88
2024-07-24|XEL|Multi-Utilities - Utilities|1|53.49|56.36
2024-07-24|XEL|Multi-Utilities - Utilities|2|53.17|56.36
2024-07-24|XEL|Multi-Utilities - Utilities|3|52.53|56.36
2024-07-24|XEL|Multi-Utilities - Utilities|1|53.19|56.36
2024-07-24|ED|Multi-Utilities - Utilities|5|90.9|95.88
2024-07-24|CSX|Rail Transportation - Industrials|1|33.84|33.2
2024-07-24|VRSN|Internet Services & Infrastructure - Information Technology|2|172.0|174.97
2024-07-24|XEL|Multi-Utilities - Utilities|1|54.05|56.36
2024-07-24|XEL|Multi-Utilities - Utilities|1|53.74|56.36
2024-07-24|COR|Health Care Distributors - Health Care|4|231.77|225.98
2024-07-24|ORCL|Application Software - Information Technology|1|140.38|138.77
2024-07-24|AMZN|Broadline Retail - Consumer Discretionary|5|183.83|180.83
2024-07-24|CL|Household Products - Consumer Staples|1|94.76|96.6
2024-07-24|ANET|Communications Equipment - Information Technology|2|85.02|81.47
2024-07-24|MMM|Industrial Conglomerates - Industrials|9|100.77|103.25
2024-07-24|BMY|Pharmaceuticals - Health Care|1|40.81|44.66
2024-07-24|LDOS|Diversified Support Services - Industrials|3|146.39|150.1
2024-07-24|TFX|Health Care Equipment - Health Care|1|211.73|224.57
2024-07-24|PFE|Pharmaceuticals - Health Care|1|27.93|29.98
2024-07-24|BIIB|Biotechnology - Health Care|4|229.06|226.03
2024-07-24|FI|Transaction & Payment Processing Services - Financials|1|151.09|161.16
2024-07-24|DAY|Human Resource & Employment Services - Industrials|1|53.02|51.29
2024-07-24|D|Multi-Utilities - Utilities|1|51.03|52.13
2024-07-24|ALLE|Building Products - Industrials|1|122.72|127.86
2024-07-24|VICI|Hotel & Resort REITs - Real Estate|4|30.29|30.21
2024-07-24|VTRS|Pharmaceuticals - Health Care|1|11.0|11.7
2024-07-24|WBD|Broadcasting - Communication Services|1|7.98|8.47
2024-07-24|WY|Timber REITs - Real Estate|37|30.49|29.87
2024-07-24|EXC|Electric Utilities - Utilities|3|36.43|36.47
2024-07-24|WBD|Broadcasting - Communication Services|1|8.32|8.47
2024-07-24|HPE|Technology Hardware, Storage & Peripherals - Information Technology|1|20.67|20.05
2024-07-24|A|Life Sciences Tools & Services - Health Care|8|131.78|134.16
2024-07-24|HCA|Health Care Facilities - Health Care|3|343.94|343.94
2024-07-24|DVA|Health Care Services - Health Care|5|143.81|143.81
2024-07-24|WRB|Property & Casualty Insurance - Financials|1|52.29|52.29
2024-07-24|WBD|Broadcasting - Communication Services|2|8.47|8.47
2024-07-25|EXC|Electric Utilities - Utilities|8|36.03|36.48
2024-07-25|VZ|Integrated Telecommunication Services - Communication Services|1|40.37|39.95
2024-07-25|ED|Multi-Utilities - Utilities|1|90.19|95.92
2024-07-25|XEL|Multi-Utilities - Utilities|1|53.49|56.87
2024-07-25|XEL|Multi-Utilities - Utilities|2|53.17|56.87
2024-07-25|XEL|Multi-Utilities - Utilities|3|52.53|56.87
2024-07-25|XEL|Multi-Utilities - Utilities|1|53.19|56.87
2024-07-25|ED|Multi-Utilities - Utilities|5|90.9|95.92
2024-07-25|CSX|Rail Transportation - Industrials|1|33.84|33.6
2024-07-25|VRSN|Internet Services & Infrastructure - Information Technology|2|172.0|176.74
2024-07-25|XEL|Multi-Utilities - Utilities|1|54.05|56.87
2024-07-25|XEL|Multi-Utilities - Utilities|1|53.74|56.87
2024-07-25|COR|Health Care Distributors - Health Care|4|231.77|227.11
2024-07-25|ORCL|Application Software - Information Technology|1|140.38|137.82
2024-07-25|AMZN|Broadline Retail - Consumer Discretionary|5|183.83|179.85
2024-07-25|CL|Household Products - Consumer Staples|1|94.76|96.49
2024-07-25|MMM|Industrial Conglomerates - Industrials|9|100.77|103.39
2024-07-25|LDOS|Diversified Support Services - Industrials|3|146.39|152.02
2024-07-25|TFX|Health Care Equipment - Health Care|1|211.73|222.49
2024-07-25|PFE|Pharmaceuticals - Health Care|1|27.93|30.18
2024-07-25|BIIB|Biotechnology - Health Care|4|229.06|227.44
2024-07-25|FI|Transaction & Payment Processing Services - Financials|1|151.09|156.01
2024-07-25|DAY|Human Resource & Employment Services - Industrials|1|53.02|51.8
2024-07-25|D|Multi-Utilities - Utilities|1|51.03|52.3
2024-07-25|ALLE|Building Products - Industrials|1|122.72|132.88
2024-07-25|VICI|Hotel & Resort REITs - Real Estate|4|30.29|30.48
2024-07-25|VTRS|Pharmaceuticals - Health Care|1|11.0|11.76
2024-07-25|WBD|Broadcasting - Communication Services|1|7.98|7.99
2024-07-25|WY|Timber REITs - Real Estate|37|30.49|30.31
2024-07-25|EXC|Electric Utilities - Utilities|3|36.43|36.48
2024-07-25|WBD|Broadcasting - Communication Services|1|8.32|7.99
2024-07-25|A|Life Sciences Tools & Services - Health Care|8|131.78|134.98
2024-07-25|HCA|Health Care Facilities - Health Care|3|343.94|352.79
2024-07-25|DVA|Health Care Services - Health Care|5|143.81|142.5
2024-07-25|WRB|Property & Casualty Insurance - Financials|1|52.29|52.47
2024-07-25|CF|Fertilizers & Agricultural Chemicals - Materials|3|73.51|73.51
2024-07-25|KVUE|Personal Care Products - Consumer Staples|1|18.25|18.25
2024-07-26|EXC|Electric Utilities - Utilities|8|36.03|36.75
2024-07-26|VZ|Integrated Telecommunication Services - Communication Services|1|40.37|40.09
2024-07-26|ED|Multi-Utilities - Utilities|1|90.19|96.44
2024-07-26|XEL|Multi-Utilities - Utilities|1|53.49|57.36
2024-07-26|XEL|Multi-Utilities - Utilities|2|53.17|57.36
2024-07-26|XEL|Multi-Utilities - Utilities|3|52.53|57.36
2024-07-26|XEL|Multi-Utilities - Utilities|1|53.19|57.36
2024-07-26|ED|Multi-Utilities - Utilities|5|90.9|96.44
2024-07-26|CSX|Rail Transportation - Industrials|1|33.84|34.32
2024-07-26|VRSN|Internet Services & Infrastructure - Information Technology|2|172.0|184.1
2024-07-26|XEL|Multi-Utilities - Utilities|1|54.05|57.36
2024-07-26|XEL|Multi-Utilities - Utilities|1|53.74|57.36
2024-07-26|COR|Health Care Distributors - Health Care|4|231.77|227.62
2024-07-26|ORCL|Application Software - Information Technology|1|140.38|139.01
2024-07-26|AMZN|Broadline Retail - Consumer Discretionary|5|183.83|182.5
2024-07-26|CL|Household Products - Consumer Staples|1|94.76|99.39
2024-07-26|LDOS|Diversified Support Services - Industrials|3|146.39|149.83
2024-07-26|TFX|Health Care Equipment - Health Care|1|211.73|220.3
2024-07-26|FI|Transaction & Payment Processing Services - Financials|1|151.09|159.94
2024-07-26|DAY|Human Resource & Employment Services - Industrials|1|53.02|52.11
2024-07-26|D|Multi-Utilities - Utilities|1|51.03|52.7
2024-07-26|VICI|Hotel & Resort REITs - Real Estate|4|30.29|30.88
2024-07-26|VTRS|Pharmaceuticals - Health Care|1|11.0|12.08
2024-07-26|WBD|Broadcasting - Communication Services|1|7.98|8.31
2024-07-26|WY|Timber REITs - Real Estate|37|30.49|31.6
2024-07-26|EXC|Electric Utilities - Utilities|3|36.43|36.75
2024-07-26|WBD|Broadcasting - Communication Services|1|8.32|8.31
2024-07-26|A|Life Sciences Tools & Services - Health Care|8|131.78|137.32
2024-07-26|HCA|Health Care Facilities - Health Care|3|343.94|354.78
2024-07-26|DVA|Health Care Services - Health Care|5|143.81|137.41
2024-07-26|WRB|Property & Casualty Insurance - Financials|1|52.29|54.07
2024-07-26|CF|Fertilizers & Agricultural Chemicals - Materials|3|73.51|75.04
2024-07-26|KVUE|Personal Care Products - Consumer Staples|1|18.25|18.69
2024-07-26|CNC|Managed Health Care - Health Care|15|73.1|73.1
2024-07-26|EXPD|Air Freight & Logistics - Industrials|8|124.18|124.18
2024-07-26|UAL|Passenger Airlines - Industrials|1|47.37|47.37
2024-07-26|WBD|Broadcasting - Communication Services|2|8.31|8.31
2024-07-30|EXC|Electric Utilities - Utilities|8|36.03|37.22
2024-07-30|VZ|Integrated Telecommunication Services - Communication Services|1|40.37|40.04
2024-07-30|ED|Multi-Utilities - Utilities|1|90.19|98.16
2024-07-30|XEL|Multi-Utilities - Utilities|1|53.49|58.63
2024-07-30|ED|Multi-Utilities - Utilities|5|90.9|98.16
2024-07-30|CSX|Rail Transportation - Industrials|1|33.84|35.02
2024-07-30|VRSN|Internet Services & Infrastructure - Information Technology|2|172.0|186.96
2024-07-30|XEL|Multi-Utilities - Utilities|1|54.05|58.63
2024-07-30|XEL|Multi-Utilities - Utilities|1|53.74|58.63
2024-07-30|COR|Health Care Distributors - Health Care|4|231.77|231.03
2024-07-30|ORCL|Application Software - Information Technology|1|140.38|135.67
2024-07-30|AMZN|Broadline Retail - Consumer Discretionary|5|183.83|181.71
2024-07-30|CL|Household Products - Consumer Staples|1|94.76|100.49
2024-07-30|LDOS|Diversified Support Services - Industrials|3|146.39|145.98
2024-07-30|TFX|Health Care Equipment - Health Care|1|211.73|222.71
2024-07-30|FI|Transaction & Payment Processing Services - Financials|1|151.09|163.11
2024-07-30|DAY|Human Resource & Employment Services - Industrials|1|53.02|53.68
2024-07-30|D|Multi-Utilities - Utilities|1|51.03|53.21
2024-07-30|VICI|Hotel & Resort REITs - Real Estate|4|30.29|31.42
2024-07-30|WY|Timber REITs - Real Estate|37|30.49|31.76
2024-07-30|EXC|Electric Utilities - Utilities|3|36.43|37.22
2024-07-30|WBD|Broadcasting - Communication Services|1|8.32|8.78
2024-07-30|A|Life Sciences Tools & Services - Health Care|8|131.78|139.49
2024-07-30|HCA|Health Care Facilities - Health Care|3|343.94|361.35
2024-07-30|WRB|Property & Casualty Insurance - Financials|1|52.29|55.46
2024-07-30|CF|Fertilizers & Agricultural Chemicals - Materials|3|73.51|76.43
2024-07-30|KVUE|Personal Care Products - Consumer Staples|1|18.25|18.75
2024-07-30|CNC|Managed Health Care - Health Care|15|73.1|77.1
2024-07-30|EXPD|Air Freight & Logistics - Industrials|8|124.18|124.96
2024-07-30|UAL|Passenger Airlines - Industrials|1|47.37|46.61
2024-07-30|WBD|Broadcasting - Communication Services|2|8.31|8.78
2024-07-30|NOW|Systems Software - Information Technology|6|159.76|159.76
2024-07-30|XEL|Multi-Utilities - Utilities|1|58.63|58.63
2024-07-30|WBD|Broadcasting - Communication Services|4|8.78|8.78
2024-07-31|EXC|Electric Utilities - Utilities|8|36.03|37.2
2024-07-31|VZ|Integrated Telecommunication Services - Communication Services|1|40.37|40.52
2024-07-31|ED|Multi-Utilities - Utilities|1|90.19|97.52
2024-07-31|XEL|Multi-Utilities - Utilities|1|53.49|58.28
2024-07-31|ED|Multi-Utilities - Utilities|5|90.9|97.52
2024-07-31|CSX|Rail Transportation - Industrials|1|33.84|35.1
2024-07-31|VRSN|Internet Services & Infrastructure - Information Technology|2|172.0|187.01
2024-07-31|XEL|Multi-Utilities - Utilities|1|54.05|58.28
2024-07-31|XEL|Multi-Utilities - Utilities|1|53.74|58.28
2024-07-31|COR|Health Care Distributors - Health Care|4|231.77|237.88
2024-07-31|ORCL|Application Software - Information Technology|1|140.38|139.45
2024-07-31|AMZN|Broadline Retail - Consumer Discretionary|5|183.83|186.98
2024-07-31|CL|Household Products - Consumer Staples|1|94.76|99.19
2024-07-31|LDOS|Diversified Support Services - Industrials|3|146.39|144.4
2024-07-31|TFX|Health Care Equipment - Health Care|1|211.73|220.92
2024-07-31|FI|Transaction & Payment Processing Services - Financials|1|151.09|163.57
2024-07-31|D|Multi-Utilities - Utilities|1|51.03|53.46
2024-07-31|VICI|Hotel & Resort REITs - Real Estate|4|30.29|31.26
2024-07-31|WY|Timber REITs - Real Estate|37|30.49|31.76
2024-07-31|EXC|Electric Utilities - Utilities|3|36.43|37.2
2024-07-31|WBD|Broadcasting - Communication Services|1|8.32|8.65
2024-07-31|A|Life Sciences Tools & Services - Health Care|8|131.78|141.4
2024-07-31|HCA|Health Care Facilities - Health Care|3|343.94|363.05
2024-07-31|WRB|Property & Casualty Insurance - Financials|1|52.29|55.13
2024-07-31|CF|Fertilizers & Agricultural Chemicals - Materials|3|73.51|76.39
2024-07-31|KVUE|Personal Care Products - Consumer Staples|1|18.25|18.49
2024-07-31|CNC|Managed Health Care - Health Care|15|73.1|76.92
2024-07-31|EXPD|Air Freight & Logistics - Industrials|8|124.18|124.82
2024-07-31|UAL|Passenger Airlines - Industrials|1|47.37|45.42
2024-07-31|WBD|Broadcasting - Communication Services|2|8.31|8.65
2024-07-31|NOW|Systems Software - Information Technology|6|159.76|162.88
2024-07-31|XEL|Multi-Utilities - Utilities|1|58.63|58.28
2024-07-31|WBD|Broadcasting - Communication Services|4|8.78|8.65
2024-07-31|WFC|Diversified Banks - Financials|1|59.34|59.34
2024-08-01|EXC|Electric Utilities - Utilities|8|36.03|38.26
2024-08-01|VZ|Integrated Telecommunication Services - Communication Services|1|40.37|40.85
2024-08-01|CSX|Rail Transportation - Industrials|1|33.84|34.77
2024-08-01|VRSN|Internet Services & Infrastructure - Information Technology|2|172.0|188.37
2024-08-01|XEL|Multi-Utilities - Utilities|1|54.05|59.11
2024-08-01|XEL|Multi-Utilities - Utilities|1|53.74|59.11
2024-08-01|COR|Health Care Distributors - Health Care|4|231.77|244.46
2024-08-01|ORCL|Application Software - Information Technology|1|140.38|137.51
2024-08-01|AMZN|Broadline Retail - Consumer Discretionary|5|183.83|184.07
2024-08-01|CL|Household Products - Consumer Staples|1|94.76|100.93
2024-08-01|LDOS|Diversified Support Services - Industrials|3|146.39|144.75
2024-08-01|FI|Transaction & Payment Processing Services - Financials|1|151.09|161.39
2024-08-01|D|Multi-Utilities - Utilities|1|51.03|55.44
2024-08-01|VICI|Hotel & Resort REITs - Real Estate|4|30.29|31.34
2024-08-01|WY|Timber REITs - Real Estate|37|30.49|31.92
2024-08-01|EXC|Electric Utilities - Utilities|3|36.43|38.26
2024-08-01|WBD|Broadcasting - Communication Services|1|8.32|8.38
2024-08-01|A|Life Sciences Tools & Services - Health Care|8|131.78|142.86
2024-08-01|HCA|Health Care Facilities - Health Care|3|343.94|363.12
2024-08-01|WRB|Property & Casualty Insurance - Financials|1|52.29|54.77
2024-08-01|CF|Fertilizers & Agricultural Chemicals - Materials|3|73.51|75.8
2024-08-01|KVUE|Personal Care Products - Consumer Staples|1|18.25|18.63
2024-08-01|CNC|Managed Health Care - Health Care|15|73.1|77.91
2024-08-01|EXPD|Air Freight & Logistics - Industrials|8|124.18|126.48
2024-08-01|WBD|Broadcasting - Communication Services|2|8.31|8.38
2024-08-01|NOW|Systems Software - Information Technology|6|159.76|162.28
2024-08-01|XEL|Multi-Utilities - Utilities|1|58.63|59.11
2024-08-01|WBD|Broadcasting - Communication Services|4|8.78|8.38
2024-08-01|WFC|Diversified Banks - Financials|1|59.34|56.88
2024-08-01|YUM|Restaurants - Consumer Discretionary|7|134.5|134.5
2024-08-02|EXC|Electric Utilities - Utilities|8|36.03|38.77
2024-08-02|VZ|Integrated Telecommunication Services - Communication Services|1|40.37|40.97
2024-08-02|CSX|Rail Transportation - Industrials|1|33.84|34.08
2024-08-02|VRSN|Internet Services & Infrastructure - Information Technology|2|172.0|187.71
2024-08-02|COR|Health Care Distributors - Health Care|4|231.77|247.57
2024-08-02|CL|Household Products - Consumer Staples|1|94.76|102.81
2024-08-02|LDOS|Diversified Support Services - Industrials|3|146.39|145.39
2024-08-02|FI|Transaction & Payment Processing Services - Financials|1|151.09|158.92
2024-08-02|D|Multi-Utilities - Utilities|1|51.03|56.08
2024-08-02|VICI|Hotel & Resort REITs - Real Estate|4|30.29|31.5
2024-08-02|WY|Timber REITs - Real Estate|37|30.49|31.74
2024-08-02|EXC|Electric Utilities - Utilities|3|36.43|38.77
2024-08-02|WBD|Broadcasting - Communication Services|1|8.32|8.27
2024-08-02|A|Life Sciences Tools & Services - Health Care|8|131.78|139.04
2024-08-02|HCA|Health Care Facilities - Health Care|3|343.94|356.36
2024-08-02|WRB|Property & Casualty Insurance - Financials|1|52.29|55.18
2024-08-02|CF|Fertilizers & Agricultural Chemicals - Materials|3|73.51|73.22
2024-08-02|KVUE|Personal Care Products - Consumer Staples|1|18.25|18.82
2024-08-02|CNC|Managed Health Care - Health Care|15|73.1|78.09
2024-08-02|EXPD|Air Freight & Logistics - Industrials|8|124.18|123.13
2024-08-02|WBD|Broadcasting - Communication Services|2|8.31|8.27
2024-08-02|NOW|Systems Software - Information Technology|6|159.76|158.13
2024-08-02|XEL|Multi-Utilities - Utilities|1|58.63|59.75
2024-08-02|YUM|Restaurants - Consumer Discretionary|7|134.5|135.18
2024-08-02|GDDY|Internet Services & Infrastructure - Information Technology|5|151.25|151.25
2024-08-02|ZTS|Pharmaceuticals - Health Care|2|180.59|180.59
2024-08-02|XEL|Multi-Utilities - Utilities|1|59.75|59.75
2024-08-05|EXC|Electric Utilities - Utilities|8|36.03|37.52
2024-08-05|VZ|Integrated Telecommunication Services - Communication Services|1|40.37|39.8
2024-08-05|CSX|Rail Transportation - Industrials|1|33.84|33.0
2024-08-05|VRSN|Internet Services & Infrastructure - Information Technology|2|172.0|178.62
2024-08-05|COR|Health Care Distributors - Health Care|4|231.77|241.25
2024-08-05|CL|Household Products - Consumer Staples|1|94.76|100.97
2024-08-05|LDOS|Diversified Support Services - Industrials|3|146.39|142.66
2024-08-05|FI|Transaction & Payment Processing Services - Financials|1|151.09|154.77
2024-08-05|D|Multi-Utilities - Utilities|1|51.03|54.04
2024-08-05|VICI|Hotel & Resort REITs - Real Estate|4|30.29|30.76
2024-08-05|WY|Timber REITs - Real Estate|37|30.49|31.13
2024-08-05|EXC|Electric Utilities - Utilities|3|36.43|37.52
2024-08-05|A|Life Sciences Tools & Services - Health Care|8|131.78|134.7
2024-08-05|HCA|Health Care Facilities - Health Care|3|343.94|350.18
2024-08-05|WRB|Property & Casualty Insurance - Financials|1|52.29|54.73
2024-08-05|CF|Fertilizers & Agricultural Chemicals - Materials|3|73.51|72.86
2024-08-05|KVUE|Personal Care Products - Consumer Staples|1|18.25|18.19
2024-08-05|CNC|Managed Health Care - Health Care|15|73.1|77.43
2024-08-05|EXPD|Air Freight & Logistics - Industrials|8|124.18|121.29
2024-08-05|NOW|Systems Software - Information Technology|6|159.76|156.25
2024-08-05|XEL|Multi-Utilities - Utilities|1|58.63|57.99
2024-08-05|YUM|Restaurants - Consumer Discretionary|7|134.5|133.32
2024-08-05|GDDY|Internet Services & Infrastructure - Information Technology|5|151.25|146.88
2024-08-05|ZTS|Pharmaceuticals - Health Care|2|180.59|174.82
2024-08-05|XEL|Multi-Utilities - Utilities|1|59.75|57.99
2024-08-05|WBD|Broadcasting - Communication Services|3|7.88|7.88
2024-08-06|EXC|Electric Utilities - Utilities|8|36.03|37.59
2024-08-06|VZ|Integrated Telecommunication Services - Communication Services|1|40.37|40.26
2024-08-06|CSX|Rail Transportation - Industrials|1|33.84|33.86
2024-08-06|VRSN|Internet Services & Infrastructure - Information Technology|2|172.0|177.16
2024-08-06|COR|Health Care Distributors - Health Care|4|231.77|239.82
2024-08-06|CL|Household Products - Consumer Staples|1|94.76|102.66
2024-08-06|LDOS|Diversified Support Services - Industrials|3|146.39|143.29
2024-08-06|FI|Transaction & Payment Processing Services - Financials|1|151.09|157.34
2024-08-06|D|Multi-Utilities - Utilities|1|51.03|54.17
2024-08-06|VICI|Hotel & Resort REITs - Real Estate|4|30.29|31.4
2024-08-06|WY|Timber REITs - Real Estate|37|30.49|31.64
2024-08-06|EXC|Electric Utilities - Utilities|3|36.43|37.59
2024-08-06|A|Life Sciences Tools & Services - Health Care|8|131.78|136.26
2024-08-06|HCA|Health Care Facilities - Health Care|3|343.94|352.93
2024-08-06|WRB|Property & Casualty Insurance - Financials|1|52.29|55.1
2024-08-06|CF|Fertilizers & Agricultural Chemicals - Materials|3|73.51|73.4
2024-08-06|CNC|Managed Health Care - Health Care|15|73.1|75.44
2024-08-06|NOW|Systems Software - Information Technology|6|159.76|158.59
2024-08-06|XEL|Multi-Utilities - Utilities|1|58.63|57.86
2024-08-06|YUM|Restaurants - Consumer Discretionary|7|134.5|136.85
2024-08-06|GDDY|Internet Services & Infrastructure - Information Technology|5|151.25|152.02
2024-08-06|ZTS|Pharmaceuticals - Health Care|2|180.59|185.29
2024-08-06|XEL|Multi-Utilities - Utilities|1|59.75|57.86
2024-08-06|WBD|Broadcasting - Communication Services|3|7.88|7.57
2024-08-06|ZTS|Pharmaceuticals - Health Care|4|185.29|185.29
2024-08-06|ZBH|Health Care Equipment - Health Care|1|109.57|109.57
2024-08-06|XEL|Multi-Utilities - Utilities|1|57.86|57.86
2024-08-06|WMB|Oil & Gas Storage & Transportation - Energy|1|42.83|42.83
2024-08-08|EXC|Electric Utilities - Utilities|8|36.03|37.54
2024-08-08|VZ|Integrated Telecommunication Services - Communication Services|1|40.37|40.52
2024-08-08|CSX|Rail Transportation - Industrials|1|33.84|34.25
2024-08-08|VRSN|Internet Services & Infrastructure - Information Technology|2|172.0|177.27
2024-08-08|COR|Health Care Distributors - Health Care|4|231.77|237.0
2024-08-08|CL|Household Products - Consumer Staples|1|94.76|102.71
2024-08-08|LDOS|Diversified Support Services - Industrials|3|146.39|144.38
2024-08-08|FI|Transaction & Payment Processing Services - Financials|1|151.09|160.15
2024-08-08|D|Multi-Utilities - Utilities|1|51.03|54.19
2024-08-08|VICI|Hotel & Resort REITs - Real Estate|4|30.29|31.25
2024-08-08|WY|Timber REITs - Real Estate|37|30.49|31.1
2024-08-08|EXC|Electric Utilities - Utilities|3|36.43|37.54
2024-08-08|A|Life Sciences Tools & Services - Health Care|8|131.78|136.76
2024-08-08|HCA|Health Care Facilities - Health Care|3|343.94|360.67
2024-08-08|WRB|Property & Casualty Insurance - Financials|1|52.29|56.71
2024-08-08|CF|Fertilizers & Agricultural Chemicals - Materials|3|73.51|79.53
2024-08-08|CNC|Managed Health Care - Health Care|15|73.1|75.52
2024-08-08|NOW|Systems Software - Information Technology|6|159.76|159.23
2024-08-08|XEL|Multi-Utilities - Utilities|1|58.63|58.15
2024-08-08|YUM|Restaurants - Consumer Discretionary|7|134.5|137.1
2024-08-08|GDDY|Internet Services & Infrastructure - Information Technology|5|151.25|156.84
2024-08-08|ZTS|Pharmaceuticals - Health Care|2|180.59|188.3
2024-08-08|XEL|Multi-Utilities - Utilities|1|59.75|58.15
2024-08-08|ZTS|Pharmaceuticals - Health Care|4|185.29|188.3
2024-08-08|ZBH|Health Care Equipment - Health Care|1|109.57|108.7
2024-08-08|XEL|Multi-Utilities - Utilities|1|57.86|58.15
2024-08-08|WMB|Oil & Gas Storage & Transportation - Energy|1|42.83|43.86
2024-08-08|WBD|Broadcasting - Communication Services|3|7.02|7.02
2024-08-13|EXC|Electric Utilities - Utilities|8|36.03|37.13
2024-08-13|VZ|Integrated Telecommunication Services - Communication Services|1|40.37|40.78
2024-08-13|CSX|Rail Transportation - Industrials|1|33.84|33.22
2024-08-13|VRSN|Internet Services & Infrastructure - Information Technology|2|172.0|174.74
2024-08-13|COR|Health Care Distributors - Health Care|4|231.77|236.31
2024-08-13|CL|Household Products - Consumer Staples|1|94.76|100.59
2024-08-13|LDOS|Diversified Support Services - Industrials|3|146.39|144.82
2024-08-13|FI|Transaction & Payment Processing Services - Financials|1|151.09|162.46
2024-08-13|D|Multi-Utilities - Utilities|1|51.03|55.08
2024-08-13|VICI|Hotel & Resort REITs - Real Estate|4|30.29|31.43
2024-08-13|WY|Timber REITs - Real Estate|37|30.49|30.33
2024-08-13|EXC|Electric Utilities - Utilities|3|36.43|37.13
2024-08-13|A|Life Sciences Tools & Services - Health Care|8|131.78|137.42
2024-08-13|HCA|Health Care Facilities - Health Care|3|343.94|368.86
2024-08-13|WRB|Property & Casualty Insurance - Financials|1|52.29|56.52
2024-08-13|CNC|Managed Health Care - Health Care|15|73.1|76.35
2024-08-13|NOW|Systems Software - Information Technology|6|159.76|163.76
2024-08-13|XEL|Multi-Utilities - Utilities|1|58.63|59.66
2024-08-13|YUM|Restaurants - Consumer Discretionary|7|134.5|137.59
2024-08-13|GDDY|Internet Services & Infrastructure - Information Technology|5|151.25|159.99
2024-08-13|ZTS|Pharmaceuticals - Health Care|2|180.59|188.38
2024-08-13|XEL|Multi-Utilities - Utilities|1|59.75|59.66
2024-08-13|ZTS|Pharmaceuticals - Health Care|4|185.29|188.38
2024-08-13|ZBH|Health Care Equipment - Health Care|1|109.57|109.31
2024-08-13|XEL|Multi-Utilities - Utilities|1|57.86|59.66
2024-08-13|WMB|Oil & Gas Storage & Transportation - Energy|1|42.83|43.12
2024-08-13|WBD|Broadcasting - Communication Services|3|7.02|7.06
2024-08-13|NRG|Independent Power Producers & Energy Traders - Utilities|3|81.86|81.86
2024-08-15|EXC|Electric Utilities - Utilities|8|36.03|37.5
2024-08-15|VZ|Integrated Telecommunication Services - Communication Services|1|40.37|40.04
2024-08-15|CSX|Rail Transportation - Industrials|1|33.84|33.63
2024-08-15|VRSN|Internet Services & Infrastructure - Information Technology|2|172.0|177.77
2024-08-15|COR|Health Care Distributors - Health Care|4|231.77|236.67
2024-08-15|CL|Household Products - Consumer Staples|1|94.76|101.44
2024-08-15|LDOS|Diversified Support Services - Industrials|3|146.39|147.95
2024-08-15|FI|Transaction & Payment Processing Services - Financials|1|151.09|165.72
2024-08-15|D|Multi-Utilities - Utilities|1|51.03|55.29
2024-08-15|VICI|Hotel & Resort REITs - Real Estate|4|30.29|31.76
2024-08-15|WY|Timber REITs - Real Estate|37|30.49|30.09
2024-08-15|EXC|Electric Utilities - Utilities|3|36.43|37.5
2024-08-15|A|Life Sciences Tools & Services - Health Care|8|131.78|139.89
2024-08-15|HCA|Health Care Facilities - Health Care|3|343.94|371.89
2024-08-15|CNC|Managed Health Care - Health Care|15|73.1|78.51
2024-08-15|NOW|Systems Software - Information Technology|6|159.76|166.42
2024-08-15|XEL|Multi-Utilities - Utilities|1|58.63|58.9
2024-08-15|YUM|Restaurants - Consumer Discretionary|7|134.5|137.81
2024-08-15|GDDY|Internet Services & Infrastructure - Information Technology|5|151.25|162.45
2024-08-15|ZTS|Pharmaceuticals - Health Care|2|180.59|184.08
2024-08-15|XEL|Multi-Utilities - Utilities|1|59.75|58.9
2024-08-15|ZTS|Pharmaceuticals - Health Care|4|185.29|184.08
2024-08-15|ZBH|Health Care Equipment - Health Care|1|109.57|109.9
2024-08-15|XEL|Multi-Utilities - Utilities|1|57.86|58.9
2024-08-15|WMB|Oil & Gas Storage & Transportation - Energy|1|42.83|43.88
2024-08-15|WBD|Broadcasting - Communication Services|3|7.02|7.24
2024-08-15|NRG|Independent Power Producers & Energy Traders - Utilities|3|81.86|82.75
2024-08-15|UDR|Multi-Family Residential REITs - Real Estate|1|41.62|41.62
2024-08-15|WBD|Broadcasting - Communication Services|2|7.24|7.24
2024-08-16|EXC|Electric Utilities - Utilities|8|36.03|37.61
2024-08-16|VZ|Integrated Telecommunication Services - Communication Services|1|40.37|40.61
2024-08-16|CSX|Rail Transportation - Industrials|1|33.84|33.42
2024-08-16|VRSN|Internet Services & Infrastructure - Information Technology|2|172.0|179.86
2024-08-16|COR|Health Care Distributors - Health Care|4|231.77|238.11
2024-08-16|CL|Household Products - Consumer Staples|1|94.76|101.99
2024-08-16|LDOS|Diversified Support Services - Industrials|3|146.39|148.02
2024-08-16|D|Multi-Utilities - Utilities|1|51.03|56.01
2024-08-16|VICI|Hotel & Resort REITs - Real Estate|4|30.29|31.59
2024-08-16|WY|Timber REITs - Real Estate|37|30.49|29.91
2024-08-16|EXC|Electric Utilities - Utilities|3|36.43|37.61
2024-08-16|A|Life Sciences Tools & Services - Health Care|8|131.78|140.04
2024-08-16|HCA|Health Care Facilities - Health Care|3|343.94|373.77
2024-08-16|CNC|Managed Health Care - Health Care|15|73.1|78.11
2024-08-16|NOW|Systems Software - Information Technology|6|159.76|165.51
2024-08-16|XEL|Multi-Utilities - Utilities|1|58.63|59.98
2024-08-16|YUM|Restaurants - Consumer Discretionary|7|134.5|137.4
2024-08-16|GDDY|Internet Services & Infrastructure - Information Technology|5|151.25|163.6
2024-08-16|ZTS|Pharmaceuticals - Health Care|2|180.59|183.71
2024-08-16|XEL|Multi-Utilities - Utilities|1|59.75|59.98
2024-08-16|ZTS|Pharmaceuticals - Health Care|4|185.29|183.71
2024-08-16|ZBH|Health Care Equipment - Health Care|1|109.57|110.65
2024-08-16|XEL|Multi-Utilities - Utilities|1|57.86|59.98
2024-08-16|WMB|Oil & Gas Storage & Transportation - Energy|1|42.83|44.13
2024-08-16|WBD|Broadcasting - Communication Services|3|7.02|7.41
2024-08-16|NRG|Independent Power Producers & Energy Traders - Utilities|3|81.86|82.78
2024-08-16|UDR|Multi-Family Residential REITs - Real Estate|1|41.62|41.71
2024-08-16|WBD|Broadcasting - Communication Services|2|7.24|7.41
2024-08-16|PANW|Systems Software - Information Technology|1|167.05|167.05
2024-08-19|EXC|Electric Utilities - Utilities|8|36.03|37.61
2024-08-19|VZ|Integrated Telecommunication Services - Communication Services|1|40.37|40.74
2024-08-19|CSX|Rail Transportation - Industrials|1|33.84|33.64
2024-08-19|VRSN|Internet Services & Infrastructure - Information Technology|2|172.0|182.81
2024-08-19|COR|Health Care Distributors - Health Care|4|231.77|238.85
2024-08-19|CL|Household Products - Consumer Staples|1|94.76|101.85
2024-08-19|LDOS|Diversified Support Services - Industrials|3|146.39|150.14
2024-08-19|VICI|Hotel & Resort REITs - Real Estate|4|30.29|32.09
2024-08-19|WY|Timber REITs - Real Estate|37|30.49|30.18
2024-08-19|EXC|Electric Utilities - Utilities|3|36.43|37.61
2024-08-19|A|Life Sciences Tools & Services - Health Care|8|131.78|140.51
2024-08-19|HCA|Health Care Facilities - Health Care|3|343.94|374.21
2024-08-19|CNC|Managed Health Care - Health Care|15|73.1|78.3
2024-08-19|NOW|Systems Software - Information Technology|6|159.76|166.58
2024-08-19|XEL|Multi-Utilities - Utilities|1|58.63|60.15
2024-08-19|YUM|Restaurants - Consumer Discretionary|7|134.5|136.69
2024-08-19|GDDY|Internet Services & Infrastructure - Information Technology|5|151.25|163.94
2024-08-19|ZTS|Pharmaceuticals - Health Care|2|180.59|184.48
2024-08-19|XEL|Multi-Utilities - Utilities|1|59.75|60.15
2024-08-19|ZTS|Pharmaceuticals - Health Care|4|185.29|184.48
2024-08-19|ZBH|Health Care Equipment - Health Care|1|109.57|111.77
2024-08-19|XEL|Multi-Utilities - Utilities|1|57.86|60.15
2024-08-19|WMB|Oil & Gas Storage & Transportation - Energy|1|42.83|45.02
2024-08-19|WBD|Broadcasting - Communication Services|3|7.02|7.63
2024-08-19|NRG|Independent Power Producers & Energy Traders - Utilities|3|81.86|82.34
2024-08-19|UDR|Multi-Family Residential REITs - Real Estate|1|41.62|41.94
2024-08-19|WBD|Broadcasting - Communication Services|2|7.24|7.63
2024-08-19|PANW|Systems Software - Information Technology|1|167.05|171.68
2024-08-19|NWS|Publishing - Communication Services|2|28.9|28.9
2024-08-20|EXC|Electric Utilities - Utilities|8|36.03|37.54
2024-08-20|VZ|Integrated Telecommunication Services - Communication Services|1|40.37|40.85
2024-08-20|CSX|Rail Transportation - Industrials|1|33.84|33.58
2024-08-20|VRSN|Internet Services & Infrastructure - Information Technology|2|172.0|178.83
2024-08-20|COR|Health Care Distributors - Health Care|4|231.77|238.41
2024-08-20|CL|Household Products - Consumer Staples|1|94.76|103.06
2024-08-20|LDOS|Diversified Support Services - Industrials|3|146.39|150.14
2024-08-20|VICI|Hotel & Resort REITs - Real Estate|4|30.29|31.99
2024-08-20|WY|Timber REITs - Real Estate|37|30.49|30.11
2024-08-20|EXC|Electric Utilities - Utilities|3|36.43|37.54
2024-08-20|A|Life Sciences Tools & Services - Health Care|8|131.78|139.75
2024-08-20|HCA|Health Care Facilities - Health Care|3|343.94|375.31
2024-08-20|CNC|Managed Health Care - Health Care|15|73.1|78.16
2024-08-20|NOW|Systems Software - Information Technology|6|159.76|167.64
2024-08-20|XEL|Multi-Utilities - Utilities|1|58.63|59.99
2024-08-20|YUM|Restaurants - Consumer Discretionary|7|134.5|136.95
2024-08-20|GDDY|Internet Services & Infrastructure - Information Technology|5|151.25|162.99
2024-08-20|ZTS|Pharmaceuticals - Health Care|2|180.59|183.6
2024-08-20|XEL|Multi-Utilities - Utilities|1|59.75|59.99
2024-08-20|ZTS|Pharmaceuticals - Health Care|4|185.29|183.6
2024-08-20|ZBH|Health Care Equipment - Health Care|1|109.57|111.64
2024-08-20|XEL|Multi-Utilities - Utilities|1|57.86|59.99
2024-08-20|WMB|Oil & Gas Storage & Transportation - Energy|1|42.83|44.32
2024-08-20|NRG|Independent Power Producers & Energy Traders - Utilities|3|81.86|81.92
2024-08-20|UDR|Multi-Family Residential REITs - Real Estate|1|41.62|42.1
2024-08-20|WBD|Broadcasting - Communication Services|2|7.24|7.77
2024-08-20|NWS|Publishing - Communication Services|2|28.9|28.51
2024-08-20|KEY|Regional Banks - Financials|12|16.66|16.66
2024-08-22|EXC|Electric Utilities - Utilities|8|36.03|37.88
2024-08-22|VZ|Integrated Telecommunication Services - Communication Services|1|40.37|40.87
2024-08-22|CSX|Rail Transportation - Industrials|1|33.84|33.23
2024-08-22|VRSN|Internet Services & Infrastructure - Information Technology|2|172.0|180.07
2024-08-22|COR|Health Care Distributors - Health Care|4|231.77|240.59
2024-08-22|CL|Household Products - Consumer Staples|1|94.76|103.95
2024-08-22|LDOS|Diversified Support Services - Industrials|3|146.39|153.28
2024-08-22|VICI|Hotel & Resort REITs - Real Estate|4|30.29|32.33
2024-08-22|WY|Timber REITs - Real Estate|37|30.49|30.26
2024-08-22|EXC|Electric Utilities - Utilities|3|36.43|37.88
2024-08-22|A|Life Sciences Tools & Services - Health Care|8|131.78|140.22
2024-08-22|CNC|Managed Health Care - Health Care|15|73.1|78.23
2024-08-22|NOW|Systems Software - Information Technology|6|159.76|164.19
2024-08-22|XEL|Multi-Utilities - Utilities|1|58.63|59.92
2024-08-22|YUM|Restaurants - Consumer Discretionary|7|134.5|136.76
2024-08-22|GDDY|Internet Services & Infrastructure - Information Technology|5|151.25|162.42
2024-08-22|ZTS|Pharmaceuticals - Health Care|2|180.59|182.17
2024-08-22|XEL|Multi-Utilities - Utilities|1|59.75|59.92
2024-08-22|ZTS|Pharmaceuticals - Health Care|4|185.29|182.17
2024-08-22|ZBH|Health Care Equipment - Health Care|1|109.57|113.42
2024-08-22|XEL|Multi-Utilities - Utilities|1|57.86|59.92
2024-08-22|WMB|Oil & Gas Storage & Transportation - Energy|1|42.83|44.67
2024-08-22|NRG|Independent Power Producers & Energy Traders - Utilities|3|81.86|81.85
2024-08-22|UDR|Multi-Family Residential REITs - Real Estate|1|41.62|42.56
2024-08-22|WBD|Broadcasting - Communication Services|2|7.24|7.5
2024-08-22|NWS|Publishing - Communication Services|2|28.9|28.9
2024-08-22|KEY|Regional Banks - Financials|12|16.66|16.42
2024-08-22|TGT|Consumer Staples Merchandise Retail - Consumer Staples|7|156.82|156.82
2024-08-22|GLW|Electronic Components - Information Technology|1|41.27|41.27
2024-08-22|AES|Independent Power Producers & Energy Traders - Utilities|1|17.77|17.77
2024-08-23|EXC|Electric Utilities - Utilities|8|36.03|37.79
2024-08-23|VZ|Integrated Telecommunication Services - Communication Services|1|40.37|41.21
2024-08-23|CSX|Rail Transportation - Industrials|1|33.84|33.69
2024-08-23|VRSN|Internet Services & Infrastructure - Information Technology|2|172.0|179.32
2024-08-23|COR|Health Care Distributors - Health Care|4|231.77|237.74
2024-08-23|CL|Household Products - Consumer Staples|1|94.76|104.21
2024-08-23|LDOS|Diversified Support Services - Industrials|3|146.39|154.9
2024-08-23|VICI|Hotel & Resort REITs - Real Estate|4|30.29|32.9
2024-08-23|WY|Timber REITs - Real Estate|37|30.49|31.36
2024-08-23|EXC|Electric Utilities - Utilities|3|36.43|37.79
2024-08-23|A|Life Sciences Tools & Services - Health Care|8|131.78|140.87
2024-08-23|CNC|Managed Health Care - Health Care|15|73.1|78.55
2024-08-23|NOW|Systems Software - Information Technology|6|159.76|165.65
2024-08-23|XEL|Multi-Utilities - Utilities|1|58.63|60.12
2024-08-23|YUM|Restaurants - Consumer Discretionary|7|134.5|135.52
2024-08-23|GDDY|Internet Services & Infrastructure - Information Technology|5|151.25|162.45
2024-08-23|ZTS|Pharmaceuticals - Health Care|2|180.59|180.9
2024-08-23|XEL|Multi-Utilities - Utilities|1|59.75|60.12
2024-08-23|ZTS|Pharmaceuticals - Health Care|4|185.29|180.9
2024-08-23|ZBH|Health Care Equipment - Health Care|1|109.57|115.05
2024-08-23|XEL|Multi-Utilities - Utilities|1|57.86|60.12
2024-08-23|WMB|Oil & Gas Storage & Transportation - Energy|1|42.83|45.29
2024-08-23|NRG|Independent Power Producers & Energy Traders - Utilities|3|81.86|83.5
2024-08-23|UDR|Multi-Family Residential REITs - Real Estate|1|41.62|43.3
2024-08-23|NWS|Publishing - Communication Services|2|28.9|29.2
2024-08-23|KEY|Regional Banks - Financials|12|16.66|17.07
2024-08-23|TGT|Consumer Staples Merchandise Retail - Consumer Staples|7|156.82|158.5
2024-08-23|GLW|Electronic Components - Information Technology|1|41.27|41.94
2024-08-23|AES|Independent Power Producers & Energy Traders - Utilities|1|17.77|18.08
2024-08-23|WBD|Broadcasting - Communication Services|2|8.05|8.05
2024-08-26|EXC|Electric Utilities - Utilities|8|36.03|37.97
2024-08-26|VZ|Integrated Telecommunication Services - Communication Services|1|40.37|41.49
2024-08-26|CSX|Rail Transportation - Industrials|1|33.84|33.67
2024-08-26|VRSN|Internet Services & Infrastructure - Information Technology|2|172.0|181.5
2024-08-26|COR|Health Care Distributors - Health Care|4|231.77|234.44
2024-08-26|LDOS|Diversified Support Services - Industrials|3|146.39|154.87
2024-08-26|VICI|Hotel & Resort REITs - Real Estate|4|30.29|33.12
2024-08-26|WY|Timber REITs - Real Estate|37|30.49|31.08
2024-08-26|EXC|Electric Utilities - Utilities|3|36.43|37.97
2024-08-26|A|Life Sciences Tools & Services - Health Care|8|131.78|140.49
2024-08-26|CNC|Managed Health Care - Health Care|15|73.1|77.67
2024-08-26|NOW|Systems Software - Information Technology|6|159.76|165.57
2024-08-26|XEL|Multi-Utilities - Utilities|1|58.63|61.46
2024-08-26|YUM|Restaurants - Consumer Discretionary|7|134.5|134.95
2024-08-26|GDDY|Internet Services & Infrastructure - Information Technology|5|151.25|164.17
2024-08-26|ZTS|Pharmaceuticals - Health Care|2|180.59|181.56
2024-08-26|XEL|Multi-Utilities - Utilities|1|59.75|61.46
2024-08-26|ZTS|Pharmaceuticals - Health Care|4|185.29|181.56
2024-08-26|ZBH|Health Care Equipment - Health Care|1|109.57|114.63
2024-08-26|XEL|Multi-Utilities - Utilities|1|57.86|61.46
2024-08-26|WMB|Oil & Gas Storage & Transportation - Energy|1|42.83|45.49
2024-08-26|NRG|Independent Power Producers & Energy Traders - Utilities|3|81.86|83.75
2024-08-26|UDR|Multi-Family Residential REITs - Real Estate|1|41.62|43.22
2024-08-26|NWS|Publishing - Communication Services|2|28.9|29.1
2024-08-26|KEY|Regional Banks - Financials|12|16.66|16.95
2024-08-26|TGT|Consumer Staples Merchandise Retail - Consumer Staples|7|156.82|158.9
2024-08-26|GLW|Electronic Components - Information Technology|1|41.27|42.22
2024-08-26|AES|Independent Power Producers & Energy Traders - Utilities|1|17.77|17.9
2024-08-26|WBD|Broadcasting - Communication Services|2|8.05|8.23
2024-08-26|WFC|Diversified Banks - Financials|1|56.72|56.72
2024-08-26|HST|Hotel & Resort REITs - Real Estate|2|17.34|17.34
2024-08-26|WBD|Broadcasting - Communication Services|1|8.23|8.23
2024-08-29|EXC|Electric Utilities - Utilities|8|36.03|38.03
2024-08-29|VZ|Integrated Telecommunication Services - Communication Services|1|40.37|41.25
2024-08-29|CSX|Rail Transportation - Industrials|1|33.84|33.94
2024-08-29|VRSN|Internet Services & Infrastructure - Information Technology|2|172.0|182.0
2024-08-29|COR|Health Care Distributors - Health Care|4|231.77|237.6
2024-08-29|LDOS|Diversified Support Services - Industrials|3|146.39|157.44
2024-08-29|VICI|Hotel & Resort REITs - Real Estate|4|30.29|33.06
2024-08-29|WY|Timber REITs - Real Estate|37|30.49|30.49
2024-08-29|EXC|Electric Utilities - Utilities|3|36.43|38.03
2024-08-29|A|Life Sciences Tools & Services - Health Care|8|131.78|142.53
2024-08-29|CNC|Managed Health Care - Health Care|15|73.1|78.29
2024-08-29|NOW|Systems Software - Information Technology|6|159.76|166.25
2024-08-29|XEL|Multi-Utilities - Utilities|1|58.63|61.39
2024-08-29|YUM|Restaurants - Consumer Discretionary|7|134.5|135.25
2024-08-29|GDDY|Internet Services & Infrastructure - Information Technology|5|151.25|164.99
2024-08-29|ZTS|Pharmaceuticals - Health Care|2|180.59|182.89
2024-08-29|XEL|Multi-Utilities - Utilities|1|59.75|61.39
2024-08-29|ZTS|Pharmaceuticals - Health Care|4|185.29|182.89
2024-08-29|ZBH|Health Care Equipment - Health Care|1|109.57|114.67
2024-08-29|XEL|Multi-Utilities - Utilities|1|57.86|61.39
2024-08-29|WMB|Oil & Gas Storage & Transportation - Energy|1|42.83|45.49
2024-08-29|NRG|Independent Power Producers & Energy Traders - Utilities|3|81.86|82.62
2024-08-29|UDR|Multi-Family Residential REITs - Real Estate|1|41.62|44.11
2024-08-29|NWS|Publishing - Communication Services|2|28.9|28.94
2024-08-29|KEY|Regional Banks - Financials|12|16.66|16.88
2024-08-29|TGT|Consumer Staples Merchandise Retail - Consumer Staples|7|156.82|153.42
2024-08-29|GLW|Electronic Components - Information Technology|1|41.27|41.87
2024-08-29|AES|Independent Power Producers & Energy Traders - Utilities|1|17.77|17.26
2024-08-29|WBD|Broadcasting - Communication Services|2|8.05|7.73
2024-08-29|WFC|Diversified Banks - Financials|1|56.72|57.35
2024-08-29|HST|Hotel & Resort REITs - Real Estate|2|17.34|17.65
2024-08-29|WBD|Broadcasting - Communication Services|1|7.73|7.73
2024-08-30|EXC|Electric Utilities - Utilities|8|36.03|38.09
2024-08-30|VZ|Integrated Telecommunication Services - Communication Services|1|40.37|41.78
2024-08-30|CSX|Rail Transportation - Industrials|1|33.84|34.27
2024-08-30|VRSN|Internet Services & Infrastructure - Information Technology|2|172.0|183.9
2024-08-30|COR|Health Care Distributors - Health Care|4|231.77|239.57
2024-08-30|LDOS|Diversified Support Services - Industrials|3|146.39|158.51
2024-08-30|WY|Timber REITs - Real Estate|37|30.49|30.49
2024-08-30|EXC|Electric Utilities - Utilities|3|36.43|38.09
2024-08-30|A|Life Sciences Tools & Services - Health Care|8|131.78|142.92
2024-08-30|CNC|Managed Health Care - Health Care|15|73.1|78.83
2024-08-30|NOW|Systems Software - Information Technology|6|159.76|171.0
2024-08-30|XEL|Multi-Utilities - Utilities|1|58.63|61.23
2024-08-30|YUM|Restaurants - Consumer Discretionary|7|134.5|134.92
2024-08-30|ZTS|Pharmaceuticals - Health Care|2|180.59|183.49
2024-08-30|XEL|Multi-Utilities - Utilities|1|59.75|61.23
2024-08-30|ZTS|Pharmaceuticals - Health Care|4|185.29|183.49
2024-08-30|ZBH|Health Care Equipment - Health Care|1|109.57|115.46
2024-08-30|XEL|Multi-Utilities - Utilities|1|57.86|61.23
2024-08-30|WMB|Oil & Gas Storage & Transportation - Energy|1|42.83|45.77
2024-08-30|NRG|Independent Power Producers & Energy Traders - Utilities|3|81.86|85.01
2024-08-30|UDR|Multi-Family Residential REITs - Real Estate|1|41.62|44.51
2024-08-30|NWS|Publishing - Communication Services|2|28.9|29.43
2024-08-30|KEY|Regional Banks - Financials|12|16.66|17.06
2024-08-30|TGT|Consumer Staples Merchandise Retail - Consumer Staples|7|156.82|153.62
2024-08-30|GLW|Electronic Components - Information Technology|1|41.27|41.85
2024-08-30|AES|Independent Power Producers & Energy Traders - Utilities|1|17.77|17.13
2024-08-30|WBD|Broadcasting - Communication Services|2|8.05|7.84
2024-08-30|WFC|Diversified Banks - Financials|1|56.72|58.47
2024-08-30|HST|Hotel & Resort REITs - Real Estate|2|17.34|17.7
2024-08-30|WBD|Broadcasting - Communication Services|1|7.73|7.84
2024-08-30|INTC|Semiconductors - Information Technology|44|22.04|22.04
2024-09-03|EXC|Electric Utilities - Utilities|8|36.03|38.49
2024-09-03|VZ|Integrated Telecommunication Services - Communication Services|1|40.37|42.93
2024-09-03|CSX|Rail Transportation - Industrials|1|33.84|34.58
2024-09-03|VRSN|Internet Services & Infrastructure - Information Technology|2|172.0|184.91
2024-09-03|COR|Health Care Distributors - Health Care|4|231.77|243.72
2024-09-03|LDOS|Diversified Support Services - Industrials|3|146.39|155.8
2024-09-03|WY|Timber REITs - Real Estate|37|30.49|30.28
2024-09-03|EXC|Electric Utilities - Utilities|3|36.43|38.49
2024-09-03|A|Life Sciences Tools & Services - Health Care|8|131.78|138.96
2024-09-03|CNC|Managed Health Care - Health Care|15|73.1|80.23
2024-09-03|NOW|Systems Software - Information Technology|6|159.76|167.17
2024-09-03|XEL|Multi-Utilities - Utilities|1|58.63|62.52
2024-09-03|YUM|Restaurants - Consumer Discretionary|7|134.5|133.48
2024-09-03|ZTS|Pharmaceuticals - Health Care|2|180.59|183.57
2024-09-03|XEL|Multi-Utilities - Utilities|1|59.75|62.52
2024-09-03|ZTS|Pharmaceuticals - Health Care|4|185.29|183.57
2024-09-03|ZBH|Health Care Equipment - Health Care|1|109.57|116.17
2024-09-03|XEL|Multi-Utilities - Utilities|1|57.86|62.52
2024-09-03|WMB|Oil & Gas Storage & Transportation - Energy|1|42.83|45.55
2024-09-03|NRG|Independent Power Producers & Energy Traders - Utilities|3|81.86|79.75
2024-09-03|UDR|Multi-Family Residential REITs - Real Estate|1|41.62|44.92
2024-09-03|NWS|Publishing - Communication Services|2|28.9|27.98
2024-09-03|KEY|Regional Banks - Financials|12|16.66|16.73
2024-09-03|TGT|Consumer Staples Merchandise Retail - Consumer Staples|7|156.82|151.8
2024-09-03|GLW|Electronic Components - Information Technology|1|41.27|40.67
2024-09-03|WFC|Diversified Banks - Financials|1|56.72|58.37
2024-09-03|HST|Hotel & Resort REITs - Real Estate|2|17.34|17.37
2024-09-03|WBD|Broadcasting - Communication Services|1|7.73|7.36
2024-09-03|PODD|Health Care Equipment - Health Care|4|206.69|206.69
2024-09-03|EL|Personal Care Products - Consumer Staples|1|92.53|92.53
2024-09-04|EXC|Electric Utilities - Utilities|8|36.03|38.89
2024-09-04|VZ|Integrated Telecommunication Services - Communication Services|1|40.37|41.48
2024-09-04|CSX|Rail Transportation - Industrials|1|33.84|34.86
2024-09-04|VRSN|Internet Services & Infrastructure - Information Technology|2|172.0|184.89
2024-09-04|COR|Health Care Distributors - Health Care|4|231.77|243.4
2024-09-04|LDOS|Diversified Support Services - Industrials|3|146.39|156.09
2024-09-04|WY|Timber REITs - Real Estate|37|30.49|30.15
2024-09-04|EXC|Electric Utilities - Utilities|3|36.43|38.89
2024-09-04|A|Life Sciences Tools & Services - Health Care|8|131.78|138.16
2024-09-04|CNC|Managed Health Care - Health Care|15|73.1|73.26
2024-09-04|NOW|Systems Software - Information Technology|6|159.76|166.97
2024-09-04|XEL|Multi-Utilities - Utilities|1|58.63|63.16
2024-09-04|YUM|Restaurants - Consumer Discretionary|7|134.5|134.81
2024-09-04|ZTS|Pharmaceuticals - Health Care|2|180.59|187.33
2024-09-04|XEL|Multi-Utilities - Utilities|1|59.75|63.16
2024-09-04|ZTS|Pharmaceuticals - Health Care|4|185.29|187.33
2024-09-04|ZBH|Health Care Equipment - Health Care|1|109.57|114.48
2024-09-04|XEL|Multi-Utilities - Utilities|1|57.86|63.16
2024-09-04|WMB|Oil & Gas Storage & Transportation - Energy|1|42.83|44.45
2024-09-04|NRG|Independent Power Producers & Energy Traders - Utilities|3|81.86|79.13
2024-09-04|UDR|Multi-Family Residential REITs - Real Estate|1|41.62|44.59
2024-09-04|NWS|Publishing - Communication Services|2|28.9|28.23
2024-09-04|KEY|Regional Banks - Financials|12|16.66|16.46
2024-09-04|TGT|Consumer Staples Merchandise Retail - Consumer Staples|7|156.82|152.48
2024-09-04|GLW|Electronic Components - Information Technology|1|41.27|41.24
2024-09-04|WFC|Diversified Banks - Financials|1|56.72|58.12
2024-09-04|HST|Hotel & Resort REITs - Real Estate|2|17.34|16.93
2024-09-04|PODD|Health Care Equipment - Health Care|4|206.69|212.51
2024-09-04|EL|Personal Care Products - Consumer Staples|1|92.53|92.41
2024-09-04|WBD|Broadcasting - Communication Services|1|7.32|7.32
2024-09-06|EXC|Electric Utilities - Utilities|8|36.03|38.2
2024-09-06|VZ|Integrated Telecommunication Services - Communication Services|1|40.37|41.15
2024-09-06|CSX|Rail Transportation - Industrials|1|33.84|33.37
2024-09-06|VRSN|Internet Services & Infrastructure - Information Technology|2|172.0|181.84
2024-09-06|COR|Health Care Distributors - Health Care|4|231.77|234.97
2024-09-06|LDOS|Diversified Support Services - Industrials|3|146.39|152.85
2024-09-06|WY|Timber REITs - Real Estate|37|30.49|30.35
2024-09-06|EXC|Electric Utilities - Utilities|3|36.43|38.2
2024-09-06|A|Life Sciences Tools & Services - Health Care|8|131.78|137.2
2024-09-06|CNC|Managed Health Care - Health Care|15|73.1|70.83
2024-09-06|NOW|Systems Software - Information Technology|6|159.76|165.01
2024-09-06|XEL|Multi-Utilities - Utilities|1|58.63|62.91
2024-09-06|YUM|Restaurants - Consumer Discretionary|7|134.5|133.87
2024-09-06|ZTS|Pharmaceuticals - Health Care|2|180.59|189.23
2024-09-06|XEL|Multi-Utilities - Utilities|1|59.75|62.91
2024-09-06|ZTS|Pharmaceuticals - Health Care|4|185.29|189.23
2024-09-06|ZBH|Health Care Equipment - Health Care|1|109.57|104.81
2024-09-06|XEL|Multi-Utilities - Utilities|1|57.86|62.91
2024-09-06|WMB|Oil & Gas Storage & Transportation - Energy|1|42.83|44.26
2024-09-06|UDR|Multi-Family Residential REITs - Real Estate|1|41.62|44.05
2024-09-06|NWS|Publishing - Communication Services|2|28.9|27.65
2024-09-06|TGT|Consumer Staples Merchandise Retail - Consumer Staples|7|156.82|151.28
2024-09-06|GLW|Electronic Components - Information Technology|1|41.27|40.64
2024-09-06|WFC|Diversified Banks - Financials|1|56.72|54.0
2024-09-06|HST|Hotel & Resort REITs - Real Estate|2|17.34|16.73
2024-09-06|PODD|Health Care Equipment - Health Care|4|206.69|214.75
2024-09-06|WBD|Broadcasting - Communication Services|1|7.32|7.22
2024-09-06|KR|Food Retail - Consumer Staples|9|52.27|52.27
2024-09-06|WBD|Broadcasting - Communication Services|5|7.22|7.22
2024-09-10|EXC|Electric Utilities - Utilities|8|36.03|39.05
2024-09-10|VZ|Integrated Telecommunication Services - Communication Services|1|40.37|43.65
2024-09-10|CSX|Rail Transportation - Industrials|1|33.84|33.51
2024-09-10|VRSN|Internet Services & Infrastructure - Information Technology|2|172.0|181.12
2024-09-10|COR|Health Care Distributors - Health Care|4|231.77|237.53
2024-09-10|LDOS|Diversified Support Services - Industrials|3|146.39|154.06
2024-09-10|WY|Timber REITs - Real Estate|37|30.49|30.89
2024-09-10|EXC|Electric Utilities - Utilities|3|36.43|39.05
2024-09-10|A|Life Sciences Tools & Services - Health Care|8|131.78|138.03
2024-09-10|CNC|Managed Health Care - Health Care|15|73.1|71.0
2024-09-10|NOW|Systems Software - Information Technology|6|159.76|172.03
2024-09-10|XEL|Multi-Utilities - Utilities|1|58.63|63.84
2024-09-10|YUM|Restaurants - Consumer Discretionary|7|134.5|132.89
2024-09-10|ZTS|Pharmaceuticals - Health Care|2|180.59|191.36
2024-09-10|XEL|Multi-Utilities - Utilities|1|59.75|63.84
2024-09-10|ZTS|Pharmaceuticals - Health Care|4|185.29|191.36
2024-09-10|ZBH|Health Care Equipment - Health Care|1|109.57|105.16
2024-09-10|WMB|Oil & Gas Storage & Transportation - Energy|1|42.83|44.79
2024-09-10|UDR|Multi-Family Residential REITs - Real Estate|1|41.62|45.59
2024-09-10|NWS|Publishing - Communication Services|2|28.9|27.47
2024-09-10|GLW|Electronic Components - Information Technology|1|41.27|41.16
2024-09-10|WFC|Diversified Banks - Financials|1|56.72|53.95
2024-09-10|HST|Hotel & Resort REITs - Real Estate|2|17.34|16.77
2024-09-10|PODD|Health Care Equipment - Health Care|4|206.69|226.5
2024-09-10|WBD|Broadcasting - Communication Services|1|7.32|7.02
2024-09-10|KR|Food Retail - Consumer Staples|9|52.27|52.3
2024-09-10|WBD|Broadcasting - Communication Services|5|7.22|7.02
2024-09-10|PLTR|Internet Services & Infrastructure - Information Technology|22|34.76|34.76
2024-09-10|HSY|Packaged Foods & Meats - Consumer Staples|1|202.83|202.83
2024-09-10|PFE|Pharmaceuticals - Health Care|1|29.74|29.74
2024-09-10|XEL|Multi-Utilities - Utilities|1|63.84|63.84
2024-09-10|WBD|Broadcasting - Communication Services|5|7.02|7.02
2024-09-11|EXC|Electric Utilities - Utilities|8|36.03|39.3
2024-09-11|VZ|Integrated Telecommunication Services - Communication Services|1|40.37|43.8
2024-09-11|CSX|Rail Transportation - Industrials|1|33.84|33.3
2024-09-11|VRSN|Internet Services & Infrastructure - Information Technology|2|172.0|182.06
2024-09-11|COR|Health Care Distributors - Health Care|4|231.77|236.22
2024-09-11|LDOS|Diversified Support Services - Industrials|3|146.39|152.44
2024-09-11|WY|Timber REITs - Real Estate|37|30.49|30.86
2024-09-11|EXC|Electric Utilities - Utilities|3|36.43|39.3
2024-09-11|A|Life Sciences Tools & Services - Health Care|8|131.78|138.7
2024-09-11|CNC|Managed Health Care - Health Care|15|73.1|73.47
2024-09-11|NOW|Systems Software - Information Technology|6|159.76|175.19
2024-09-11|XEL|Multi-Utilities - Utilities|1|58.63|63.85
2024-09-11|YUM|Restaurants - Consumer Discretionary|7|134.5|134.03
2024-09-11|ZTS|Pharmaceuticals - Health Care|2|180.59|189.99
2024-09-11|XEL|Multi-Utilities - Utilities|1|59.75|63.85
2024-09-11|ZTS|Pharmaceuticals - Health Care|4|185.29|189.99
2024-09-11|ZBH|Health Care Equipment - Health Care|1|109.57|105.15
2024-09-11|WMB|Oil & Gas Storage & Transportation - Energy|1|42.83|44.58
2024-09-11|GLW|Electronic Components - Information Technology|1|41.27|41.85
2024-09-11|HST|Hotel & Resort REITs - Real Estate|2|17.34|16.82
2024-09-11|KR|Food Retail - Consumer Staples|9|52.27|51.5
2024-09-11|WBD|Broadcasting - Communication Services|5|7.22|6.94
2024-09-11|PLTR|Internet Services & Infrastructure - Information Technology|22|34.76|34.85
2024-09-11|HSY|Packaged Foods & Meats - Consumer Staples|1|202.83|198.62
2024-09-11|PFE|Pharmaceuticals - Health Care|1|29.74|29.66
2024-09-11|XEL|Multi-Utilities - Utilities|1|63.84|63.85
2024-09-11|WBD|Broadcasting - Communication Services|5|7.02|6.94
2024-09-11|AMZN|Broadline Retail - Consumer Discretionary|5|184.52|184.52
2024-09-11|PEG|Electric Utilities - Utilities|1|82.2|82.2
2024-09-11|FAST|Trading Companies & Distributors - Industrials|2|34.6|34.6
2024-09-12|VZ|Integrated Telecommunication Services - Communication Services|1|40.37|43.86
2024-09-12|CSX|Rail Transportation - Industrials|1|33.84|33.45
2024-09-12|VRSN|Internet Services & Infrastructure - Information Technology|2|172.0|179.97
2024-09-12|COR|Health Care Distributors - Health Care|4|231.77|237.65
2024-09-12|LDOS|Diversified Support Services - Industrials|3|146.39|154.09
2024-09-12|WY|Timber REITs - Real Estate|37|30.49|31.41
2024-09-12|EXC|Electric Utilities - Utilities|3|36.43|39.86
2024-09-12|A|Life Sciences Tools & Services - Health Care|8|131.78|136.39
2024-09-12|CNC|Managed Health Care - Health Care|15|73.1|74.82
2024-09-12|XEL|Multi-Utilities - Utilities|1|58.63|63.89
2024-09-12|YUM|Restaurants - Consumer Discretionary|7|134.5|133.41
2024-09-12|ZTS|Pharmaceuticals - Health Care|2|180.59|190.71
2024-09-12|XEL|Multi-Utilities - Utilities|1|59.75|63.89
2024-09-12|ZTS|Pharmaceuticals - Health Care|4|185.29|190.71
2024-09-12|ZBH|Health Care Equipment - Health Care|1|109.57|105.14
2024-09-12|WMB|Oil & Gas Storage & Transportation - Energy|1|42.83|45.09
2024-09-12|GLW|Electronic Components - Information Technology|1|41.27|41.86
2024-09-12|HST|Hotel & Resort REITs - Real Estate|2|17.34|17.2
2024-09-12|KR|Food Retail - Consumer Staples|9|52.27|55.2
2024-09-12|WBD|Broadcasting - Communication Services|5|7.22|7.66
2024-09-12|PLTR|Internet Services & Infrastructure - Information Technology|22|34.76|34.91
2024-09-12|HSY|Packaged Foods & Meats - Consumer Staples|1|202.83|198.46
2024-09-12|PFE|Pharmaceuticals - Health Care|1|29.74|29.16
2024-09-12|XEL|Multi-Utilities - Utilities|1|63.84|63.89
2024-09-12|WBD|Broadcasting - Communication Services|5|7.02|7.66
2024-09-12|AMZN|Broadline Retail - Consumer Discretionary|5|184.52|187.0
2024-09-12|PEG|Electric Utilities - Utilities|1|82.2|83.31
2024-09-12|FAST|Trading Companies & Distributors - Industrials|2|34.6|34.91
2024-09-12|GWW|Industrial Machinery & Supplies & Components - Industrials|1|996.93|996.93
2024-09-12|ZBRA|Electronic Equipment & Instruments - Information Technology|1|337.04|337.04
2024-09-12|WY|Timber REITs - Real Estate|1|31.41|31.41
2024-09-12|WBD|Broadcasting - Communication Services|2|7.66|7.66
2024-09-13|CSX|Rail Transportation - Industrials|1|33.84|33.52
2024-09-13|VRSN|Internet Services & Infrastructure - Information Technology|2|172.0|182.81
2024-09-13|COR|Health Care Distributors - Health Care|4|231.77|239.88
2024-09-13|LDOS|Diversified Support Services - Industrials|3|146.39|155.5
2024-09-13|WY|Timber REITs - Real Estate|37|30.49|32.45
2024-09-13|A|Life Sciences Tools & Services - Health Care|8|131.78|137.31
2024-09-13|CNC|Managed Health Care - Health Care|15|73.1|75.35
2024-09-13|XEL|Multi-Utilities - Utilities|1|58.63|63.84
2024-09-13|YUM|Restaurants - Consumer Discretionary|7|134.5|133.65
2024-09-13|ZTS|Pharmaceuticals - Health Care|2|180.59|191.09
2024-09-13|XEL|Multi-Utilities - Utilities|1|59.75|63.84
2024-09-13|ZTS|Pharmaceuticals - Health Care|4|185.29|191.09
2024-09-13|ZBH|Health Care Equipment - Health Care|1|109.57|106.26
2024-09-13|WMB|Oil & Gas Storage & Transportation - Energy|1|42.83|45.03
2024-09-13|GLW|Electronic Components - Information Technology|1|41.27|42.5
2024-09-13|HST|Hotel & Resort REITs - Real Estate|2|17.34|17.42
2024-09-13|KR|Food Retail - Consumer Staples|9|52.27|55.91
2024-09-13|PLTR|Internet Services & Infrastructure - Information Technology|22|34.76|35.59
2024-09-13|HSY|Packaged Foods & Meats - Consumer Staples|1|202.83|200.83
2024-09-13|PFE|Pharmaceuticals - Health Care|1|29.74|29.27
2024-09-13|XEL|Multi-Utilities - Utilities|1|63.84|63.84
2024-09-13|AMZN|Broadline Retail - Consumer Discretionary|5|184.52|186.49
2024-09-13|PEG|Electric Utilities - Utilities|1|82.2|84.16
2024-09-13|FAST|Trading Companies & Distributors - Industrials|2|34.6|34.91
2024-09-13|GWW|Industrial Machinery & Supplies & Components - Industrials|1|996.93|993.82
2024-09-13|ZBRA|Electronic Equipment & Instruments - Information Technology|1|337.04|337.48
2024-09-13|WY|Timber REITs - Real Estate|1|31.41|32.45
2024-09-13|SJM|Packaged Foods & Meats - Consumer Staples|2|120.74|120.74
2024-09-13|WBD|Broadcasting - Communication Services|3|8.49|8.49
2024-09-16|CSX|Rail Transportation - Industrials|1|33.84|33.81
2024-09-16|VRSN|Internet Services & Infrastructure - Information Technology|2|172.0|182.46
2024-09-16|COR|Health Care Distributors - Health Care|4|231.77|241.24
2024-09-16|LDOS|Diversified Support Services - Industrials|3|146.39|154.81
2024-09-16|WY|Timber REITs - Real Estate|37|30.49|32.51
2024-09-16|A|Life Sciences Tools & Services - Health Care|8|131.78|138.31
2024-09-16|CNC|Managed Health Care - Health Care|15|73.1|76.57
2024-09-16|YUM|Restaurants - Consumer Discretionary|7|134.5|134.56
2024-09-16|ZTS|Pharmaceuticals - Health Care|2|180.59|194.25
2024-09-16|XEL|Multi-Utilities - Utilities|1|59.75|64.56
2024-09-16|ZTS|Pharmaceuticals - Health Care|4|185.29|194.25
2024-09-16|ZBH|Health Care Equipment - Health Care|1|109.57|107.43
2024-09-16|WMB|Oil & Gas Storage & Transportation - Energy|1|42.83|45.44
2024-09-16|GLW|Electronic Components - Information Technology|1|41.27|42.91
2024-09-16|HST|Hotel & Resort REITs - Real Estate|2|17.34|17.46
2024-09-16|KR|Food Retail - Consumer Staples|9|52.27|56.19
2024-09-16|PLTR|Internet Services & Infrastructure - Information Technology|22|34.76|36.31
2024-09-16|HSY|Packaged Foods & Meats - Consumer Staples|1|202.83|200.81
2024-09-16|PFE|Pharmaceuticals - Health Care|1|29.74|30.07
2024-09-16|XEL|Multi-Utilities - Utilities|1|63.84|64.56
2024-09-16|AMZN|Broadline Retail - Consumer Discretionary|5|184.52|184.89
2024-09-16|PEG|Electric Utilities - Utilities|1|82.2|84.77
2024-09-16|FAST|Trading Companies & Distributors - Industrials|2|34.6|35.04
2024-09-16|GWW|Industrial Machinery & Supplies & Components - Industrials|1|996.93|1008.21
2024-09-16|ZBRA|Electronic Equipment & Instruments - Information Technology|1|337.04|343.79
2024-09-16|WY|Timber REITs - Real Estate|1|31.41|32.51
2024-09-16|SJM|Packaged Foods & Meats - Consumer Staples|2|120.74|120.88
2024-09-16|WBD|Broadcasting - Communication Services|3|8.49|8.56
2024-09-16|CZR|Casinos & Gaming - Consumer Discretionary|1|39.43|39.43
2024-09-16|WBD|Broadcasting - Communication Services|3|8.56|8.56
2024-09-19|CSX|Rail Transportation - Industrials|1|33.84|34.8
2024-09-19|VRSN|Internet Services & Infrastructure - Information Technology|2|172.0|182.42
2024-09-19|COR|Health Care Distributors - Health Care|4|231.77|226.56
2024-09-19|LDOS|Diversified Support Services - Industrials|3|146.39|156.09
2024-09-19|A|Life Sciences Tools & Services - Health Care|8|131.78|141.95
2024-09-19|CNC|Managed Health Care - Health Care|15|73.1|75.63
2024-09-19|YUM|Restaurants - Consumer Discretionary|7|134.5|131.09
2024-09-19|ZTS|Pharmaceuticals - Health Care|2|180.59|193.24
2024-09-19|XEL|Multi-Utilities - Utilities|1|59.75|64.06
2024-09-19|ZTS|Pharmaceuticals - Health Care|4|185.29|193.24
2024-09-19|ZBH|Health Care Equipment - Health Care|1|109.57|106.34
2024-09-19|WMB|Oil & Gas Storage & Transportation - Energy|1|42.83|44.89
2024-09-19|GLW|Electronic Components - Information Technology|1|41.27|44.43
2024-09-19|HST|Hotel & Resort REITs - Real Estate|2|17.34|18.53
2024-09-19|KR|Food Retail - Consumer Staples|9|52.27|54.83
2024-09-19|PLTR|Internet Services & Infrastructure - Information Technology|22|34.76|36.83
2024-09-19|HSY|Packaged Foods & Meats - Consumer Staples|1|202.83|195.52
2024-09-19|PFE|Pharmaceuticals - Health Care|1|29.74|29.66
2024-09-19|XEL|Multi-Utilities - Utilities|1|63.84|64.06
2024-09-19|AMZN|Broadline Retail - Consumer Discretionary|5|184.52|189.87
2024-09-19|PEG|Electric Utilities - Utilities|1|82.2|83.44
2024-09-19|FAST|Trading Companies & Distributors - Industrials|2|34.6|35.69
2024-09-19|GWW|Industrial Machinery & Supplies & Components - Industrials|1|996.93|1030.1
2024-09-19|ZBRA|Electronic Equipment & Instruments - Information Technology|1|337.04|363.79
2024-09-19|WY|Timber REITs - Real Estate|1|31.41|33.59
2024-09-19|SJM|Packaged Foods & Meats - Consumer Staples|2|120.74|119.3
2024-09-19|WBD|Broadcasting - Communication Services|3|8.49|8.4
2024-09-19|CZR|Casinos & Gaming - Consumer Discretionary|1|39.43|41.58
2024-09-19|WBD|Broadcasting - Communication Services|3|8.56|8.4
2024-09-19|CEG|Electric Utilities - Utilities|5|208.5|208.5
2024-09-19|DELL|Technology Hardware, Storage & Peripherals - Information Technology|1|117.77|117.77
2024-09-19|TRMB|Electronic Equipment & Instruments - Information Technology|1|60.2|60.2
2024-09-19|WBD|Broadcasting - Communication Services|3|8.4|8.4
2024-09-20|CSX|Rail Transportation - Industrials|1|33.84|34.93
2024-09-20|VRSN|Internet Services & Infrastructure - Information Technology|2|172.0|181.22
2024-09-20|COR|Health Care Distributors - Health Care|4|231.77|228.11
2024-09-20|LDOS|Diversified Support Services - Industrials|3|146.39|157.06
2024-09-20|A|Life Sciences Tools & Services - Health Care|8|131.78|140.09
2024-09-20|CNC|Managed Health Care - Health Care|15|73.1|75.61
2024-09-20|YUM|Restaurants - Consumer Discretionary|7|134.5|129.71
2024-09-20|ZTS|Pharmaceuticals - Health Care|2|180.59|192.64
2024-09-20|XEL|Multi-Utilities - Utilities|1|59.75|64.13
2024-09-20|ZTS|Pharmaceuticals - Health Care|4|185.29|192.64
2024-09-20|ZBH|Health Care Equipment - Health Care|1|109.57|106.42
2024-09-20|WMB|Oil & Gas Storage & Transportation - Energy|1|42.83|45.38
2024-09-20|GLW|Electronic Components - Information Technology|1|41.27|44.5
2024-09-20|HST|Hotel & Resort REITs - Real Estate|2|17.34|18.73
2024-09-20|KR|Food Retail - Consumer Staples|9|52.27|55.39
2024-09-20|PLTR|Internet Services & Infrastructure - Information Technology|22|34.76|37.2
2024-09-20|HSY|Packaged Foods & Meats - Consumer Staples|1|202.83|195.43
2024-09-20|PFE|Pharmaceuticals - Health Care|1|29.74|29.42
2024-09-20|XEL|Multi-Utilities - Utilities|1|63.84|64.13
2024-09-20|AMZN|Broadline Retail - Consumer Discretionary|5|184.52|191.6
2024-09-20|PEG|Electric Utilities - Utilities|1|82.2|86.76
2024-09-20|FAST|Trading Companies & Distributors - Industrials|2|34.6|35.38
2024-09-20|GWW|Industrial Machinery & Supplies & Components - Industrials|1|996.93|1032.22
2024-09-20|ZBRA|Electronic Equipment & Instruments - Information Technology|1|337.04|366.76
2024-09-20|WY|Timber REITs - Real Estate|1|31.41|33.24
2024-09-20|SJM|Packaged Foods & Meats - Consumer Staples|2|120.74|118.74
2024-09-20|WBD|Broadcasting - Communication Services|3|8.49|8.24
2024-09-20|CZR|Casinos & Gaming - Consumer Discretionary|1|39.43|41.45
2024-09-20|WBD|Broadcasting - Communication Services|3|8.56|8.24
2024-09-20|DELL|Technology Hardware, Storage & Peripherals - Information Technology|1|117.77|117.5
2024-09-20|TRMB|Electronic Equipment & Instruments - Information Technology|1|60.2|58.57
2024-09-20|WBD|Broadcasting - Communication Services|3|8.4|8.24
2024-09-20|INTC|Semiconductors - Information Technology|54|21.84|21.84
2024-09-20|ALB|Specialty Chemicals - Materials|1|86.03|86.03
2024-09-20|WBD|Broadcasting - Communication Services|1|8.24|8.24
2024-09-25|CSX|Rail Transportation - Industrials|1|33.84|33.52
2024-09-25|VRSN|Internet Services & Infrastructure - Information Technology|2|172.0|182.44
2024-09-25|COR|Health Care Distributors - Health Care|4|231.77|223.43
2024-09-25|LDOS|Diversified Support Services - Industrials|3|146.39|158.0
2024-09-25|A|Life Sciences Tools & Services - Health Care|8|131.78|139.44
2024-09-25|CNC|Managed Health Care - Health Care|15|73.1|74.12
2024-09-25|YUM|Restaurants - Consumer Discretionary|7|134.5|133.09
2024-09-25|ZTS|Pharmaceuticals - Health Care|2|180.59|191.53
2024-09-25|XEL|Multi-Utilities - Utilities|1|59.75|64.19
2024-09-25|ZTS|Pharmaceuticals - Health Care|4|185.29|191.53
2024-09-25|ZBH|Health Care Equipment - Health Care|1|109.57|106.5
2024-09-25|WMB|Oil & Gas Storage & Transportation - Energy|1|42.83|45.5
2024-09-25|GLW|Electronic Components - Information Technology|1|41.27|44.67
2024-09-25|HST|Hotel & Resort REITs - Real Estate|2|17.34|18.21
2024-09-25|KR|Food Retail - Consumer Staples|9|52.27|56.6
2024-09-25|PLTR|Internet Services & Infrastructure - Information Technology|22|34.76|37.12
2024-09-25|PFE|Pharmaceuticals - Health Care|1|29.74|28.93
2024-09-25|XEL|Multi-Utilities - Utilities|1|63.84|64.19
2024-09-25|AMZN|Broadline Retail - Consumer Discretionary|5|184.52|192.53
2024-09-25|PEG|Electric Utilities - Utilities|1|82.2|88.24
2024-09-25|FAST|Trading Companies & Distributors - Industrials|2|34.6|35.35
2024-09-25|GWW|Industrial Machinery & Supplies & Components - Industrials|1|996.93|1032.16
2024-09-25|ZBRA|Electronic Equipment & Instruments - Information Technology|1|337.04|364.97
2024-09-25|WY|Timber REITs - Real Estate|1|31.41|32.97
2024-09-25|SJM|Packaged Foods & Meats - Consumer Staples|2|120.74|118.24
2024-09-25|WBD|Broadcasting - Communication Services|3|8.49|8.19
2024-09-25|CZR|Casinos & Gaming - Consumer Discretionary|1|39.43|40.6
2024-09-25|WBD|Broadcasting - Communication Services|3|8.56|8.19
2024-09-25|DELL|Technology Hardware, Storage & Peripherals - Information Technology|1|117.77|120.17
2024-09-25|TRMB|Electronic Equipment & Instruments - Information Technology|1|60.2|59.12
2024-09-25|WBD|Broadcasting - Communication Services|3|8.4|8.19
2024-09-25|INTC|Semiconductors - Information Technology|54|21.84|23.54
2024-09-25|ALB|Specialty Chemicals - Materials|1|86.03|86.58
2024-09-25|WBD|Broadcasting - Communication Services|1|8.24|8.19
2024-09-25|HPE|Technology Hardware, Storage & Peripherals - Information Technology|9|19.85|19.85
2024-09-25|HBAN|Regional Banks - Financials|1|14.37|14.37
2024-09-26|CSX|Rail Transportation - Industrials|1|33.84|33.9
2024-09-26|VRSN|Internet Services & Infrastructure - Information Technology|2|172.0|186.19
2024-09-26|COR|Health Care Distributors - Health Care|4|231.77|223.88
2024-09-26|LDOS|Diversified Support Services - Industrials|3|146.39|158.43
2024-09-26|CNC|Managed Health Care - Health Care|15|73.1|73.7
2024-09-26|YUM|Restaurants - Consumer Discretionary|7|134.5|138.07
2024-09-26|ZTS|Pharmaceuticals - Health Care|2|180.59|194.87
2024-09-26|XEL|Multi-Utilities - Utilities|1|59.75|63.98
2024-09-26|ZTS|Pharmaceuticals - Health Care|4|185.29|194.87
2024-09-26|ZBH|Health Care Equipment - Health Care|1|109.57|107.71
2024-09-26|WMB|Oil & Gas Storage & Transportation - Energy|1|42.83|44.74
2024-09-26|GLW|Electronic Components - Information Technology|1|41.27|45.28
2024-09-26|HST|Hotel & Resort REITs - Real Estate|2|17.34|18.24
2024-09-26|KR|Food Retail - Consumer Staples|9|52.27|55.47
2024-09-26|PLTR|Internet Services & Infrastructure - Information Technology|22|34.76|37.1
2024-09-26|PFE|Pharmaceuticals - Health Care|1|29.74|28.97
2024-09-26|XEL|Multi-Utilities - Utilities|1|63.84|63.98
2024-09-26|AMZN|Broadline Retail - Consumer Discretionary|5|184.52|191.16
2024-09-26|PEG|Electric Utilities - Utilities|1|82.2|87.42
2024-09-26|FAST|Trading Companies & Distributors - Industrials|2|34.6|35.83
2024-09-26|GWW|Industrial Machinery & Supplies & Components - Industrials|1|996.93|1043.93
2024-09-26|WY|Timber REITs - Real Estate|1|31.41|33.16
2024-09-26|SJM|Packaged Foods & Meats - Consumer Staples|2|120.74|119.87
2024-09-26|WBD|Broadcasting - Communication Services|3|8.49|8.3
2024-09-26|CZR|Casinos & Gaming - Consumer Discretionary|1|39.43|41.08
2024-09-26|WBD|Broadcasting - Communication Services|3|8.56|8.3
2024-09-26|DELL|Technology Hardware, Storage & Peripherals - Information Technology|1|117.77|126.49
2024-09-26|TRMB|Electronic Equipment & Instruments - Information Technology|1|60.2|60.51
2024-09-26|WBD|Broadcasting - Communication Services|3|8.4|8.3
2024-09-26|INTC|Semiconductors - Information Technology|54|21.84|23.92
2024-09-26|WBD|Broadcasting - Communication Services|1|8.24|8.3
2024-09-26|HPE|Technology Hardware, Storage & Peripherals - Information Technology|9|19.85|20.35
2024-09-26|HBAN|Regional Banks - Financials|1|14.37|14.56
2024-09-26|DOW|Commodity Chemicals - Materials|22|54.72|54.72
2024-09-26|SLB|Oil & Gas Equipment & Services - Energy|10|41.17|41.17
2024-09-26|CTRA|Oil & Gas Exploration & Production - Energy|1|23.06|23.06
2024-09-27|CSX|Rail Transportation - Industrials|1|33.84|34.53
2024-09-27|COR|Health Care Distributors - Health Care|4|231.77|224.92
2024-09-27|LDOS|Diversified Support Services - Industrials|3|146.39|159.72
2024-09-27|CNC|Managed Health Care - Health Care|15|73.1|74.58
2024-09-27|YUM|Restaurants - Consumer Discretionary|7|134.5|139.92
2024-09-27|ZTS|Pharmaceuticals - Health Care|2|180.59|194.81
2024-09-27|XEL|Multi-Utilities - Utilities|1|59.75|64.57
2024-09-27|ZTS|Pharmaceuticals - Health Care|4|185.29|194.81
2024-09-27|ZBH|Health Care Equipment - Health Care|1|109.57|108.22
2024-09-27|WMB|Oil & Gas Storage & Transportation - Energy|1|42.83|45.16
2024-09-27|GLW|Electronic Components - Information Technology|1|41.27|44.87
2024-09-27|HST|Hotel & Resort REITs - Real Estate|2|17.34|18.13
2024-09-27|KR|Food Retail - Consumer Staples|9|52.27|56.52
2024-09-27|PLTR|Internet Services & Infrastructure - Information Technology|22|34.76|36.84
2024-09-27|PFE|Pharmaceuticals - Health Care|1|29.74|29.09
2024-09-27|XEL|Multi-Utilities - Utilities|1|63.84|64.57
2024-09-27|AMZN|Broadline Retail - Consumer Discretionary|5|184.52|187.97
2024-09-27|PEG|Electric Utilities - Utilities|1|82.2|88.25
2024-09-27|FAST|Trading Companies & Distributors - Industrials|2|34.6|35.76
2024-09-27|GWW|Industrial Machinery & Supplies & Components - Industrials|1|996.93|1035.94
2024-09-27|WY|Timber REITs - Real Estate|1|31.41|33.75
2024-09-27|SJM|Packaged Foods & Meats - Consumer Staples|2|120.74|121.15
2024-09-27|WBD|Broadcasting - Communication Services|3|8.49|8.38
2024-09-27|CZR|Casinos & Gaming - Consumer Discretionary|1|39.43|41.67
2024-09-27|WBD|Broadcasting - Communication Services|3|8.56|8.38
2024-09-27|DELL|Technology Hardware, Storage & Peripherals - Information Technology|1|117.77|120.22
2024-09-27|TRMB|Electronic Equipment & Instruments - Information Technology|1|60.2|61.65
2024-09-27|WBD|Broadcasting - Communication Services|3|8.4|8.38
2024-09-27|INTC|Semiconductors - Information Technology|54|21.84|23.91
2024-09-27|WBD|Broadcasting - Communication Services|1|8.24|8.38
2024-09-27|HPE|Technology Hardware, Storage & Peripherals - Information Technology|9|19.85|20.14
2024-09-27|HBAN|Regional Banks - Financials|1|14.37|14.64
2024-09-27|DOW|Commodity Chemicals - Materials|22|54.72|55.08
2024-09-27|SLB|Oil & Gas Equipment & Services - Energy|10|41.17|42.29
2024-09-27|CTRA|Oil & Gas Exploration & Production - Energy|1|23.06|23.74
2024-09-27|DLTR|Consumer Staples Merchandise Retail - Consumer Staples|5|73.12|73.12
2024-09-27|WBD|Broadcasting - Communication Services|2|8.38|8.38
2024-09-30|CSX|Rail Transportation - Industrials|1|33.84|34.53
2024-09-30|COR|Health Care Distributors - Health Care|4|231.77|225.08
2024-09-30|CNC|Managed Health Care - Health Care|15|73.1|75.28
2024-09-30|YUM|Restaurants - Consumer Discretionary|7|134.5|139.71
2024-09-30|ZTS|Pharmaceuticals - Health Care|2|180.59|195.38
2024-09-30|XEL|Multi-Utilities - Utilities|1|59.75|65.3
2024-09-30|ZTS|Pharmaceuticals - Health Care|4|185.29|195.38
2024-09-30|ZBH|Health Care Equipment - Health Care|1|109.57|107.95
2024-09-30|WMB|Oil & Gas Storage & Transportation - Energy|1|42.83|45.65
2024-09-30|GLW|Electronic Components - Information Technology|1|41.27|45.15
2024-09-30|HST|Hotel & Resort REITs - Real Estate|2|17.34|17.6
2024-09-30|KR|Food Retail - Consumer Staples|9|52.27|57.3
2024-09-30|PLTR|Internet Services & Infrastructure - Information Technology|22|34.76|37.2
2024-09-30|PFE|Pharmaceuticals - Health Care|1|29.74|28.94
2024-09-30|XEL|Multi-Utilities - Utilities|1|63.84|65.3
2024-09-30|AMZN|Broadline Retail - Consumer Discretionary|5|184.52|186.33
2024-09-30|PEG|Electric Utilities - Utilities|1|82.2|89.21
2024-09-30|FAST|Trading Companies & Distributors - Industrials|2|34.6|35.71
2024-09-30|GWW|Industrial Machinery & Supplies & Components - Industrials|1|996.93|1038.81
2024-09-30|WY|Timber REITs - Real Estate|1|31.41|33.86
2024-09-30|SJM|Packaged Foods & Meats - Consumer Staples|2|120.74|121.1
2024-09-30|WBD|Broadcasting - Communication Services|3|8.49|8.25
2024-09-30|CZR|Casinos & Gaming - Consumer Discretionary|1|39.43|41.74
2024-09-30|WBD|Broadcasting - Communication Services|3|8.56|8.25
2024-09-30|DELL|Technology Hardware, Storage & Peripherals - Information Technology|1|117.77|118.54
2024-09-30|TRMB|Electronic Equipment & Instruments - Information Technology|1|60.2|62.09
2024-09-30|WBD|Broadcasting - Communication Services|3|8.4|8.25
2024-09-30|INTC|Semiconductors - Information Technology|54|21.84|23.46
2024-09-30|WBD|Broadcasting - Communication Services|1|8.24|8.25
2024-09-30|HPE|Technology Hardware, Storage & Peripherals - Information Technology|9|19.85|20.46
2024-09-30|HBAN|Regional Banks - Financials|1|14.37|14.7
2024-09-30|DOW|Commodity Chemicals - Materials|22|54.72|54.63
2024-09-30|SLB|Oil & Gas Equipment & Services - Energy|10|41.17|41.95
2024-09-30|CTRA|Oil & Gas Exploration & Production - Energy|1|23.06|23.95
2024-09-30|DLTR|Consumer Staples Merchandise Retail - Consumer Staples|5|73.12|70.32
2024-09-30|WBD|Broadcasting - Communication Services|2|8.38|8.25
2024-09-30|LUV|Passenger Airlines - Industrials|16|29.63|29.63
2024-09-30|WBD|Broadcasting - Communication Services|2|8.25|8.25
2024-10-01|CSX|Rail Transportation - Industrials|1|33.84|34.52
2024-10-01|COR|Health Care Distributors - Health Care|4|231.77|224.23
2024-10-01|CNC|Managed Health Care - Health Care|15|73.1|73.94
2024-10-01|YUM|Restaurants - Consumer Discretionary|7|134.5|139.24
2024-10-01|ZTS|Pharmaceuticals - Health Care|2|180.59|194.42
2024-10-01|XEL|Multi-Utilities - Utilities|1|59.75|65.32
2024-10-01|ZTS|Pharmaceuticals - Health Care|4|185.29|194.42
2024-10-01|ZBH|Health Care Equipment - Health Care|1|109.57|107.34
2024-10-01|WMB|Oil & Gas Storage & Transportation - Energy|1|42.83|46.36
2024-10-01|GLW|Electronic Components - Information Technology|1|41.27|44.54
2024-10-01|HST|Hotel & Resort REITs - Real Estate|2|17.34|17.55
2024-10-01|KR|Food Retail - Consumer Staples|9|52.27|56.71
2024-10-01|PLTR|Internet Services & Infrastructure - Information Technology|22|34.76|36.46
2024-10-01|PFE|Pharmaceuticals - Health Care|1|29.74|28.67
2024-10-01|XEL|Multi-Utilities - Utilities|1|63.84|65.32
2024-10-01|AMZN|Broadline Retail - Consumer Discretionary|5|184.52|185.13
2024-10-01|FAST|Trading Companies & Distributors - Industrials|2|34.6|35.54
2024-10-01|GWW|Industrial Machinery & Supplies & Components - Industrials|1|996.93|1039.9
2024-10-01|WY|Timber REITs - Real Estate|1|31.41|33.7
2024-10-01|SJM|Packaged Foods & Meats - Consumer Staples|2|120.74|121.21
2024-10-01|WBD|Broadcasting - Communication Services|3|8.49|8.16
2024-10-01|CZR|Casinos & Gaming - Consumer Discretionary|1|39.43|40.8
2024-10-01|WBD|Broadcasting - Communication Services|3|8.56|8.16
2024-10-01|DELL|Technology Hardware, Storage & Peripherals - Information Technology|1|117.77|113.16
2024-10-01|TRMB|Electronic Equipment & Instruments - Information Technology|1|60.2|60.79
2024-10-01|WBD|Broadcasting - Communication Services|3|8.4|8.16
2024-10-01|INTC|Semiconductors - Information Technology|54|21.84|22.69
2024-10-01|WBD|Broadcasting - Communication Services|1|8.24|8.16
2024-10-01|HPE|Technology Hardware, Storage & Peripherals - Information Technology|9|19.85|19.95
2024-10-01|HBAN|Regional Banks - Financials|1|14.37|14.32
2024-10-01|DOW|Commodity Chemicals - Materials|22|54.72|54.54
2024-10-01|SLB|Oil & Gas Equipment & Services - Energy|10|41.17|43.14
2024-10-01|CTRA|Oil & Gas Exploration & Production - Energy|1|23.06|24.15
2024-10-01|DLTR|Consumer Staples Merchandise Retail - Consumer Staples|5|73.12|70.44
2024-10-01|WBD|Broadcasting - Communication Services|2|8.38|8.16
2024-10-01|LUV|Passenger Airlines - Industrials|16|29.63|29.88
2024-10-01|WBD|Broadcasting - Communication Services|2|8.25|8.16
2024-10-01|EIX|Electric Utilities - Utilities|1|87.73|87.73
2024-10-02|CSX|Rail Transportation - Industrials|1|33.84|34.17
2024-10-02|COR|Health Care Distributors - Health Care|4|231.77|221.64
2024-10-02|CNC|Managed Health Care - Health Care|15|73.1|72.62
2024-10-02|YUM|Restaurants - Consumer Discretionary|7|134.5|139.54
2024-10-02|ZTS|Pharmaceuticals - Health Care|2|180.59|192.46
2024-10-02|XEL|Multi-Utilities - Utilities|1|59.75|65.15
2024-10-02|ZTS|Pharmaceuticals - Health Care|4|185.29|192.46
2024-10-02|ZBH|Health Care Equipment - Health Care|1|109.57|105.69
2024-10-02|GLW|Electronic Components - Information Technology|1|41.27|44.91
2024-10-02|HST|Hotel & Resort REITs - Real Estate|2|17.34|17.57
2024-10-02|KR|Food Retail - Consumer Staples|9|52.27|56.09
2024-10-02|PLTR|Internet Services & Infrastructure - Information Technology|22|34.76|37.49
2024-10-02|PFE|Pharmaceuticals - Health Care|1|29.74|28.61
2024-10-02|XEL|Multi-Utilities - Utilities|1|63.84|65.15
2024-10-02|AMZN|Broadline Retail - Consumer Discretionary|5|184.52|184.76
2024-10-02|FAST|Trading Companies & Distributors - Industrials|2|34.6|35.69
2024-10-02|GWW|Industrial Machinery & Supplies & Components - Industrials|1|996.93|1038.13
2024-10-02|WY|Timber REITs - Real Estate|1|31.41|33.62
2024-10-02|SJM|Packaged Foods & Meats - Consumer Staples|2|120.74|119.13
2024-10-02|CZR|Casinos & Gaming - Consumer Discretionary|1|39.43|42.95
2024-10-02|DELL|Technology Hardware, Storage & Peripherals - Information Technology|1|117.77|113.46
2024-10-02|TRMB|Electronic Equipment & Instruments - Information Technology|1|60.2|62.48
2024-10-02|INTC|Semiconductors - Information Technology|54|21.84|22.39
2024-10-02|WBD|Broadcasting - Communication Services|1|8.24|7.97
2024-10-02|HPE|Technology Hardware, Storage & Peripherals - Information Technology|9|19.85|20.5
2024-10-02|HBAN|Regional Banks - Financials|1|14.37|14.21
2024-10-02|DOW|Commodity Chemicals - Materials|22|54.72|54.68
2024-10-02|SLB|Oil & Gas Equipment & Services - Energy|10|41.17|43.94
2024-10-02|CTRA|Oil & Gas Exploration & Production - Energy|1|23.06|24.48
2024-10-02|DLTR|Consumer Staples Merchandise Retail - Consumer Staples|5|73.12|69.49
2024-10-02|WBD|Broadcasting - Communication Services|2|8.38|7.97
2024-10-02|LUV|Passenger Airlines - Industrials|16|29.63|29.57
2024-10-02|WBD|Broadcasting - Communication Services|2|8.25|7.97
2024-10-02|EIX|Electric Utilities - Utilities|1|87.73|87.48
2024-10-02|APA|Oil & Gas Exploration & Production - Energy|4|25.76|25.76
2024-10-02|WBD|Broadcasting - Communication Services|2|7.97|7.97
2024-10-03|CSX|Rail Transportation - Industrials|1|33.84|34.12
2024-10-03|COR|Health Care Distributors - Health Care|4|231.77|220.96
2024-10-03|CNC|Managed Health Care - Health Care|15|73.1|72.04
2024-10-03|YUM|Restaurants - Consumer Discretionary|7|134.5|137.21
2024-10-03|ZTS|Pharmaceuticals - Health Care|2|180.59|190.99
2024-10-03|XEL|Multi-Utilities - Utilities|1|59.75|64.4
2024-10-03|ZTS|Pharmaceuticals - Health Care|4|185.29|190.99
2024-10-03|ZBH|Health Care Equipment - Health Care|1|109.57|104.19
2024-10-03|GLW|Electronic Components - Information Technology|1|41.27|44.59
2024-10-03|HST|Hotel & Resort REITs - Real Estate|2|17.34|17.38
2024-10-03|KR|Food Retail - Consumer Staples|9|52.27|55.62
2024-10-03|PFE|Pharmaceuticals - Health Care|1|29.74|28.34
2024-10-03|XEL|Multi-Utilities - Utilities|1|63.84|64.4
2024-10-03|AMZN|Broadline Retail - Consumer Discretionary|5|184.52|181.96
2024-10-03|FAST|Trading Companies & Distributors - Industrials|2|34.6|35.35
2024-10-03|GWW|Industrial Machinery & Supplies & Components - Industrials|1|996.93|1029.15
2024-10-03|WY|Timber REITs - Real Estate|1|31.41|32.93
2024-10-03|SJM|Packaged Foods & Meats - Consumer Staples|2|120.74|117.28
2024-10-03|DELL|Technology Hardware, Storage & Peripherals - Information Technology|1|117.77|115.67
2024-10-03|TRMB|Electronic Equipment & Instruments - Information Technology|1|60.2|61.59
2024-10-03|INTC|Semiconductors - Information Technology|54|21.84|22.26
2024-10-03|HPE|Technology Hardware, Storage & Peripherals - Information Technology|9|19.85|20.35
2024-10-03|HBAN|Regional Banks - Financials|1|14.37|14.17
2024-10-03|DOW|Commodity Chemicals - Materials|22|54.72|54.5
2024-10-03|SLB|Oil & Gas Equipment & Services - Energy|10|41.17|44.89
2024-10-03|CTRA|Oil & Gas Exploration & Production - Energy|1|23.06|24.72
2024-10-03|LUV|Passenger Airlines - Industrials|16|29.63|30.51
2024-10-03|EIX|Electric Utilities - Utilities|1|87.73|86.65
2024-10-03|APA|Oil & Gas Exploration & Production - Energy|4|25.76|26.53
2024-10-03|WBD|Broadcasting - Communication Services|2|7.97|7.74
2024-10-03|OXY|Oil & Gas Exploration & Production - Energy|20|54.79|54.79
2024-10-03|VLO|Oil & Gas Refining & Marketing - Energy|1|144.03|144.03
2024-10-03|WY|Timber REITs - Real Estate|1|32.93|32.93
2024-10-03|WBD|Broadcasting - Communication Services|2|7.74|7.74
2024-10-04|CSX|Rail Transportation - Industrials|1|33.84|34.49
2024-10-04|CNC|Managed Health Care - Health Care|15|73.1|72.08
2024-10-04|YUM|Restaurants - Consumer Discretionary|7|134.5|136.57
2024-10-04|ZTS|Pharmaceuticals - Health Care|2|180.59|190.03
2024-10-04|XEL|Multi-Utilities - Utilities|1|59.75|63.73
2024-10-04|ZTS|Pharmaceuticals - Health Care|4|185.29|190.03
2024-10-04|ZBH|Health Care Equipment - Health Care|1|109.57|104.68
2024-10-04|GLW|Electronic Components - Information Technology|1|41.27|44.88
2024-10-04|HST|Hotel & Resort REITs - Real Estate|2|17.34|17.86
2024-10-04|KR|Food Retail - Consumer Staples|9|52.27|55.89
2024-10-04|PFE|Pharmaceuticals - Health Care|1|29.74|28.58
2024-10-04|XEL|Multi-Utilities - Utilities|1|63.84|63.73
2024-10-04|AMZN|Broadline Retail - Consumer Discretionary|5|184.52|186.51
2024-10-04|FAST|Trading Companies & Distributors - Industrials|2|34.6|35.09
2024-10-04|GWW|Industrial Machinery & Supplies & Components - Industrials|1|996.93|1033.24
2024-10-04|WY|Timber REITs - Real Estate|1|31.41|32.88
2024-10-04|SJM|Packaged Foods & Meats - Consumer Staples|2|120.74|117.39
2024-10-04|DELL|Technology Hardware, Storage & Peripherals - Information Technology|1|117.77|120.42
2024-10-04|TRMB|Electronic Equipment & Instruments - Information Technology|1|60.2|62.14
2024-10-04|INTC|Semiconductors - Information Technology|54|21.84|22.59
2024-10-04|HPE|Technology Hardware, Storage & Peripherals - Information Technology|9|19.85|20.62
2024-10-04|HBAN|Regional Banks - Financials|1|14.37|14.62
2024-10-04|DOW|Commodity Chemicals - Materials|22|54.72|55.34
2024-10-04|CTRA|Oil & Gas Exploration & Production - Energy|1|23.06|24.87
2024-10-04|LUV|Passenger Airlines - Industrials|16|29.63|31.25
2024-10-04|EIX|Electric Utilities - Utilities|1|87.73|86.18
2024-10-04|APA|Oil & Gas Exploration & Production - Energy|4|25.76|26.89
2024-10-04|WBD|Broadcasting - Communication Services|2|7.97|7.78
2024-10-04|OXY|Oil & Gas Exploration & Production - Energy|20|54.79|55.76
2024-10-04|VLO|Oil & Gas Refining & Marketing - Energy|1|144.03|142.42
2024-10-04|WY|Timber REITs - Real Estate|1|32.93|32.88
2024-10-04|WBD|Broadcasting - Communication Services|2|7.74|7.78
2024-10-04|BAC|Diversified Banks - Financials|30|40.11|40.11
2024-10-04|ZBH|Health Care Equipment - Health Care|1|104.68|104.68
2024-10-04|WY|Timber REITs - Real Estate|1|32.88|32.88
2024-10-07|CSX|Rail Transportation - Industrials|1|33.84|33.65
2024-10-07|CNC|Managed Health Care - Health Care|15|73.1|71.49
2024-10-07|YUM|Restaurants - Consumer Discretionary|7|134.5|135.88
2024-10-07|ZTS|Pharmaceuticals - Health Care|2|180.59|187.28
2024-10-07|XEL|Multi-Utilities - Utilities|1|59.75|63.01
2024-10-07|ZTS|Pharmaceuticals - Health Care|4|185.29|187.28
2024-10-07|GLW|Electronic Components - Information Technology|1|41.27|44.11
2024-10-07|HST|Hotel & Resort REITs - Real Estate|2|17.34|17.48
2024-10-07|KR|Food Retail - Consumer Staples|9|52.27|55.96
2024-10-07|PFE|Pharmaceuticals - Health Care|1|29.74|29.2
2024-10-07|XEL|Multi-Utilities - Utilities|1|63.84|63.01
2024-10-07|AMZN|Broadline Retail - Consumer Discretionary|5|184.52|180.8
2024-10-07|FAST|Trading Companies & Distributors - Industrials|2|34.6|35.0
2024-10-07|GWW|Industrial Machinery & Supplies & Components - Industrials|1|996.93|1022.84
2024-10-07|WY|Timber REITs - Real Estate|1|31.41|32.85
2024-10-07|SJM|Packaged Foods & Meats - Consumer Staples|2|120.74|116.18
2024-10-07|DELL|Technology Hardware, Storage & Peripherals - Information Technology|1|117.77|119.09
2024-10-07|TRMB|Electronic Equipment & Instruments - Information Technology|1|60.2|61.51
2024-10-07|INTC|Semiconductors - Information Technology|54|21.84|22.38
2024-10-07|HPE|Technology Hardware, Storage & Peripherals - Information Technology|9|19.85|20.86
2024-10-07|HBAN|Regional Banks - Financials|1|14.37|14.64
2024-10-07|DOW|Commodity Chemicals - Materials|22|54.72|54.62
2024-10-07|CTRA|Oil & Gas Exploration & Production - Energy|1|23.06|24.66
2024-10-07|LUV|Passenger Airlines - Industrials|16|29.63|31.04
2024-10-07|EIX|Electric Utilities - Utilities|1|87.73|84.66
2024-10-07|APA|Oil & Gas Exploration & Production - Energy|4|25.76|26.97
2024-10-07|WBD|Broadcasting - Communication Services|2|7.97|7.72
2024-10-07|OXY|Oil & Gas Exploration & Production - Energy|20|54.79|55.91
2024-10-07|VLO|Oil & Gas Refining & Marketing - Energy|1|144.03|143.98
2024-10-07|WY|Timber REITs - Real Estate|1|32.93|32.85
2024-10-07|WBD|Broadcasting - Communication Services|2|7.74|7.72
2024-10-07|BAC|Diversified Banks - Financials|30|40.11|39.96
2024-10-07|ZBH|Health Care Equipment - Health Care|1|104.68|102.28
2024-10-07|WY|Timber REITs - Real Estate|1|32.88|32.85
2024-10-07|D|Multi-Utilities - Utilities|1|57.09|57.09
2024-10-07|WY|Timber REITs - Real Estate|1|32.85|32.85
2024-10-07|WBD|Broadcasting - Communication Services|1|7.72|7.72
2024-10-08|CSX|Rail Transportation - Industrials|1|33.84|33.87
2024-10-08|CNC|Managed Health Care - Health Care|15|73.1|71.34
2024-10-08|YUM|Restaurants - Consumer Discretionary|7|134.5|134.72
2024-10-08|ZTS|Pharmaceuticals - Health Care|2|180.59|187.37
2024-10-08|XEL|Multi-Utilities - Utilities|1|59.75|62.93
2024-10-08|ZTS|Pharmaceuticals - Health Care|4|185.29|187.37
2024-10-08|GLW|Electronic Components - Information Technology|1|41.27|44.59
2024-10-08|HST|Hotel & Resort REITs - Real Estate|2|17.34|17.46
2024-10-08|KR|Food Retail - Consumer Staples|9|52.27|56.0
2024-10-08|PFE|Pharmaceuticals - Health Care|1|29.74|29.18
2024-10-08|XEL|Multi-Utilities - Utilities|1|63.84|62.93
2024-10-08|AMZN|Broadline Retail - Consumer Discretionary|5|184.52|182.72
2024-10-08|FAST|Trading Companies & Distributors - Industrials|2|34.6|35.08
2024-10-08|GWW|Industrial Machinery & Supplies & Components - Industrials|1|996.93|1028.56
2024-10-08|WY|Timber REITs - Real Estate|1|31.41|33.11
2024-10-08|SJM|Packaged Foods & Meats - Consumer Staples|2|120.74|116.78
2024-10-08|DELL|Technology Hardware, Storage & Peripherals - Information Technology|1|117.77|121.93
2024-10-08|TRMB|Electronic Equipment & Instruments - Information Technology|1|60.2|61.48
2024-10-08|INTC|Semiconductors - Information Technology|54|21.84|23.32
2024-10-08|HPE|Technology Hardware, Storage & Peripherals - Information Technology|9|19.85|20.97
2024-10-08|HBAN|Regional Banks - Financials|1|14.37|14.73
2024-10-08|DOW|Commodity Chemicals - Materials|22|54.72|53.21
2024-10-08|CTRA|Oil & Gas Exploration & Production - Energy|1|23.06|24.43
2024-10-08|LUV|Passenger Airlines - Industrials|16|29.63|30.67
2024-10-08|EIX|Electric Utilities - Utilities|1|87.73|84.89
2024-10-08|APA|Oil & Gas Exploration & Production - Energy|4|25.76|26.26
2024-10-08|WBD|Broadcasting - Communication Services|2|7.97|7.72
2024-10-08|OXY|Oil & Gas Exploration & Production - Energy|20|54.79|54.32
2024-10-08|WY|Timber REITs - Real Estate|1|32.93|33.11
2024-10-08|WBD|Broadcasting - Communication Services|2|7.74|7.72
2024-10-08|BAC|Diversified Banks - Financials|30|40.11|39.93
2024-10-08|ZBH|Health Care Equipment - Health Care|1|104.68|101.77
2024-10-08|WY|Timber REITs - Real Estate|1|32.88|33.11
2024-10-08|D|Multi-Utilities - Utilities|1|57.09|56.81
2024-10-08|WY|Timber REITs - Real Estate|1|32.85|33.11
2024-10-08|WBD|Broadcasting - Communication Services|1|7.72|7.72
2024-10-08|BG|Agricultural Products & Services - Consumer Staples|1|98.24|98.24
2024-10-08|CFG|Regional Banks - Financials|1|41.21|41.21
2024-10-09|CSX|Rail Transportation - Industrials|1|33.84|34.26
2024-10-09|CNC|Managed Health Care - Health Care|15|73.1|72.35
2024-10-09|YUM|Restaurants - Consumer Discretionary|7|134.5|134.76
2024-10-09|ZTS|Pharmaceuticals - Health Care|2|180.59|190.17
2024-10-09|XEL|Multi-Utilities - Utilities|1|59.75|62.58
2024-10-09|ZTS|Pharmaceuticals - Health Care|4|185.29|190.17
2024-10-09|HST|Hotel & Resort REITs - Real Estate|2|17.34|17.45
2024-10-09|KR|Food Retail - Consumer Staples|9|52.27|56.15
2024-10-09|PFE|Pharmaceuticals - Health Care|1|29.74|30.19
2024-10-09|XEL|Multi-Utilities - Utilities|1|63.84|62.58
2024-10-09|AMZN|Broadline Retail - Consumer Discretionary|5|184.52|185.17
2024-10-09|FAST|Trading Companies & Distributors - Industrials|2|34.6|35.31
2024-10-09|GWW|Industrial Machinery & Supplies & Components - Industrials|1|996.93|1029.6
2024-10-09|WY|Timber REITs - Real Estate|1|31.41|33.06
2024-10-09|SJM|Packaged Foods & Meats - Consumer Staples|2|120.74|117.21
2024-10-09|DELL|Technology Hardware, Storage & Peripherals - Information Technology|1|117.77|122.34
2024-10-09|TRMB|Electronic Equipment & Instruments - Information Technology|1|60.2|62.23
2024-10-09|INTC|Semiconductors - Information Technology|54|21.84|23.46
2024-10-09|HPE|Technology Hardware, Storage & Peripherals - Information Technology|9|19.85|20.85
2024-10-09|HBAN|Regional Banks - Financials|1|14.37|14.94
2024-10-09|DOW|Commodity Chemicals - Materials|22|54.72|53.42
2024-10-09|CTRA|Oil & Gas Exploration & Production - Energy|1|23.06|24.36
2024-10-09|LUV|Passenger Airlines - Industrials|16|29.63|30.64
2024-10-09|EIX|Electric Utilities - Utilities|1|87.73|84.45
2024-10-09|APA|Oil & Gas Exploration & Production - Energy|4|25.76|26.33
2024-10-09|WBD|Broadcasting - Communication Services|2|7.97|7.73
2024-10-09|OXY|Oil & Gas Exploration & Production - Energy|20|54.79|53.9
2024-10-09|WY|Timber REITs - Real Estate|1|32.93|33.06
2024-10-09|WBD|Broadcasting - Communication Services|2|7.74|7.73
2024-10-09|BAC|Diversified Banks - Financials|30|40.11|40.19
2024-10-09|ZBH|Health Care Equipment - Health Care|1|104.68|103.46
2024-10-09|WY|Timber REITs - Real Estate|1|32.88|33.06
2024-10-09|D|Multi-Utilities - Utilities|1|57.09|56.38
2024-10-09|WY|Timber REITs - Real Estate|1|32.85|33.06
2024-10-09|WBD|Broadcasting - Communication Services|1|7.72|7.73
2024-10-09|BG|Agricultural Products & Services - Consumer Staples|1|98.24|96.37
2024-10-09|CFG|Regional Banks - Financials|1|41.21|41.47
2024-10-09|HBAN|Regional Banks - Financials|3|14.94|14.94
2024-10-10|CSX|Rail Transportation - Industrials|1|33.84|34.53
2024-10-10|CNC|Managed Health Care - Health Care|15|73.1|71.62
2024-10-10|YUM|Restaurants - Consumer Discretionary|7|134.5|133.27
2024-10-10|ZTS|Pharmaceuticals - Health Care|2|180.59|190.28
2024-10-10|XEL|Multi-Utilities - Utilities|1|59.75|62.16
2024-10-10|ZTS|Pharmaceuticals - Health Care|4|185.29|190.28
2024-10-10|HST|Hotel & Resort REITs - Real Estate|2|17.34|17.61
2024-10-10|KR|Food Retail - Consumer Staples|9|52.27|55.21
2024-10-10|PFE|Pharmaceuticals - Health Care|1|29.74|29.34
2024-10-10|XEL|Multi-Utilities - Utilities|1|63.84|62.16
2024-10-10|AMZN|Broadline Retail - Consumer Discretionary|5|184.52|186.65
2024-10-10|FAST|Trading Companies & Distributors - Industrials|2|34.6|34.99
2024-10-10|GWW|Industrial Machinery & Supplies & Components - Industrials|1|996.93|1025.16
2024-10-10|WY|Timber REITs - Real Estate|1|31.41|32.63
2024-10-10|SJM|Packaged Foods & Meats - Consumer Staples|2|120.74|117.02
2024-10-10|DELL|Technology Hardware, Storage & Peripherals - Information Technology|1|117.77|124.8
2024-10-10|TRMB|Electronic Equipment & Instruments - Information Technology|1|60.2|61.74
2024-10-10|INTC|Semiconductors - Information Technology|54|21.84|23.22
2024-10-10|HPE|Technology Hardware, Storage & Peripherals - Information Technology|9|19.85|20.54
2024-10-10|HBAN|Regional Banks - Financials|1|14.37|14.96
2024-10-10|DOW|Commodity Chemicals - Materials|22|54.72|53.62
2024-10-10|CTRA|Oil & Gas Exploration & Production - Energy|1|23.06|24.51
2024-10-10|LUV|Passenger Airlines - Industrials|16|29.63|30.36
2024-10-10|APA|Oil & Gas Exploration & Production - Energy|4|25.76|26.86
2024-10-10|OXY|Oil & Gas Exploration & Production - Energy|20|54.79|54.57
2024-10-10|WY|Timber REITs - Real Estate|1|32.93|32.63
2024-10-10|WBD|Broadcasting - Communication Services|2|7.74|7.54
2024-10-10|BAC|Diversified Banks - Financials|30|40.11|39.97
2024-10-10|ZBH|Health Care Equipment - Health Care|1|104.68|102.82
2024-10-10|WY|Timber REITs - Real Estate|1|32.88|32.63
2024-10-10|D|Multi-Utilities - Utilities|1|57.09|55.49
2024-10-10|WY|Timber REITs - Real Estate|1|32.85|32.63
2024-10-10|WBD|Broadcasting - Communication Services|1|7.72|7.54
2024-10-10|BG|Agricultural Products & Services - Consumer Staples|1|98.24|96.06
2024-10-10|CFG|Regional Banks - Financials|1|41.21|41.3
2024-10-10|HBAN|Regional Banks - Financials|3|14.94|14.96
2024-10-10|WRB|Property & Casualty Insurance - Financials|1|58.1|58.1
2024-10-10|WY|Timber REITs - Real Estate|1|32.63|32.63
2024-10-10|WBD|Broadcasting - Communication Services|1|7.54|7.54
2024-10-11|CSX|Rail Transportation - Industrials|1|33.84|34.96
2024-10-11|CNC|Managed Health Care - Health Care|15|73.1|72.44
2024-10-11|YUM|Restaurants - Consumer Discretionary|7|134.5|134.02
2024-10-11|ZTS|Pharmaceuticals - Health Care|2|180.59|190.08
2024-10-11|XEL|Multi-Utilities - Utilities|1|59.75|62.31
2024-10-11|ZTS|Pharmaceuticals - Health Care|4|185.29|190.08
2024-10-11|HST|Hotel & Resort REITs - Real Estate|2|17.34|17.81
2024-10-11|KR|Food Retail - Consumer Staples|9|52.27|55.36
2024-10-11|PFE|Pharmaceuticals - Health Care|1|29.74|29.16
2024-10-11|XEL|Multi-Utilities - Utilities|1|63.84|62.31
2024-10-11|AMZN|Broadline Retail - Consumer Discretionary|5|184.52|188.82
2024-10-11|GWW|Industrial Machinery & Supplies & Components - Industrials|1|996.93|1085.04
2024-10-11|WY|Timber REITs - Real Estate|1|31.41|33.03
2024-10-11|SJM|Packaged Foods & Meats - Consumer Staples|2|120.74|116.82
2024-10-11|DELL|Technology Hardware, Storage & Peripherals - Information Technology|1|117.77|127.73
2024-10-11|TRMB|Electronic Equipment & Instruments - Information Technology|1|60.2|63.01
2024-10-11|INTC|Semiconductors - Information Technology|54|21.84|23.56
2024-10-11|HPE|Technology Hardware, Storage & Peripherals - Information Technology|9|19.85|20.67
2024-10-11|HBAN|Regional Banks - Financials|1|14.37|15.39
2024-10-11|DOW|Commodity Chemicals - Materials|22|54.72|53.78
2024-10-11|CTRA|Oil & Gas Exploration & Production - Energy|1|23.06|24.89
2024-10-11|LUV|Passenger Airlines - Industrials|16|29.63|30.62
2024-10-11|APA|Oil & Gas Exploration & Production - Energy|4|25.76|27.07
2024-10-11|OXY|Oil & Gas Exploration & Production - Energy|20|54.79|54.76
2024-10-11|WY|Timber REITs - Real Estate|1|32.93|33.03
2024-10-11|WBD|Broadcasting - Communication Services|2|7.74|7.52
2024-10-11|BAC|Diversified Banks - Financials|30|40.11|41.95
2024-10-11|ZBH|Health Care Equipment - Health Care|1|104.68|103.5
2024-10-11|WY|Timber REITs - Real Estate|1|32.88|33.03
2024-10-11|D|Multi-Utilities - Utilities|1|57.09|56.22
2024-10-11|WY|Timber REITs - Real Estate|1|32.85|33.03
2024-10-11|WBD|Broadcasting - Communication Services|1|7.72|7.52
2024-10-11|BG|Agricultural Products & Services - Consumer Staples|1|98.24|96.97
2024-10-11|CFG|Regional Banks - Financials|1|41.21|42.61
2024-10-11|HBAN|Regional Banks - Financials|3|14.94|15.39
2024-10-11|WRB|Property & Casualty Insurance - Financials|1|58.1|58.57
2024-10-11|WY|Timber REITs - Real Estate|1|32.63|33.03
2024-10-11|WBD|Broadcasting - Communication Services|1|7.54|7.52
2024-10-11|SMCI|Technology Hardware, Storage & Peripherals - Information Technology|1|47.8|47.8
2024-10-11|WBD|Broadcasting - Communication Services|4|7.52|7.52
2024-10-14|CSX|Rail Transportation - Industrials|1|33.84|35.29
2024-10-14|CNC|Managed Health Care - Health Care|15|73.1|72.9
2024-10-14|YUM|Restaurants - Consumer Discretionary|7|134.5|134.65
2024-10-14|ZTS|Pharmaceuticals - Health Care|2|180.59|192.65
2024-10-14|XEL|Multi-Utilities - Utilities|1|59.75|63.02
2024-10-14|ZTS|Pharmaceuticals - Health Care|4|185.29|192.65
2024-10-14|HST|Hotel & Resort REITs - Real Estate|2|17.34|17.9
2024-10-14|KR|Food Retail - Consumer Staples|9|52.27|55.27
2024-10-14|PFE|Pharmaceuticals - Health Care|1|29.74|29.08
2024-10-14|XEL|Multi-Utilities - Utilities|1|63.84|63.02
2024-10-14|AMZN|Broadline Retail - Consumer Discretionary|5|184.52|187.54
2024-10-14|WY|Timber REITs - Real Estate|1|31.41|32.59
2024-10-14|SJM|Packaged Foods & Meats - Consumer Staples|2|120.74|118.21
2024-10-14|DELL|Technology Hardware, Storage & Peripherals - Information Technology|1|117.77|128.35
2024-10-14|TRMB|Electronic Equipment & Instruments - Information Technology|1|60.2|63.05
2024-10-14|INTC|Semiconductors - Information Technology|54|21.84|23.44
2024-10-14|HPE|Technology Hardware, Storage & Peripherals - Information Technology|9|19.85|20.72
2024-10-14|HBAN|Regional Banks - Financials|1|14.37|15.52
2024-10-14|DOW|Commodity Chemicals - Materials|22|54.72|53.54
2024-10-14|CTRA|Oil & Gas Exploration & Production - Energy|1|23.06|24.41
2024-10-14|LUV|Passenger Airlines - Industrials|16|29.63|30.37
2024-10-14|APA|Oil & Gas Exploration & Production - Energy|4|25.76|26.7
2024-10-14|OXY|Oil & Gas Exploration & Production - Energy|20|54.79|53.91
2024-10-14|WY|Timber REITs - Real Estate|1|32.93|32.59
2024-10-14|WBD|Broadcasting - Communication Services|2|7.74|7.54
2024-10-14|BAC|Diversified Banks - Financials|30|40.11|41.91
2024-10-14|ZBH|Health Care Equipment - Health Care|1|104.68|104.83
2024-10-14|WY|Timber REITs - Real Estate|1|32.88|32.59
2024-10-14|D|Multi-Utilities - Utilities|1|57.09|56.93
2024-10-14|WY|Timber REITs - Real Estate|1|32.85|32.59
2024-10-14|WBD|Broadcasting - Communication Services|1|7.72|7.54
2024-10-14|BG|Agricultural Products & Services - Consumer Staples|1|98.24|96.22
2024-10-14|CFG|Regional Banks - Financials|1|41.21|43.27
2024-10-14|HBAN|Regional Banks - Financials|3|14.94|15.52
2024-10-14|WRB|Property & Casualty Insurance - Financials|1|58.1|59.26
2024-10-14|WY|Timber REITs - Real Estate|1|32.63|32.59
2024-10-14|WBD|Broadcasting - Communication Services|1|7.54|7.54
2024-10-14|SMCI|Technology Hardware, Storage & Peripherals - Information Technology|1|47.8|47.39
2024-10-14|WBD|Broadcasting - Communication Services|4|7.52|7.54
2024-10-14|BXP|Office REITs - Real Estate|13|84.39|84.39
2024-10-15|CSX|Rail Transportation - Industrials|1|33.84|35.5
2024-10-15|YUM|Restaurants - Consumer Discretionary|7|134.5|133.22
2024-10-15|ZTS|Pharmaceuticals - Health Care|2|180.59|192.39
2024-10-15|XEL|Multi-Utilities - Utilities|1|59.75|63.43
2024-10-15|ZTS|Pharmaceuticals - Health Care|4|185.29|192.39
2024-10-15|HST|Hotel & Resort REITs - Real Estate|2|17.34|17.92
2024-10-15|KR|Food Retail - Consumer Staples|9|52.27|56.14
2024-10-15|PFE|Pharmaceuticals - Health Care|1|29.74|29.44
2024-10-15|XEL|Multi-Utilities - Utilities|1|63.84|63.43
2024-10-15|AMZN|Broadline Retail - Consumer Discretionary|5|184.52|187.69
2024-10-15|WY|Timber REITs - Real Estate|1|31.41|33.05
2024-10-15|SJM|Packaged Foods & Meats - Consumer Staples|2|120.74|120.54
2024-10-15|DELL|Technology Hardware, Storage & Peripherals - Information Technology|1|117.77|125.83
2024-10-15|TRMB|Electronic Equipment & Instruments - Information Technology|1|60.2|61.72
2024-10-15|INTC|Semiconductors - Information Technology|54|21.84|22.66
2024-10-15|HPE|Technology Hardware, Storage & Peripherals - Information Technology|9|19.85|20.74
2024-10-15|HBAN|Regional Banks - Financials|1|14.37|15.59
2024-10-15|DOW|Commodity Chemicals - Materials|22|54.72|52.57
2024-10-15|CTRA|Oil & Gas Exploration & Production - Energy|1|23.06|24.09
2024-10-15|LUV|Passenger Airlines - Industrials|16|29.63|30.49
2024-10-15|APA|Oil & Gas Exploration & Production - Energy|4|25.76|24.85
2024-10-15|WY|Timber REITs - Real Estate|1|32.93|33.05
2024-10-15|WBD|Broadcasting - Communication Services|2|7.74|7.6
2024-10-15|BAC|Diversified Banks - Financials|30|40.11|42.14
2024-10-15|ZBH|Health Care Equipment - Health Care|1|104.68|104.6
2024-10-15|WY|Timber REITs - Real Estate|1|32.88|33.05
2024-10-15|D|Multi-Utilities - Utilities|1|57.09|57.61
2024-10-15|WY|Timber REITs - Real Estate|1|32.85|33.05
2024-10-15|WBD|Broadcasting - Communication Services|1|7.72|7.6
2024-10-15|BG|Agricultural Products & Services - Consumer Staples|1|98.24|94.68
2024-10-15|CFG|Regional Banks - Financials|1|41.21|43.48
2024-10-15|HBAN|Regional Banks - Financials|3|14.94|15.59
2024-10-15|WRB|Property & Casualty Insurance - Financials|1|58.1|58.92
2024-10-15|WY|Timber REITs - Real Estate|1|32.63|33.05
2024-10-15|WBD|Broadcasting - Communication Services|1|7.54|7.6
2024-10-15|SMCI|Technology Hardware, Storage & Peripherals - Information Technology|1|47.8|47.76
2024-10-15|WBD|Broadcasting - Communication Services|4|7.52|7.6
2024-10-15|BXP|Office REITs - Real Estate|13|84.39|86.48
2024-10-15|FITB|Regional Banks - Financials|25|44.65|44.65
2024-10-15|MCK|Health Care Distributors - Health Care|1|513.67|513.67
2024-10-15|KMB|Household Products - Consumer Staples|2|145.23|145.23
2024-10-15|GM|Automobile Manufacturers - Consumer Discretionary|2|47.85|47.85
2024-10-15|WY|Timber REITs - Real Estate|1|33.05|33.05
2024-10-15|WBD|Broadcasting - Communication Services|1|7.6|7.6
2024-10-16|CSX|Rail Transportation - Industrials|1|33.84|35.47
2024-10-16|YUM|Restaurants - Consumer Discretionary|7|134.5|133.35
2024-10-16|ZTS|Pharmaceuticals - Health Care|2|180.59|194.44
2024-10-16|XEL|Multi-Utilities - Utilities|1|59.75|64.01
2024-10-16|ZTS|Pharmaceuticals - Health Care|4|185.29|194.44
2024-10-16|HST|Hotel & Resort REITs - Real Estate|2|17.34|17.99
2024-10-16|KR|Food Retail - Consumer Staples|9|52.27|56.65
2024-10-16|PFE|Pharmaceuticals - Health Care|1|29.74|29.67
2024-10-16|XEL|Multi-Utilities - Utilities|1|63.84|64.01
2024-10-16|AMZN|Broadline Retail - Consumer Discretionary|5|184.52|186.89
2024-10-16|WY|Timber REITs - Real Estate|1|31.41|33.45
2024-10-16|SJM|Packaged Foods & Meats - Consumer Staples|2|120.74|121.61
2024-10-16|DELL|Technology Hardware, Storage & Peripherals - Information Technology|1|117.77|126.73
2024-10-16|TRMB|Electronic Equipment & Instruments - Information Technology|1|60.2|61.07
2024-10-16|INTC|Semiconductors - Information Technology|54|21.84|22.31
2024-10-16|HPE|Technology Hardware, Storage & Peripherals - Information Technology|9|19.85|20.89
2024-10-16|DOW|Commodity Chemicals - Materials|22|54.72|52.94
2024-10-16|CTRA|Oil & Gas Exploration & Production - Energy|1|23.06|23.74
2024-10-16|LUV|Passenger Airlines - Industrials|16|29.63|30.91
2024-10-16|APA|Oil & Gas Exploration & Production - Energy|4|25.76|24.8
2024-10-16|WY|Timber REITs - Real Estate|1|32.93|33.45
2024-10-16|WBD|Broadcasting - Communication Services|2|7.74|8.0
2024-10-16|BAC|Diversified Banks - Financials|30|40.11|42.8
2024-10-16|ZBH|Health Care Equipment - Health Care|1|104.68|105.46
2024-10-16|WY|Timber REITs - Real Estate|1|32.88|33.45
2024-10-16|D|Multi-Utilities - Utilities|1|57.09|60.55
2024-10-16|WY|Timber REITs - Real Estate|1|32.85|33.45
2024-10-16|WBD|Broadcasting - Communication Services|1|7.72|8.0
2024-10-16|BG|Agricultural Products & Services - Consumer Staples|1|98.24|95.12
2024-10-16|CFG|Regional Banks - Financials|1|41.21|42.41
2024-10-16|HBAN|Regional Banks - Financials|3|14.94|15.84
2024-10-16|WRB|Property & Casualty Insurance - Financials|1|58.1|59.28
2024-10-16|WY|Timber REITs - Real Estate|1|32.63|33.45
2024-10-16|WBD|Broadcasting - Communication Services|1|7.54|8.0
2024-10-16|SMCI|Technology Hardware, Storage & Peripherals - Information Technology|1|47.8|48.75
2024-10-16|WBD|Broadcasting - Communication Services|4|7.52|8.0
2024-10-16|BXP|Office REITs - Real Estate|13|84.39|87.4
2024-10-16|FITB|Regional Banks - Financials|25|44.65|44.98
2024-10-16|MCK|Health Care Distributors - Health Care|1|513.67|510.93
2024-10-16|KMB|Household Products - Consumer Staples|2|145.23|145.94
2024-10-16|GM|Automobile Manufacturers - Consumer Discretionary|2|47.85|49.01
2024-10-16|WY|Timber REITs - Real Estate|1|33.05|33.45
2024-10-16|WBD|Broadcasting - Communication Services|1|7.6|8.0
2024-10-16|PCG|Multi-Utilities - Utilities|1|20.51|20.51
2024-10-18|CSX|Rail Transportation - Industrials|1|33.84|34.12
2024-10-18|YUM|Restaurants - Consumer Discretionary|7|134.5|134.27
2024-10-18|ZTS|Pharmaceuticals - Health Care|2|180.59|193.28
2024-10-18|XEL|Multi-Utilities - Utilities|1|59.75|64.07
2024-10-18|ZTS|Pharmaceuticals - Health Care|4|185.29|193.28
2024-10-18|HST|Hotel & Resort REITs - Real Estate|2|17.34|17.77
2024-10-18|KR|Food Retail - Consumer Staples|9|52.27|56.53
2024-10-18|PFE|Pharmaceuticals - Health Care|1|29.74|29.22
2024-10-18|XEL|Multi-Utilities - Utilities|1|63.84|64.07
2024-10-18|AMZN|Broadline Retail - Consumer Discretionary|5|184.52|188.99
2024-10-18|WY|Timber REITs - Real Estate|1|31.41|33.06
2024-10-18|SJM|Packaged Foods & Meats - Consumer Staples|2|120.74|121.73
2024-10-18|DELL|Technology Hardware, Storage & Peripherals - Information Technology|1|117.77|126.46
2024-10-18|TRMB|Electronic Equipment & Instruments - Information Technology|1|60.2|61.77
2024-10-18|INTC|Semiconductors - Information Technology|54|21.84|22.77
2024-10-18|HPE|Technology Hardware, Storage & Peripherals - Information Technology|9|19.85|20.69
2024-10-18|DOW|Commodity Chemicals - Materials|22|54.72|53.11
2024-10-18|CTRA|Oil & Gas Exploration & Production - Energy|1|23.06|23.78
2024-10-18|LUV|Passenger Airlines - Industrials|16|29.63|30.98
2024-10-18|APA|Oil & Gas Exploration & Production - Energy|4|25.76|25.16
2024-10-18|WY|Timber REITs - Real Estate|1|32.93|33.06
2024-10-18|WBD|Broadcasting - Communication Services|2|7.74|7.82
2024-10-18|BAC|Diversified Banks - Financials|30|40.11|42.32
2024-10-18|ZBH|Health Care Equipment - Health Care|1|104.68|106.31
2024-10-18|WY|Timber REITs - Real Estate|1|32.88|33.06
2024-10-18|D|Multi-Utilities - Utilities|1|57.09|59.92
2024-10-18|WY|Timber REITs - Real Estate|1|32.85|33.06
2024-10-18|WBD|Broadcasting - Communication Services|1|7.72|7.82
2024-10-18|CFG|Regional Banks - Financials|1|41.21|42.47
2024-10-18|HBAN|Regional Banks - Financials|3|14.94|15.36
2024-10-18|WRB|Property & Casualty Insurance - Financials|1|58.1|61.26
2024-10-18|WY|Timber REITs - Real Estate|1|32.63|33.06
2024-10-18|WBD|Broadcasting - Communication Services|1|7.54|7.82
2024-10-18|SMCI|Technology Hardware, Storage & Peripherals - Information Technology|1|47.8|47.26
2024-10-18|WBD|Broadcasting - Communication Services|4|7.52|7.82
2024-10-18|BXP|Office REITs - Real Estate|13|84.39|89.72
2024-10-18|FITB|Regional Banks - Financials|25|44.65|44.67
2024-10-18|MCK|Health Care Distributors - Health Care|1|513.67|509.2
2024-10-18|KMB|Household Products - Consumer Staples|2|145.23|145.41
2024-10-18|GM|Automobile Manufacturers - Consumer Discretionary|2|47.85|49.18
2024-10-18|WY|Timber REITs - Real Estate|1|33.05|33.06
2024-10-18|WBD|Broadcasting - Communication Services|1|7.6|7.82
2024-10-18|PCG|Multi-Utilities - Utilities|1|20.51|20.38
2024-10-18|MNST|Soft Drinks & Non-alcoholic Beverages - Consumer Staples|1|54.05|54.05
2024-10-18|VTRS|Pharmaceuticals - Health Care|3|11.76|11.76
2024-10-22|CSX|Rail Transportation - Industrials|1|33.84|33.85
2024-10-22|YUM|Restaurants - Consumer Discretionary|7|134.5|133.36
2024-10-22|ZTS|Pharmaceuticals - Health Care|2|180.59|189.51
2024-10-22|XEL|Multi-Utilities - Utilities|1|59.75|63.68
2024-10-22|ZTS|Pharmaceuticals - Health Care|4|185.29|189.51
2024-10-22|HST|Hotel & Resort REITs - Real Estate|2|17.34|17.59
2024-10-22|KR|Food Retail - Consumer Staples|9|52.27|56.43
2024-10-22|PFE|Pharmaceuticals - Health Care|1|29.74|28.84
2024-10-22|XEL|Multi-Utilities - Utilities|1|63.84|63.68
2024-10-22|AMZN|Broadline Retail - Consumer Discretionary|5|184.52|189.7
2024-10-22|WY|Timber REITs - Real Estate|1|31.41|31.65
2024-10-22|SJM|Packaged Foods & Meats - Consumer Staples|2|120.74|117.7
2024-10-22|DELL|Technology Hardware, Storage & Peripherals - Information Technology|1|117.77|120.4
2024-10-22|TRMB|Electronic Equipment & Instruments - Information Technology|1|60.2|60.21
2024-10-22|INTC|Semiconductors - Information Technology|54|21.84|22.4
2024-10-22|HPE|Technology Hardware, Storage & Peripherals - Information Technology|9|19.85|19.89
2024-10-22|DOW|Commodity Chemicals - Materials|22|54.72|52.07
2024-10-22|CTRA|Oil & Gas Exploration & Production - Energy|1|23.06|23.52
2024-10-22|LUV|Passenger Airlines - Industrials|16|29.63|30.49
2024-10-22|APA|Oil & Gas Exploration & Production - Energy|4|25.76|25.18
2024-10-22|WY|Timber REITs - Real Estate|1|32.93|31.65
2024-10-22|WBD|Broadcasting - Communication Services|2|7.74|7.53
2024-10-22|BAC|Diversified Banks - Financials|30|40.11|42.3
2024-10-22|ZBH|Health Care Equipment - Health Care|1|104.68|104.26
2024-10-22|WY|Timber REITs - Real Estate|1|32.88|31.65
2024-10-22|D|Multi-Utilities - Utilities|1|57.09|60.0
2024-10-22|WY|Timber REITs - Real Estate|1|32.85|31.65
2024-10-22|WBD|Broadcasting - Communication Services|1|7.72|7.53
2024-10-22|CFG|Regional Banks - Financials|1|41.21|41.61
2024-10-22|HBAN|Regional Banks - Financials|3|14.94|15.54
2024-10-22|WRB|Property & Casualty Insurance - Financials|1|58.1|58.53
2024-10-22|WY|Timber REITs - Real Estate|1|32.63|31.65
2024-10-22|WBD|Broadcasting - Communication Services|1|7.54|7.53
2024-10-22|SMCI|Technology Hardware, Storage & Peripherals - Information Technology|1|47.8|45.97
2024-10-22|WBD|Broadcasting - Communication Services|4|7.52|7.53
2024-10-22|BXP|Office REITs - Real Estate|13|84.39|86.82
2024-10-22|FITB|Regional Banks - Financials|25|44.65|43.66
2024-10-22|MCK|Health Care Distributors - Health Care|1|513.67|505.38
2024-10-22|WY|Timber REITs - Real Estate|1|33.05|31.65
2024-10-22|WBD|Broadcasting - Communication Services|1|7.6|7.53
2024-10-22|PCG|Multi-Utilities - Utilities|1|20.51|20.57
2024-10-22|MNST|Soft Drinks & Non-alcoholic Beverages - Consumer Staples|1|54.05|53.6
2024-10-22|VTRS|Pharmaceuticals - Health Care|3|11.76|11.67
2024-10-22|UHS|Health Care Facilities - Health Care|1|232.55|232.55
2024-10-22|PM|Tobacco - Consumer Staples|1|131.41|131.41
2024-10-22|HST|Hotel & Resort REITs - Real Estate|1|17.59|17.59
2024-10-23|CSX|Rail Transportation - Industrials|1|33.84|33.59
2024-10-23|YUM|Restaurants - Consumer Discretionary|7|134.5|134.02
2024-10-23|ZTS|Pharmaceuticals - Health Care|2|180.59|188.99
2024-10-23|XEL|Multi-Utilities - Utilities|1|59.75|64.32
2024-10-23|ZTS|Pharmaceuticals - Health Care|4|185.29|188.99
2024-10-23|HST|Hotel & Resort REITs - Real Estate|2|17.34|17.38
2024-10-23|PFE|Pharmaceuticals - Health Care|1|29.74|28.86
2024-10-23|XEL|Multi-Utilities - Utilities|1|63.84|64.32
2024-10-23|AMZN|Broadline Retail - Consumer Discretionary|5|184.52|184.71
2024-10-23|WY|Timber REITs - Real Estate|1|31.41|31.85
2024-10-23|SJM|Packaged Foods & Meats - Consumer Staples|2|120.74|117.7
2024-10-23|DELL|Technology Hardware, Storage & Peripherals - Information Technology|1|117.77|119.49
2024-10-23|TRMB|Electronic Equipment & Instruments - Information Technology|1|60.2|60.3
2024-10-23|INTC|Semiconductors - Information Technology|54|21.84|21.98
2024-10-23|HPE|Technology Hardware, Storage & Peripherals - Information Technology|9|19.85|19.31
2024-10-23|CTRA|Oil & Gas Exploration & Production - Energy|1|23.06|23.68
2024-10-23|LUV|Passenger Airlines - Industrials|16|29.63|30.73
2024-10-23|APA|Oil & Gas Exploration & Production - Energy|4|25.76|24.49
2024-10-23|WY|Timber REITs - Real Estate|1|32.93|31.85
2024-10-23|BAC|Diversified Banks - Financials|30|40.11|42.34
2024-10-23|ZBH|Health Care Equipment - Health Care|1|104.68|104.7
2024-10-23|WY|Timber REITs - Real Estate|1|32.88|31.85
2024-10-23|D|Multi-Utilities - Utilities|1|57.09|60.93
2024-10-23|WY|Timber REITs - Real Estate|1|32.85|31.85
2024-10-23|CFG|Regional Banks - Financials|1|41.21|41.44
2024-10-23|HBAN|Regional Banks - Financials|3|14.94|15.54
2024-10-23|WRB|Property & Casualty Insurance - Financials|1|58.1|59.13
2024-10-23|WY|Timber REITs - Real Estate|1|32.63|31.85
2024-10-23|WBD|Broadcasting - Communication Services|1|7.54|7.33
2024-10-23|WBD|Broadcasting - Communication Services|4|7.52|7.33
2024-10-23|BXP|Office REITs - Real Estate|13|84.39|86.96
2024-10-23|FITB|Regional Banks - Financials|25|44.65|43.87
2024-10-23|MCK|Health Care Distributors - Health Care|1|513.67|501.76
2024-10-23|WY|Timber REITs - Real Estate|1|33.05|31.85
2024-10-23|WBD|Broadcasting - Communication Services|1|7.6|7.33
2024-10-23|PCG|Multi-Utilities - Utilities|1|20.51|20.58
2024-10-23|MNST|Soft Drinks & Non-alcoholic Beverages - Consumer Staples|1|54.05|53.56
2024-10-23|VTRS|Pharmaceuticals - Health Care|3|11.76|11.55
2024-10-23|UHS|Health Care Facilities - Health Care|1|232.55|234.16
2024-10-23|PM|Tobacco - Consumer Staples|1|131.41|131.41
2024-10-23|HST|Hotel & Resort REITs - Real Estate|1|17.59|17.38
2024-10-23|AVB|Multi-Family Residential REITs - Real Estate|5|229.54|229.54
2024-10-23|NEE|Multi-Utilities - Utilities|6|84.96|84.96
2024-10-23|DOC|Health Care REITs - Real Estate|2|23.12|23.12
2024-10-23|WBD|Broadcasting - Communication Services|2|7.33|7.33
2024-10-25|CSX|Rail Transportation - Industrials|1|33.84|33.27
2024-10-25|YUM|Restaurants - Consumer Discretionary|7|134.5|133.04
2024-10-25|ZTS|Pharmaceuticals - Health Care|2|180.59|180.01
2024-10-25|XEL|Multi-Utilities - Utilities|1|59.75|64.46
2024-10-25|ZTS|Pharmaceuticals - Health Care|4|185.29|180.01
2024-10-25|HST|Hotel & Resort REITs - Real Estate|2|17.34|17.58
2024-10-25|PFE|Pharmaceuticals - Health Care|1|29.74|28.45
2024-10-25|XEL|Multi-Utilities - Utilities|1|63.84|64.46
2024-10-25|AMZN|Broadline Retail - Consumer Discretionary|5|184.52|187.83
2024-10-25|WY|Timber REITs - Real Estate|1|31.41|31.8
2024-10-25|SJM|Packaged Foods & Meats - Consumer Staples|2|120.74|116.07
2024-10-25|DELL|Technology Hardware, Storage & Peripherals - Information Technology|1|117.77|122.55
2024-10-25|TRMB|Electronic Equipment & Instruments - Information Technology|1|60.2|60.9
2024-10-25|INTC|Semiconductors - Information Technology|54|21.84|22.68
2024-10-25|HPE|Technology Hardware, Storage & Peripherals - Information Technology|9|19.85|19.46
2024-10-25|CTRA|Oil & Gas Exploration & Production - Energy|1|23.06|23.85
2024-10-25|LUV|Passenger Airlines - Industrials|16|29.63|29.43
2024-10-25|APA|Oil & Gas Exploration & Production - Energy|4|25.76|24.82
2024-10-25|WY|Timber REITs - Real Estate|1|32.93|31.8
2024-10-25|BAC|Diversified Banks - Financials|30|40.11|41.89
2024-10-25|ZBH|Health Care Equipment - Health Care|1|104.68|102.35
2024-10-25|WY|Timber REITs - Real Estate|1|32.88|31.8
2024-10-25|D|Multi-Utilities - Utilities|1|57.09|59.58
2024-10-25|WY|Timber REITs - Real Estate|1|32.85|31.8
2024-10-25|CFG|Regional Banks - Financials|1|41.21|41.51
2024-10-25|HBAN|Regional Banks - Financials|3|14.94|15.38
2024-10-25|WRB|Property & Casualty Insurance - Financials|1|58.1|58.16
2024-10-25|WY|Timber REITs - Real Estate|1|32.63|31.8
2024-10-25|WBD|Broadcasting - Communication Services|1|7.54|7.6
2024-10-25|WBD|Broadcasting - Communication Services|4|7.52|7.6
2024-10-25|BXP|Office REITs - Real Estate|13|84.39|86.99
2024-10-25|FITB|Regional Banks - Financials|25|44.65|43.22
2024-10-25|MCK|Health Care Distributors - Health Care|1|513.67|507.41
2024-10-25|WY|Timber REITs - Real Estate|1|33.05|31.8
2024-10-25|WBD|Broadcasting - Communication Services|1|7.6|7.6
2024-10-25|PCG|Multi-Utilities - Utilities|1|20.51|20.36
2024-10-25|MNST|Soft Drinks & Non-alcoholic Beverages - Consumer Staples|1|54.05|53.37
2024-10-25|VTRS|Pharmaceuticals - Health Care|3|11.76|11.44
2024-10-25|PM|Tobacco - Consumer Staples|1|131.41|129.86
2024-10-25|HST|Hotel & Resort REITs - Real Estate|1|17.59|17.58
2024-10-25|AVB|Multi-Family Residential REITs - Real Estate|5|229.54|226.35
2024-10-25|NEE|Multi-Utilities - Utilities|6|84.96|81.43
2024-10-25|DOC|Health Care REITs - Real Estate|2|23.12|22.29
2024-10-25|WBD|Broadcasting - Communication Services|2|7.33|7.6
2024-10-25|KVUE|Personal Care Products - Consumer Staples|9|22.64|22.64
2024-10-28|CSX|Rail Transportation - Industrials|1|33.84|33.26
2024-10-28|YUM|Restaurants - Consumer Discretionary|7|134.5|134.86
2024-10-28|ZTS|Pharmaceuticals - Health Care|2|180.59|182.76
2024-10-28|XEL|Multi-Utilities - Utilities|1|59.75|64.48
2024-10-28|ZTS|Pharmaceuticals - Health Care|4|185.29|182.76
2024-10-28|HST|Hotel & Resort REITs - Real Estate|2|17.34|17.71
2024-10-28|PFE|Pharmaceuticals - Health Care|1|29.74|28.86
2024-10-28|XEL|Multi-Utilities - Utilities|1|63.84|64.48
2024-10-28|AMZN|Broadline Retail - Consumer Discretionary|5|184.52|188.39
2024-10-28|WY|Timber REITs - Real Estate|1|31.41|31.95
2024-10-28|SJM|Packaged Foods & Meats - Consumer Staples|2|120.74|115.46
2024-10-28|DELL|Technology Hardware, Storage & Peripherals - Information Technology|1|117.77|120.66
2024-10-28|TRMB|Electronic Equipment & Instruments - Information Technology|1|60.2|61.35
2024-10-28|INTC|Semiconductors - Information Technology|54|21.84|22.92
2024-10-28|HPE|Technology Hardware, Storage & Peripherals - Information Technology|9|19.85|19.73
2024-10-28|CTRA|Oil & Gas Exploration & Production - Energy|1|23.06|23.76
2024-10-28|LUV|Passenger Airlines - Industrials|16|29.63|30.3
2024-10-28|WY|Timber REITs - Real Estate|1|32.93|31.95
2024-10-28|BAC|Diversified Banks - Financials|30|40.11|42.62
2024-10-28|ZBH|Health Care Equipment - Health Care|1|104.68|103.6
2024-10-28|WY|Timber REITs - Real Estate|1|32.88|31.95
2024-10-28|D|Multi-Utilities - Utilities|1|57.09|60.12
2024-10-28|WY|Timber REITs - Real Estate|1|32.85|31.95
2024-10-28|CFG|Regional Banks - Financials|1|41.21|42.74
2024-10-28|HBAN|Regional Banks - Financials|3|14.94|15.77
2024-10-28|WRB|Property & Casualty Insurance - Financials|1|58.1|58.41
2024-10-28|WY|Timber REITs - Real Estate|1|32.63|31.95
2024-10-28|WBD|Broadcasting - Communication Services|1|7.54|7.61
2024-10-28|WBD|Broadcasting - Communication Services|4|7.52|7.61
2024-10-28|BXP|Office REITs - Real Estate|13|84.39|87.39
2024-10-28|FITB|Regional Banks - Financials|25|44.65|44.05
2024-10-28|MCK|Health Care Distributors - Health Care|1|513.67|508.95
2024-10-28|WY|Timber REITs - Real Estate|1|33.05|31.95
2024-10-28|WBD|Broadcasting - Communication Services|1|7.6|7.61
2024-10-28|PCG|Multi-Utilities - Utilities|1|20.51|20.51
2024-10-28|MNST|Soft Drinks & Non-alcoholic Beverages - Consumer Staples|1|54.05|53.1
2024-10-28|VTRS|Pharmaceuticals - Health Care|3|11.76|11.76
2024-10-28|PM|Tobacco - Consumer Staples|1|131.41|130.5
2024-10-28|HST|Hotel & Resort REITs - Real Estate|1|17.59|17.71
2024-10-28|AVB|Multi-Family Residential REITs - Real Estate|5|229.54|228.8
2024-10-28|NEE|Multi-Utilities - Utilities|6|84.96|82.87
2024-10-28|DOC|Health Care REITs - Real Estate|2|23.12|22.59
2024-10-28|WBD|Broadcasting - Communication Services|2|7.33|7.61
2024-10-28|KVUE|Personal Care Products - Consumer Staples|9|22.64|22.88
2024-10-28|TPR|Apparel, Accessories & Luxury Goods - Consumer Discretionary|1|50.47|50.47
2024-10-28|MOS|Fertilizers & Agricultural Chemicals - Materials|1|27.25|27.25
2024-10-28|WBD|Broadcasting - Communication Services|2|7.61|7.61
2024-10-29|CSX|Rail Transportation - Industrials|1|33.84|33.25
2024-10-29|YUM|Restaurants - Consumer Discretionary|7|134.5|133.97
2024-10-29|ZTS|Pharmaceuticals - Health Care|2|180.59|181.27
2024-10-29|XEL|Multi-Utilities - Utilities|1|59.75|63.34
2024-10-29|ZTS|Pharmaceuticals - Health Care|4|185.29|181.27
2024-10-29|HST|Hotel & Resort REITs - Real Estate|2|17.34|17.62
2024-10-29|PFE|Pharmaceuticals - Health Care|1|29.74|28.46
2024-10-29|XEL|Multi-Utilities - Utilities|1|63.84|63.34
2024-10-29|AMZN|Broadline Retail - Consumer Discretionary|5|184.52|190.83
2024-10-29|WY|Timber REITs - Real Estate|1|31.41|30.88
2024-10-29|DELL|Technology Hardware, Storage & Peripherals - Information Technology|1|117.77|121.63
2024-10-29|TRMB|Electronic Equipment & Instruments - Information Technology|1|60.2|61.66
2024-10-29|INTC|Semiconductors - Information Technology|54|21.84|22.9
2024-10-29|HPE|Technology Hardware, Storage & Peripherals - Information Technology|9|19.85|19.87
2024-10-29|CTRA|Oil & Gas Exploration & Production - Energy|1|23.06|23.81
2024-10-29|LUV|Passenger Airlines - Industrials|16|29.63|31.03
2024-10-29|BAC|Diversified Banks - Financials|30|40.11|42.53
2024-10-29|ZBH|Health Care Equipment - Health Care|1|104.68|103.88
2024-10-29|D|Multi-Utilities - Utilities|1|57.09|58.62
2024-10-29|CFG|Regional Banks - Financials|1|41.21|42.24
2024-10-29|HBAN|Regional Banks - Financials|3|14.94|15.62
2024-10-29|WRB|Property & Casualty Insurance - Financials|1|58.1|57.62
2024-10-29|WBD|Broadcasting - Communication Services|1|7.54|7.55
2024-10-29|WBD|Broadcasting - Communication Services|4|7.52|7.55
2024-10-29|BXP|Office REITs - Real Estate|13|84.39|86.19
2024-10-29|FITB|Regional Banks - Financials|25|44.65|44.01
2024-10-29|MCK|Health Care Distributors - Health Care|1|513.67|499.18
2024-10-29|WBD|Broadcasting - Communication Services|1|7.6|7.55
2024-10-29|PCG|Multi-Utilities - Utilities|1|20.51|20.12
2024-10-29|MNST|Soft Drinks & Non-alcoholic Beverages - Consumer Staples|1|54.05|52.48
2024-10-29|VTRS|Pharmaceuticals - Health Care|3|11.76|11.74
2024-10-29|PM|Tobacco - Consumer Staples|1|131.41|131.57
2024-10-29|HST|Hotel & Resort REITs - Real Estate|1|17.59|17.62
2024-10-29|AVB|Multi-Family Residential REITs - Real Estate|5|229.54|227.62
2024-10-29|DOC|Health Care REITs - Real Estate|2|23.12|22.52
2024-10-29|WBD|Broadcasting - Communication Services|2|7.33|7.55
2024-10-29|KVUE|Personal Care Products - Consumer Staples|9|22.64|22.78
2024-10-29|TPR|Apparel, Accessories & Luxury Goods - Consumer Discretionary|1|50.47|49.03
2024-10-29|MOS|Fertilizers & Agricultural Chemicals - Materials|1|27.25|26.69
2024-10-29|WBD|Broadcasting - Communication Services|2|7.61|7.55
2024-10-29|TSLA|Automobile Manufacturers - Consumer Discretionary|3|259.52|259.52
2024-10-29|INCY|Biotechnology - Health Care|1|73.6|73.6
2024-10-29|WBD|Broadcasting - Communication Services|1|7.55|7.55
2024-10-31|CSX|Rail Transportation - Industrials|1|33.84|33.64
2024-10-31|YUM|Restaurants - Consumer Discretionary|7|134.5|131.16
2024-10-31|ZTS|Pharmaceuticals - Health Care|2|180.59|178.78
2024-10-31|ZTS|Pharmaceuticals - Health Care|4|185.29|178.78
2024-10-31|HST|Hotel & Resort REITs - Real Estate|2|17.34|17.24
2024-10-31|PFE|Pharmaceuticals - Health Care|1|29.74|28.3
2024-10-31|XEL|Multi-Utilities - Utilities|1|63.84|66.81
2024-10-31|AMZN|Broadline Retail - Consumer Discretionary|5|184.52|186.4
2024-10-31|WY|Timber REITs - Real Estate|1|31.41|31.16
2024-10-31|DELL|Technology Hardware, Storage & Peripherals - Information Technology|1|117.77|123.63
2024-10-31|TRMB|Electronic Equipment & Instruments - Information Technology|1|60.2|60.5
2024-10-31|INTC|Semiconductors - Information Technology|54|21.84|21.52
2024-10-31|HPE|Technology Hardware, Storage & Peripherals - Information Technology|9|19.85|19.49
2024-10-31|CTRA|Oil & Gas Exploration & Production - Energy|1|23.06|23.92
2024-10-31|LUV|Passenger Airlines - Industrials|16|29.63|30.58
2024-10-31|BAC|Diversified Banks - Financials|30|40.11|41.82
2024-10-31|ZBH|Health Care Equipment - Health Care|1|104.68|106.92
2024-10-31|D|Multi-Utilities - Utilities|1|57.09|59.53
2024-10-31|CFG|Regional Banks - Financials|1|41.21|42.12
2024-10-31|HBAN|Regional Banks - Financials|3|14.94|15.59
2024-10-31|WRB|Property & Casualty Insurance - Financials|1|58.1|57.17
2024-10-31|WBD|Broadcasting - Communication Services|1|7.54|8.13
2024-10-31|WBD|Broadcasting - Communication Services|4|7.52|8.13
2024-10-31|BXP|Office REITs - Real Estate|13|84.39|80.56
2024-10-31|FITB|Regional Banks - Financials|25|44.65|43.68
2024-10-31|MCK|Health Care Distributors - Health Care|1|513.67|500.59
2024-10-31|WBD|Broadcasting - Communication Services|1|7.6|8.13
2024-10-31|PCG|Multi-Utilities - Utilities|1|20.51|20.22
2024-10-31|MNST|Soft Drinks & Non-alcoholic Beverages - Consumer Staples|1|54.05|52.68
2024-10-31|VTRS|Pharmaceuticals - Health Care|3|11.76|11.6
2024-10-31|PM|Tobacco - Consumer Staples|1|131.41|132.7
2024-10-31|HST|Hotel & Resort REITs - Real Estate|1|17.59|17.24
2024-10-31|AVB|Multi-Family Residential REITs - Real Estate|5|229.54|221.61
2024-10-31|DOC|Health Care REITs - Real Estate|2|23.12|22.45
2024-10-31|KVUE|Personal Care Products - Consumer Staples|9|22.64|22.93
2024-10-31|MOS|Fertilizers & Agricultural Chemicals - Materials|1|27.25|26.76
2024-10-31|WBD|Broadcasting - Communication Services|2|7.61|8.13
2024-10-31|TSLA|Automobile Manufacturers - Consumer Discretionary|3|259.52|249.85
2024-10-31|INCY|Biotechnology - Health Care|1|73.6|74.12
2024-10-31|WBD|Broadcasting - Communication Services|1|7.55|8.13
2024-10-31|SW|Paper & Plastic Packaging Products & Materials - Materials|2|51.5|51.5
2024-10-31|WBD|Broadcasting - Communication Services|3|8.13|8.13
2024-11-01|CSX|Rail Transportation - Industrials|1|33.84|33.39
2024-11-01|YUM|Restaurants - Consumer Discretionary|7|134.5|132.34
2024-11-01|ZTS|Pharmaceuticals - Health Care|2|180.59|181.95
2024-11-01|ZTS|Pharmaceuticals - Health Care|4|185.29|181.95
2024-11-01|HST|Hotel & Resort REITs - Real Estate|2|17.34|17.33
2024-11-01|XEL|Multi-Utilities - Utilities|1|63.84|66.69
2024-11-01|AMZN|Broadline Retail - Consumer Discretionary|5|184.52|197.93
2024-11-01|WY|Timber REITs - Real Estate|1|31.41|31.18
2024-11-01|TRMB|Electronic Equipment & Instruments - Information Technology|1|60.2|61.21
2024-11-01|INTC|Semiconductors - Information Technology|54|21.84|23.2
2024-11-01|HPE|Technology Hardware, Storage & Peripherals - Information Technology|9|19.85|20.06
2024-11-01|CTRA|Oil & Gas Exploration & Production - Energy|1|23.06|22.71
2024-11-01|LUV|Passenger Airlines - Industrials|16|29.63|30.61
2024-11-01|BAC|Diversified Banks - Financials|30|40.11|41.76
2024-11-01|ZBH|Health Care Equipment - Health Care|1|104.68|107.27
2024-11-01|D|Multi-Utilities - Utilities|1|57.09|58.99
2024-11-01|CFG|Regional Banks - Financials|1|41.21|41.82
2024-11-01|HBAN|Regional Banks - Financials|3|14.94|15.48
2024-11-01|WRB|Property & Casualty Insurance - Financials|1|58.1|57.5
2024-11-01|WBD|Broadcasting - Communication Services|1|7.54|8.23
2024-11-01|WBD|Broadcasting - Communication Services|4|7.52|8.23
2024-11-01|FITB|Regional Banks - Financials|25|44.65|43.14
2024-11-01|MCK|Health Care Distributors - Health Care|1|513.67|526.34
2024-11-01|WBD|Broadcasting - Communication Services|1|7.6|8.23
2024-11-01|PCG|Multi-Utilities - Utilities|1|20.51|20.04
2024-11-01|MNST|Soft Drinks & Non-alcoholic Beverages - Consumer Staples|1|54.05|52.3
2024-11-01|VTRS|Pharmaceuticals - Health Care|3|11.76|11.62
2024-11-01|PM|Tobacco - Consumer Staples|1|131.41|130.65
2024-11-01|HST|Hotel & Resort REITs - Real Estate|1|17.59|17.33
2024-11-01|DOC|Health Care REITs - Real Estate|2|23.12|21.98
2024-11-01|KVUE|Personal Care Products - Consumer Staples|9|22.64|22.73
2024-11-01|MOS|Fertilizers & Agricultural Chemicals - Materials|1|27.25|26.89
2024-11-01|WBD|Broadcasting - Communication Services|2|7.61|8.23
2024-11-01|TSLA|Automobile Manufacturers - Consumer Discretionary|3|259.52|248.98
2024-11-01|INCY|Biotechnology - Health Care|1|73.6|76.13
2024-11-01|WBD|Broadcasting - Communication Services|1|7.55|8.23
2024-11-01|SW|Paper & Plastic Packaging Products & Materials - Materials|2|51.5|51.46
2024-11-01|WBD|Broadcasting - Communication Services|3|8.13|8.23
2024-11-01|ABBV|Biotechnology - Health Care|5|203.55|203.55
2024-11-01|BMY|Pharmaceuticals - Health Care|1|54.32|54.32
2024-11-01|WBD|Broadcasting - Communication Services|135|8.23|8.23
2024-11-01|BKR|Oil & Gas Equipment & Services - Energy|2|37.85|37.85
2024-11-01|VTRS|Pharmaceuticals - Health Care|1|11.62|11.62
2024-11-04|CSX|Rail Transportation - Industrials|1|33.84|33.36
2024-11-04|YUM|Restaurants - Consumer Discretionary|7|134.5|132.76
2024-11-04|ZTS|Pharmaceuticals - Health Care|2|180.59|175.18
2024-11-04|HST|Hotel & Resort REITs - Real Estate|2|17.34|17.39
2024-11-04|XEL|Multi-Utilities - Utilities|1|63.84|65.82
2024-11-04|AMZN|Broadline Retail - Consumer Discretionary|5|184.52|195.78
2024-11-04|WY|Timber REITs - Real Estate|1|31.41|31.71
2024-11-04|TRMB|Electronic Equipment & Instruments - Information Technology|1|60.2|61.31
2024-11-04|INTC|Semiconductors - Information Technology|54|21.84|22.52
2024-11-04|HPE|Technology Hardware, Storage & Peripherals - Information Technology|9|19.85|20.01
2024-11-04|CTRA|Oil & Gas Exploration & Production - Energy|1|23.06|23.07
2024-11-04|LUV|Passenger Airlines - Industrials|16|29.63|29.91
2024-11-04|BAC|Diversified Banks - Financials|30|40.11|41.33
2024-11-04|ZBH|Health Care Equipment - Health Care|1|104.68|108.41
2024-11-04|D|Multi-Utilities - Utilities|1|57.09|57.62
2024-11-04|CFG|Regional Banks - Financials|1|41.21|41.59
2024-11-04|HBAN|Regional Banks - Financials|3|14.94|15.4
2024-11-04|WRB|Property & Casualty Insurance - Financials|1|58.1|57.53
2024-11-04|WBD|Broadcasting - Communication Services|1|7.54|8.17
2024-11-04|WBD|Broadcasting - Communication Services|4|7.52|8.17
2024-11-04|FITB|Regional Banks - Financials|25|44.65|42.83
2024-11-04|MCK|Health Care Distributors - Health Care|1|513.67|525.94
2024-11-04|WBD|Broadcasting - Communication Services|1|7.6|8.17
2024-11-04|PCG|Multi-Utilities - Utilities|1|20.51|19.95
2024-11-04|MNST|Soft Drinks & Non-alcoholic Beverages - Consumer Staples|1|54.05|54.06
2024-11-04|VTRS|Pharmaceuticals - Health Care|3|11.76|11.45
2024-11-04|PM|Tobacco - Consumer Staples|1|131.41|130.33
2024-11-04|HST|Hotel & Resort REITs - Real Estate|1|17.59|17.39
2024-11-04|DOC|Health Care REITs - Real Estate|2|23.12|21.99
2024-11-04|KVUE|Personal Care Products - Consumer Staples|9|22.64|23.04
2024-11-04|MOS|Fertilizers & Agricultural Chemicals - Materials|1|27.25|28.33
2024-11-04|WBD|Broadcasting - Communication Services|2|7.61|8.17
2024-11-04|INCY|Biotechnology - Health Care|1|73.6|75.75
2024-11-04|WBD|Broadcasting - Communication Services|1|7.55|8.17
2024-11-04|SW|Paper & Plastic Packaging Products & Materials - Materials|2|51.5|51.75
2024-11-04|WBD|Broadcasting - Communication Services|3|8.13|8.17
2024-11-04|ABBV|Biotechnology - Health Care|5|203.55|200.47
2024-11-04|BMY|Pharmaceuticals - Health Care|1|54.32|55.45
2024-11-04|WBD|Broadcasting - Communication Services|135|8.23|8.17
2024-11-04|BKR|Oil & Gas Equipment & Services - Energy|2|37.85|38.17
2024-11-04|VTRS|Pharmaceuticals - Health Care|1|11.62|11.45
2024-11-04|MOH|Managed Health Care - Health Care|3|330.66|330.66
2024-11-04|CDNS|Application Software - Information Technology|1|289.34|289.34
2024-11-04|KMX|Automotive Retail - Consumer Discretionary|2|73.06|73.06
2024-11-06|CSX|Rail Transportation - Industrials|1|33.84|36.88
2024-11-06|YUM|Restaurants - Consumer Discretionary|7|134.5|134.37
2024-11-06|HST|Hotel & Resort REITs - Real Estate|2|17.34|17.99
2024-11-06|XEL|Multi-Utilities - Utilities|1|63.84|66.49
2024-11-06|WY|Timber REITs - Real Estate|1|31.41|31.42
2024-11-06|HPE|Technology Hardware, Storage & Peripherals - Information Technology|9|19.85|21.33
2024-11-06|CTRA|Oil & Gas Exploration & Production - Energy|1|23.06|24.55
2024-11-06|LUV|Passenger Airlines - Industrials|16|29.63|31.39
2024-11-06|ZBH|Health Care Equipment - Health Care|1|104.68|110.17
2024-11-06|D|Multi-Utilities - Utilities|1|57.09|57.07
2024-11-06|WRB|Property & Casualty Insurance - Financials|1|58.1|60.67
2024-11-06|FITB|Regional Banks - Financials|25|44.65|46.87
2024-11-06|MCK|Health Care Distributors - Health Care|1|513.67|549.31
2024-11-06|PCG|Multi-Utilities - Utilities|1|20.51|20.25
2024-11-06|MNST|Soft Drinks & Non-alcoholic Beverages - Consumer Staples|1|54.05|54.44
2024-11-06|VTRS|Pharmaceuticals - Health Care|3|11.76|11.61
2024-11-06|PM|Tobacco - Consumer Staples|1|131.41|125.31
2024-11-06|HST|Hotel & Resort REITs - Real Estate|1|17.59|17.99
2024-11-06|DOC|Health Care REITs - Real Estate|2|23.12|22.33
2024-11-06|KVUE|Personal Care Products - Consumer Staples|9|22.64|22.5
2024-11-06|MOS|Fertilizers & Agricultural Chemicals - Materials|1|27.25|27.59
2024-11-06|INCY|Biotechnology - Health Care|1|73.6|80.95
2024-11-06|SW|Paper & Plastic Packaging Products & Materials - Materials|2|51.5|53.21
2024-11-06|WBD|Broadcasting - Communication Services|3|8.13|8.38
2024-11-06|ABBV|Biotechnology - Health Care|5|203.55|201.2
2024-11-06|BMY|Pharmaceuticals - Health Care|1|54.32|55.28
2024-11-06|WBD|Broadcasting - Communication Services|135|8.23|8.38
2024-11-06|VTRS|Pharmaceuticals - Health Care|1|11.62|11.61
2024-11-06|MOH|Managed Health Care - Health Care|3|330.66|326.2
2024-11-06|CDNS|Application Software - Information Technology|1|289.34|296.75
2024-11-06|KMX|Automotive Retail - Consumer Discretionary|2|73.06|76.93
2024-11-06|TRMB|Electronic Equipment & Instruments - Information Technology|17|72.64|72.64
2024-11-06|SNPS|Application Software - Information Technology|1|553.15|553.15
2024-11-06|EMR|Electrical Components & Equipment - Industrials|9|126.86|126.86
2024-11-06|WAT|Life Sciences Tools & Services - Health Care|3|386.69|386.69
2024-11-06|C|Diversified Banks - Financials|4|69.03|69.03
2024-11-06|INTC|Semiconductors - Information Technology|2|25.05|25.05
2024-11-06|WBD|Broadcasting - Communication Services|1|8.38|8.38
2024-11-07|CSX|Rail Transportation - Industrials|1|33.84|35.56
2024-11-07|YUM|Restaurants - Consumer Discretionary|7|134.5|137.06
2024-11-07|HST|Hotel & Resort REITs - Real Estate|2|17.34|18.0
2024-11-07|XEL|Multi-Utilities - Utilities|1|63.84|66.2
2024-11-07|WY|Timber REITs - Real Estate|1|31.41|31.74
2024-11-07|HPE|Technology Hardware, Storage & Peripherals - Information Technology|9|19.85|21.44
2024-11-07|CTRA|Oil & Gas Exploration & Production - Energy|1|23.06|24.41
2024-11-07|LUV|Passenger Airlines - Industrials|16|29.63|31.26
2024-11-07|ZBH|Health Care Equipment - Health Care|1|104.68|108.69
2024-11-07|D|Multi-Utilities - Utilities|1|57.09|56.63
2024-11-07|WRB|Property & Casualty Insurance - Financials|1|58.1|59.62
2024-11-07|FITB|Regional Banks - Financials|25|44.65|45.93
2024-11-07|PCG|Multi-Utilities - Utilities|1|20.51|20.36
2024-11-07|MNST|Soft Drinks & Non-alcoholic Beverages - Consumer Staples|1|54.05|54.73
2024-11-07|HST|Hotel & Resort REITs - Real Estate|1|17.59|18.0
2024-11-07|DOC|Health Care REITs - Real Estate|2|23.12|22.56
2024-11-07|KVUE|Personal Care Products - Consumer Staples|9|22.64|22.97
2024-11-07|MOS|Fertilizers & Agricultural Chemicals - Materials|1|27.25|28.34
2024-11-07|SW|Paper & Plastic Packaging Products & Materials - Materials|2|51.5|53.45
2024-11-07|ABBV|Biotechnology - Health Care|5|203.55|200.51
2024-11-07|BMY|Pharmaceuticals - Health Care|1|54.32|54.71
2024-11-07|MOH|Managed Health Care - Health Care|3|330.66|337.69
2024-11-07|CDNS|Application Software - Information Technology|1|289.34|301.72
2024-11-07|KMX|Automotive Retail - Consumer Discretionary|2|73.06|76.44
2024-11-07|TRMB|Electronic Equipment & Instruments - Information Technology|17|72.64|72.14
2024-11-07|SNPS|Application Software - Information Technology|1|553.15|573.59
2024-11-07|EMR|Electrical Components & Equipment - Industrials|9|126.86|127.19
2024-11-07|WAT|Life Sciences Tools & Services - Health Care|3|386.69|386.12
2024-11-07|C|Diversified Banks - Financials|4|69.03|68.11
2024-11-07|INTC|Semiconductors - Information Technology|2|25.05|26.23
2024-11-07|COP|Oil & Gas Exploration & Production - Energy|11|112.4|112.4
2024-11-07|ALB|Specialty Chemicals - Materials|9|99.93|99.93
2024-11-07|WY|Timber REITs - Real Estate|1|31.74|31.74
2024-11-07|WBD|Broadcasting - Communication Services|1|9.37|9.37
2024-11-08|CSX|Rail Transportation - Industrials|1|33.84|36.0
2024-11-08|YUM|Restaurants - Consumer Discretionary|7|134.5|137.21
2024-11-08|HST|Hotel & Resort REITs - Real Estate|2|17.34|18.01
2024-11-08|XEL|Multi-Utilities - Utilities|1|63.84|67.37
2024-11-08|WY|Timber REITs - Real Estate|1|31.41|31.89
2024-11-08|CTRA|Oil & Gas Exploration & Production - Energy|1|23.06|24.58
2024-11-08|LUV|Passenger Airlines - Industrials|16|29.63|31.78
2024-11-08|ZBH|Health Care Equipment - Health Care|1|104.68|108.18
2024-11-08|D|Multi-Utilities - Utilities|1|57.09|57.79
2024-11-08|WRB|Property & Casualty Insurance - Financials|1|58.1|60.55
2024-11-08|FITB|Regional Banks - Financials|25|44.65|46.26
2024-11-08|PCG|Multi-Utilities - Utilities|1|20.51|20.6
2024-11-08|MNST|Soft Drinks & Non-alcoholic Beverages - Consumer Staples|1|54.05|54.14
2024-11-08|HST|Hotel & Resort REITs - Real Estate|1|17.59|18.01
2024-11-08|DOC|Health Care REITs - Real Estate|2|23.12|22.76
2024-11-08|KVUE|Personal Care Products - Consumer Staples|9|22.64|23.68
2024-11-08|MOS|Fertilizers & Agricultural Chemicals - Materials|1|27.25|27.73
2024-11-08|SW|Paper & Plastic Packaging Products & Materials - Materials|2|51.5|52.39
2024-11-08|ABBV|Biotechnology - Health Care|5|203.55|199.5
2024-11-08|BMY|Pharmaceuticals - Health Care|1|54.32|54.14
2024-11-08|MOH|Managed Health Care - Health Care|3|330.66|329.65
2024-11-08|CDNS|Application Software - Information Technology|1|289.34|301.25
2024-11-08|KMX|Automotive Retail - Consumer Discretionary|2|73.06|75.54
2024-11-08|TRMB|Electronic Equipment & Instruments - Information Technology|17|72.64|72.65
2024-11-08|SNPS|Application Software - Information Technology|1|553.15|561.55
2024-11-08|EMR|Electrical Components & Equipment - Industrials|9|126.86|127.26
2024-11-08|WAT|Life Sciences Tools & Services - Health Care|3|386.69|384.51
2024-11-08|C|Diversified Banks - Financials|4|69.03|68.63
2024-11-08|INTC|Semiconductors - Information Technology|2|25.05|26.2
2024-11-08|COP|Oil & Gas Exploration & Production - Energy|11|112.4|111.59
2024-11-08|ALB|Specialty Chemicals - Materials|9|99.93|100.84
2024-11-08|WY|Timber REITs - Real Estate|1|31.74|31.89
2024-11-08|WBD|Broadcasting - Communication Services|1|9.37|9.18
2024-11-08|HPE|Technology Hardware, Storage & Peripherals - Information Technology|9|22.04|22.04
2024-11-11|CSX|Rail Transportation - Industrials|1|33.84|36.52
2024-11-11|YUM|Restaurants - Consumer Discretionary|7|134.5|136.62
2024-11-11|HST|Hotel & Resort REITs - Real Estate|2|17.34|18.06
2024-11-11|XEL|Multi-Utilities - Utilities|1|63.84|68.65
2024-11-11|WY|Timber REITs - Real Estate|1|31.41|31.35
2024-11-11|ZBH|Health Care Equipment - Health Care|1|104.68|109.46
2024-11-11|D|Multi-Utilities - Utilities|1|57.09|58.15
2024-11-11|WRB|Property & Casualty Insurance - Financials|1|58.1|60.42
2024-11-11|FITB|Regional Banks - Financials|25|44.65|47.2
2024-11-11|PCG|Multi-Utilities - Utilities|1|20.51|21.09
2024-11-11|MNST|Soft Drinks & Non-alcoholic Beverages - Consumer Staples|1|54.05|55.74
2024-11-11|HST|Hotel & Resort REITs - Real Estate|1|17.59|18.06
2024-11-11|DOC|Health Care REITs - Real Estate|2|23.12|22.35
2024-11-11|KVUE|Personal Care Products - Consumer Staples|9|22.64|23.78
2024-11-11|MOS|Fertilizers & Agricultural Chemicals - Materials|1|27.25|28.03
2024-11-11|SW|Paper & Plastic Packaging Products & Materials - Materials|2|51.5|52.31
2024-11-11|MOH|Managed Health Care - Health Care|3|330.66|328.59
2024-11-11|CDNS|Application Software - Information Technology|1|289.34|300.9
2024-11-11|KMX|Automotive Retail - Consumer Discretionary|2|73.06|76.78
2024-11-11|TRMB|Electronic Equipment & Instruments - Information Technology|17|72.64|73.36
2024-11-11|SNPS|Application Software - Information Technology|1|553.15|556.26
2024-11-11|EMR|Electrical Components & Equipment - Industrials|9|126.86|129.2
2024-11-11|WAT|Life Sciences Tools & Services - Health Care|3|386.69|380.74
2024-11-11|C|Diversified Banks - Financials|4|69.03|69.8
2024-11-11|INTC|Semiconductors - Information Technology|2|25.05|25.05
2024-11-11|COP|Oil & Gas Exploration & Production - Energy|11|112.4|112.05
2024-11-11|WY|Timber REITs - Real Estate|1|31.74|31.35
2024-11-11|WBD|Broadcasting - Communication Services|1|9.37|9.33
2024-11-11|HPE|Technology Hardware, Storage & Peripherals - Information Technology|9|22.04|22.02
2024-11-11|FTNT|Systems Software - Information Technology|13|97.18|97.18
2024-11-11|NUE|Steel - Materials|7|159.06|159.06
2024-11-11|HAL|Oil & Gas Equipment & Services - Energy|3|30.13|30.13
2024-11-12|CSX|Rail Transportation - Industrials|1|33.84|36.13
2024-11-12|YUM|Restaurants - Consumer Discretionary|7|134.5|134.61
2024-11-12|HST|Hotel & Resort REITs - Real Estate|2|17.34|17.99
2024-11-12|XEL|Multi-Utilities - Utilities|1|63.84|68.61
2024-11-12|WY|Timber REITs - Real Estate|1|31.41|30.68
2024-11-12|ZBH|Health Care Equipment - Health Care|1|104.68|109.94
2024-11-12|D|Multi-Utilities - Utilities|1|57.09|57.03
2024-11-12|WRB|Property & Casualty Insurance - Financials|1|58.1|60.4
2024-11-12|FITB|Regional Banks - Financials|25|44.65|47.17
2024-11-12|PCG|Multi-Utilities - Utilities|1|20.51|21.19
2024-11-12|MNST|Soft Drinks & Non-alcoholic Beverages - Consumer Staples|1|54.05|56.02
2024-11-12|HST|Hotel & Resort REITs - Real Estate|1|17.59|17.99
2024-11-12|KVUE|Personal Care Products - Consumer Staples|9|22.64|23.65
2024-11-12|SW|Paper & Plastic Packaging Products & Materials - Materials|2|51.5|50.66
2024-11-12|MOH|Managed Health Care - Health Care|3|330.66|318.91
2024-11-12|CDNS|Application Software - Information Technology|1|289.34|297.77
2024-11-12|KMX|Automotive Retail - Consumer Discretionary|2|73.06|76.69
2024-11-12|TRMB|Electronic Equipment & Instruments - Information Technology|17|72.64|72.81
2024-11-12|SNPS|Application Software - Information Technology|1|553.15|553.47
2024-11-12|EMR|Electrical Components & Equipment - Industrials|9|126.86|128.4
2024-11-12|WAT|Life Sciences Tools & Services - Health Care|3|386.69|385.79
2024-11-12|C|Diversified Banks - Financials|4|69.03|69.02
2024-11-12|INTC|Semiconductors - Information Technology|2|25.05|24.16
2024-11-12|COP|Oil & Gas Exploration & Production - Energy|11|112.4|110.64
2024-11-12|WY|Timber REITs - Real Estate|1|31.74|30.68
2024-11-12|WBD|Broadcasting - Communication Services|1|9.37|9.22
2024-11-12|HPE|Technology Hardware, Storage & Peripherals - Information Technology|9|22.04|21.73
2024-11-12|FTNT|Systems Software - Information Technology|13|97.18|99.15
2024-11-12|NUE|Steel - Materials|7|159.06|153.89
2024-11-12|HAL|Oil & Gas Equipment & Services - Energy|3|30.13|30.19
2024-11-12|ROL|Environmental & Facilities Services - Industrials|1|51.08|51.08
2024-11-12|PCG|Multi-Utilities - Utilities|1|21.19|21.19
2024-11-13|CSX|Rail Transportation - Industrials|1|33.84|36.48
2024-11-13|YUM|Restaurants - Consumer Discretionary|7|134.5|135.26
2024-11-13|HST|Hotel & Resort REITs - Real Estate|2|17.34|18.0
2024-11-13|XEL|Multi-Utilities - Utilities|1|63.84|68.65
2024-11-13|WY|Timber REITs - Real Estate|1|31.41|30.89
2024-11-13|ZBH|Health Care Equipment - Health Care|1|104.68|109.97
2024-11-13|D|Multi-Utilities - Utilities|1|57.09|56.58
2024-11-13|WRB|Property & Casualty Insurance - Financials|1|58.1|60.24
2024-11-13|FITB|Regional Banks - Financials|25|44.65|47.2
2024-11-13|PCG|Multi-Utilities - Utilities|1|20.51|21.28
2024-11-13|MNST|Soft Drinks & Non-alcoholic Beverages - Consumer Staples|1|54.05|56.38
2024-11-13|HST|Hotel & Resort REITs - Real Estate|1|17.59|18.0
2024-11-13|KVUE|Personal Care Products - Consumer Staples|9|22.64|23.14
2024-11-13|SW|Paper & Plastic Packaging Products & Materials - Materials|2|51.5|50.99
2024-11-13|CDNS|Application Software - Information Technology|1|289.34|306.47
2024-11-13|KMX|Automotive Retail - Consumer Discretionary|2|73.06|77.86
2024-11-13|TRMB|Electronic Equipment & Instruments - Information Technology|17|72.64|72.61
2024-11-13|SNPS|Application Software - Information Technology|1|553.15|557.96
2024-11-13|EMR|Electrical Components & Equipment - Industrials|9|126.86|130.16
2024-11-13|WAT|Life Sciences Tools & Services - Health Care|3|386.69|385.62
2024-11-13|C|Diversified Banks - Financials|4|69.03|68.89
2024-11-13|INTC|Semiconductors - Information Technology|2|25.05|24.92
2024-11-13|COP|Oil & Gas Exploration & Production - Energy|11|112.4|111.82
2024-11-13|WY|Timber REITs - Real Estate|1|31.74|30.89
2024-11-13|WBD|Broadcasting - Communication Services|1|9.37|9.72
2024-11-13|HPE|Technology Hardware, Storage & Peripherals - Information Technology|9|22.04|21.85
2024-11-13|FTNT|Systems Software - Information Technology|13|97.18|97.88
2024-11-13|NUE|Steel - Materials|7|159.06|152.2
2024-11-13|HAL|Oil & Gas Equipment & Services - Energy|3|30.13|30.19
2024-11-13|ROL|Environmental & Facilities Services - Industrials|1|51.08|51.29
2024-11-13|PCG|Multi-Utilities - Utilities|1|21.19|21.28
2024-11-13|TT|Building Products - Industrials|2|415.0|415.0
2024-11-13|TSN|Packaged Foods & Meats - Consumer Staples|1|63.3|63.3
2024-11-13|BWA|Automotive Parts & Equipment - Consumer Discretionary|1|34.81|34.81
2024-11-14|CSX|Rail Transportation - Industrials|1|33.84|35.63
2024-11-14|YUM|Restaurants - Consumer Discretionary|7|134.5|136.74
2024-11-14|HST|Hotel & Resort REITs - Real Estate|2|17.34|17.46
2024-11-14|XEL|Multi-Utilities - Utilities|1|63.84|68.91
2024-11-14|WY|Timber REITs - Real Estate|1|31.41|30.86
2024-11-14|ZBH|Health Care Equipment - Health Care|1|104.68|108.85
2024-11-14|D|Multi-Utilities - Utilities|1|57.09|56.19
2024-11-14|WRB|Property & Casualty Insurance - Financials|1|58.1|59.65
2024-11-14|FITB|Regional Banks - Financials|25|44.65|47.26
2024-11-14|PCG|Multi-Utilities - Utilities|1|20.51|20.99
2024-11-14|MNST|Soft Drinks & Non-alcoholic Beverages - Consumer Staples|1|54.05|55.96
2024-11-14|HST|Hotel & Resort REITs - Real Estate|1|17.59|17.46
2024-11-14|KVUE|Personal Care Products - Consumer Staples|9|22.64|23.61
2024-11-14|SW|Paper & Plastic Packaging Products & Materials - Materials|2|51.5|50.35
2024-11-14|CDNS|Application Software - Information Technology|1|289.34|303.04
2024-11-14|KMX|Automotive Retail - Consumer Discretionary|2|73.06|78.21
2024-11-14|TRMB|Electronic Equipment & Instruments - Information Technology|17|72.64|70.74
2024-11-14|SNPS|Application Software - Information Technology|1|553.15|548.31
2024-11-14|EMR|Electrical Components & Equipment - Industrials|9|126.86|129.0
2024-11-14|WAT|Life Sciences Tools & Services - Health Care|3|386.69|376.72
2024-11-14|C|Diversified Banks - Financials|4|69.03|68.15
2024-11-14|INTC|Semiconductors - Information Technology|2|25.05|25.03
2024-11-14|COP|Oil & Gas Exploration & Production - Energy|11|112.4|112.92
2024-11-14|WY|Timber REITs - Real Estate|1|31.74|30.86
2024-11-14|WBD|Broadcasting - Communication Services|1|9.37|9.86
2024-11-14|HPE|Technology Hardware, Storage & Peripherals - Information Technology|9|22.04|21.34
2024-11-14|FTNT|Systems Software - Information Technology|13|97.18|94.46
2024-11-14|HAL|Oil & Gas Equipment & Services - Energy|3|30.13|30.11
2024-11-14|ROL|Environmental & Facilities Services - Industrials|1|51.08|50.11
2024-11-14|PCG|Multi-Utilities - Utilities|1|21.19|20.99
2024-11-14|TT|Building Products - Industrials|2|415.0|410.12
2024-11-14|TSN|Packaged Foods & Meats - Consumer Staples|1|63.3|64.01
2024-11-14|BWA|Automotive Parts & Equipment - Consumer Discretionary|1|34.81|34.43
2024-11-14|MPC|Oil & Gas Refining & Marketing - Energy|6|158.14|158.14
2024-11-14|F|Automobile Manufacturers - Consumer Discretionary|7|11.07|11.07
2024-11-15|CSX|Rail Transportation - Industrials|1|33.84|35.13
2024-11-15|YUM|Restaurants - Consumer Discretionary|7|134.5|133.59
2024-11-15|HST|Hotel & Resort REITs - Real Estate|2|17.34|17.26
2024-11-15|XEL|Multi-Utilities - Utilities|1|63.84|69.46
2024-11-15|WY|Timber REITs - Real Estate|1|31.41|30.93
2024-11-15|ZBH|Health Care Equipment - Health Care|1|104.68|112.54
2024-11-15|D|Multi-Utilities - Utilities|1|57.09|57.63
2024-11-15|WRB|Property & Casualty Insurance - Financials|1|58.1|60.74
2024-11-15|FITB|Regional Banks - Financials|25|44.65|46.99
2024-11-15|PCG|Multi-Utilities - Utilities|1|20.51|21.04
2024-11-15|MNST|Soft Drinks & Non-alcoholic Beverages - Consumer Staples|1|54.05|52.0
2024-11-15|HST|Hotel & Resort REITs - Real Estate|1|17.59|17.26
2024-11-15|KVUE|Personal Care Products - Consumer Staples|9|22.64|23.82
2024-11-15|SW|Paper & Plastic Packaging Products & Materials - Materials|2|51.5|51.66
2024-11-15|CDNS|Application Software - Information Technology|1|289.34|289.71
2024-11-15|KMX|Automotive Retail - Consumer Discretionary|2|73.06|78.03
2024-11-15|TRMB|Electronic Equipment & Instruments - Information Technology|17|72.64|70.62
2024-11-15|EMR|Electrical Components & Equipment - Industrials|9|126.86|126.78
2024-11-15|C|Diversified Banks - Financials|4|69.03|68.76
2024-11-15|INTC|Semiconductors - Information Technology|2|25.05|24.35
2024-11-15|COP|Oil & Gas Exploration & Production - Energy|11|112.4|112.32
2024-11-15|WY|Timber REITs - Real Estate|1|31.74|30.93
2024-11-15|WBD|Broadcasting - Communication Services|1|9.37|9.22
2024-11-15|HPE|Technology Hardware, Storage & Peripherals - Information Technology|9|22.04|21.07
2024-11-15|FTNT|Systems Software - Information Technology|13|97.18|94.2
2024-11-15|HAL|Oil & Gas Equipment & Services - Energy|3|30.13|29.69
2024-11-15|ROL|Environmental & Facilities Services - Industrials|1|51.08|49.91
2024-11-15|PCG|Multi-Utilities - Utilities|1|21.19|21.04
2024-11-15|TT|Building Products - Industrials|2|415.0|407.49
2024-11-15|TSN|Packaged Foods & Meats - Consumer Staples|1|63.3|64.32
2024-11-15|BWA|Automotive Parts & Equipment - Consumer Discretionary|1|34.81|34.5
2024-11-15|MPC|Oil & Gas Refining & Marketing - Energy|6|158.14|157.52
2024-11-15|F|Automobile Manufacturers - Consumer Discretionary|7|11.07|11.01
2024-11-15|GPC|Distributors - Consumer Discretionary|10|122.62|122.62
2024-11-15|GE|Aerospace & Defense - Industrials|2|176.93|176.93
2024-11-15|WBD|Broadcasting - Communication Services|2|9.22|9.22
2024-11-18|CSX|Rail Transportation - Industrials|1|33.84|34.97
2024-11-18|YUM|Restaurants - Consumer Discretionary|7|134.5|134.01
2024-11-18|HST|Hotel & Resort REITs - Real Estate|2|17.34|17.41
2024-11-18|XEL|Multi-Utilities - Utilities|1|63.84|69.94
2024-11-18|WY|Timber REITs - Real Estate|1|31.41|31.02
2024-11-18|ZBH|Health Care Equipment - Health Care|1|104.68|113.02
2024-11-18|D|Multi-Utilities - Utilities|1|57.09|57.71
2024-11-18|WRB|Property & Casualty Insurance - Financials|1|58.1|60.83
2024-11-18|FITB|Regional Banks - Financials|25|44.65|46.82
2024-11-18|PCG|Multi-Utilities - Utilities|1|20.51|21.04
2024-11-18|MNST|Soft Drinks & Non-alcoholic Beverages - Consumer Staples|1|54.05|53.27
2024-11-18|HST|Hotel & Resort REITs - Real Estate|1|17.59|17.41
2024-11-18|KVUE|Personal Care Products - Consumer Staples|9|22.64|23.72
2024-11-18|SW|Paper & Plastic Packaging Products & Materials - Materials|2|51.5|53.44
2024-11-18|CDNS|Application Software - Information Technology|1|289.34|294.33
2024-11-18|KMX|Automotive Retail - Consumer Discretionary|2|73.06|77.1
2024-11-18|TRMB|Electronic Equipment & Instruments - Information Technology|17|72.64|69.88
2024-11-18|EMR|Electrical Components & Equipment - Industrials|9|126.86|129.16
2024-11-18|C|Diversified Banks - Financials|4|69.03|69.0
2024-11-18|INTC|Semiconductors - Information Technology|2|25.05|24.84
2024-11-18|COP|Oil & Gas Exploration & Production - Energy|11|112.4|113.76
2024-11-18|WY|Timber REITs - Real Estate|1|31.74|31.02
2024-11-18|WBD|Broadcasting - Communication Services|1|9.37|9.47
2024-11-18|HPE|Technology Hardware, Storage & Peripherals - Information Technology|9|22.04|21.38
2024-11-18|HAL|Oil & Gas Equipment & Services - Energy|3|30.13|30.45
2024-11-18|ROL|Environmental & Facilities Services - Industrials|1|51.08|50.05
2024-11-18|PCG|Multi-Utilities - Utilities|1|21.19|21.04
2024-11-18|TT|Building Products - Industrials|2|415.0|409.27
2024-11-18|TSN|Packaged Foods & Meats - Consumer Staples|1|63.3|64.54
2024-11-18|BWA|Automotive Parts & Equipment - Consumer Discretionary|1|34.81|34.38
2024-11-18|MPC|Oil & Gas Refining & Marketing - Energy|6|158.14|159.92
2024-11-18|F|Automobile Manufacturers - Consumer Discretionary|7|11.07|11.21
2024-11-18|GPC|Distributors - Consumer Discretionary|10|122.62|124.19
2024-11-18|GE|Aerospace & Defense - Industrials|2|176.93|177.52
2024-11-18|WBD|Broadcasting - Communication Services|2|9.22|9.47
2024-11-18|PFG|Life & Health Insurance - Financials|13|86.07|86.07
2024-11-18|CARR|Building Products - Industrials|1|74.05|74.05
2024-11-21|CSX|Rail Transportation - Industrials|1|33.84|35.34
2024-11-21|YUM|Restaurants - Consumer Discretionary|7|134.5|134.22
2024-11-21|HST|Hotel & Resort REITs - Real Estate|2|17.34|17.89
2024-11-21|WY|Timber REITs - Real Estate|1|31.41|30.6
2024-11-21|ZBH|Health Care Equipment - Health Care|1|104.68|108.4
2024-11-21|D|Multi-Utilities - Utilities|1|57.09|58.37
2024-11-21|WRB|Property & Casualty Insurance - Financials|1|58.1|62.14
2024-11-21|FITB|Regional Banks - Financials|25|44.65|47.12
2024-11-21|PCG|Multi-Utilities - Utilities|1|20.51|21.23
2024-11-21|MNST|Soft Drinks & Non-alcoholic Beverages - Consumer Staples|1|54.05|53.98
2024-11-21|HST|Hotel & Resort REITs - Real Estate|1|17.59|17.89
2024-11-21|KVUE|Personal Care Products - Consumer Staples|9|22.64|24.09
2024-11-21|SW|Paper & Plastic Packaging Products & Materials - Materials|2|51.5|56.37
2024-11-21|CDNS|Application Software - Information Technology|1|289.34|306.51
2024-11-21|TRMB|Electronic Equipment & Instruments - Information Technology|17|72.64|71.43
2024-11-21|EMR|Electrical Components & Equipment - Industrials|9|126.86|128.27
2024-11-21|C|Diversified Banks - Financials|4|69.03|68.95
2024-11-21|INTC|Semiconductors - Information Technology|2|25.05|24.44
2024-11-21|COP|Oil & Gas Exploration & Production - Energy|11|112.4|111.9
2024-11-21|WY|Timber REITs - Real Estate|1|31.74|30.6
2024-11-21|WBD|Broadcasting - Communication Services|1|9.37|10.23
2024-11-21|HPE|Technology Hardware, Storage & Peripherals - Information Technology|9|22.04|21.74
2024-11-21|HAL|Oil & Gas Equipment & Services - Energy|3|30.13|31.87
2024-11-21|ROL|Environmental & Facilities Services - Industrials|1|51.08|49.63
2024-11-21|PCG|Multi-Utilities - Utilities|1|21.19|21.23
2024-11-21|TT|Building Products - Industrials|2|415.0|415.39
2024-11-21|TSN|Packaged Foods & Meats - Consumer Staples|1|63.3|63.77
2024-11-21|BWA|Automotive Parts & Equipment - Consumer Discretionary|1|34.81|33.76
2024-11-21|MPC|Oil & Gas Refining & Marketing - Energy|6|158.14|159.29
2024-11-21|F|Automobile Manufacturers - Consumer Discretionary|7|11.07|10.8
2024-11-21|GPC|Distributors - Consumer Discretionary|10|122.62|122.69
2024-11-21|GE|Aerospace & Defense - Industrials|2|176.93|178.7
2024-11-21|PFG|Life & Health Insurance - Financials|13|86.07|84.7
2024-11-21|CARR|Building Products - Industrials|1|74.05|76.01
2024-11-21|EW|Health Care Equipment - Health Care|3|70.38|70.38
2024-11-21|VZ|Integrated Telecommunication Services - Communication Services|1|42.5|42.5
2024-11-25|CSX|Rail Transportation - Industrials|1|33.84|36.62
2024-11-25|YUM|Restaurants - Consumer Discretionary|7|134.5|137.05
2024-11-25|HST|Hotel & Resort REITs - Real Estate|2|17.34|18.42
2024-11-25|WY|Timber REITs - Real Estate|1|31.41|32.23
2024-11-25|ZBH|Health Care Equipment - Health Care|1|104.68|110.96
2024-11-25|D|Multi-Utilities - Utilities|1|57.09|58.53
2024-11-25|WRB|Property & Casualty Insurance - Financials|1|58.1|63.05
2024-11-25|FITB|Regional Banks - Financials|25|44.65|48.44
2024-11-25|PCG|Multi-Utilities - Utilities|1|20.51|21.19
2024-11-25|MNST|Soft Drinks & Non-alcoholic Beverages - Consumer Staples|1|54.05|54.98
2024-11-25|HST|Hotel & Resort REITs - Real Estate|1|17.59|18.42
2024-11-25|KVUE|Personal Care Products - Consumer Staples|9|22.64|24.24
2024-11-25|SW|Paper & Plastic Packaging Products & Materials - Materials|2|51.5|56.25
2024-11-25|CDNS|Application Software - Information Technology|1|289.34|312.39
2024-11-25|TRMB|Electronic Equipment & Instruments - Information Technology|17|72.64|72.95
2024-11-25|EMR|Electrical Components & Equipment - Industrials|9|126.86|132.75
2024-11-25|C|Diversified Banks - Financials|4|69.03|70.75
2024-11-25|INTC|Semiconductors - Information Technology|2|25.05|24.87
2024-11-25|WY|Timber REITs - Real Estate|1|31.74|32.23
2024-11-25|HPE|Technology Hardware, Storage & Peripherals - Information Technology|9|22.04|22.21
2024-11-25|HAL|Oil & Gas Equipment & Services - Energy|3|30.13|31.99
2024-11-25|ROL|Environmental & Facilities Services - Industrials|1|51.08|51.23
2024-11-25|PCG|Multi-Utilities - Utilities|1|21.19|21.19
2024-11-25|TT|Building Products - Industrials|2|415.0|413.32
2024-11-25|TSN|Packaged Foods & Meats - Consumer Staples|1|63.3|63.78
2024-11-25|BWA|Automotive Parts & Equipment - Consumer Discretionary|1|34.81|35.18
2024-11-25|MPC|Oil & Gas Refining & Marketing - Energy|6|158.14|156.5
2024-11-25|F|Automobile Manufacturers - Consumer Discretionary|7|11.07|11.4
2024-11-25|GPC|Distributors - Consumer Discretionary|10|122.62|129.47
2024-11-25|GE|Aerospace & Defense - Industrials|2|176.93|180.21
2024-11-25|PFG|Life & Health Insurance - Financials|13|86.07|87.04
2024-11-25|CARR|Building Products - Industrials|1|74.05|78.87
2024-11-25|EW|Health Care Equipment - Health Care|3|70.38|71.27
2024-11-25|VZ|Integrated Telecommunication Services - Communication Services|1|42.5|43.98
2024-11-25|PM|Tobacco - Consumer Staples|9|130.71|130.71
2024-11-26|CSX|Rail Transportation - Industrials|1|33.84|36.69
2024-11-26|YUM|Restaurants - Consumer Discretionary|7|134.5|138.63
2024-11-26|HST|Hotel & Resort REITs - Real Estate|2|17.34|18.31
2024-11-26|WY|Timber REITs - Real Estate|1|31.41|31.91
2024-11-26|ZBH|Health Care Equipment - Health Care|1|104.68|110.64
2024-11-26|D|Multi-Utilities - Utilities|1|57.09|59.12
2024-11-26|FITB|Regional Banks - Financials|25|44.65|48.25
2024-11-26|PCG|Multi-Utilities - Utilities|1|20.51|21.51
2024-11-26|MNST|Soft Drinks & Non-alcoholic Beverages - Consumer Staples|1|54.05|54.83
2024-11-26|HST|Hotel & Resort REITs - Real Estate|1|17.59|18.31
2024-11-26|KVUE|Personal Care Products - Consumer Staples|9|22.64|24.12
2024-11-26|SW|Paper & Plastic Packaging Products & Materials - Materials|2|51.5|55.53
2024-11-26|CDNS|Application Software - Information Technology|1|289.34|310.1
2024-11-26|TRMB|Electronic Equipment & Instruments - Information Technology|17|72.64|72.37
2024-11-26|EMR|Electrical Components & Equipment - Industrials|9|126.86|133.0
2024-11-26|C|Diversified Banks - Financials|4|69.03|69.75
2024-11-26|INTC|Semiconductors - Information Technology|2|25.05|24.05
2024-11-26|WY|Timber REITs - Real Estate|1|31.74|31.91
2024-11-26|HPE|Technology Hardware, Storage & Peripherals - Information Technology|9|22.04|22.13
2024-11-26|HAL|Oil & Gas Equipment & Services - Energy|3|30.13|31.81
2024-11-26|ROL|Environmental & Facilities Services - Industrials|1|51.08|51.59
2024-11-26|PCG|Multi-Utilities - Utilities|1|21.19|21.51
2024-11-26|TT|Building Products - Industrials|2|415.0|419.14
2024-11-26|TSN|Packaged Foods & Meats - Consumer Staples|1|63.3|63.81
2024-11-26|BWA|Automotive Parts & Equipment - Consumer Discretionary|1|34.81|34.17
2024-11-26|MPC|Oil & Gas Refining & Marketing - Energy|6|158.14|157.14
2024-11-26|F|Automobile Manufacturers - Consumer Discretionary|7|11.07|11.1
2024-11-26|GPC|Distributors - Consumer Discretionary|10|122.62|127.9
2024-11-26|GE|Aerospace & Defense - Industrials|2|176.93|184.6
2024-11-26|PFG|Life & Health Insurance - Financials|13|86.07|86.79
2024-11-26|CARR|Building Products - Industrials|1|74.05|76.94
2024-11-26|EW|Health Care Equipment - Health Care|3|70.38|71.55
2024-11-26|VZ|Integrated Telecommunication Services - Communication Services|1|42.5|44.37
2024-11-26|PM|Tobacco - Consumer Staples|9|130.71|132.28
2024-11-26|CVS|Health Care Services - Health Care|1|59.01|59.01
2024-11-27|CSX|Rail Transportation - Industrials|1|33.84|36.58
2024-11-27|YUM|Restaurants - Consumer Discretionary|7|134.5|139.33
2024-11-27|HST|Hotel & Resort REITs - Real Estate|2|17.34|18.43
2024-11-27|WY|Timber REITs - Real Estate|1|31.41|32.35
2024-11-27|ZBH|Health Care Equipment - Health Care|1|104.68|112.02
2024-11-27|D|Multi-Utilities - Utilities|1|57.09|59.7
2024-11-27|FITB|Regional Banks - Financials|25|44.65|48.16
2024-11-27|PCG|Multi-Utilities - Utilities|1|20.51|21.63
2024-11-27|MNST|Soft Drinks & Non-alcoholic Beverages - Consumer Staples|1|54.05|55.14
2024-11-27|HST|Hotel & Resort REITs - Real Estate|1|17.59|18.43
2024-11-27|KVUE|Personal Care Products - Consumer Staples|9|22.64|24.13
2024-11-27|SW|Paper & Plastic Packaging Products & Materials - Materials|2|51.5|54.76
2024-11-27|CDNS|Application Software - Information Technology|1|289.34|304.68
2024-11-27|TRMB|Electronic Equipment & Instruments - Information Technology|17|72.64|72.43
2024-11-27|EMR|Electrical Components & Equipment - Industrials|9|126.86|132.59
2024-11-27|C|Diversified Banks - Financials|4|69.03|70.16
2024-11-27|WY|Timber REITs - Real Estate|1|31.74|32.35
2024-11-27|HAL|Oil & Gas Equipment & Services - Energy|3|30.13|31.88
2024-11-27|ROL|Environmental & Facilities Services - Industrials|1|51.08|51.16
2024-11-27|PCG|Multi-Utilities - Utilities|1|21.19|21.63
2024-11-27|TT|Building Products - Industrials|2|415.0|416.09
2024-11-27|TSN|Packaged Foods & Meats - Consumer Staples|1|63.3|64.45
2024-11-27|BWA|Automotive Parts & Equipment - Consumer Discretionary|1|34.81|34.28
2024-11-27|MPC|Oil & Gas Refining & Marketing - Energy|6|158.14|155.36
2024-11-27|F|Automobile Manufacturers - Consumer Discretionary|7|11.07|11.1
2024-11-27|GPC|Distributors - Consumer Discretionary|10|122.62|126.87
2024-11-27|GE|Aerospace & Defense - Industrials|2|176.93|180.6
2024-11-27|PFG|Life & Health Insurance - Financials|13|86.07|87.28
2024-11-27|CARR|Building Products - Industrials|1|74.05|76.9
2024-11-27|EW|Health Care Equipment - Health Care|3|70.38|72.07
2024-11-27|VZ|Integrated Telecommunication Services - Communication Services|1|42.5|44.38
2024-11-27|PM|Tobacco - Consumer Staples|9|130.71|131.82
2024-11-27|CVS|Health Care Services - Health Care|1|59.01|59.96
2024-11-27|EL|Personal Care Products - Consumer Staples|3|73.96|73.96
2024-11-27|HST|Hotel & Resort REITs - Real Estate|1|18.43|18.43
2024-12-04|CSX|Rail Transportation - Industrials|1|33.84|35.3
2024-12-04|YUM|Restaurants - Consumer Discretionary|7|134.5|138.16
2024-12-04|HST|Hotel & Resort REITs - Real Estate|2|17.34|18.53
2024-12-04|WY|Timber REITs - Real Estate|1|31.41|31.24
2024-12-04|ZBH|Health Care Equipment - Health Care|1|104.68|110.62
2024-12-04|D|Multi-Utilities - Utilities|1|57.09|56.36
2024-12-04|FITB|Regional Banks - Financials|25|44.65|46.86
2024-12-04|PCG|Multi-Utilities - Utilities|1|20.51|20.52
2024-12-04|MNST|Soft Drinks & Non-alcoholic Beverages - Consumer Staples|1|54.05|53.75
2024-12-04|HST|Hotel & Resort REITs - Real Estate|1|17.59|18.53
2024-12-04|KVUE|Personal Care Products - Consumer Staples|9|22.64|23.16
2024-12-04|SW|Paper & Plastic Packaging Products & Materials - Materials|2|51.5|54.57
2024-12-04|TRMB|Electronic Equipment & Instruments - Information Technology|17|72.64|75.28
2024-12-04|EMR|Electrical Components & Equipment - Industrials|9|126.86|134.33
2024-12-04|C|Diversified Banks - Financials|4|69.03|71.5
2024-12-04|WY|Timber REITs - Real Estate|1|31.74|31.24
2024-12-04|HAL|Oil & Gas Equipment & Services - Energy|3|30.13|30.6
2024-12-04|ROL|Environmental & Facilities Services - Industrials|1|51.08|49.66
2024-12-04|PCG|Multi-Utilities - Utilities|1|21.19|20.52
2024-12-04|TT|Building Products - Industrials|2|415.0|417.48
2024-12-04|TSN|Packaged Foods & Meats - Consumer Staples|1|63.3|63.61
2024-12-04|BWA|Automotive Parts & Equipment - Consumer Discretionary|1|34.81|34.8
2024-12-04|MPC|Oil & Gas Refining & Marketing - Energy|6|158.14|150.4
2024-12-04|F|Automobile Manufacturers - Consumer Discretionary|7|11.07|10.74
2024-12-04|GPC|Distributors - Consumer Discretionary|10|122.62|125.89
2024-12-04|GE|Aerospace & Defense - Industrials|2|176.93|182.65
2024-12-04|PFG|Life & Health Insurance - Financials|13|86.07|84.84
2024-12-04|CARR|Building Products - Industrials|1|74.05|75.38
2024-12-04|EW|Health Care Equipment - Health Care|3|70.38|74.2
2024-12-04|VZ|Integrated Telecommunication Services - Communication Services|1|42.5|42.52
2024-12-04|PM|Tobacco - Consumer Staples|9|130.71|130.48
2024-12-04|CVS|Health Care Services - Health Care|1|59.01|58.05
2024-12-04|EL|Personal Care Products - Consumer Staples|3|73.96|79.29
2024-12-04|HST|Hotel & Resort REITs - Real Estate|1|18.43|18.53
2024-12-04|MTCH|Interactive Media & Services - Communication Services|9|32.86|32.86
2024-12-04|APA|Oil & Gas Exploration & Production - Energy|1|22.2|22.2
2024-12-05|CSX|Rail Transportation - Industrials|1|33.84|34.62
2024-12-05|YUM|Restaurants - Consumer Discretionary|7|134.5|138.13
2024-12-05|HST|Hotel & Resort REITs - Real Estate|2|17.34|18.8
2024-12-05|WY|Timber REITs - Real Estate|1|31.41|30.96
2024-12-05|ZBH|Health Care Equipment - Health Care|1|104.68|109.16
2024-12-05|D|Multi-Utilities - Utilities|1|57.09|56.91
2024-12-05|FITB|Regional Banks - Financials|25|44.65|47.32
2024-12-05|PCG|Multi-Utilities - Utilities|1|20.51|20.39
2024-12-05|MNST|Soft Drinks & Non-alcoholic Beverages - Consumer Staples|1|54.05|53.1
2024-12-05|HST|Hotel & Resort REITs - Real Estate|1|17.59|18.8
2024-12-05|KVUE|Personal Care Products - Consumer Staples|9|22.64|23.13
2024-12-05|SW|Paper & Plastic Packaging Products & Materials - Materials|2|51.5|54.77
2024-12-05|TRMB|Electronic Equipment & Instruments - Information Technology|17|72.64|75.4
2024-12-05|EMR|Electrical Components & Equipment - Industrials|9|126.86|133.15
2024-12-05|C|Diversified Banks - Financials|4|69.03|72.23
2024-12-05|WY|Timber REITs - Real Estate|1|31.74|30.96
2024-12-05|HAL|Oil & Gas Equipment & Services - Energy|3|30.13|30.02
2024-12-05|ROL|Environmental & Facilities Services - Industrials|1|51.08|48.85
2024-12-05|PCG|Multi-Utilities - Utilities|1|21.19|20.39
2024-12-05|TT|Building Products - Industrials|2|415.0|415.06
2024-12-05|TSN|Packaged Foods & Meats - Consumer Staples|1|63.3|63.7
2024-12-05|BWA|Automotive Parts & Equipment - Consumer Discretionary|1|34.81|33.99
2024-12-05|GPC|Distributors - Consumer Discretionary|10|122.62|124.62
2024-12-05|GE|Aerospace & Defense - Industrials|2|176.93|172.91
2024-12-05|PFG|Life & Health Insurance - Financials|13|86.07|83.75
2024-12-05|CARR|Building Products - Industrials|1|74.05|73.99
2024-12-05|EW|Health Care Equipment - Health Care|3|70.38|72.43
2024-12-05|VZ|Integrated Telecommunication Services - Communication Services|1|42.5|42.55
2024-12-05|PM|Tobacco - Consumer Staples|9|130.71|132.49
2024-12-05|CVS|Health Care Services - Health Care|1|59.01|56.86
2024-12-05|EL|Personal Care Products - Consumer Staples|3|73.96|78.17
2024-12-05|HST|Hotel & Resort REITs - Real Estate|1|18.43|18.8
2024-12-05|MTCH|Interactive Media & Services - Communication Services|9|32.86|32.59
2024-12-05|APA|Oil & Gas Exploration & Production - Energy|1|22.2|21.84
2024-12-05|ULTA|Other Specialty Retail - Consumer Discretionary|2|392.87|392.87
2024-12-05|ABBV|Biotechnology - Health Care|1|176.17|176.17
2024-12-05|WBD|Broadcasting - Communication Services|1|10.68|10.68
2024-12-06|CSX|Rail Transportation - Industrials|1|33.84|34.45
2024-12-06|YUM|Restaurants - Consumer Discretionary|7|134.5|137.63
2024-12-06|HST|Hotel & Resort REITs - Real Estate|2|17.34|18.8
2024-12-06|WY|Timber REITs - Real Estate|1|31.41|31.29
2024-12-06|ZBH|Health Care Equipment - Health Care|1|104.68|108.03
2024-12-06|D|Multi-Utilities - Utilities|1|57.09|56.05
2024-12-06|FITB|Regional Banks - Financials|25|44.65|47.21
2024-12-06|PCG|Multi-Utilities - Utilities|1|20.51|20.33
2024-12-06|MNST|Soft Drinks & Non-alcoholic Beverages - Consumer Staples|1|54.05|52.27
2024-12-06|HST|Hotel & Resort REITs - Real Estate|1|17.59|18.8
2024-12-06|KVUE|Personal Care Products - Consumer Staples|9|22.64|22.84
2024-12-06|SW|Paper & Plastic Packaging Products & Materials - Materials|2|51.5|54.61
2024-12-06|TRMB|Electronic Equipment & Instruments - Information Technology|17|72.64|74.86
2024-12-06|EMR|Electrical Components & Equipment - Industrials|9|126.86|130.98
2024-12-06|C|Diversified Banks - Financials|4|69.03|72.15
2024-12-06|WY|Timber REITs - Real Estate|1|31.74|31.29
2024-12-06|HAL|Oil & Gas Equipment & Services - Energy|3|30.13|28.78
2024-12-06|ROL|Environmental & Facilities Services - Industrials|1|51.08|49.42
2024-12-06|PCG|Multi-Utilities - Utilities|1|21.19|20.33
2024-12-06|TT|Building Products - Industrials|2|415.0|412.18
2024-12-06|TSN|Packaged Foods & Meats - Consumer Staples|1|63.3|62.64
2024-12-06|BWA|Automotive Parts & Equipment - Consumer Discretionary|1|34.81|33.8
2024-12-06|GPC|Distributors - Consumer Discretionary|10|122.62|123.42
2024-12-06|GE|Aerospace & Defense - Industrials|2|176.93|175.58
2024-12-06|PFG|Life & Health Insurance - Financials|13|86.07|84.4
2024-12-06|CARR|Building Products - Industrials|1|74.05|73.67
2024-12-06|EW|Health Care Equipment - Health Care|3|70.38|71.53
2024-12-06|VZ|Integrated Telecommunication Services - Communication Services|1|42.5|42.37
2024-12-06|PM|Tobacco - Consumer Staples|9|130.71|130.56
2024-12-06|EL|Personal Care Products - Consumer Staples|3|73.96|79.32
2024-12-06|HST|Hotel & Resort REITs - Real Estate|1|18.43|18.8
2024-12-06|MTCH|Interactive Media & Services - Communication Services|9|32.86|32.93
2024-12-06|APA|Oil & Gas Exploration & Production - Energy|1|22.2|21.42
2024-12-06|ULTA|Other Specialty Retail - Consumer Discretionary|2|392.87|428.17
2024-12-06|ABBV|Biotechnology - Health Care|1|176.17|176.19
2024-12-06|WBD|Broadcasting - Communication Services|1|10.68|10.66
2024-12-06|WY|Timber REITs - Real Estate|2|31.29|31.29
2024-12-09|CSX|Rail Transportation - Industrials|1|33.84|33.97
2024-12-09|YUM|Restaurants - Consumer Discretionary|7|134.5|139.08
2024-12-09|HST|Hotel & Resort REITs - Real Estate|2|17.34|18.94
2024-12-09|WY|Timber REITs - Real Estate|1|31.41|31.74
2024-12-09|ZBH|Health Care Equipment - Health Care|1|104.68|109.47
2024-12-09|D|Multi-Utilities - Utilities|1|57.09|55.59
2024-12-09|FITB|Regional Banks - Financials|25|44.65|46.53
2024-12-09|PCG|Multi-Utilities - Utilities|1|20.51|20.21
2024-12-09|MNST|Soft Drinks & Non-alcoholic Beverages - Consumer Staples|1|54.05|53.21
2024-12-09|HST|Hotel & Resort REITs - Real Estate|1|17.59|18.94
2024-12-09|KVUE|Personal Care Products - Consumer Staples|9|22.64|22.81
2024-12-09|SW|Paper & Plastic Packaging Products & Materials - Materials|2|51.5|54.34
2024-12-09|TRMB|Electronic Equipment & Instruments - Information Technology|17|72.64|74.61
2024-12-09|EMR|Electrical Components & Equipment - Industrials|9|126.86|130.43
2024-12-09|C|Diversified Banks - Financials|4|69.03|71.86
2024-12-09|WY|Timber REITs - Real Estate|1|31.74|31.74
2024-12-09|HAL|Oil & Gas Equipment & Services - Energy|3|30.13|29.08
2024-12-09|ROL|Environmental & Facilities Services - Industrials|1|51.08|48.68
2024-12-09|PCG|Multi-Utilities - Utilities|1|21.19|20.21
2024-12-09|TT|Building Products - Industrials|2|415.0|401.64
2024-12-09|TSN|Packaged Foods & Meats - Consumer Staples|1|63.3|62.64
2024-12-09|BWA|Automotive Parts & Equipment - Consumer Discretionary|1|34.81|34.3
2024-12-09|GPC|Distributors - Consumer Discretionary|10|122.62|125.92
2024-12-09|GE|Aerospace & Defense - Industrials|2|176.93|171.32
2024-12-09|PFG|Life & Health Insurance - Financials|13|86.07|82.53
2024-12-09|CARR|Building Products - Industrials|1|74.05|73.2
2024-12-09|EW|Health Care Equipment - Health Care|3|70.38|70.9
2024-12-09|VZ|Integrated Telecommunication Services - Communication Services|1|42.5|42.36
2024-12-09|PM|Tobacco - Consumer Staples|9|130.71|128.71
2024-12-09|HST|Hotel & Resort REITs - Real Estate|1|18.43|18.94
2024-12-09|MTCH|Interactive Media & Services - Communication Services|9|32.86|33.39
2024-12-09|APA|Oil & Gas Exploration & Production - Energy|1|22.2|22.25
2024-12-09|ULTA|Other Specialty Retail - Consumer Discretionary|2|392.87|418.01
2024-12-09|ABBV|Biotechnology - Health Care|1|176.17|176.57
2024-12-09|WBD|Broadcasting - Communication Services|1|10.68|10.56
2024-12-09|WY|Timber REITs - Real Estate|2|31.29|31.74
2024-12-09|PFE|Pharmaceuticals - Health Care|9|26.1|26.1
2024-12-09|WBD|Broadcasting - Communication Services|1|10.56|10.56
2024-12-10|CSX|Rail Transportation - Industrials|1|33.84|34.17
2024-12-10|YUM|Restaurants - Consumer Discretionary|7|134.5|138.22
2024-12-10|HST|Hotel & Resort REITs - Real Estate|2|17.34|19.07
2024-12-10|WY|Timber REITs - Real Estate|1|31.41|30.92
2024-12-10|ZBH|Health Care Equipment - Health Care|1|104.68|108.4
2024-12-10|D|Multi-Utilities - Utilities|1|57.09|55.01
2024-12-10|FITB|Regional Banks - Financials|25|44.65|46.39
2024-12-10|PCG|Multi-Utilities - Utilities|1|20.51|19.88
2024-12-10|MNST|Soft Drinks & Non-alcoholic Beverages - Consumer Staples|1|54.05|53.01
2024-12-10|HST|Hotel & Resort REITs - Real Estate|1|17.59|19.07
2024-12-10|KVUE|Personal Care Products - Consumer Staples|9|22.64|22.74
2024-12-10|SW|Paper & Plastic Packaging Products & Materials - Materials|2|51.5|53.43
2024-12-10|TRMB|Electronic Equipment & Instruments - Information Technology|17|72.64|74.12
2024-12-10|EMR|Electrical Components & Equipment - Industrials|9|126.86|129.15
2024-12-10|C|Diversified Banks - Financials|4|69.03|72.5
2024-12-10|WY|Timber REITs - Real Estate|1|31.74|30.92
2024-12-10|HAL|Oil & Gas Equipment & Services - Energy|3|30.13|29.07
2024-12-10|ROL|Environmental & Facilities Services - Industrials|1|51.08|49.13
2024-12-10|TT|Building Products - Industrials|2|415.0|397.42
2024-12-10|TSN|Packaged Foods & Meats - Consumer Staples|1|63.3|62.4
2024-12-10|BWA|Automotive Parts & Equipment - Consumer Discretionary|1|34.81|34.61
2024-12-10|GPC|Distributors - Consumer Discretionary|10|122.62|125.4
2024-12-10|GE|Aerospace & Defense - Industrials|2|176.93|171.27
2024-12-10|CARR|Building Products - Industrials|1|74.05|72.81
2024-12-10|EW|Health Care Equipment - Health Care|3|70.38|73.39
2024-12-10|VZ|Integrated Telecommunication Services - Communication Services|1|42.5|42.3
2024-12-10|PM|Tobacco - Consumer Staples|9|130.71|128.98
2024-12-10|HST|Hotel & Resort REITs - Real Estate|1|18.43|19.07
2024-12-10|MTCH|Interactive Media & Services - Communication Services|9|32.86|33.05
2024-12-10|APA|Oil & Gas Exploration & Production - Energy|1|22.2|22.26
2024-12-10|ULTA|Other Specialty Retail - Consumer Discretionary|2|392.87|411.92
2024-12-10|ABBV|Biotechnology - Health Care|1|176.17|175.67
2024-12-10|WBD|Broadcasting - Communication Services|1|10.68|10.89
2024-12-10|WY|Timber REITs - Real Estate|2|31.29|30.92
2024-12-10|PFE|Pharmaceuticals - Health Care|9|26.1|25.57
2024-12-10|WBD|Broadcasting - Communication Services|1|10.56|10.89
2024-12-10|AVGO|Semiconductors - Information Technology|6|171.81|171.81
2024-12-10|WY|Timber REITs - Real Estate|1|30.92|30.92
2024-12-12|CSX|Rail Transportation - Industrials|1|33.84|33.68
2024-12-12|YUM|Restaurants - Consumer Discretionary|7|134.5|138.64
2024-12-12|HST|Hotel & Resort REITs - Real Estate|2|17.34|18.82
2024-12-12|WY|Timber REITs - Real Estate|1|31.41|30.4
2024-12-12|ZBH|Health Care Equipment - Health Care|1|104.68|106.84
2024-12-12|FITB|Regional Banks - Financials|25|44.65|45.53
2024-12-12|PCG|Multi-Utilities - Utilities|1|20.51|19.92
2024-12-12|MNST|Soft Drinks & Non-alcoholic Beverages - Consumer Staples|1|54.05|52.92
2024-12-12|HST|Hotel & Resort REITs - Real Estate|1|17.59|18.82
2024-12-12|KVUE|Personal Care Products - Consumer Staples|9|22.64|22.32
2024-12-12|SW|Paper & Plastic Packaging Products & Materials - Materials|2|51.5|53.45
2024-12-12|TRMB|Electronic Equipment & Instruments - Information Technology|17|72.64|74.87
2024-12-12|EMR|Electrical Components & Equipment - Industrials|9|126.86|131.16
2024-12-12|C|Diversified Banks - Financials|4|69.03|71.43
2024-12-12|WY|Timber REITs - Real Estate|1|31.74|30.4
2024-12-12|HAL|Oil & Gas Equipment & Services - Energy|3|30.13|28.89
2024-12-12|ROL|Environmental & Facilities Services - Industrials|1|51.08|48.77
2024-12-12|TT|Building Products - Industrials|2|415.0|399.66
2024-12-12|TSN|Packaged Foods & Meats - Consumer Staples|1|63.3|61.2
2024-12-12|BWA|Automotive Parts & Equipment - Consumer Discretionary|1|34.81|35.05
2024-12-12|GPC|Distributors - Consumer Discretionary|10|122.62|121.78
2024-12-12|CARR|Building Products - Industrials|1|74.05|73.54
2024-12-12|EW|Health Care Equipment - Health Care|3|70.38|73.97
2024-12-12|VZ|Integrated Telecommunication Services - Communication Services|1|42.5|42.08
2024-12-12|PM|Tobacco - Consumer Staples|9|130.71|127.0
2024-12-12|HST|Hotel & Resort REITs - Real Estate|1|18.43|18.82
2024-12-12|APA|Oil & Gas Exploration & Production - Energy|1|22.2|22.94
2024-12-12|ULTA|Other Specialty Retail - Consumer Discretionary|2|392.87|423.91
2024-12-12|ABBV|Biotechnology - Health Care|1|176.17|173.19
2024-12-12|WY|Timber REITs - Real Estate|2|31.29|30.4
2024-12-12|PFE|Pharmaceuticals - Health Care|9|26.1|25.37
2024-12-12|AVGO|Semiconductors - Information Technology|6|171.81|180.66
2024-12-12|WY|Timber REITs - Real Estate|1|30.92|30.4
2024-12-12|WDAY|Application Software - Information Technology|2|274.82|274.82
2024-12-12|ZBH|Health Care Equipment - Health Care|1|106.84|106.84
2024-12-12|WY|Timber REITs - Real Estate|1|30.4|30.4
2024-12-13|CSX|Rail Transportation - Industrials|1|33.84|33.24
2024-12-13|YUM|Restaurants - Consumer Discretionary|7|134.5|137.0
2024-12-13|HST|Hotel & Resort REITs - Real Estate|2|17.34|18.58
2024-12-13|WY|Timber REITs - Real Estate|1|31.41|30.06
2024-12-13|ZBH|Health Care Equipment - Health Care|1|104.68|106.74
2024-12-13|FITB|Regional Banks - Financials|25|44.65|45.55
2024-12-13|PCG|Multi-Utilities - Utilities|1|20.51|19.75
2024-12-13|MNST|Soft Drinks & Non-alcoholic Beverages - Consumer Staples|1|54.05|52.76
2024-12-13|HST|Hotel & Resort REITs - Real Estate|1|17.59|18.58
2024-12-13|KVUE|Personal Care Products - Consumer Staples|9|22.64|22.21
2024-12-13|SW|Paper & Plastic Packaging Products & Materials - Materials|2|51.5|53.73
2024-12-13|TRMB|Electronic Equipment & Instruments - Information Technology|17|72.64|73.59
2024-12-13|EMR|Electrical Components & Equipment - Industrials|9|126.86|130.2
2024-12-13|C|Diversified Banks - Financials|4|69.03|71.01
2024-12-13|HAL|Oil & Gas Equipment & Services - Energy|3|30.13|28.68
2024-12-13|ROL|Environmental & Facilities Services - Industrials|1|51.08|48.77
2024-12-13|TT|Building Products - Industrials|2|415.0|399.36
2024-12-13|TSN|Packaged Foods & Meats - Consumer Staples|1|63.3|60.48
2024-12-13|BWA|Automotive Parts & Equipment - Consumer Discretionary|1|34.81|34.05
2024-12-13|GPC|Distributors - Consumer Discretionary|10|122.62|121.22
2024-12-13|CARR|Building Products - Industrials|1|74.05|73.01
2024-12-13|EW|Health Care Equipment - Health Care|3|70.38|73.32
2024-12-13|VZ|Integrated Telecommunication Services - Communication Services|1|42.5|42.28
2024-12-13|PM|Tobacco - Consumer Staples|9|130.71|126.62
2024-12-13|HST|Hotel & Resort REITs - Real Estate|1|18.43|18.58
2024-12-13|APA|Oil & Gas Exploration & Production - Energy|1|22.2|22.86
2024-12-13|ULTA|Other Specialty Retail - Consumer Discretionary|2|392.87|424.11
2024-12-13|ABBV|Biotechnology - Health Care|1|176.17|173.37
2024-12-13|WY|Timber REITs - Real Estate|2|31.29|30.06
2024-12-13|PFE|Pharmaceuticals - Health Care|9|26.1|25.58
2024-12-13|WY|Timber REITs - Real Estate|1|30.92|30.06
2024-12-13|WDAY|Application Software - Information Technology|2|274.82|273.67
2024-12-13|ZBH|Health Care Equipment - Health Care|1|106.84|106.74
2024-12-13|WY|Timber REITs - Real Estate|1|30.4|30.06
2024-12-13|CHRW|Air Freight & Logistics - Industrials|11|111.38|111.38
2024-12-13|AES|Independent Power Producers & Energy Traders - Utilities|11|13.35|13.35
2024-12-13|WBD|Broadcasting - Communication Services|1|12.07|12.07
2024-12-16|CSX|Rail Transportation - Industrials|1|33.84|32.94
2024-12-16|YUM|Restaurants - Consumer Discretionary|7|134.5|135.05
2024-12-16|HST|Hotel & Resort REITs - Real Estate|2|17.34|18.66
2024-12-16|ZBH|Health Care Equipment - Health Care|1|104.68|106.85
2024-12-16|FITB|Regional Banks - Financials|25|44.65|45.61
2024-12-16|PCG|Multi-Utilities - Utilities|1|20.51|19.6
2024-12-16|MNST|Soft Drinks & Non-alcoholic Beverages - Consumer Staples|1|54.05|52.25
2024-12-16|HST|Hotel & Resort REITs - Real Estate|1|17.59|18.66
2024-12-16|KVUE|Personal Care Products - Consumer Staples|9|22.64|22.07
2024-12-16|SW|Paper & Plastic Packaging Products & Materials - Materials|2|51.5|54.7
2024-12-16|TRMB|Electronic Equipment & Instruments - Information Technology|17|72.64|74.24
2024-12-16|EMR|Electrical Components & Equipment - Industrials|9|126.86|130.19
2024-12-16|C|Diversified Banks - Financials|4|69.03|71.49
2024-12-16|ROL|Environmental & Facilities Services - Industrials|1|51.08|48.55
2024-12-16|TT|Building Products - Industrials|2|415.0|398.37
2024-12-16|GPC|Distributors - Consumer Discretionary|10|122.62|118.58
2024-12-16|CARR|Building Products - Industrials|1|74.05|71.59
2024-12-16|EW|Health Care Equipment - Health Care|3|70.38|73.91
2024-12-16|VZ|Integrated Telecommunication Services - Communication Services|1|42.5|40.88
2024-12-16|PM|Tobacco - Consumer Staples|9|130.71|125.94
2024-12-16|HST|Hotel & Resort REITs - Real Estate|1|18.43|18.66
2024-12-16|APA|Oil & Gas Exploration & Production - Energy|1|22.2|21.94
2024-12-16|ULTA|Other Specialty Retail - Consumer Discretionary|2|392.87|424.79
2024-12-16|ABBV|Biotechnology - Health Care|1|176.17|171.63
2024-12-16|PFE|Pharmaceuticals - Health Care|9|26.1|25.25
2024-12-16|WY|Timber REITs - Real Estate|1|30.92|29.65
2024-12-16|WDAY|Application Software - Information Technology|2|274.82|278.35
2024-12-16|ZBH|Health Care Equipment - Health Care|1|106.84|106.85
2024-12-16|WY|Timber REITs - Real Estate|1|30.4|29.65
2024-12-16|CHRW|Air Freight & Logistics - Industrials|11|111.38|110.11
2024-12-16|AES|Independent Power Producers & Energy Traders - Utilities|11|13.35|13.15
2024-12-16|WBD|Broadcasting - Communication Services|1|12.07|11.6
2024-12-16|ZTS|Pharmaceuticals - Health Care|1|175.81|175.81
2024-12-16|XEL|Multi-Utilities - Utilities|1|67.66|67.66
2024-12-16|WBD|Broadcasting - Communication Services|1|11.6|11.6
2024-12-16|F|Automobile Manufacturers - Consumer Discretionary|1|9.99|9.99
2024-12-17|CSX|Rail Transportation - Industrials|1|33.84|32.93
2024-12-17|YUM|Restaurants - Consumer Discretionary|7|134.5|134.73
2024-12-17|HST|Hotel & Resort REITs - Real Estate|2|17.34|18.72
2024-12-17|ZBH|Health Care Equipment - Health Care|1|104.68|108.06
2024-12-17|FITB|Regional Banks - Financials|25|44.65|45.05
2024-12-17|PCG|Multi-Utilities - Utilities|1|20.51|19.71
2024-12-17|MNST|Soft Drinks & Non-alcoholic Beverages - Consumer Staples|1|54.05|51.95
2024-12-17|HST|Hotel & Resort REITs - Real Estate|1|17.59|18.72
2024-12-17|KVUE|Personal Care Products - Consumer Staples|9|22.64|22.04
2024-12-17|SW|Paper & Plastic Packaging Products & Materials - Materials|2|51.5|53.93
2024-12-17|TRMB|Electronic Equipment & Instruments - Information Technology|17|72.64|72.89
2024-12-17|EMR|Electrical Components & Equipment - Industrials|9|126.86|128.08
2024-12-17|C|Diversified Banks - Financials|4|69.03|71.12
2024-12-17|GPC|Distributors - Consumer Discretionary|10|122.62|118.49
2024-12-17|EW|Health Care Equipment - Health Care|3|70.38|74.12
2024-12-17|VZ|Integrated Telecommunication Services - Communication Services|1|42.5|40.78
2024-12-17|PM|Tobacco - Consumer Staples|9|130.71|126.04
2024-12-17|HST|Hotel & Resort REITs - Real Estate|1|18.43|18.72
2024-12-17|ULTA|Other Specialty Retail - Consumer Discretionary|2|392.87|423.57
2024-12-17|ABBV|Biotechnology - Health Care|1|176.17|175.38
2024-12-17|PFE|Pharmaceuticals - Health Care|9|26.1|26.43
2024-12-17|WY|Timber REITs - Real Estate|1|30.92|29.38
2024-12-17|WDAY|Application Software - Information Technology|2|274.82|278.01
2024-12-17|ZBH|Health Care Equipment - Health Care|1|106.84|108.06
2024-12-17|WY|Timber REITs - Real Estate|1|30.4|29.38
2024-12-17|CHRW|Air Freight & Logistics - Industrials|11|111.38|108.88
2024-12-17|AES|Independent Power Producers & Energy Traders - Utilities|11|13.35|12.87
2024-12-17|ZTS|Pharmaceuticals - Health Care|1|175.81|170.79
2024-12-17|XEL|Multi-Utilities - Utilities|1|67.66|68.08
2024-12-17|WBD|Broadcasting - Communication Services|1|11.6|11.35
2024-12-17|F|Automobile Manufacturers - Consumer Discretionary|1|9.99|9.97
2024-12-17|TGT|Consumer Staples Merchandise Retail - Consumer Staples|7|131.6|131.6
2024-12-17|WBD|Broadcasting - Communication Services|1|11.35|11.35
2024-12-18|YUM|Restaurants - Consumer Discretionary|7|134.5|131.46
2024-12-18|HST|Hotel & Resort REITs - Real Estate|2|17.34|17.55
2024-12-18|ZBH|Health Care Equipment - Health Care|1|104.68|105.86
2024-12-18|FITB|Regional Banks - Financials|25|44.65|42.59
2024-12-18|MNST|Soft Drinks & Non-alcoholic Beverages - Consumer Staples|1|54.05|51.54
2024-12-18|HST|Hotel & Resort REITs - Real Estate|1|17.59|17.55
2024-12-18|KVUE|Personal Care Products - Consumer Staples|9|22.64|21.51
2024-12-18|SW|Paper & Plastic Packaging Products & Materials - Materials|2|51.5|51.74
2024-12-18|TRMB|Electronic Equipment & Instruments - Information Technology|17|72.64|70.69
2024-12-18|EMR|Electrical Components & Equipment - Industrials|9|126.86|122.38
2024-12-18|C|Diversified Banks - Financials|4|69.03|68.12
2024-12-18|EW|Health Care Equipment - Health Care|3|70.38|72.81
2024-12-18|PM|Tobacco - Consumer Staples|9|130.71|124.55
2024-12-18|HST|Hotel & Resort REITs - Real Estate|1|18.43|17.55
2024-12-18|ULTA|Other Specialty Retail - Consumer Discretionary|2|392.87|416.6
2024-12-18|ABBV|Biotechnology - Health Care|1|176.17|173.02
2024-12-18|PFE|Pharmaceuticals - Health Care|9|26.1|25.89
2024-12-18|WDAY|Application Software - Information Technology|2|274.82|268.93
2024-12-18|ZBH|Health Care Equipment - Health Care|1|106.84|105.86
2024-12-18|CHRW|Air Freight & Logistics - Industrials|11|111.38|106.45
2024-12-18|XEL|Multi-Utilities - Utilities|1|67.66|66.4
2024-12-18|F|Automobile Manufacturers - Consumer Discretionary|1|9.99|9.69
2024-12-18|TGT|Consumer Staples Merchandise Retail - Consumer Staples|7|131.6|130.7
2024-12-18|HON|Industrial Conglomerates - Industrials|5|213.82|213.82
2024-12-18|ZTS|Pharmaceuticals - Health Care|3|167.01|167.01
2024-12-18|WY|Timber REITs - Real Estate|2|27.96|27.96
2024-12-19|YUM|Restaurants - Consumer Discretionary|7|134.5|130.36
2024-12-19|HST|Hotel & Resort REITs - Real Estate|2|17.34|17.63
2024-12-19|ZBH|Health Care Equipment - Health Care|1|104.68|105.81
2024-12-19|HST|Hotel & Resort REITs - Real Estate|1|17.59|17.63
2024-12-19|KVUE|Personal Care Products - Consumer Staples|9|22.64|21.61
2024-12-19|SW|Paper & Plastic Packaging Products & Materials - Materials|2|51.5|51.18
2024-12-19|TRMB|Electronic Equipment & Instruments - Information Technology|17|72.64|70.74
2024-12-19|EMR|Electrical Components & Equipment - Industrials|9|126.86|122.35
2024-12-19|C|Diversified Banks - Financials|4|69.03|68.42
2024-12-19|EW|Health Care Equipment - Health Care|3|70.38|73.93
2024-12-19|HST|Hotel & Resort REITs - Real Estate|1|18.43|17.63
2024-12-19|ULTA|Other Specialty Retail - Consumer Discretionary|2|392.87|425.52
2024-12-19|ABBV|Biotechnology - Health Care|1|176.17|171.52
2024-12-19|PFE|Pharmaceuticals - Health Care|9|26.1|25.77
2024-12-19|WDAY|Application Software - Information Technology|2|274.82|266.83
2024-12-19|ZBH|Health Care Equipment - Health Care|1|106.84|105.81
2024-12-19|XEL|Multi-Utilities - Utilities|1|67.66|66.65
2024-12-19|F|Automobile Manufacturers - Consumer Discretionary|1|9.99|9.74
2024-12-19|TGT|Consumer Staples Merchandise Retail - Consumer Staples|7|131.6|130.43
2024-12-19|HON|Industrial Conglomerates - Industrials|5|213.82|213.84
2024-12-19|ZTS|Pharmaceuticals - Health Care|3|167.01|163.52
2024-12-19|WY|Timber REITs - Real Estate|2|27.96|27.21
2024-12-19|ZTS|Pharmaceuticals - Health Care|2|163.52|163.52
2024-12-19|ZBH|Health Care Equipment - Health Care|7|105.81|105.81
2024-12-19|YUM|Restaurants - Consumer Discretionary|2|130.36|130.36
2024-12-19|XYL|Industrial Machinery & Supplies & Components - Industrials|10|116.43|116.43
2024-12-19|XOM|Integrated Oil & Gas - Energy|8|105.51|105.51
2024-12-19|WY|Timber REITs - Real Estate|1|27.21|27.21
2024-12-24|YUM|Restaurants - Consumer Discretionary|7|134.5|135.0
2024-12-24|HST|Hotel & Resort REITs - Real Estate|2|17.34|18.22
2024-12-24|ZBH|Health Care Equipment - Health Care|1|104.68|107.3
2024-12-24|HST|Hotel & Resort REITs - Real Estate|1|17.59|18.22
2024-12-24|KVUE|Personal Care Products - Consumer Staples|9|22.64|21.56
2024-12-24|SW|Paper & Plastic Packaging Products & Materials - Materials|2|51.5|54.53
2024-12-24|TRMB|Electronic Equipment & Instruments - Information Technology|17|72.64|71.87
2024-12-24|EMR|Electrical Components & Equipment - Industrials|9|126.86|126.23
2024-12-24|C|Diversified Banks - Financials|4|69.03|71.0
2024-12-24|EW|Health Care Equipment - Health Care|3|70.38|75.38
2024-12-24|HST|Hotel & Resort REITs - Real Estate|1|18.43|18.22
2024-12-24|ABBV|Biotechnology - Health Care|1|176.17|180.0
2024-12-24|PFE|Pharmaceuticals - Health Care|9|26.1|26.74
2024-12-24|WDAY|Application Software - Information Technology|2|274.82|269.04
2024-12-24|ZBH|Health Care Equipment - Health Care|1|106.84|107.3
2024-12-24|XEL|Multi-Utilities - Utilities|1|67.66|68.21
2024-12-24|F|Automobile Manufacturers - Consumer Discretionary|1|9.99|10.02
2024-12-24|TGT|Consumer Staples Merchandise Retail - Consumer Staples|7|131.6|132.4
2024-12-24|HON|Industrial Conglomerates - Industrials|5|213.82|215.74
2024-12-24|ZTS|Pharmaceuticals - Health Care|3|167.01|164.7
2024-12-24|WY|Timber REITs - Real Estate|2|27.96|28.26
2024-12-24|ZTS|Pharmaceuticals - Health Care|2|163.52|164.7
2024-12-24|ZBH|Health Care Equipment - Health Care|7|105.81|107.3
2024-12-24|YUM|Restaurants - Consumer Discretionary|2|130.36|135.0
2024-12-24|XYL|Industrial Machinery & Supplies & Components - Industrials|10|116.43|118.15
2024-12-24|XOM|Integrated Oil & Gas - Energy|8|105.51|106.4
2024-12-24|WY|Timber REITs - Real Estate|1|27.21|28.26
2024-12-24|CNC|Managed Health Care - Health Care|14|60.83|60.83
2024-12-24|WBD|Broadcasting - Communication Services|2|10.55|10.55
2024-12-30|YUM|Restaurants - Consumer Discretionary|7|134.5|133.52
2024-12-30|HST|Hotel & Resort REITs - Real Estate|2|17.34|17.78
2024-12-30|ZBH|Health Care Equipment - Health Care|1|104.68|105.4
2024-12-30|HST|Hotel & Resort REITs - Real Estate|1|17.59|17.78
2024-12-30|SW|Paper & Plastic Packaging Products & Materials - Materials|2|51.5|53.62
2024-12-30|TRMB|Electronic Equipment & Instruments - Information Technology|17|72.64|70.43
2024-12-30|EMR|Electrical Components & Equipment - Industrials|9|126.86|124.26
2024-12-30|C|Diversified Banks - Financials|4|69.03|70.39
2024-12-30|EW|Health Care Equipment - Health Care|3|70.38|74.24
2024-12-30|HST|Hotel & Resort REITs - Real Estate|1|18.43|17.78
2024-12-30|ABBV|Biotechnology - Health Care|1|176.17|176.2
2024-12-30|PFE|Pharmaceuticals - Health Care|9|26.1|26.42
2024-12-30|WDAY|Application Software - Information Technology|2|274.82|262.0
2024-12-30|ZBH|Health Care Equipment - Health Care|1|106.84|105.4
2024-12-30|XEL|Multi-Utilities - Utilities|1|67.66|67.59
2024-12-30|F|Automobile Manufacturers - Consumer Discretionary|1|9.99|9.88
2024-12-30|TGT|Consumer Staples Merchandise Retail - Consumer Staples|7|131.6|135.05
2024-12-30|HON|Industrial Conglomerates - Industrials|5|213.82|213.57
2024-12-30|ZTS|Pharmaceuticals - Health Care|3|167.01|162.24
2024-12-30|WY|Timber REITs - Real Estate|2|27.96|27.89
2024-12-30|ZTS|Pharmaceuticals - Health Care|2|163.52|162.24
2024-12-30|ZBH|Health Care Equipment - Health Care|7|105.81|105.4
2024-12-30|YUM|Restaurants - Consumer Discretionary|2|130.36|133.52
2024-12-30|XYL|Industrial Machinery & Supplies & Components - Industrials|10|116.43|116.28
2024-12-30|XOM|Integrated Oil & Gas - Energy|8|105.51|105.76
2024-12-30|WY|Timber REITs - Real Estate|1|27.21|27.89
2024-12-30|CNC|Managed Health Care - Health Care|14|60.83|60.36
2024-12-30|WBD|Broadcasting - Communication Services|2|10.55|10.51
2024-12-30|UAL|Passenger Airlines - Industrials|1|98.21|98.21
2024-12-30|LUV|Passenger Airlines - Industrials|2|33.56|33.56
2024-12-30|WBD|Broadcasting - Communication Services|2|10.51|10.51
