Date|symbol|sector|quantity|buy_price|price
2024-01-02|EMN|Specialty Chemicals - Materials|11|89.38|89.38
2024-01-02|DVA|Health Care Services - Health Care|9|106.89|106.89
2024-01-02|STT|Asset Management & Custody Banks - Financials|12|77.75|77.75
2024-01-02|SYK|Health Care Equipment - Health Care|3|296.23|296.23
2024-01-02|ROL|Environmental & Facilities Services - Industrials|23|43.27|43.27
2024-01-02|GILD|Biotechnology - Health Care|12|83.24|83.24
2024-01-02|ZTS|Pharmaceuticals - Health Care|5|196.57|196.57
2024-01-02|ZBRA|Electronic Equipment & Instruments - Information Technology|3|267.98|267.98
2024-01-02|YUM|Restaurants - Consumer Discretionary|7|129.03|129.03
2024-01-02|XYL|Industrial Machinery & Supplies & Components - Industrials|8|113.67|113.67
2024-01-02|XOM|Integrated Oil & Gas - Energy|6|102.36|102.36
2024-01-02|WBD|Broadcasting - Communication Services|2|11.66|11.66
2024-01-03|EMN|Specialty Chemicals - Materials|11|89.38|88.01
2024-01-03|DVA|Health Care Services - Health Care|9|106.89|105.29
2024-01-03|STT|Asset Management & Custody Banks - Financials|12|77.75|77.3
2024-01-03|SYK|Health Care Equipment - Health Care|3|296.23|293.94
2024-01-03|ROL|Environmental & Facilities Services - Industrials|23|43.27|42.24
2024-01-03|GILD|Biotechnology - Health Care|12|83.24|83.48
2024-01-03|ZTS|Pharmaceuticals - Health Care|5|196.57|192.93
2024-01-03|YUM|Restaurants - Consumer Discretionary|7|129.03|129.1
2024-01-03|XYL|Industrial Machinery & Supplies & Components - Industrials|8|113.67|111.56
2024-01-03|XOM|Integrated Oil & Gas - Energy|6|102.36|103.22
2024-01-03|WBD|Broadcasting - Communication Services|2|11.66|11.3
2024-01-03|CFG|Regional Banks - Financials|23|32.14|32.14
2024-01-03|WBD|Broadcasting - Communication Services|1|11.3|11.3
2024-01-09|EMN|Specialty Chemicals - Materials|11|89.38|87.8
2024-01-09|DVA|Health Care Services - Health Care|9|106.89|108.45
2024-01-09|STT|Asset Management & Custody Banks - Financials|12|77.75|77.32
2024-01-09|SYK|Health Care Equipment - Health Care|3|296.23|303.25
2024-01-09|ROL|Environmental & Facilities Services - Industrials|23|43.27|43.06
2024-01-09|GILD|Biotechnology - Health Care|12|83.24|86.06
2024-01-09|ZTS|Pharmaceuticals - Health Care|5|196.57|195.94
2024-01-09|YUM|Restaurants - Consumer Discretionary|7|129.03|128.22
2024-01-09|XYL|Industrial Machinery & Supplies & Components - Industrials|8|113.67|112.11
2024-01-09|XOM|Integrated Oil & Gas - Energy|6|102.36|99.67
2024-01-09|CFG|Regional Banks - Financials|23|32.14|33.33
2024-01-09|WBD|Broadcasting - Communication Services|1|11.3|11.03
2024-01-09|NCLH|Hotels, Resorts & Cruise Lines - Consumer Discretionary|1|17.38|17.38
2024-01-09|WBD|Broadcasting - Communication Services|1|11.03|11.03
2024-01-11|EMN|Specialty Chemicals - Materials|11|89.38|87.07
2024-01-11|DVA|Health Care Services - Health Care|9|106.89|109.94
2024-01-11|STT|Asset Management & Custody Banks - Financials|12|77.75|76.26
2024-01-11|SYK|Health Care Equipment - Health Care|3|296.23|308.99
2024-01-11|ROL|Environmental & Facilities Services - Industrials|23|43.27|43.85
2024-01-11|GILD|Biotechnology - Health Care|12|83.24|85.39
2024-01-11|ZTS|Pharmaceuticals - Health Care|5|196.57|196.71
2024-01-11|YUM|Restaurants - Consumer Discretionary|7|129.03|129.0
2024-01-11|XYL|Industrial Machinery & Supplies & Components - Industrials|8|113.67|111.67
2024-01-11|XOM|Integrated Oil & Gas - Energy|6|102.36|98.67
2024-01-11|CFG|Regional Banks - Financials|23|32.14|32.61
2024-01-11|NCLH|Hotels, Resorts & Cruise Lines - Consumer Discretionary|1|17.38|17.51
2024-01-11|WBD|Broadcasting - Communication Services|1|11.03|10.54
2024-01-11|WBD|Broadcasting - Communication Services|1|10.54|10.54
2024-01-16|EMN|Specialty Chemicals - Materials|11|89.38|86.29
2024-01-16|DVA|Health Care Services - Health Care|9|106.89|104.82
2024-01-16|STT|Asset Management & Custody Banks - Financials|12|77.75|75.87
2024-01-16|SYK|Health Care Equipment - Health Care|3|296.23|314.29
2024-01-16|ROL|Environmental & Facilities Services - Industrials|23|43.27|43.68
2024-01-16|GILD|Biotechnology - Health Care|12|83.24|85.99
2024-01-16|ZTS|Pharmaceuticals - Health Care|5|196.57|192.99
2024-01-16|YUM|Restaurants - Consumer Discretionary|7|129.03|129.81
2024-01-16|XYL|Industrial Machinery & Supplies & Components - Industrials|8|113.67|110.96
2024-01-16|XOM|Integrated Oil & Gas - Energy|6|102.36|97.69
2024-01-16|CFG|Regional Banks - Financials|23|32.14|31.2
2024-01-16|NCLH|Hotels, Resorts & Cruise Lines - Consumer Discretionary|1|17.38|17.25
2024-01-16|WBD|Broadcasting - Communication Services|1|10.54|10.35
2024-01-16|WBD|Broadcasting - Communication Services|1|10.35|10.35
2024-01-17|EMN|Specialty Chemicals - Materials|11|89.38|85.71
2024-01-17|DVA|Health Care Services - Health Care|9|106.89|104.65
2024-01-17|STT|Asset Management & Custody Banks - Financials|12|77.75|74.69
2024-01-17|SYK|Health Care Equipment - Health Care|3|296.23|313.68
2024-01-17|ROL|Environmental & Facilities Services - Industrials|23|43.27|43.37
2024-01-17|GILD|Biotechnology - Health Care|12|83.24|86.48
2024-01-17|ZTS|Pharmaceuticals - Health Care|5|196.57|190.9
2024-01-17|YUM|Restaurants - Consumer Discretionary|7|129.03|129.08
2024-01-17|XYL|Industrial Machinery & Supplies & Components - Industrials|8|113.67|109.69
2024-01-17|CFG|Regional Banks - Financials|23|32.14|31.73
2024-01-17|NCLH|Hotels, Resorts & Cruise Lines - Consumer Discretionary|1|17.38|17.08
2024-01-17|WBD|Broadcasting - Communication Services|1|10.54|10.16
2024-01-17|WBD|Broadcasting - Communication Services|1|10.35|10.16
2024-01-17|ULTA|Other Specialty Retail - Consumer Discretionary|1|472.76|472.76
2024-01-17|IVZ|Asset Management & Custody Banks - Financials|3|16.65|16.65
2024-01-17|INVH|Single-Family Residential REITs - Real Estate|1|33.11|33.11
2024-01-17|WBD|Broadcasting - Communication Services|2|10.16|10.16
2024-01-22|EMN|Specialty Chemicals - Materials|11|89.38|87.39
2024-01-22|DVA|Health Care Services - Health Care|9|106.89|104.63
2024-01-22|STT|Asset Management & Custody Banks - Financials|12|77.75|74.31
2024-01-22|SYK|Health Care Equipment - Health Care|3|296.23|313.27
2024-01-22|ROL|Environmental & Facilities Services - Industrials|23|43.27|44.08
2024-01-22|ZTS|Pharmaceuticals - Health Care|5|196.57|191.2
2024-01-22|YUM|Restaurants - Consumer Discretionary|7|129.03|131.06
2024-01-22|XYL|Industrial Machinery & Supplies & Components - Industrials|8|113.67|113.38
2024-01-22|CFG|Regional Banks - Financials|23|32.14|33.17
2024-01-22|NCLH|Hotels, Resorts & Cruise Lines - Consumer Discretionary|1|17.38|17.48
2024-01-22|WBD|Broadcasting - Communication Services|1|10.54|10.47
2024-01-22|WBD|Broadcasting - Communication Services|1|10.35|10.47
2024-01-22|ULTA|Other Specialty Retail - Consumer Discretionary|1|472.76|476.9
2024-01-22|IVZ|Asset Management & Custody Banks - Financials|3|16.65|17.39
2024-01-22|INVH|Single-Family Residential REITs - Real Estate|1|33.11|34.18
2024-01-22|WBD|Broadcasting - Communication Services|2|10.16|10.47
2024-01-22|CMI|Construction Machinery & Heavy Transportation Equipment - Industrials|4|233.88|233.88
2024-01-22|WBD|Broadcasting - Communication Services|1|10.47|10.47
2024-01-24|DVA|Health Care Services - Health Care|9|106.89|104.46
2024-01-24|SYK|Health Care Equipment - Health Care|3|296.23|307.75
2024-01-24|ROL|Environmental & Facilities Services - Industrials|23|43.27|43.29
2024-01-24|YUM|Restaurants - Consumer Discretionary|7|129.03|129.44
2024-01-24|XYL|Industrial Machinery & Supplies & Components - Industrials|8|113.67|111.7
2024-01-24|CFG|Regional Banks - Financials|23|32.14|33.68
2024-01-24|NCLH|Hotels, Resorts & Cruise Lines - Consumer Discretionary|1|17.38|17.51
2024-01-24|WBD|Broadcasting - Communication Services|1|10.54|10.41
2024-01-24|WBD|Broadcasting - Communication Services|1|10.35|10.41
2024-01-24|ULTA|Other Specialty Retail - Consumer Discretionary|1|472.76|478.77
2024-01-24|IVZ|Asset Management & Custody Banks - Financials|3|16.65|15.82
2024-01-24|INVH|Single-Family Residential REITs - Real Estate|1|33.11|33.12
2024-01-24|WBD|Broadcasting - Communication Services|2|10.16|10.41
2024-01-24|CMI|Construction Machinery & Heavy Transportation Equipment - Industrials|4|233.88|235.8
2024-01-24|WBD|Broadcasting - Communication Services|1|10.47|10.41
2024-01-24|KEYS|Electronic Equipment & Instruments - Information Technology|6|155.22|155.22
2024-01-24|DTE|Multi-Utilities - Utilities|9|102.36|102.36
2024-01-24|ZTS|Pharmaceuticals - Health Care|4|186.07|186.07
2024-01-24|XOM|Integrated Oil & Gas - Energy|1|99.6|99.6
2024-01-24|WY|Timber REITs - Real Estate|1|33.13|33.13
2024-01-24|WBD|Broadcasting - Communication Services|1|10.41|10.41
2024-02-02|DVA|Health Care Services - Health Care|9|106.89|111.21
2024-02-02|ROL|Environmental & Facilities Services - Industrials|23|43.27|44.02
2024-02-02|YUM|Restaurants - Consumer Discretionary|7|129.03|128.75
2024-02-02|XYL|Industrial Machinery & Supplies & Components - Industrials|8|113.67|115.42
2024-02-02|CFG|Regional Banks - Financials|23|32.14|32.06
2024-02-02|NCLH|Hotels, Resorts & Cruise Lines - Consumer Discretionary|1|17.38|17.74
2024-02-02|WBD|Broadcasting - Communication Services|1|10.54|10.25
2024-02-02|WBD|Broadcasting - Communication Services|1|10.35|10.25
2024-02-02|ULTA|Other Specialty Retail - Consumer Discretionary|1|472.76|505.33
2024-02-02|IVZ|Asset Management & Custody Banks - Financials|3|16.65|15.83
2024-02-02|INVH|Single-Family Residential REITs - Real Estate|1|33.11|33.02
2024-02-02|WBD|Broadcasting - Communication Services|2|10.16|10.25
2024-02-02|CMI|Construction Machinery & Heavy Transportation Equipment - Industrials|4|233.88|244.65
2024-02-02|WBD|Broadcasting - Communication Services|1|10.47|10.25
2024-02-02|KEYS|Electronic Equipment & Instruments - Information Technology|6|155.22|155.7
2024-02-02|DTE|Multi-Utilities - Utilities|9|102.36|105.08
2024-02-02|ZTS|Pharmaceuticals - Health Care|4|186.07|189.04
2024-02-02|XOM|Integrated Oil & Gas - Energy|1|99.6|101.97
2024-02-02|WY|Timber REITs - Real Estate|1|33.13|32.9
2024-02-02|WBD|Broadcasting - Communication Services|1|10.41|10.25
2024-02-02|TSCO|Other Specialty Retail - Consumer Discretionary|10|46.59|46.59
2024-02-02|BBY|Computer & Electronics Retail - Consumer Discretionary|7|75.69|75.69
2024-02-02|WBD|Broadcasting - Communication Services|3|10.25|10.25
2024-02-05|DVA|Health Care Services - Health Care|9|106.89|110.74
2024-02-05|ROL|Environmental & Facilities Services - Industrials|23|43.27|43.52
2024-02-05|YUM|Restaurants - Consumer Discretionary|7|129.03|126.33
2024-02-05|XYL|Industrial Machinery & Supplies & Components - Industrials|8|113.67|114.08
2024-02-05|CFG|Regional Banks - Financials|23|32.14|31.55
2024-02-05|NCLH|Hotels, Resorts & Cruise Lines - Consumer Discretionary|1|17.38|17.14
2024-02-05|WBD|Broadcasting - Communication Services|1|10.54|10.07
2024-02-05|WBD|Broadcasting - Communication Services|1|10.35|10.07
2024-02-05|ULTA|Other Specialty Retail - Consumer Discretionary|1|472.76|502.38
2024-02-05|INVH|Single-Family Residential REITs - Real Estate|1|33.11|32.22
2024-02-05|WBD|Broadcasting - Communication Services|2|10.16|10.07
2024-02-05|CMI|Construction Machinery & Heavy Transportation Equipment - Industrials|4|233.88|241.11
2024-02-05|WBD|Broadcasting - Communication Services|1|10.47|10.07
2024-02-05|KEYS|Electronic Equipment & Instruments - Information Technology|6|155.22|154.15
2024-02-05|DTE|Multi-Utilities - Utilities|9|102.36|103.92
2024-02-05|ZTS|Pharmaceuticals - Health Care|4|186.07|190.17
2024-02-05|XOM|Integrated Oil & Gas - Energy|1|99.6|101.55
2024-02-05|WY|Timber REITs - Real Estate|1|33.13|32.37
2024-02-05|WBD|Broadcasting - Communication Services|1|10.41|10.07
2024-02-05|TSCO|Other Specialty Retail - Consumer Discretionary|10|46.59|46.19
2024-02-05|BBY|Computer & Electronics Retail - Consumer Discretionary|7|75.69|74.21
2024-02-05|WBD|Broadcasting - Communication Services|3|10.25|10.07
2024-02-05|WY|Timber REITs - Real Estate|1|32.37|32.37
2024-02-05|WBD|Broadcasting - Communication Services|1|10.07|10.07
2024-02-07|DVA|Health Care Services - Health Care|9|106.89|111.61
2024-02-07|ROL|Environmental & Facilities Services - Industrials|23|43.27|44.2
2024-02-07|YUM|Restaurants - Consumer Discretionary|7|129.03|129.64
2024-02-07|XYL|Industrial Machinery & Supplies & Components - Industrials|8|113.67|123.35
2024-02-07|CFG|Regional Banks - Financials|23|32.14|31.31
2024-02-07|NCLH|Hotels, Resorts & Cruise Lines - Consumer Discretionary|1|17.38|17.39
2024-02-07|ULTA|Other Specialty Retail - Consumer Discretionary|1|472.76|514.04
2024-02-07|INVH|Single-Family Residential REITs - Real Estate|1|33.11|32.56
2024-02-07|WBD|Broadcasting - Communication Services|2|10.16|9.75
2024-02-07|CMI|Construction Machinery & Heavy Transportation Equipment - Industrials|4|233.88|248.11
2024-02-07|KEYS|Electronic Equipment & Instruments - Information Technology|6|155.22|158.14
2024-02-07|DTE|Multi-Utilities - Utilities|9|102.36|105.22
2024-02-07|ZTS|Pharmaceuticals - Health Care|4|186.07|197.09
2024-02-07|XOM|Integrated Oil & Gas - Energy|1|99.6|102.22
2024-02-07|WY|Timber REITs - Real Estate|1|33.13|32.86
2024-02-07|TSCO|Other Specialty Retail - Consumer Discretionary|10|46.59|46.69
2024-02-07|BBY|Computer & Electronics Retail - Consumer Discretionary|7|75.69|75.48
2024-02-07|WBD|Broadcasting - Communication Services|3|10.25|9.75
2024-02-07|WY|Timber REITs - Real Estate|1|32.37|32.86
2024-02-07|WBD|Broadcasting - Communication Services|1|10.07|9.75
2024-02-07|WY|Timber REITs - Real Estate|1|32.86|32.86
2024-02-07|WBD|Broadcasting - Communication Services|1|9.75|9.75
2024-02-09|DVA|Health Care Services - Health Care|9|106.89|109.86
2024-02-09|ROL|Environmental & Facilities Services - Industrials|23|43.27|43.48
2024-02-09|YUM|Restaurants - Consumer Discretionary|7|129.03|130.27
2024-02-09|XYL|Industrial Machinery & Supplies & Components - Industrials|8|113.67|124.3
2024-02-09|CFG|Regional Banks - Financials|23|32.14|31.5
2024-02-09|ULTA|Other Specialty Retail - Consumer Discretionary|1|472.76|522.63
2024-02-09|INVH|Single-Family Residential REITs - Real Estate|1|33.11|33.07
2024-02-09|CMI|Construction Machinery & Heavy Transportation Equipment - Industrials|4|233.88|251.78
2024-02-09|KEYS|Electronic Equipment & Instruments - Information Technology|6|155.22|161.52
2024-02-09|DTE|Multi-Utilities - Utilities|9|102.36|104.41
2024-02-09|ZTS|Pharmaceuticals - Health Care|4|186.07|197.32
2024-02-09|XOM|Integrated Oil & Gas - Energy|1|99.6|101.77
2024-02-09|WY|Timber REITs - Real Estate|1|33.13|33.28
2024-02-09|TSCO|Other Specialty Retail - Consumer Discretionary|10|46.59|47.02
2024-02-09|BBY|Computer & Electronics Retail - Consumer Discretionary|7|75.69|75.6
2024-02-09|WY|Timber REITs - Real Estate|1|32.37|33.28
2024-02-09|WBD|Broadcasting - Communication Services|1|10.07|9.64
2024-02-09|WY|Timber REITs - Real Estate|1|32.86|33.28
2024-02-09|WBD|Broadcasting - Communication Services|1|9.75|9.64
2024-02-09|XEL|Multi-Utilities - Utilities|1|58.17|58.17
2024-02-13|DVA|Health Care Services - Health Care|9|106.89|113.6
2024-02-13|ROL|Environmental & Facilities Services - Industrials|23|43.27|43.85
2024-02-13|YUM|Restaurants - Consumer Discretionary|7|129.03|131.21
2024-02-13|XYL|Industrial Machinery & Supplies & Components - Industrials|8|113.67|121.73
2024-02-13|CFG|Regional Banks - Financials|23|32.14|30.75
2024-02-13|ULTA|Other Specialty Retail - Consumer Discretionary|1|472.76|531.06
2024-02-13|INVH|Single-Family Residential REITs - Real Estate|1|33.11|32.26
2024-02-13|CMI|Construction Machinery & Heavy Transportation Equipment - Industrials|4|233.88|254.5
2024-02-13|KEYS|Electronic Equipment & Instruments - Information Technology|6|155.22|153.15
2024-02-13|DTE|Multi-Utilities - Utilities|9|102.36|104.38
2024-02-13|ZTS|Pharmaceuticals - Health Care|4|186.07|183.49
2024-02-13|XOM|Integrated Oil & Gas - Energy|1|99.6|101.34
2024-02-13|WY|Timber REITs - Real Estate|1|33.13|32.84
2024-02-13|TSCO|Other Specialty Retail - Consumer Discretionary|10|46.59|46.66
2024-02-13|BBY|Computer & Electronics Retail - Consumer Discretionary|7|75.69|72.9
2024-02-13|WY|Timber REITs - Real Estate|1|32.37|32.84
2024-02-13|WY|Timber REITs - Real Estate|1|32.86|32.84
2024-02-13|WBD|Broadcasting - Communication Services|1|9.75|9.54
2024-02-13|XEL|Multi-Utilities - Utilities|1|58.17|58.28
2024-02-13|WBD|Broadcasting - Communication Services|1|9.54|9.54
2024-02-14|ROL|Environmental & Facilities Services - Industrials|23|43.27|44.25
2024-02-14|YUM|Restaurants - Consumer Discretionary|7|129.03|134.01
2024-02-14|XYL|Industrial Machinery & Supplies & Components - Industrials|8|113.67|124.16
2024-02-14|CFG|Regional Banks - Financials|23|32.14|31.31
2024-02-14|ULTA|Other Specialty Retail - Consumer Discretionary|1|472.76|526.59
2024-02-14|INVH|Single-Family Residential REITs - Real Estate|1|33.11|32.33
2024-02-14|CMI|Construction Machinery & Heavy Transportation Equipment - Industrials|4|233.88|260.47
2024-02-14|KEYS|Electronic Equipment & Instruments - Information Technology|6|155.22|154.89
2024-02-14|DTE|Multi-Utilities - Utilities|9|102.36|105.33
2024-02-14|ZTS|Pharmaceuticals - Health Care|4|186.07|184.08
2024-02-14|XOM|Integrated Oil & Gas - Energy|1|99.6|100.84
2024-02-14|WY|Timber REITs - Real Estate|1|33.13|33.03
2024-02-14|TSCO|Other Specialty Retail - Consumer Discretionary|10|46.59|47.1
2024-02-14|BBY|Computer & Electronics Retail - Consumer Discretionary|7|75.69|74.6
2024-02-14|WY|Timber REITs - Real Estate|1|32.37|33.03
2024-02-14|WY|Timber REITs - Real Estate|1|32.86|33.03
2024-02-14|WBD|Broadcasting - Communication Services|1|9.75|9.73
2024-02-14|XEL|Multi-Utilities - Utilities|1|58.17|58.68
2024-02-14|WBD|Broadcasting - Communication Services|1|9.54|9.73
2024-02-14|ZTS|Pharmaceuticals - Health Care|1|184.08|184.08
2024-02-14|ZBH|Health Care Equipment - Health Care|7|121.84|121.84
2024-02-14|WY|Timber REITs - Real Estate|2|33.03|33.03
2024-02-14|WBD|Broadcasting - Communication Services|1|9.73|9.73
2024-02-16|YUM|Restaurants - Consumer Discretionary|7|129.03|134.55
2024-02-16|XYL|Industrial Machinery & Supplies & Components - Industrials|8|113.67|123.79
2024-02-16|CFG|Regional Banks - Financials|23|32.14|31.56
2024-02-16|ULTA|Other Specialty Retail - Consumer Discretionary|1|472.76|532.09
2024-02-16|INVH|Single-Family Residential REITs - Real Estate|1|33.11|32.7
2024-02-16|CMI|Construction Machinery & Heavy Transportation Equipment - Industrials|4|233.88|266.48
2024-02-16|KEYS|Electronic Equipment & Instruments - Information Technology|6|155.22|155.22
2024-02-16|DTE|Multi-Utilities - Utilities|9|102.36|107.8
2024-02-16|ZTS|Pharmaceuticals - Health Care|4|186.07|188.39
2024-02-16|XOM|Integrated Oil & Gas - Energy|1|99.6|103.73
2024-02-16|WY|Timber REITs - Real Estate|1|33.13|32.99
2024-02-16|TSCO|Other Specialty Retail - Consumer Discretionary|10|46.59|47.3
2024-02-16|BBY|Computer & Electronics Retail - Consumer Discretionary|7|75.69|73.75
2024-02-16|WY|Timber REITs - Real Estate|1|32.37|32.99
2024-02-16|WY|Timber REITs - Real Estate|1|32.86|32.99
2024-02-16|WBD|Broadcasting - Communication Services|1|9.75|9.83
2024-02-16|XEL|Multi-Utilities - Utilities|1|58.17|59.07
2024-02-16|WBD|Broadcasting - Communication Services|1|9.54|9.83
2024-02-16|ZTS|Pharmaceuticals - Health Care|1|184.08|188.39
2024-02-16|ZBH|Health Care Equipment - Health Care|7|121.84|124.71
2024-02-16|WY|Timber REITs - Real Estate|2|33.03|32.99
2024-02-16|WBD|Broadcasting - Communication Services|1|9.73|9.83
2024-02-16|PG|Personal Care Products - Consumer Staples|6|157.51|157.51
2024-02-21|YUM|Restaurants - Consumer Discretionary|7|129.03|135.23
2024-02-21|XYL|Industrial Machinery & Supplies & Components - Industrials|8|113.67|123.49
2024-02-21|CFG|Regional Banks - Financials|23|32.14|31.19
2024-02-21|ULTA|Other Specialty Retail - Consumer Discretionary|1|472.76|538.79
2024-02-21|INVH|Single-Family Residential REITs - Real Estate|1|33.11|33.2
2024-02-21|CMI|Construction Machinery & Heavy Transportation Equipment - Industrials|4|233.88|263.19
2024-02-21|DTE|Multi-Utilities - Utilities|9|102.36|109.16
2024-02-21|ZTS|Pharmaceuticals - Health Care|4|186.07|188.38
2024-02-21|XOM|Integrated Oil & Gas - Energy|1|99.6|104.85
2024-02-21|WY|Timber REITs - Real Estate|1|33.13|33.16
2024-02-21|TSCO|Other Specialty Retail - Consumer Discretionary|10|46.59|47.08
2024-02-21|BBY|Computer & Electronics Retail - Consumer Discretionary|7|75.69|74.12
2024-02-21|WY|Timber REITs - Real Estate|1|32.37|33.16
2024-02-21|WY|Timber REITs - Real Estate|1|32.86|33.16
2024-02-21|WBD|Broadcasting - Communication Services|1|9.75|9.57
2024-02-21|XEL|Multi-Utilities - Utilities|1|58.17|59.81
2024-02-21|WBD|Broadcasting - Communication Services|1|9.54|9.57
2024-02-21|ZTS|Pharmaceuticals - Health Care|1|184.08|188.38
2024-02-21|ZBH|Health Care Equipment - Health Care|7|121.84|128.35
2024-02-21|WY|Timber REITs - Real Estate|2|33.03|33.16
2024-02-21|WBD|Broadcasting - Communication Services|1|9.73|9.57
2024-02-21|PG|Personal Care Products - Consumer Staples|6|157.51|160.4
2024-02-21|ZBRA|Electronic Equipment & Instruments - Information Technology|3|274.43|274.43
2024-02-21|WY|Timber REITs - Real Estate|1|33.16|33.16
2024-02-21|WBD|Broadcasting - Communication Services|1|9.57|9.57
2024-02-22|YUM|Restaurants - Consumer Discretionary|7|129.03|137.33
2024-02-22|XYL|Industrial Machinery & Supplies & Components - Industrials|8|113.67|125.1
2024-02-22|CFG|Regional Banks - Financials|23|32.14|31.08
2024-02-22|INVH|Single-Family Residential REITs - Real Estate|1|33.11|33.12
2024-02-22|CMI|Construction Machinery & Heavy Transportation Equipment - Industrials|4|233.88|262.88
2024-02-22|DTE|Multi-Utilities - Utilities|9|102.36|107.02
2024-02-22|ZTS|Pharmaceuticals - Health Care|4|186.07|196.66
2024-02-22|XOM|Integrated Oil & Gas - Energy|1|99.6|104.76
2024-02-22|WY|Timber REITs - Real Estate|1|33.13|33.69
2024-02-22|TSCO|Other Specialty Retail - Consumer Discretionary|10|46.59|47.94
2024-02-22|BBY|Computer & Electronics Retail - Consumer Discretionary|7|75.69|75.21
2024-02-22|WY|Timber REITs - Real Estate|1|32.37|33.69
2024-02-22|WY|Timber REITs - Real Estate|1|32.86|33.69
2024-02-22|WBD|Broadcasting - Communication Services|1|9.75|9.56
2024-02-22|XEL|Multi-Utilities - Utilities|1|58.17|59.33
2024-02-22|WBD|Broadcasting - Communication Services|1|9.54|9.56
2024-02-22|ZTS|Pharmaceuticals - Health Care|1|184.08|196.66
2024-02-22|ZBH|Health Care Equipment - Health Care|7|121.84|128.54
2024-02-22|WY|Timber REITs - Real Estate|2|33.03|33.69
2024-02-22|WBD|Broadcasting - Communication Services|1|9.73|9.56
2024-02-22|PG|Personal Care Products - Consumer Staples|6|157.51|160.56
2024-02-22|ZBRA|Electronic Equipment & Instruments - Information Technology|3|274.43|279.48
2024-02-22|WY|Timber REITs - Real Estate|1|33.16|33.69
2024-02-22|WBD|Broadcasting - Communication Services|1|9.57|9.56
2024-02-22|ZBH|Health Care Equipment - Health Care|1|128.54|128.54
2024-02-22|XOM|Integrated Oil & Gas - Energy|4|104.76|104.76
2024-02-23|YUM|Restaurants - Consumer Discretionary|7|129.03|138.32
2024-02-23|XYL|Industrial Machinery & Supplies & Components - Industrials|8|113.67|125.63
2024-02-23|CFG|Regional Banks - Financials|23|32.14|31.15
2024-02-23|INVH|Single-Family Residential REITs - Real Estate|1|33.11|33.28
2024-02-23|CMI|Construction Machinery & Heavy Transportation Equipment - Industrials|4|233.88|263.97
2024-02-23|DTE|Multi-Utilities - Utilities|9|102.36|108.45
2024-02-23|ZTS|Pharmaceuticals - Health Care|4|186.07|197.21
2024-02-23|XOM|Integrated Oil & Gas - Energy|1|99.6|103.84
2024-02-23|WY|Timber REITs - Real Estate|1|33.13|33.38
2024-02-23|TSCO|Other Specialty Retail - Consumer Discretionary|10|46.59|48.61
2024-02-23|BBY|Computer & Electronics Retail - Consumer Discretionary|7|75.69|76.28
2024-02-23|WY|Timber REITs - Real Estate|1|32.37|33.38
2024-02-23|WY|Timber REITs - Real Estate|1|32.86|33.38
2024-02-23|XEL|Multi-Utilities - Utilities|1|58.17|59.33
2024-02-23|ZTS|Pharmaceuticals - Health Care|1|184.08|197.21
2024-02-23|ZBH|Health Care Equipment - Health Care|7|121.84|129.18
2024-02-23|WY|Timber REITs - Real Estate|2|33.03|33.38
2024-02-23|PG|Personal Care Products - Consumer Staples|6|157.51|161.03
2024-02-23|ZBRA|Electronic Equipment & Instruments - Information Technology|3|274.43|274.99
2024-02-23|WY|Timber REITs - Real Estate|1|33.16|33.38
2024-02-23|ZBH|Health Care Equipment - Health Care|1|128.54|129.18
2024-02-23|XOM|Integrated Oil & Gas - Energy|4|104.76|103.84
2024-02-23|WY|Timber REITs - Real Estate|1|33.38|33.38
2024-02-26|YUM|Restaurants - Consumer Discretionary|7|129.03|138.06
2024-02-26|XYL|Industrial Machinery & Supplies & Components - Industrials|8|113.67|125.71
2024-02-26|INVH|Single-Family Residential REITs - Real Estate|1|33.11|33.31
2024-02-26|CMI|Construction Machinery & Heavy Transportation Equipment - Industrials|4|233.88|266.21
2024-02-26|DTE|Multi-Utilities - Utilities|9|102.36|106.19
2024-02-26|ZTS|Pharmaceuticals - Health Care|4|186.07|197.04
2024-02-26|XOM|Integrated Oil & Gas - Energy|1|99.6|104.25
2024-02-26|WY|Timber REITs - Real Estate|1|33.13|32.78
2024-02-26|TSCO|Other Specialty Retail - Consumer Discretionary|10|46.59|48.54
2024-02-26|BBY|Computer & Electronics Retail - Consumer Discretionary|7|75.69|76.45
2024-02-26|WY|Timber REITs - Real Estate|1|32.37|32.78
2024-02-26|WY|Timber REITs - Real Estate|1|32.86|32.78
2024-02-26|XEL|Multi-Utilities - Utilities|1|58.17|58.05
2024-02-26|ZTS|Pharmaceuticals - Health Care|1|184.08|197.04
2024-02-26|ZBH|Health Care Equipment - Health Care|7|121.84|126.88
2024-02-26|WY|Timber REITs - Real Estate|2|33.03|32.78
2024-02-26|PG|Personal Care Products - Consumer Staples|6|157.51|160.22
2024-02-26|ZBRA|Electronic Equipment & Instruments - Information Technology|3|274.43|278.06
2024-02-26|WY|Timber REITs - Real Estate|1|33.16|32.78
2024-02-26|ZBH|Health Care Equipment - Health Care|1|128.54|126.88
2024-02-26|XOM|Integrated Oil & Gas - Energy|4|104.76|104.25
2024-02-26|WY|Timber REITs - Real Estate|1|33.38|32.78
2024-02-26|FTNT|Systems Software - Information Technology|10|68.4|68.4
2024-02-26|WBD|Broadcasting - Communication Services|2|8.55|8.55
2024-02-28|YUM|Restaurants - Consumer Discretionary|7|129.03|138.6
2024-02-28|XYL|Industrial Machinery & Supplies & Components - Industrials|8|113.67|125.63
2024-02-28|INVH|Single-Family Residential REITs - Real Estate|1|33.11|33.65
2024-02-28|DTE|Multi-Utilities - Utilities|9|102.36|108.1
2024-02-28|ZTS|Pharmaceuticals - Health Care|4|186.07|199.94
2024-02-28|XOM|Integrated Oil & Gas - Energy|1|99.6|104.32
2024-02-28|WY|Timber REITs - Real Estate|1|33.13|34.23
2024-02-28|TSCO|Other Specialty Retail - Consumer Discretionary|10|46.59|50.52
2024-02-28|BBY|Computer & Electronics Retail - Consumer Discretionary|7|75.69|79.68
2024-02-28|WY|Timber REITs - Real Estate|1|32.37|34.23
2024-02-28|WY|Timber REITs - Real Estate|1|32.86|34.23
2024-02-28|XEL|Multi-Utilities - Utilities|1|58.17|57.67
2024-02-28|ZTS|Pharmaceuticals - Health Care|1|184.08|199.94
2024-02-28|ZBH|Health Care Equipment - Health Care|7|121.84|124.13
2024-02-28|WY|Timber REITs - Real Estate|2|33.03|34.23
2024-02-28|PG|Personal Care Products - Consumer Staples|6|157.51|160.05
2024-02-28|ZBRA|Electronic Equipment & Instruments - Information Technology|3|274.43|272.8
2024-02-28|WY|Timber REITs - Real Estate|1|33.16|34.23
2024-02-28|ZBH|Health Care Equipment - Health Care|1|128.54|124.13
2024-02-28|XOM|Integrated Oil & Gas - Energy|4|104.76|104.32
2024-02-28|WY|Timber REITs - Real Estate|1|33.38|34.23
2024-02-28|FTNT|Systems Software - Information Technology|10|68.4|69.51
2024-02-28|WBD|Broadcasting - Communication Services|2|8.55|8.71
2024-02-28|KR|Food Retail - Consumer Staples|20|48.53|48.53
2024-02-28|XOM|Integrated Oil & Gas - Energy|1|104.32|104.32
2024-02-29|YUM|Restaurants - Consumer Discretionary|7|129.03|138.42
2024-02-29|XYL|Industrial Machinery & Supplies & Components - Industrials|8|113.67|127.05
2024-02-29|INVH|Single-Family Residential REITs - Real Estate|1|33.11|34.07
2024-02-29|DTE|Multi-Utilities - Utilities|9|102.36|108.35
2024-02-29|ZTS|Pharmaceuticals - Health Care|4|186.07|198.33
2024-02-29|XOM|Integrated Oil & Gas - Energy|1|99.6|104.52
2024-02-29|WY|Timber REITs - Real Estate|1|33.13|34.38
2024-02-29|TSCO|Other Specialty Retail - Consumer Discretionary|10|46.59|50.86
2024-02-29|BBY|Computer & Electronics Retail - Consumer Discretionary|7|75.69|80.88
2024-02-29|WY|Timber REITs - Real Estate|1|32.37|34.38
2024-02-29|WY|Timber REITs - Real Estate|1|32.86|34.38
2024-02-29|ZTS|Pharmaceuticals - Health Care|1|184.08|198.33
2024-02-29|ZBH|Health Care Equipment - Health Care|7|121.84|124.36
2024-02-29|WY|Timber REITs - Real Estate|2|33.03|34.38
2024-02-29|PG|Personal Care Products - Consumer Staples|6|157.51|158.94
2024-02-29|ZBRA|Electronic Equipment & Instruments - Information Technology|3|274.43|279.48
2024-02-29|WY|Timber REITs - Real Estate|1|33.16|34.38
2024-02-29|ZBH|Health Care Equipment - Health Care|1|128.54|124.36
2024-02-29|XOM|Integrated Oil & Gas - Energy|4|104.76|104.52
2024-02-29|WY|Timber REITs - Real Estate|1|33.38|34.38
2024-02-29|FTNT|Systems Software - Information Technology|10|68.4|69.11
2024-02-29|WBD|Broadcasting - Communication Services|2|8.55|8.79
2024-02-29|KR|Food Retail - Consumer Staples|20|48.53|49.61
2024-02-29|XOM|Integrated Oil & Gas - Energy|1|104.32|104.52
2024-02-29|XEL|Multi-Utilities - Utilities|1|52.69|52.69
2024-03-01|YUM|Restaurants - Consumer Discretionary|7|129.03|137.42
2024-03-01|XYL|Industrial Machinery & Supplies & Components - Industrials|8|113.67|127.94
2024-03-01|INVH|Single-Family Residential REITs - Real Estate|1|33.11|34.54
2024-03-01|DTE|Multi-Utilities - Utilities|9|102.36|108.11
2024-03-01|ZTS|Pharmaceuticals - Health Care|4|186.07|190.82
2024-03-01|XOM|Integrated Oil & Gas - Energy|1|99.6|105.84
2024-03-01|WY|Timber REITs - Real Estate|1|33.13|34.91
2024-03-01|TSCO|Other Specialty Retail - Consumer Discretionary|10|46.59|50.48
2024-03-01|BBY|Computer & Electronics Retail - Consumer Discretionary|7|75.69|77.92
2024-03-01|WY|Timber REITs - Real Estate|1|32.37|34.91
2024-03-01|WY|Timber REITs - Real Estate|1|32.86|34.91
2024-03-01|ZTS|Pharmaceuticals - Health Care|1|184.08|190.82
2024-03-01|ZBH|Health Care Equipment - Health Care|7|121.84|124.01
2024-03-01|WY|Timber REITs - Real Estate|2|33.03|34.91
2024-03-01|PG|Personal Care Products - Consumer Staples|6|157.51|158.85
2024-03-01|ZBRA|Electronic Equipment & Instruments - Information Technology|3|274.43|289.64
2024-03-01|WY|Timber REITs - Real Estate|1|33.16|34.91
2024-03-01|ZBH|Health Care Equipment - Health Care|1|128.54|124.01
2024-03-01|XOM|Integrated Oil & Gas - Energy|4|104.76|105.84
2024-03-01|WY|Timber REITs - Real Estate|1|33.38|34.91
2024-03-01|FTNT|Systems Software - Information Technology|10|68.4|70.44
2024-03-01|WBD|Broadcasting - Communication Services|2|8.55|8.67
2024-03-01|KR|Food Retail - Consumer Staples|20|48.53|49.16
2024-03-01|XOM|Integrated Oil & Gas - Energy|1|104.32|105.84
2024-03-01|XEL|Multi-Utilities - Utilities|1|49.57|49.57
2024-03-04|YUM|Restaurants - Consumer Discretionary|7|129.03|138.55
2024-03-04|XYL|Industrial Machinery & Supplies & Components - Industrials|8|113.67|127.85
2024-03-04|INVH|Single-Family Residential REITs - Real Estate|1|33.11|35.41
2024-03-04|DTE|Multi-Utilities - Utilities|9|102.36|109.8
2024-03-04|ZTS|Pharmaceuticals - Health Care|4|186.07|187.86
2024-03-04|XOM|Integrated Oil & Gas - Energy|1|99.6|104.36
2024-03-04|WY|Timber REITs - Real Estate|1|33.13|35.36
2024-03-04|TSCO|Other Specialty Retail - Consumer Discretionary|10|46.59|50.65
2024-03-04|BBY|Computer & Electronics Retail - Consumer Discretionary|7|75.69|77.54
2024-03-04|WY|Timber REITs - Real Estate|1|32.37|35.36
2024-03-04|WY|Timber REITs - Real Estate|1|32.86|35.36
2024-03-04|ZTS|Pharmaceuticals - Health Care|1|184.08|187.86
2024-03-04|ZBH|Health Care Equipment - Health Care|7|121.84|125.51
2024-03-04|WY|Timber REITs - Real Estate|2|33.03|35.36
2024-03-04|PG|Personal Care Products - Consumer Staples|6|157.51|159.56
2024-03-04|ZBRA|Electronic Equipment & Instruments - Information Technology|3|274.43|291.65
2024-03-04|WY|Timber REITs - Real Estate|1|33.16|35.36
2024-03-04|ZBH|Health Care Equipment - Health Care|1|128.54|125.51
2024-03-04|XOM|Integrated Oil & Gas - Energy|4|104.76|104.36
2024-03-04|WY|Timber REITs - Real Estate|1|33.38|35.36
2024-03-04|FTNT|Systems Software - Information Technology|10|68.4|71.39
2024-03-04|KR|Food Retail - Consumer Staples|20|48.53|49.37
2024-03-04|XOM|Integrated Oil & Gas - Energy|1|104.32|104.36
2024-03-04|XEL|Multi-Utilities - Utilities|1|49.57|51.06
2024-03-04|WBD|Broadcasting - Communication Services|2|8.11|8.11
2024-03-08|YUM|Restaurants - Consumer Discretionary|7|129.03|139.56
2024-03-08|XYL|Industrial Machinery & Supplies & Components - Industrials|8|113.67|127.08
2024-03-08|INVH|Single-Family Residential REITs - Real Estate|1|33.11|35.12
2024-03-08|DTE|Multi-Utilities - Utilities|9|102.36|112.82
2024-03-08|ZTS|Pharmaceuticals - Health Care|4|186.07|182.16
2024-03-08|XOM|Integrated Oil & Gas - Energy|1|99.6|108.38
2024-03-08|WY|Timber REITs - Real Estate|1|33.13|34.84
2024-03-08|TSCO|Other Specialty Retail - Consumer Discretionary|10|46.59|50.1
2024-03-08|BBY|Computer & Electronics Retail - Consumer Discretionary|7|75.69|78.58
2024-03-08|WY|Timber REITs - Real Estate|1|32.37|34.84
2024-03-08|WY|Timber REITs - Real Estate|1|32.86|34.84
2024-03-08|ZTS|Pharmaceuticals - Health Care|1|184.08|182.16
2024-03-08|ZBH|Health Care Equipment - Health Care|7|121.84|126.74
2024-03-08|WY|Timber REITs - Real Estate|2|33.03|34.84
2024-03-08|PG|Personal Care Products - Consumer Staples|6|157.51|160.35
2024-03-08|ZBRA|Electronic Equipment & Instruments - Information Technology|3|274.43|282.59
2024-03-08|WY|Timber REITs - Real Estate|1|33.16|34.84
2024-03-08|ZBH|Health Care Equipment - Health Care|1|128.54|126.74
2024-03-08|XOM|Integrated Oil & Gas - Energy|4|104.76|108.38
2024-03-08|WY|Timber REITs - Real Estate|1|33.38|34.84
2024-03-08|FTNT|Systems Software - Information Technology|10|68.4|71.35
2024-03-08|XOM|Integrated Oil & Gas - Energy|1|104.32|108.38
2024-03-08|XEL|Multi-Utilities - Utilities|1|49.57|51.02
2024-03-08|WBD|Broadcasting - Communication Services|2|8.11|8.73
2024-03-08|XOM|Integrated Oil & Gas - Energy|3|108.38|108.38
2024-03-08|WYNN|Casinos & Gaming - Consumer Discretionary|7|100.43|100.43
2024-03-08|WY|Timber REITs - Real Estate|2|34.84|34.84
2024-03-08|WBD|Broadcasting - Communication Services|3|8.73|8.73
2024-03-13|YUM|Restaurants - Consumer Discretionary|7|129.03|138.36
2024-03-13|XYL|Industrial Machinery & Supplies & Components - Industrials|8|113.67|128.02
2024-03-13|INVH|Single-Family Residential REITs - Real Estate|1|33.11|35.22
2024-03-13|DTE|Multi-Utilities - Utilities|9|102.36|111.06
2024-03-13|XOM|Integrated Oil & Gas - Energy|1|99.6|109.53
2024-03-13|WY|Timber REITs - Real Estate|1|33.13|34.56
2024-03-13|TSCO|Other Specialty Retail - Consumer Discretionary|10|46.59|50.73
2024-03-13|BBY|Computer & Electronics Retail - Consumer Discretionary|7|75.69|77.52
2024-03-13|WY|Timber REITs - Real Estate|1|32.37|34.56
2024-03-13|WY|Timber REITs - Real Estate|1|32.86|34.56
2024-03-13|ZTS|Pharmaceuticals - Health Care|1|184.08|176.23
2024-03-13|ZBH|Health Care Equipment - Health Care|7|121.84|126.59
2024-03-13|WY|Timber REITs - Real Estate|2|33.03|34.56
2024-03-13|PG|Personal Care Products - Consumer Staples|6|157.51|162.3
2024-03-13|ZBRA|Electronic Equipment & Instruments - Information Technology|3|274.43|284.5
2024-03-13|WY|Timber REITs - Real Estate|1|33.16|34.56
2024-03-13|ZBH|Health Care Equipment - Health Care|1|128.54|126.59
2024-03-13|XOM|Integrated Oil & Gas - Energy|4|104.76|109.53
2024-03-13|WY|Timber REITs - Real Estate|1|33.38|34.56
2024-03-13|FTNT|Systems Software - Information Technology|10|68.4|70.18
2024-03-13|XOM|Integrated Oil & Gas - Energy|1|104.32|109.53
2024-03-13|XEL|Multi-Utilities - Utilities|1|49.57|51.5
2024-03-13|WBD|Broadcasting - Communication Services|2|8.11|8.85
2024-03-13|XOM|Integrated Oil & Gas - Energy|3|108.38|109.53
2024-03-13|WYNN|Casinos & Gaming - Consumer Discretionary|7|100.43|102.33
2024-03-13|WY|Timber REITs - Real Estate|2|34.84|34.56
2024-03-13|WBD|Broadcasting - Communication Services|3|8.73|8.85
2024-03-13|CPB|Packaged Foods & Meats - Consumer Staples|16|42.81|42.81
2024-03-13|WBD|Broadcasting - Communication Services|2|8.85|8.85
2024-03-14|YUM|Restaurants - Consumer Discretionary|7|129.03|137.16
2024-03-14|XYL|Industrial Machinery & Supplies & Components - Industrials|8|113.67|127.96
2024-03-14|INVH|Single-Family Residential REITs - Real Estate|1|33.11|34.87
2024-03-14|DTE|Multi-Utilities - Utilities|9|102.36|109.39
2024-03-14|XOM|Integrated Oil & Gas - Energy|1|99.6|111.47
2024-03-14|WY|Timber REITs - Real Estate|1|33.13|34.26
2024-03-14|TSCO|Other Specialty Retail - Consumer Discretionary|10|46.59|50.77
2024-03-14|BBY|Computer & Electronics Retail - Consumer Discretionary|7|75.69|77.46
2024-03-14|WY|Timber REITs - Real Estate|1|32.37|34.26
2024-03-14|WY|Timber REITs - Real Estate|1|32.86|34.26
2024-03-14|ZBH|Health Care Equipment - Health Care|7|121.84|125.73
2024-03-14|WY|Timber REITs - Real Estate|2|33.03|34.26
2024-03-14|PG|Personal Care Products - Consumer Staples|6|157.51|161.5
2024-03-14|ZBRA|Electronic Equipment & Instruments - Information Technology|3|274.43|281.77
2024-03-14|WY|Timber REITs - Real Estate|1|33.16|34.26
2024-03-14|ZBH|Health Care Equipment - Health Care|1|128.54|125.73
2024-03-14|XOM|Integrated Oil & Gas - Energy|4|104.76|111.47
2024-03-14|WY|Timber REITs - Real Estate|1|33.38|34.26
2024-03-14|FTNT|Systems Software - Information Technology|10|68.4|68.04
2024-03-14|XOM|Integrated Oil & Gas - Energy|1|104.32|111.47
2024-03-14|XEL|Multi-Utilities - Utilities|1|49.57|51.88
2024-03-14|WBD|Broadcasting - Communication Services|2|8.11|8.53
2024-03-14|XOM|Integrated Oil & Gas - Energy|3|108.38|111.47
2024-03-14|WYNN|Casinos & Gaming - Consumer Discretionary|7|100.43|101.0
2024-03-14|WY|Timber REITs - Real Estate|2|34.84|34.26
2024-03-14|WBD|Broadcasting - Communication Services|3|8.73|8.53
2024-03-14|CPB|Packaged Foods & Meats - Consumer Staples|16|42.81|41.96
2024-03-14|WBD|Broadcasting - Communication Services|2|8.85|8.53
2024-03-14|ZTS|Pharmaceuticals - Health Care|1|173.88|173.88
2024-03-25|YUM|Restaurants - Consumer Discretionary|7|129.03|134.62
2024-03-25|XYL|Industrial Machinery & Supplies & Components - Industrials|8|113.67|127.76
2024-03-25|INVH|Single-Family Residential REITs - Real Estate|1|33.11|34.38
2024-03-25|DTE|Multi-Utilities - Utilities|9|102.36|108.42
2024-03-25|WY|Timber REITs - Real Estate|1|33.13|35.49
2024-03-25|TSCO|Other Specialty Retail - Consumer Discretionary|10|46.59|51.74
2024-03-25|BBY|Computer & Electronics Retail - Consumer Discretionary|7|75.69|80.72
2024-03-25|WY|Timber REITs - Real Estate|1|32.37|35.49
2024-03-25|WY|Timber REITs - Real Estate|1|32.86|35.49
2024-03-25|ZBH|Health Care Equipment - Health Care|7|121.84|127.91
2024-03-25|WY|Timber REITs - Real Estate|2|33.03|35.49
2024-03-25|PG|Personal Care Products - Consumer Staples|6|157.51|160.19
2024-03-25|ZBRA|Electronic Equipment & Instruments - Information Technology|3|274.43|297.94
2024-03-25|WY|Timber REITs - Real Estate|1|33.16|35.49
2024-03-25|ZBH|Health Care Equipment - Health Care|1|128.54|127.91
2024-03-25|XOM|Integrated Oil & Gas - Energy|4|104.76|114.65
2024-03-25|WY|Timber REITs - Real Estate|1|33.38|35.49
2024-03-25|FTNT|Systems Software - Information Technology|10|68.4|67.89
2024-03-25|XOM|Integrated Oil & Gas - Energy|1|104.32|114.65
2024-03-25|XEL|Multi-Utilities - Utilities|1|49.57|52.48
2024-03-25|WBD|Broadcasting - Communication Services|2|8.11|8.46
2024-03-25|XOM|Integrated Oil & Gas - Energy|3|108.38|114.65
2024-03-25|WYNN|Casinos & Gaming - Consumer Discretionary|7|100.43|99.41
2024-03-25|WY|Timber REITs - Real Estate|2|34.84|35.49
2024-03-25|WBD|Broadcasting - Communication Services|3|8.73|8.46
2024-03-25|CPB|Packaged Foods & Meats - Consumer Staples|16|42.81|43.37
2024-03-25|WBD|Broadcasting - Communication Services|2|8.85|8.46
2024-03-25|ZTS|Pharmaceuticals - Health Care|1|173.88|167.81
2024-03-25|KMX|Automotive Retail - Consumer Discretionary|1|85.78|85.78
2024-03-25|WBD|Broadcasting - Communication Services|3|8.46|8.46
2024-03-26|YUM|Restaurants - Consumer Discretionary|7|129.03|134.8
2024-03-26|XYL|Industrial Machinery & Supplies & Components - Industrials|8|113.67|127.9
2024-03-26|INVH|Single-Family Residential REITs - Real Estate|1|33.11|34.27
2024-03-26|DTE|Multi-Utilities - Utilities|9|102.36|107.13
2024-03-26|WY|Timber REITs - Real Estate|1|33.13|35.45
2024-03-26|TSCO|Other Specialty Retail - Consumer Discretionary|10|46.59|51.61
2024-03-26|BBY|Computer & Electronics Retail - Consumer Discretionary|7|75.69|80.06
2024-03-26|WY|Timber REITs - Real Estate|1|32.37|35.45
2024-03-26|WY|Timber REITs - Real Estate|1|32.86|35.45
2024-03-26|ZBH|Health Care Equipment - Health Care|7|121.84|127.87
2024-03-26|WY|Timber REITs - Real Estate|2|33.03|35.45
2024-03-26|PG|Personal Care Products - Consumer Staples|6|157.51|160.55
2024-03-26|ZBRA|Electronic Equipment & Instruments - Information Technology|3|274.43|291.38
2024-03-26|WY|Timber REITs - Real Estate|1|33.16|35.45
2024-03-26|ZBH|Health Care Equipment - Health Care|1|128.54|127.87
2024-03-26|XOM|Integrated Oil & Gas - Energy|4|104.76|113.79
2024-03-26|WY|Timber REITs - Real Estate|1|33.38|35.45
2024-03-26|FTNT|Systems Software - Information Technology|10|68.4|67.45
2024-03-26|XOM|Integrated Oil & Gas - Energy|1|104.32|113.79
2024-03-26|XEL|Multi-Utilities - Utilities|1|49.57|51.8
2024-03-26|WBD|Broadcasting - Communication Services|2|8.11|8.38
2024-03-26|XOM|Integrated Oil & Gas - Energy|3|108.38|113.79
2024-03-26|WYNN|Casinos & Gaming - Consumer Discretionary|7|100.43|100.58
2024-03-26|WY|Timber REITs - Real Estate|2|34.84|35.45
2024-03-26|WBD|Broadcasting - Communication Services|3|8.73|8.38
2024-03-26|CPB|Packaged Foods & Meats - Consumer Staples|16|42.81|43.37
2024-03-26|ZTS|Pharmaceuticals - Health Care|1|173.88|165.67
2024-03-26|KMX|Automotive Retail - Consumer Discretionary|1|85.78|85.75
2024-03-26|WBD|Broadcasting - Communication Services|3|8.46|8.38
2024-03-26|WBD|Broadcasting - Communication Services|2|8.38|8.38
2024-04-02|YUM|Restaurants - Consumer Discretionary|7|129.03|140.71
2024-04-02|XYL|Industrial Machinery & Supplies & Components - Industrials|8|113.67|128.12
2024-04-02|INVH|Single-Family Residential REITs - Real Estate|1|33.11|34.79
2024-04-02|DTE|Multi-Utilities - Utilities|9|102.36|111.09
2024-04-02|WY|Timber REITs - Real Estate|1|33.13|35.43
2024-04-02|TSCO|Other Specialty Retail - Consumer Discretionary|10|46.59|51.38
2024-04-02|BBY|Computer & Electronics Retail - Consumer Discretionary|7|75.69|80.17
2024-04-02|WY|Timber REITs - Real Estate|1|32.37|35.43
2024-04-02|WY|Timber REITs - Real Estate|1|32.86|35.43
2024-04-02|ZBH|Health Care Equipment - Health Care|7|121.84|128.47
2024-04-02|WY|Timber REITs - Real Estate|2|33.03|35.43
2024-04-02|PG|Personal Care Products - Consumer Staples|6|157.51|160.57
2024-04-02|ZBRA|Electronic Equipment & Instruments - Information Technology|3|274.43|296.5
2024-04-02|WY|Timber REITs - Real Estate|1|33.16|35.43
2024-04-02|ZBH|Health Care Equipment - Health Care|1|128.54|128.47
2024-04-02|XOM|Integrated Oil & Gas - Energy|4|104.76|119.28
2024-04-02|WY|Timber REITs - Real Estate|1|33.38|35.43
2024-04-02|FTNT|Systems Software - Information Technology|10|68.4|68.85
2024-04-02|XOM|Integrated Oil & Gas - Energy|1|104.32|119.28
2024-04-02|XEL|Multi-Utilities - Utilities|1|49.57|54.08
2024-04-02|WBD|Broadcasting - Communication Services|2|8.11|8.48
2024-04-02|XOM|Integrated Oil & Gas - Energy|3|108.38|119.28
2024-04-02|WYNN|Casinos & Gaming - Consumer Discretionary|7|100.43|105.26
2024-04-02|WY|Timber REITs - Real Estate|2|34.84|35.43
2024-04-02|WBD|Broadcasting - Communication Services|3|8.73|8.48
2024-04-02|CPB|Packaged Foods & Meats - Consumer Staples|16|42.81|44.42
2024-04-02|KMX|Automotive Retail - Consumer Discretionary|1|85.78|83.81
2024-04-02|WBD|Broadcasting - Communication Services|3|8.46|8.48
2024-04-02|WBD|Broadcasting - Communication Services|2|8.38|8.48
2024-04-02|PEG|Electric Utilities - Utilities|2|66.42|66.42
2024-04-02|WY|Timber REITs - Real Estate|1|35.43|35.43
2024-04-04|YUM|Restaurants - Consumer Discretionary|7|129.03|136.28
2024-04-04|XYL|Industrial Machinery & Supplies & Components - Industrials|8|113.67|127.25
2024-04-04|INVH|Single-Family Residential REITs - Real Estate|1|33.11|34.4
2024-04-04|DTE|Multi-Utilities - Utilities|9|102.36|109.56
2024-04-04|WY|Timber REITs - Real Estate|1|33.13|34.64
2024-04-04|TSCO|Other Specialty Retail - Consumer Discretionary|10|46.59|50.5
2024-04-04|BBY|Computer & Electronics Retail - Consumer Discretionary|7|75.69|79.0
2024-04-04|WY|Timber REITs - Real Estate|1|32.37|34.64
2024-04-04|WY|Timber REITs - Real Estate|1|32.86|34.64
2024-04-04|ZBH|Health Care Equipment - Health Care|7|121.84|127.56
2024-04-04|WY|Timber REITs - Real Estate|2|33.03|34.64
2024-04-04|PG|Personal Care Products - Consumer Staples|6|157.51|155.45
2024-04-04|ZBRA|Electronic Equipment & Instruments - Information Technology|3|274.43|292.96
2024-04-04|WY|Timber REITs - Real Estate|1|33.16|34.64
2024-04-04|ZBH|Health Care Equipment - Health Care|1|128.54|127.56
2024-04-04|XOM|Integrated Oil & Gas - Energy|4|104.76|119.72
2024-04-04|WY|Timber REITs - Real Estate|1|33.38|34.64
2024-04-04|FTNT|Systems Software - Information Technology|10|68.4|69.23
2024-04-04|XOM|Integrated Oil & Gas - Energy|1|104.32|119.72
2024-04-04|XEL|Multi-Utilities - Utilities|1|49.57|53.77
2024-04-04|WBD|Broadcasting - Communication Services|2|8.11|8.44
2024-04-04|XOM|Integrated Oil & Gas - Energy|3|108.38|119.72
2024-04-04|WYNN|Casinos & Gaming - Consumer Discretionary|7|100.43|106.12
2024-04-04|WY|Timber REITs - Real Estate|2|34.84|34.64
2024-04-04|WBD|Broadcasting - Communication Services|3|8.73|8.44
2024-04-04|CPB|Packaged Foods & Meats - Consumer Staples|16|42.81|43.99
2024-04-04|WBD|Broadcasting - Communication Services|3|8.46|8.44
2024-04-04|WBD|Broadcasting - Communication Services|2|8.38|8.44
2024-04-04|PEG|Electric Utilities - Utilities|2|66.42|66.11
2024-04-04|WY|Timber REITs - Real Estate|1|35.43|34.64
2024-04-04|WY|Timber REITs - Real Estate|2|34.64|34.64
2024-04-04|WBD|Broadcasting - Communication Services|1|8.44|8.44
2024-04-05|YUM|Restaurants - Consumer Discretionary|7|129.03|136.1
2024-04-05|XYL|Industrial Machinery & Supplies & Components - Industrials|8|113.67|128.27
2024-04-05|INVH|Single-Family Residential REITs - Real Estate|1|33.11|34.77
2024-04-05|DTE|Multi-Utilities - Utilities|9|102.36|109.1
2024-04-05|WY|Timber REITs - Real Estate|1|33.13|34.59
2024-04-05|TSCO|Other Specialty Retail - Consumer Discretionary|10|46.59|50.5
2024-04-05|BBY|Computer & Electronics Retail - Consumer Discretionary|7|75.69|79.61
2024-04-05|WY|Timber REITs - Real Estate|1|32.37|34.59
2024-04-05|WY|Timber REITs - Real Estate|1|32.86|34.59
2024-04-05|ZBH|Health Care Equipment - Health Care|7|121.84|127.33
2024-04-05|WY|Timber REITs - Real Estate|2|33.03|34.59
2024-04-05|PG|Personal Care Products - Consumer Staples|6|157.51|156.1
2024-04-05|ZBRA|Electronic Equipment & Instruments - Information Technology|3|274.43|290.38
2024-04-05|WY|Timber REITs - Real Estate|1|33.16|34.59
2024-04-05|ZBH|Health Care Equipment - Health Care|1|128.54|127.33
2024-04-05|WY|Timber REITs - Real Estate|1|33.38|34.59
2024-04-05|FTNT|Systems Software - Information Technology|10|68.4|70.91
2024-04-05|XEL|Multi-Utilities - Utilities|1|49.57|53.53
2024-04-05|WBD|Broadcasting - Communication Services|2|8.11|8.32
2024-04-05|XOM|Integrated Oil & Gas - Energy|3|108.38|121.37
2024-04-05|WYNN|Casinos & Gaming - Consumer Discretionary|7|100.43|107.46
2024-04-05|WY|Timber REITs - Real Estate|2|34.84|34.59
2024-04-05|WBD|Broadcasting - Communication Services|3|8.73|8.32
2024-04-05|CPB|Packaged Foods & Meats - Consumer Staples|16|42.81|43.3
2024-04-05|WBD|Broadcasting - Communication Services|3|8.46|8.32
2024-04-05|WBD|Broadcasting - Communication Services|2|8.38|8.32
2024-04-05|PEG|Electric Utilities - Utilities|2|66.42|66.52
2024-04-05|WY|Timber REITs - Real Estate|1|35.43|34.59
2024-04-05|WY|Timber REITs - Real Estate|2|34.64|34.59
2024-04-05|WBD|Broadcasting - Communication Services|1|8.44|8.32
2024-04-05|ZTS|Pharmaceuticals - Health Care|3|165.86|165.86
2024-04-05|WYNN|Casinos & Gaming - Consumer Discretionary|1|107.46|107.46
2024-04-05|WBD|Broadcasting - Communication Services|1|8.32|8.32
2024-04-10|YUM|Restaurants - Consumer Discretionary|7|129.03|137.95
2024-04-10|XYL|Industrial Machinery & Supplies & Components - Industrials|8|113.67|128.19
2024-04-10|INVH|Single-Family Residential REITs - Real Estate|1|33.11|34.87
2024-04-10|DTE|Multi-Utilities - Utilities|9|102.36|106.64
2024-04-10|WY|Timber REITs - Real Estate|1|33.13|33.6
2024-04-10|TSCO|Other Specialty Retail - Consumer Discretionary|10|46.59|50.66
2024-04-10|BBY|Computer & Electronics Retail - Consumer Discretionary|7|75.69|79.89
2024-04-10|WY|Timber REITs - Real Estate|1|32.37|33.6
2024-04-10|WY|Timber REITs - Real Estate|1|32.86|33.6
2024-04-10|ZBH|Health Care Equipment - Health Care|7|121.84|127.72
2024-04-10|WY|Timber REITs - Real Estate|2|33.03|33.6
2024-04-10|PG|Personal Care Products - Consumer Staples|6|157.51|157.24
2024-04-10|ZBRA|Electronic Equipment & Instruments - Information Technology|3|274.43|299.91
2024-04-10|WY|Timber REITs - Real Estate|1|33.16|33.6
2024-04-10|ZBH|Health Care Equipment - Health Care|1|128.54|127.72
2024-04-10|WY|Timber REITs - Real Estate|1|33.38|33.6
2024-04-10|FTNT|Systems Software - Information Technology|10|68.4|68.13
2024-04-10|XEL|Multi-Utilities - Utilities|1|49.57|53.75
2024-04-10|WBD|Broadcasting - Communication Services|2|8.11|8.32
2024-04-10|XOM|Integrated Oil & Gas - Energy|3|108.38|122.2
2024-04-10|WYNN|Casinos & Gaming - Consumer Discretionary|7|100.43|104.24
2024-04-10|WY|Timber REITs - Real Estate|2|34.84|33.6
2024-04-10|WBD|Broadcasting - Communication Services|3|8.73|8.32
2024-04-10|CPB|Packaged Foods & Meats - Consumer Staples|16|42.81|43.68
2024-04-10|WBD|Broadcasting - Communication Services|3|8.46|8.32
2024-04-10|WBD|Broadcasting - Communication Services|2|8.38|8.32
2024-04-10|PEG|Electric Utilities - Utilities|2|66.42|66.57
2024-04-10|WY|Timber REITs - Real Estate|2|34.64|33.6
2024-04-10|WBD|Broadcasting - Communication Services|1|8.44|8.32
2024-04-10|ZTS|Pharmaceuticals - Health Care|3|165.86|163.2
2024-04-10|WYNN|Casinos & Gaming - Consumer Discretionary|1|107.46|104.24
2024-04-10|WBD|Broadcasting - Communication Services|1|8.32|8.32
2024-04-10|WY|Timber REITs - Real Estate|1|33.6|33.6
2024-04-12|YUM|Restaurants - Consumer Discretionary|7|129.03|137.8
2024-04-12|XYL|Industrial Machinery & Supplies & Components - Industrials|8|113.67|128.11
2024-04-12|INVH|Single-Family Residential REITs - Real Estate|1|33.11|33.92
2024-04-12|DTE|Multi-Utilities - Utilities|9|102.36|106.25
2024-04-12|WY|Timber REITs - Real Estate|1|33.13|33.24
2024-04-12|TSCO|Other Specialty Retail - Consumer Discretionary|10|46.59|48.98
2024-04-12|BBY|Computer & Electronics Retail - Consumer Discretionary|7|75.69|78.0
2024-04-12|WY|Timber REITs - Real Estate|1|32.37|33.24
2024-04-12|WY|Timber REITs - Real Estate|1|32.86|33.24
2024-04-12|ZBH|Health Care Equipment - Health Care|7|121.84|124.48
2024-04-12|WY|Timber REITs - Real Estate|2|33.03|33.24
2024-04-12|PG|Personal Care Products - Consumer Staples|6|157.51|155.33
2024-04-12|ZBRA|Electronic Equipment & Instruments - Information Technology|3|274.43|289.68
2024-04-12|WY|Timber REITs - Real Estate|1|33.16|33.24
2024-04-12|ZBH|Health Care Equipment - Health Care|1|128.54|124.48
2024-04-12|WY|Timber REITs - Real Estate|1|33.38|33.24
2024-04-12|FTNT|Systems Software - Information Technology|10|68.4|66.45
2024-04-12|XEL|Multi-Utilities - Utilities|1|49.57|53.17
2024-04-12|WBD|Broadcasting - Communication Services|2|8.11|8.34
2024-04-12|XOM|Integrated Oil & Gas - Energy|3|108.38|120.37
2024-04-12|WYNN|Casinos & Gaming - Consumer Discretionary|7|100.43|101.18
2024-04-12|WY|Timber REITs - Real Estate|2|34.84|33.24
2024-04-12|WBD|Broadcasting - Communication Services|3|8.73|8.34
2024-04-12|CPB|Packaged Foods & Meats - Consumer Staples|16|42.81|42.31
2024-04-12|WBD|Broadcasting - Communication Services|3|8.46|8.34
2024-04-12|WBD|Broadcasting - Communication Services|2|8.38|8.34
2024-04-12|PEG|Electric Utilities - Utilities|2|66.42|65.87
2024-04-12|WY|Timber REITs - Real Estate|2|34.64|33.24
2024-04-12|WBD|Broadcasting - Communication Services|1|8.44|8.34
2024-04-12|WBD|Broadcasting - Communication Services|1|8.32|8.34
2024-04-12|WY|Timber REITs - Real Estate|1|33.6|33.24
2024-04-12|FDX|Air Freight & Logistics - Industrials|2|267.8|267.8
2024-04-12|WBD|Broadcasting - Communication Services|2|8.34|8.34
2024-04-15|YUM|Restaurants - Consumer Discretionary|7|129.03|137.67
2024-04-15|XYL|Industrial Machinery & Supplies & Components - Industrials|8|113.67|127.29
2024-04-15|INVH|Single-Family Residential REITs - Real Estate|1|33.11|33.56
2024-04-15|DTE|Multi-Utilities - Utilities|9|102.36|105.52
2024-04-15|WY|Timber REITs - Real Estate|1|33.13|32.69
2024-04-15|TSCO|Other Specialty Retail - Consumer Discretionary|10|46.59|48.39
2024-04-15|BBY|Computer & Electronics Retail - Consumer Discretionary|7|75.69|76.29
2024-04-15|WY|Timber REITs - Real Estate|1|32.37|32.69
2024-04-15|WY|Timber REITs - Real Estate|1|32.86|32.69
2024-04-15|ZBH|Health Care Equipment - Health Care|7|121.84|124.0
2024-04-15|WY|Timber REITs - Real Estate|2|33.03|32.69
2024-04-15|PG|Personal Care Products - Consumer Staples|6|157.51|155.45
2024-04-15|ZBRA|Electronic Equipment & Instruments - Information Technology|3|274.43|283.0
2024-04-15|WY|Timber REITs - Real Estate|1|33.16|32.69
2024-04-15|ZBH|Health Care Equipment - Health Care|1|128.54|124.0
2024-04-15|WY|Timber REITs - Real Estate|1|33.38|32.69
2024-04-15|XEL|Multi-Utilities - Utilities|1|49.57|53.17
2024-04-15|WBD|Broadcasting - Communication Services|2|8.11|8.36
2024-04-15|XOM|Integrated Oil & Gas - Energy|3|108.38|119.68
2024-04-15|WYNN|Casinos & Gaming - Consumer Discretionary|7|100.43|99.44
2024-04-15|WBD|Broadcasting - Communication Services|3|8.73|8.36
2024-04-15|CPB|Packaged Foods & Meats - Consumer Staples|16|42.81|42.69
2024-04-15|WBD|Broadcasting - Communication Services|3|8.46|8.36
2024-04-15|WBD|Broadcasting - Communication Services|2|8.38|8.36
2024-04-15|PEG|Electric Utilities - Utilities|2|66.42|65.2
2024-04-15|WBD|Broadcasting - Communication Services|1|8.44|8.36
2024-04-15|WBD|Broadcasting - Communication Services|1|8.32|8.36
2024-04-15|WY|Timber REITs - Real Estate|1|33.6|32.69
2024-04-15|FDX|Air Freight & Logistics - Industrials|2|267.8|266.74
2024-04-15|WBD|Broadcasting - Communication Services|2|8.34|8.36
2024-04-15|ZTS|Pharmaceuticals - Health Care|5|149.77|149.77
2024-04-15|WBD|Broadcasting - Communication Services|3|8.36|8.36
2024-04-16|YUM|Restaurants - Consumer Discretionary|7|129.03|138.0
2024-04-16|XYL|Industrial Machinery & Supplies & Components - Industrials|8|113.67|128.0
2024-04-16|INVH|Single-Family Residential REITs - Real Estate|1|33.11|33.04
2024-04-16|DTE|Multi-Utilities - Utilities|9|102.36|103.2
2024-04-16|WY|Timber REITs - Real Estate|1|33.13|31.97
2024-04-16|TSCO|Other Specialty Retail - Consumer Discretionary|10|46.59|48.97
2024-04-16|BBY|Computer & Electronics Retail - Consumer Discretionary|7|75.69|75.17
2024-04-16|WY|Timber REITs - Real Estate|1|32.37|31.97
2024-04-16|WY|Timber REITs - Real Estate|1|32.86|31.97
2024-04-16|ZBH|Health Care Equipment - Health Care|7|121.84|122.07
2024-04-16|WY|Timber REITs - Real Estate|2|33.03|31.97
2024-04-16|PG|Personal Care Products - Consumer Staples|6|157.51|155.95
2024-04-16|ZBRA|Electronic Equipment & Instruments - Information Technology|3|274.43|280.42
2024-04-16|WY|Timber REITs - Real Estate|1|33.16|31.97
2024-04-16|WY|Timber REITs - Real Estate|1|33.38|31.97
2024-04-16|XEL|Multi-Utilities - Utilities|1|49.57|52.53
2024-04-16|WBD|Broadcasting - Communication Services|2|8.11|8.14
2024-04-16|XOM|Integrated Oil & Gas - Energy|3|108.38|118.69
2024-04-16|WYNN|Casinos & Gaming - Consumer Discretionary|7|100.43|99.35
2024-04-16|CPB|Packaged Foods & Meats - Consumer Staples|16|42.81|43.01
2024-04-16|WBD|Broadcasting - Communication Services|3|8.46|8.14
2024-04-16|WBD|Broadcasting - Communication Services|2|8.38|8.14
2024-04-16|PEG|Electric Utilities - Utilities|2|66.42|64.28
2024-04-16|WBD|Broadcasting - Communication Services|1|8.44|8.14
2024-04-16|WBD|Broadcasting - Communication Services|1|8.32|8.14
2024-04-16|WY|Timber REITs - Real Estate|1|33.6|31.97
2024-04-16|FDX|Air Freight & Logistics - Industrials|2|267.8|264.94
2024-04-16|WBD|Broadcasting - Communication Services|2|8.34|8.14
2024-04-16|ZTS|Pharmaceuticals - Health Care|5|149.77|153.02
2024-04-16|WBD|Broadcasting - Communication Services|3|8.36|8.14
2024-04-16|MMM|Industrial Conglomerates - Industrials|1|91.05|91.05
2024-04-16|WY|Timber REITs - Real Estate|1|31.97|31.97
2024-04-16|WBD|Broadcasting - Communication Services|3|8.14|8.14
2024-04-17|YUM|Restaurants - Consumer Discretionary|7|129.03|137.83
2024-04-17|XYL|Industrial Machinery & Supplies & Components - Industrials|8|113.67|126.22
2024-04-17|INVH|Single-Family Residential REITs - Real Estate|1|33.11|33.07
2024-04-17|DTE|Multi-Utilities - Utilities|9|102.36|105.27
2024-04-17|WY|Timber REITs - Real Estate|1|33.13|31.52
2024-04-17|TSCO|Other Specialty Retail - Consumer Discretionary|10|46.59|49.48
2024-04-17|BBY|Computer & Electronics Retail - Consumer Discretionary|7|75.69|76.23
2024-04-17|WY|Timber REITs - Real Estate|1|32.37|31.52
2024-04-17|WY|Timber REITs - Real Estate|1|32.86|31.52
2024-04-17|ZBH|Health Care Equipment - Health Care|7|121.84|121.3
2024-04-17|WY|Timber REITs - Real Estate|2|33.03|31.52
2024-04-17|PG|Personal Care Products - Consumer Staples|6|157.51|156.96
2024-04-17|ZBRA|Electronic Equipment & Instruments - Information Technology|3|274.43|276.14
2024-04-17|WY|Timber REITs - Real Estate|1|33.16|31.52
2024-04-17|XEL|Multi-Utilities - Utilities|1|49.57|53.19
2024-04-17|WBD|Broadcasting - Communication Services|2|8.11|8.23
2024-04-17|XOM|Integrated Oil & Gas - Energy|3|108.38|118.63
2024-04-17|WYNN|Casinos & Gaming - Consumer Discretionary|7|100.43|97.48
2024-04-17|CPB|Packaged Foods & Meats - Consumer Staples|16|42.81|43.31
2024-04-17|WBD|Broadcasting - Communication Services|3|8.46|8.23
2024-04-17|WBD|Broadcasting - Communication Services|2|8.38|8.23
2024-04-17|PEG|Electric Utilities - Utilities|2|66.42|65.03
2024-04-17|WBD|Broadcasting - Communication Services|1|8.44|8.23
2024-04-17|WBD|Broadcasting - Communication Services|1|8.32|8.23
2024-04-17|FDX|Air Freight & Logistics - Industrials|2|267.8|263.07
2024-04-17|WBD|Broadcasting - Communication Services|2|8.34|8.23
2024-04-17|ZTS|Pharmaceuticals - Health Care|5|149.77|151.94
2024-04-17|WBD|Broadcasting - Communication Services|3|8.36|8.23
2024-04-17|MMM|Industrial Conglomerates - Industrials|1|91.05|90.96
2024-04-17|WY|Timber REITs - Real Estate|1|31.97|31.52
2024-04-17|WBD|Broadcasting - Communication Services|3|8.14|8.23
2024-04-17|DVN|Oil & Gas Exploration & Production - Energy|1|51.67|51.67
2024-04-17|WBD|Broadcasting - Communication Services|1|8.23|8.23
2024-04-18|YUM|Restaurants - Consumer Discretionary|7|129.03|137.87
2024-04-18|XYL|Industrial Machinery & Supplies & Components - Industrials|8|113.67|127.16
2024-04-18|INVH|Single-Family Residential REITs - Real Estate|1|33.11|33.4
2024-04-18|DTE|Multi-Utilities - Utilities|9|102.36|106.48
2024-04-18|TSCO|Other Specialty Retail - Consumer Discretionary|10|46.59|49.47
2024-04-18|BBY|Computer & Electronics Retail - Consumer Discretionary|7|75.69|76.0
2024-04-18|WY|Timber REITs - Real Estate|1|32.37|31.35
2024-04-18|WY|Timber REITs - Real Estate|1|32.86|31.35
2024-04-18|ZBH|Health Care Equipment - Health Care|7|121.84|119.33
2024-04-18|PG|Personal Care Products - Consumer Staples|6|157.51|157.29
2024-04-18|ZBRA|Electronic Equipment & Instruments - Information Technology|3|274.43|273.03
2024-04-18|XEL|Multi-Utilities - Utilities|1|49.57|53.76
2024-04-18|WBD|Broadcasting - Communication Services|2|8.11|8.31
2024-04-18|XOM|Integrated Oil & Gas - Energy|3|108.38|118.52
2024-04-18|WYNN|Casinos & Gaming - Consumer Discretionary|7|100.43|96.1
2024-04-18|CPB|Packaged Foods & Meats - Consumer Staples|16|42.81|43.71
2024-04-18|WBD|Broadcasting - Communication Services|3|8.46|8.31
2024-04-18|WBD|Broadcasting - Communication Services|2|8.38|8.31
2024-04-18|PEG|Electric Utilities - Utilities|2|66.42|65.1
2024-04-18|WBD|Broadcasting - Communication Services|1|8.44|8.31
2024-04-18|WBD|Broadcasting - Communication Services|1|8.32|8.31
2024-04-18|FDX|Air Freight & Logistics - Industrials|2|267.8|263.37
2024-04-18|WBD|Broadcasting - Communication Services|2|8.34|8.31
2024-04-18|ZTS|Pharmaceuticals - Health Care|5|149.77|153.11
2024-04-18|WBD|Broadcasting - Communication Services|3|8.36|8.31
2024-04-18|MMM|Industrial Conglomerates - Industrials|1|91.05|91.48
2024-04-18|WY|Timber REITs - Real Estate|1|31.97|31.35
2024-04-18|WBD|Broadcasting - Communication Services|3|8.14|8.31
2024-04-18|DVN|Oil & Gas Exploration & Production - Energy|1|51.67|51.43
2024-04-18|WBD|Broadcasting - Communication Services|1|8.23|8.31
2024-04-18|ZBH|Health Care Equipment - Health Care|1|119.33|119.33
2024-04-18|WBD|Broadcasting - Communication Services|1|8.31|8.31
2024-04-19|YUM|Restaurants - Consumer Discretionary|7|129.03|138.5
2024-04-19|XYL|Industrial Machinery & Supplies & Components - Industrials|8|113.67|127.84
2024-04-19|INVH|Single-Family Residential REITs - Real Estate|1|33.11|33.57
2024-04-19|DTE|Multi-Utilities - Utilities|9|102.36|108.57
2024-04-19|TSCO|Other Specialty Retail - Consumer Discretionary|10|46.59|50.56
2024-04-19|BBY|Computer & Electronics Retail - Consumer Discretionary|7|75.69|76.15
2024-04-19|WY|Timber REITs - Real Estate|1|32.37|31.47
2024-04-19|WY|Timber REITs - Real Estate|1|32.86|31.47
2024-04-19|ZBH|Health Care Equipment - Health Care|7|121.84|119.43
2024-04-19|PG|Personal Care Products - Consumer Staples|6|157.51|158.14
2024-04-19|ZBRA|Electronic Equipment & Instruments - Information Technology|3|274.43|268.07
2024-04-19|XEL|Multi-Utilities - Utilities|1|49.57|54.72
2024-04-19|WBD|Broadcasting - Communication Services|2|8.11|8.4
2024-04-19|XOM|Integrated Oil & Gas - Energy|3|108.38|119.88
2024-04-19|CPB|Packaged Foods & Meats - Consumer Staples|16|42.81|44.2
2024-04-19|WBD|Broadcasting - Communication Services|3|8.46|8.4
2024-04-19|WBD|Broadcasting - Communication Services|2|8.38|8.4
2024-04-19|PEG|Electric Utilities - Utilities|2|66.42|65.74
2024-04-19|WBD|Broadcasting - Communication Services|1|8.44|8.4
2024-04-19|WBD|Broadcasting - Communication Services|1|8.32|8.4
2024-04-19|FDX|Air Freight & Logistics - Industrials|2|267.8|266.99
2024-04-19|WBD|Broadcasting - Communication Services|2|8.34|8.4
2024-04-19|ZTS|Pharmaceuticals - Health Care|5|149.77|146.5
2024-04-19|WBD|Broadcasting - Communication Services|3|8.36|8.4
2024-04-19|MMM|Industrial Conglomerates - Industrials|1|91.05|92.27
2024-04-19|WY|Timber REITs - Real Estate|1|31.97|31.47
2024-04-19|WBD|Broadcasting - Communication Services|3|8.14|8.4
2024-04-19|DVN|Oil & Gas Exploration & Production - Energy|1|51.67|51.83
2024-04-19|WBD|Broadcasting - Communication Services|1|8.23|8.4
2024-04-19|ZBH|Health Care Equipment - Health Care|1|119.33|119.43
2024-04-19|WBD|Broadcasting - Communication Services|1|8.31|8.4
2024-04-19|UAL|Passenger Airlines - Industrials|13|51.38|51.38
2024-04-26|YUM|Restaurants - Consumer Discretionary|7|129.03|141.77
2024-04-26|INVH|Single-Family Residential REITs - Real Estate|1|33.11|34.72
2024-04-26|DTE|Multi-Utilities - Utilities|9|102.36|109.52
2024-04-26|BBY|Computer & Electronics Retail - Consumer Discretionary|7|75.69|75.05
2024-04-26|WY|Timber REITs - Real Estate|1|32.37|31.05
2024-04-26|ZBH|Health Care Equipment - Health Care|7|121.84|119.35
2024-04-26|PG|Personal Care Products - Consumer Staples|6|157.51|161.29
2024-04-26|ZBRA|Electronic Equipment & Instruments - Information Technology|3|274.43|297.21
2024-04-26|XEL|Multi-Utilities - Utilities|1|49.57|53.96
2024-04-26|WBD|Broadcasting - Communication Services|2|8.11|8.11
2024-04-26|XOM|Integrated Oil & Gas - Energy|3|108.38|117.96
2024-04-26|CPB|Packaged Foods & Meats - Consumer Staples|16|42.81|44.85
2024-04-26|WBD|Broadcasting - Communication Services|3|8.46|8.11
2024-04-26|WBD|Broadcasting - Communication Services|2|8.38|8.11
2024-04-26|PEG|Electric Utilities - Utilities|2|66.42|67.82
2024-04-26|WBD|Broadcasting - Communication Services|1|8.44|8.11
2024-04-26|WBD|Broadcasting - Communication Services|1|8.32|8.11
2024-04-26|FDX|Air Freight & Logistics - Industrials|2|267.8|265.84
2024-04-26|WBD|Broadcasting - Communication Services|2|8.34|8.11
2024-04-26|ZTS|Pharmaceuticals - Health Care|5|149.77|158.42
2024-04-26|WBD|Broadcasting - Communication Services|3|8.36|8.11
2024-04-26|MMM|Industrial Conglomerates - Industrials|1|91.05|91.83
2024-04-26|WY|Timber REITs - Real Estate|1|31.97|31.05
2024-04-26|WBD|Broadcasting - Communication Services|3|8.14|8.11
2024-04-26|DVN|Oil & Gas Exploration & Production - Energy|1|51.67|52.71
2024-04-26|WBD|Broadcasting - Communication Services|1|8.23|8.11
2024-04-26|ZBH|Health Care Equipment - Health Care|1|119.33|119.35
2024-04-26|WBD|Broadcasting - Communication Services|1|8.31|8.11
2024-04-26|UAL|Passenger Airlines - Industrials|13|51.38|52.84
2024-04-26|CAG|Packaged Foods & Meats - Consumer Staples|11|31.08|31.08
2024-04-26|LMT|Aerospace & Defense - Industrials|2|461.29|461.29
2024-04-26|DD|Specialty Chemicals - Materials|12|30.84|30.84
2024-04-30|YUM|Restaurants - Consumer Discretionary|7|129.03|141.25
2024-04-30|INVH|Single-Family Residential REITs - Real Estate|1|33.11|34.2
2024-04-30|DTE|Multi-Utilities - Utilities|9|102.36|110.32
2024-04-30|BBY|Computer & Electronics Retail - Consumer Discretionary|7|75.69|73.64
2024-04-30|ZBH|Health Care Equipment - Health Care|7|121.84|120.28
2024-04-30|PG|Personal Care Products - Consumer Staples|6|157.51|163.2
2024-04-30|ZBRA|Electronic Equipment & Instruments - Information Technology|3|274.43|314.56
2024-04-30|XEL|Multi-Utilities - Utilities|1|49.57|53.73
2024-04-30|XOM|Integrated Oil & Gas - Energy|3|108.38|118.27
2024-04-30|CPB|Packaged Foods & Meats - Consumer Staples|16|42.81|45.71
2024-04-30|PEG|Electric Utilities - Utilities|2|66.42|69.08
2024-04-30|FDX|Air Freight & Logistics - Industrials|2|267.8|261.78
2024-04-30|ZTS|Pharmaceuticals - Health Care|5|149.77|159.24
2024-04-30|MMM|Industrial Conglomerates - Industrials|1|91.05|96.51
2024-04-30|DVN|Oil & Gas Exploration & Production - Energy|1|51.67|51.18
2024-04-30|ZBH|Health Care Equipment - Health Care|1|119.33|120.28
2024-04-30|UAL|Passenger Airlines - Industrials|13|51.38|51.46
2024-04-30|CAG|Packaged Foods & Meats - Consumer Staples|11|31.08|30.78
2024-04-30|LMT|Aerospace & Defense - Industrials|2|461.29|464.93
2024-04-30|DD|Specialty Chemicals - Materials|12|30.84|30.33
2024-04-30|CCL|Hotels, Resorts & Cruise Lines - Consumer Discretionary|13|14.82|14.82
2024-04-30|WBD|Broadcasting - Communication Services|1|7.36|7.36
2024-05-06|YUM|Restaurants - Consumer Discretionary|7|129.03|136.18
2024-05-06|INVH|Single-Family Residential REITs - Real Estate|1|33.11|34.8
2024-05-06|DTE|Multi-Utilities - Utilities|9|102.36|112.49
2024-05-06|BBY|Computer & Electronics Retail - Consumer Discretionary|7|75.69|74.4
2024-05-06|ZBH|Health Care Equipment - Health Care|7|121.84|120.56
2024-05-06|PG|Personal Care Products - Consumer Staples|6|157.51|164.44
2024-05-06|XEL|Multi-Utilities - Utilities|1|49.57|54.36
2024-05-06|XOM|Integrated Oil & Gas - Energy|3|108.38|116.75
2024-05-06|CPB|Packaged Foods & Meats - Consumer Staples|16|42.81|44.88
2024-05-06|PEG|Electric Utilities - Utilities|2|66.42|71.34
2024-05-06|FDX|Air Freight & Logistics - Industrials|2|267.8|260.29
2024-05-06|ZTS|Pharmaceuticals - Health Care|5|149.77|165.95
2024-05-06|MMM|Industrial Conglomerates - Industrials|1|91.05|96.59
2024-05-06|DVN|Oil & Gas Exploration & Production - Energy|1|51.67|50.86
2024-05-06|ZBH|Health Care Equipment - Health Care|1|119.33|120.56
2024-05-06|UAL|Passenger Airlines - Industrials|13|51.38|53.97
2024-05-06|CAG|Packaged Foods & Meats - Consumer Staples|11|31.08|30.19
2024-05-06|LMT|Aerospace & Defense - Industrials|2|461.29|462.78
2024-05-06|DD|Specialty Chemicals - Materials|12|30.84|32.86
2024-05-06|CCL|Hotels, Resorts & Cruise Lines - Consumer Discretionary|13|14.82|14.6
2024-05-06|WBD|Broadcasting - Communication Services|1|7.36|7.96
2024-05-06|CPT|Multi-Family Residential REITs - Real Estate|8|105.98|105.98
2024-05-06|CNP|Multi-Utilities - Utilities|2|29.32|29.32
2024-05-06|WY|Timber REITs - Real Estate|1|31.08|31.08
2024-05-06|WBD|Broadcasting - Communication Services|1|7.96|7.96
2024-05-14|YUM|Restaurants - Consumer Discretionary|7|129.03|137.49
2024-05-14|INVH|Single-Family Residential REITs - Real Estate|1|33.11|34.98
2024-05-14|DTE|Multi-Utilities - Utilities|9|102.36|114.78
2024-05-14|BBY|Computer & Electronics Retail - Consumer Discretionary|7|75.69|74.35
2024-05-14|ZBH|Health Care Equipment - Health Care|7|121.84|119.97
2024-05-14|PG|Personal Care Products - Consumer Staples|6|157.51|165.76
2024-05-14|XEL|Multi-Utilities - Utilities|1|49.57|55.56
2024-05-14|XOM|Integrated Oil & Gas - Energy|3|108.38|117.67
2024-05-14|CPB|Packaged Foods & Meats - Consumer Staples|16|42.81|46.01
2024-05-14|PEG|Electric Utilities - Utilities|2|66.42|73.74
2024-05-14|FDX|Air Freight & Logistics - Industrials|2|267.8|259.04
2024-05-14|ZTS|Pharmaceuticals - Health Care|5|149.77|168.87
2024-05-14|MMM|Industrial Conglomerates - Industrials|1|91.05|100.08
2024-05-14|DVN|Oil & Gas Exploration & Production - Energy|1|51.67|49.83
2024-05-14|ZBH|Health Care Equipment - Health Care|1|119.33|119.97
2024-05-14|UAL|Passenger Airlines - Industrials|13|51.38|55.09
2024-05-14|CAG|Packaged Foods & Meats - Consumer Staples|11|31.08|31.0
2024-05-14|LMT|Aerospace & Defense - Industrials|2|461.29|467.18
2024-05-14|DD|Specialty Chemicals - Materials|12|30.84|32.78
2024-05-14|CCL|Hotels, Resorts & Cruise Lines - Consumer Discretionary|13|14.82|14.52
2024-05-14|CPT|Multi-Family Residential REITs - Real Estate|8|105.98|106.91
2024-05-14|CNP|Multi-Utilities - Utilities|2|29.32|29.68
2024-05-14|WY|Timber REITs - Real Estate|1|31.08|31.19
2024-05-14|WBD|Broadcasting - Communication Services|1|7.96|8.56
2024-05-14|WBD|Broadcasting - Communication Services|1|8.56|8.56
2024-05-15|YUM|Restaurants - Consumer Discretionary|7|129.03|138.34
2024-05-15|INVH|Single-Family Residential REITs - Real Estate|1|33.11|35.65
2024-05-15|DTE|Multi-Utilities - Utilities|9|102.36|116.09
2024-05-15|BBY|Computer & Electronics Retail - Consumer Discretionary|7|75.69|73.34
2024-05-15|ZBH|Health Care Equipment - Health Care|7|121.84|120.98
2024-05-15|PG|Personal Care Products - Consumer Staples|6|157.51|166.51
2024-05-15|XEL|Multi-Utilities - Utilities|1|49.57|55.79
2024-05-15|XOM|Integrated Oil & Gas - Energy|3|108.38|118.58
2024-05-15|CPB|Packaged Foods & Meats - Consumer Staples|16|42.81|45.72
2024-05-15|PEG|Electric Utilities - Utilities|2|66.42|74.45
2024-05-15|FDX|Air Freight & Logistics - Industrials|2|267.8|259.32
2024-05-15|MMM|Industrial Conglomerates - Industrials|1|91.05|101.24
2024-05-15|DVN|Oil & Gas Exploration & Production - Energy|1|51.67|49.71
2024-05-15|ZBH|Health Care Equipment - Health Care|1|119.33|120.98
2024-05-15|UAL|Passenger Airlines - Industrials|13|51.38|54.96
2024-05-15|CAG|Packaged Foods & Meats - Consumer Staples|11|31.08|30.42
2024-05-15|LMT|Aerospace & Defense - Industrials|2|461.29|464.08
2024-05-15|DD|Specialty Chemicals - Materials|12|30.84|32.73
2024-05-15|CCL|Hotels, Resorts & Cruise Lines - Consumer Discretionary|13|14.82|14.86
2024-05-15|CPT|Multi-Family Residential REITs - Real Estate|8|105.98|108.01
2024-05-15|CNP|Multi-Utilities - Utilities|2|29.32|29.76
2024-05-15|WY|Timber REITs - Real Estate|1|31.08|31.36
2024-05-15|WBD|Broadcasting - Communication Services|1|7.96|8.2
2024-05-15|WBD|Broadcasting - Communication Services|1|8.56|8.2
2024-05-15|FOXA|Broadcasting - Communication Services|26|32.96|32.96
2024-05-15|WBD|Broadcasting - Communication Services|2|8.2|8.2
2024-05-16|YUM|Restaurants - Consumer Discretionary|7|129.03|141.66
2024-05-16|INVH|Single-Family Residential REITs - Real Estate|1|33.11|35.21
2024-05-16|DTE|Multi-Utilities - Utilities|9|102.36|116.78
2024-05-16|BBY|Computer & Electronics Retail - Consumer Discretionary|7|75.69|73.64
2024-05-16|ZBH|Health Care Equipment - Health Care|7|121.84|121.23
2024-05-16|PG|Personal Care Products - Consumer Staples|6|157.51|167.86
2024-05-16|XEL|Multi-Utilities - Utilities|1|49.57|55.85
2024-05-16|XOM|Integrated Oil & Gas - Energy|3|108.38|117.87
2024-05-16|CPB|Packaged Foods & Meats - Consumer Staples|16|42.81|46.71
2024-05-16|PEG|Electric Utilities - Utilities|2|66.42|74.22
2024-05-16|FDX|Air Freight & Logistics - Industrials|2|267.8|258.78
2024-05-16|DVN|Oil & Gas Exploration & Production - Energy|1|51.67|49.24
2024-05-16|ZBH|Health Care Equipment - Health Care|1|119.33|121.23
2024-05-16|UAL|Passenger Airlines - Industrials|13|51.38|54.78
2024-05-16|CAG|Packaged Foods & Meats - Consumer Staples|11|31.08|30.99
2024-05-16|LMT|Aerospace & Defense - Industrials|2|461.29|464.83
2024-05-16|DD|Specialty Chemicals - Materials|12|30.84|32.46
2024-05-16|CCL|Hotels, Resorts & Cruise Lines - Consumer Discretionary|13|14.82|14.9
2024-05-16|CPT|Multi-Family Residential REITs - Real Estate|8|105.98|106.52
2024-05-16|CNP|Multi-Utilities - Utilities|2|29.32|29.94
2024-05-16|WY|Timber REITs - Real Estate|1|31.08|31.11
2024-05-16|WBD|Broadcasting - Communication Services|1|7.96|8.23
2024-05-16|WBD|Broadcasting - Communication Services|1|8.56|8.23
2024-05-16|FOXA|Broadcasting - Communication Services|26|32.96|32.68
2024-05-16|WBD|Broadcasting - Communication Services|2|8.2|8.23
2024-05-16|WYNN|Casinos & Gaming - Consumer Discretionary|1|97.11|97.11
2024-05-17|YUM|Restaurants - Consumer Discretionary|7|129.03|141.66
2024-05-17|INVH|Single-Family Residential REITs - Real Estate|1|33.11|35.45
2024-05-17|DTE|Multi-Utilities - Utilities|9|102.36|116.6
2024-05-17|BBY|Computer & Electronics Retail - Consumer Discretionary|7|75.69|73.35
2024-05-17|ZBH|Health Care Equipment - Health Care|7|121.84|120.18
2024-05-17|PG|Personal Care Products - Consumer Staples|6|157.51|167.64
2024-05-17|XEL|Multi-Utilities - Utilities|1|49.57|55.52
2024-05-17|XOM|Integrated Oil & Gas - Energy|3|108.38|119.64
2024-05-17|CPB|Packaged Foods & Meats - Consumer Staples|16|42.81|46.46
2024-05-17|PEG|Electric Utilities - Utilities|2|66.42|74.54
2024-05-17|FDX|Air Freight & Logistics - Industrials|2|267.8|257.25
2024-05-17|DVN|Oil & Gas Exploration & Production - Energy|1|51.67|49.62
2024-05-17|ZBH|Health Care Equipment - Health Care|1|119.33|120.18
2024-05-17|UAL|Passenger Airlines - Industrials|13|51.38|54.97
2024-05-17|CAG|Packaged Foods & Meats - Consumer Staples|11|31.08|30.73
2024-05-17|LMT|Aerospace & Defense - Industrials|2|461.29|466.2
2024-05-17|DD|Specialty Chemicals - Materials|12|30.84|33.44
2024-05-17|CCL|Hotels, Resorts & Cruise Lines - Consumer Discretionary|13|14.82|15.0
2024-05-17|CPT|Multi-Family Residential REITs - Real Estate|8|105.98|106.5
2024-05-17|CNP|Multi-Utilities - Utilities|2|29.32|30.08
2024-05-17|WY|Timber REITs - Real Estate|1|31.08|31.17
2024-05-17|WBD|Broadcasting - Communication Services|1|7.96|8.05
2024-05-17|FOXA|Broadcasting - Communication Services|26|32.96|32.85
2024-05-17|WBD|Broadcasting - Communication Services|2|8.2|8.05
2024-05-17|WYNN|Casinos & Gaming - Consumer Discretionary|1|97.11|96.79
2024-05-17|WBD|Broadcasting - Communication Services|1|8.05|8.05
2024-05-21|YUM|Restaurants - Consumer Discretionary|7|129.03|139.3
2024-05-21|INVH|Single-Family Residential REITs - Real Estate|1|33.11|35.18
2024-05-21|DTE|Multi-Utilities - Utilities|9|102.36|117.18
2024-05-21|BBY|Computer & Electronics Retail - Consumer Discretionary|7|75.69|72.67
2024-05-21|ZBH|Health Care Equipment - Health Care|7|121.84|119.0
2024-05-21|PG|Personal Care Products - Consumer Staples|6|157.51|168.35
2024-05-21|XEL|Multi-Utilities - Utilities|1|49.57|56.74
2024-05-21|XOM|Integrated Oil & Gas - Energy|3|108.38|117.85
2024-05-21|CPB|Packaged Foods & Meats - Consumer Staples|16|42.81|46.03
2024-05-21|PEG|Electric Utilities - Utilities|2|66.42|75.15
2024-05-21|DVN|Oil & Gas Exploration & Production - Energy|1|51.67|49.77
2024-05-21|ZBH|Health Care Equipment - Health Care|1|119.33|119.0
2024-05-21|UAL|Passenger Airlines - Industrials|13|51.38|53.03
2024-05-21|CAG|Packaged Foods & Meats - Consumer Staples|11|31.08|30.79
2024-05-21|LMT|Aerospace & Defense - Industrials|2|461.29|468.31
2024-05-21|DD|Specialty Chemicals - Materials|12|30.84|33.27
2024-05-21|CCL|Hotels, Resorts & Cruise Lines - Consumer Discretionary|13|14.82|16.2
2024-05-21|CPT|Multi-Family Residential REITs - Real Estate|8|105.98|105.92
2024-05-21|CNP|Multi-Utilities - Utilities|2|29.32|30.41
2024-05-21|WY|Timber REITs - Real Estate|1|31.08|31.11
2024-05-21|WBD|Broadcasting - Communication Services|1|7.96|7.89
2024-05-21|FOXA|Broadcasting - Communication Services|26|32.96|32.87
2024-05-21|WBD|Broadcasting - Communication Services|2|8.2|7.89
2024-05-21|WYNN|Casinos & Gaming - Consumer Discretionary|1|97.11|96.59
2024-05-21|WBD|Broadcasting - Communication Services|1|8.05|7.89
2024-05-21|KDP|Soft Drinks & Non-alcoholic Beverages - Consumer Staples|15|33.96|33.96
2024-05-22|YUM|Restaurants - Consumer Discretionary|7|129.03|139.13
2024-05-22|INVH|Single-Family Residential REITs - Real Estate|1|33.11|34.98
2024-05-22|DTE|Multi-Utilities - Utilities|9|102.36|115.06
2024-05-22|ZBH|Health Care Equipment - Health Care|7|121.84|119.33
2024-05-22|PG|Personal Care Products - Consumer Staples|6|157.51|167.81
2024-05-22|XEL|Multi-Utilities - Utilities|1|49.57|55.52
2024-05-22|XOM|Integrated Oil & Gas - Energy|3|108.38|115.48
2024-05-22|CPB|Packaged Foods & Meats - Consumer Staples|16|42.81|46.29
2024-05-22|PEG|Electric Utilities - Utilities|2|66.42|74.33
2024-05-22|ZBH|Health Care Equipment - Health Care|1|119.33|119.33
2024-05-22|UAL|Passenger Airlines - Industrials|13|51.38|52.42
2024-05-22|CAG|Packaged Foods & Meats - Consumer Staples|11|31.08|30.76
2024-05-22|LMT|Aerospace & Defense - Industrials|2|461.29|469.71
2024-05-22|DD|Specialty Chemicals - Materials|12|30.84|32.87
2024-05-22|CCL|Hotels, Resorts & Cruise Lines - Consumer Discretionary|13|14.82|15.65
2024-05-22|CPT|Multi-Family Residential REITs - Real Estate|8|105.98|105.36
2024-05-22|CNP|Multi-Utilities - Utilities|2|29.32|30.06
2024-05-22|WY|Timber REITs - Real Estate|1|31.08|30.7
2024-05-22|WBD|Broadcasting - Communication Services|1|7.96|8.06
2024-05-22|FOXA|Broadcasting - Communication Services|26|32.96|33.01
2024-05-22|WBD|Broadcasting - Communication Services|2|8.2|8.06
2024-05-22|WYNN|Casinos & Gaming - Consumer Discretionary|1|97.11|95.48
2024-05-22|WBD|Broadcasting - Communication Services|1|8.05|8.06
2024-05-22|KDP|Soft Drinks & Non-alcoholic Beverages - Consumer Staples|15|33.96|34.27
2024-05-22|MAA|Multi-Family Residential REITs - Real Estate|1|136.0|136.0
2024-05-22|LNT|Electric Utilities - Utilities|7|51.17|51.17
2024-05-22|WY|Timber REITs - Real Estate|1|30.7|30.7
2024-05-22|WBD|Broadcasting - Communication Services|2|8.06|8.06
2024-05-23|YUM|Restaurants - Consumer Discretionary|7|129.03|137.01
2024-05-23|INVH|Single-Family Residential REITs - Real Estate|1|33.11|34.52
2024-05-23|DTE|Multi-Utilities - Utilities|9|102.36|112.06
2024-05-23|ZBH|Health Care Equipment - Health Care|7|121.84|115.85
2024-05-23|PG|Personal Care Products - Consumer Staples|6|157.51|165.49
2024-05-23|XEL|Multi-Utilities - Utilities|1|49.57|54.05
2024-05-23|XOM|Integrated Oil & Gas - Energy|3|108.38|113.51
2024-05-23|CPB|Packaged Foods & Meats - Consumer Staples|16|42.81|45.64
2024-05-23|PEG|Electric Utilities - Utilities|2|66.42|73.55
2024-05-23|ZBH|Health Care Equipment - Health Care|1|119.33|115.85
2024-05-23|UAL|Passenger Airlines - Industrials|13|51.38|51.76
2024-05-23|CAG|Packaged Foods & Meats - Consumer Staples|11|31.08|30.44
2024-05-23|LMT|Aerospace & Defense - Industrials|2|461.29|467.08
2024-05-23|DD|Specialty Chemicals - Materials|12|30.84|33.03
2024-05-23|CCL|Hotels, Resorts & Cruise Lines - Consumer Discretionary|13|14.82|14.78
2024-05-23|CPT|Multi-Family Residential REITs - Real Estate|8|105.98|104.01
2024-05-23|CNP|Multi-Utilities - Utilities|2|29.32|29.35
2024-05-23|WY|Timber REITs - Real Estate|1|31.08|30.11
2024-05-23|WBD|Broadcasting - Communication Services|1|7.96|7.7
2024-05-23|FOXA|Broadcasting - Communication Services|26|32.96|32.97
2024-05-23|WYNN|Casinos & Gaming - Consumer Discretionary|1|97.11|94.09
2024-05-23|WBD|Broadcasting - Communication Services|1|8.05|7.7
2024-05-23|KDP|Soft Drinks & Non-alcoholic Beverages - Consumer Staples|15|33.96|33.98
2024-05-23|MAA|Multi-Family Residential REITs - Real Estate|1|136.0|132.92
2024-05-23|LNT|Electric Utilities - Utilities|7|51.17|50.01
2024-05-23|WY|Timber REITs - Real Estate|1|30.7|30.11
2024-05-23|WBD|Broadcasting - Communication Services|2|8.06|7.7
2024-05-23|WBD|Broadcasting - Communication Services|2|7.7|7.7
2024-05-29|YUM|Restaurants - Consumer Discretionary|7|129.03|134.67
2024-05-29|INVH|Single-Family Residential REITs - Real Estate|1|33.11|33.78
2024-05-29|DTE|Multi-Utilities - Utilities|9|102.36|110.97
2024-05-29|PG|Personal Care Products - Consumer Staples|6|157.51|161.65
2024-05-29|XEL|Multi-Utilities - Utilities|1|49.57|53.3
2024-05-29|XOM|Integrated Oil & Gas - Energy|3|108.38|113.63
2024-05-29|CPB|Packaged Foods & Meats - Consumer Staples|16|42.81|43.42
2024-05-29|PEG|Electric Utilities - Utilities|2|66.42|73.2
2024-05-29|ZBH|Health Care Equipment - Health Care|1|119.33|115.14
2024-05-29|UAL|Passenger Airlines - Industrials|13|51.38|51.83
2024-05-29|LMT|Aerospace & Defense - Industrials|2|461.29|452.72
2024-05-29|DD|Specialty Chemicals - Materials|12|30.84|34.0
2024-05-29|CCL|Hotels, Resorts & Cruise Lines - Consumer Discretionary|13|14.82|15.22
2024-05-29|CNP|Multi-Utilities - Utilities|2|29.32|29.38
2024-05-29|WBD|Broadcasting - Communication Services|1|7.96|7.66
2024-05-29|FOXA|Broadcasting - Communication Services|26|32.96|33.81
2024-05-29|WYNN|Casinos & Gaming - Consumer Discretionary|1|97.11|92.53
2024-05-29|WBD|Broadcasting - Communication Services|1|8.05|7.66
2024-05-29|KDP|Soft Drinks & Non-alcoholic Beverages - Consumer Staples|15|33.96|33.66
2024-05-29|LNT|Electric Utilities - Utilities|7|51.17|49.36
2024-05-29|WY|Timber REITs - Real Estate|1|30.7|29.36
2024-05-29|WBD|Broadcasting - Communication Services|2|8.06|7.66
2024-05-29|WBD|Broadcasting - Communication Services|2|7.7|7.66
2024-05-29|ENPH|Semiconductor Materials & Equipment - Information Technology|8|125.69|125.69
2024-05-29|ZTS|Pharmaceuticals - Health Care|6|170.8|170.8
2024-05-29|WY|Timber REITs - Real Estate|1|29.36|29.36
2024-05-29|WBD|Broadcasting - Communication Services|3|7.66|7.66
2024-06-03|YUM|Restaurants - Consumer Discretionary|7|129.03|139.33
2024-06-03|INVH|Single-Family Residential REITs - Real Estate|1|33.11|34.7
2024-06-03|DTE|Multi-Utilities - Utilities|9|102.36|116.24
2024-06-03|PG|Personal Care Products - Consumer Staples|6|157.51|164.65
2024-06-03|XEL|Multi-Utilities - Utilities|1|49.57|55.28
2024-06-03|XOM|Integrated Oil & Gas - Energy|3|108.38|114.45
2024-06-03|CPB|Packaged Foods & Meats - Consumer Staples|16|42.81|44.22
2024-06-03|PEG|Electric Utilities - Utilities|2|66.42|74.54
2024-06-03|UAL|Passenger Airlines - Industrials|13|51.38|52.72
2024-06-03|LMT|Aerospace & Defense - Industrials|2|461.29|467.6
2024-06-03|DD|Specialty Chemicals - Materials|12|30.84|33.74
2024-06-03|CCL|Hotels, Resorts & Cruise Lines - Consumer Discretionary|13|14.82|16.01
2024-06-03|CNP|Multi-Utilities - Utilities|2|29.32|30.75
2024-06-03|WBD|Broadcasting - Communication Services|1|7.96|8.33
2024-06-03|FOXA|Broadcasting - Communication Services|26|32.96|34.81
2024-06-03|WYNN|Casinos & Gaming - Consumer Discretionary|1|97.11|94.91
2024-06-03|WBD|Broadcasting - Communication Services|1|8.05|8.33
2024-06-03|KDP|Soft Drinks & Non-alcoholic Beverages - Consumer Staples|15|33.96|34.37
2024-06-03|LNT|Electric Utilities - Utilities|7|51.17|51.1
2024-06-03|WY|Timber REITs - Real Estate|1|30.7|29.71
2024-06-03|WBD|Broadcasting - Communication Services|2|8.06|8.33
2024-06-03|WBD|Broadcasting - Communication Services|2|7.7|8.33
2024-06-03|ENPH|Semiconductor Materials & Equipment - Information Technology|8|125.69|127.55
2024-06-03|ZTS|Pharmaceuticals - Health Care|6|170.8|172.37
2024-06-03|WY|Timber REITs - Real Estate|1|29.36|29.71
2024-06-03|WBD|Broadcasting - Communication Services|3|7.66|8.33
2024-06-03|ZBH|Health Care Equipment - Health Care|1|113.12|113.12
2024-06-11|YUM|Restaurants - Consumer Discretionary|7|129.03|137.01
2024-06-11|INVH|Single-Family Residential REITs - Real Estate|1|33.11|35.1
2024-06-11|DTE|Multi-Utilities - Utilities|9|102.36|113.74
2024-06-11|PG|Personal Care Products - Consumer Staples|6|157.51|167.48
2024-06-11|XEL|Multi-Utilities - Utilities|1|49.57|55.04
2024-06-11|XOM|Integrated Oil & Gas - Energy|3|108.38|112.17
2024-06-11|CPB|Packaged Foods & Meats - Consumer Staples|16|42.81|43.1
2024-06-11|PEG|Electric Utilities - Utilities|2|66.42|73.67
2024-06-11|UAL|Passenger Airlines - Industrials|13|51.38|52.05
2024-06-11|LMT|Aerospace & Defense - Industrials|2|461.29|462.8
2024-06-11|DD|Specialty Chemicals - Materials|12|30.84|33.33
2024-06-11|CCL|Hotels, Resorts & Cruise Lines - Consumer Discretionary|13|14.82|16.34
2024-06-11|CNP|Multi-Utilities - Utilities|2|29.32|30.82
2024-06-11|WBD|Broadcasting - Communication Services|1|7.96|8.04
2024-06-11|FOXA|Broadcasting - Communication Services|26|32.96|33.34
2024-06-11|WBD|Broadcasting - Communication Services|1|8.05|8.04
2024-06-11|KDP|Soft Drinks & Non-alcoholic Beverages - Consumer Staples|15|33.96|33.83
2024-06-11|LNT|Electric Utilities - Utilities|7|51.17|50.19
2024-06-11|WBD|Broadcasting - Communication Services|2|8.06|8.04
2024-06-11|WBD|Broadcasting - Communication Services|2|7.7|8.04
2024-06-11|ENPH|Semiconductor Materials & Equipment - Information Technology|8|125.69|132.41
2024-06-11|ZTS|Pharmaceuticals - Health Care|6|170.8|178.54
2024-06-11|WY|Timber REITs - Real Estate|1|29.36|29.14
2024-06-11|WBD|Broadcasting - Communication Services|3|7.66|8.04
2024-06-11|ZBH|Health Care Equipment - Health Care|1|113.12|109.23
2024-06-11|ZBH|Health Care Equipment - Health Care|1|109.23|109.23
2024-06-11|WBD|Broadcasting - Communication Services|1|8.04|8.04
2024-06-12|YUM|Restaurants - Consumer Discretionary|7|129.03|137.3
2024-06-12|INVH|Single-Family Residential REITs - Real Estate|1|33.11|35.05
2024-06-12|DTE|Multi-Utilities - Utilities|9|102.36|112.63
2024-06-12|PG|Personal Care Products - Consumer Staples|6|157.51|165.18
2024-06-12|XEL|Multi-Utilities - Utilities|1|49.57|54.77
2024-06-12|XOM|Integrated Oil & Gas - Energy|3|108.38|110.93
2024-06-12|CPB|Packaged Foods & Meats - Consumer Staples|16|42.81|42.79
2024-06-12|PEG|Electric Utilities - Utilities|2|66.42|73.04
2024-06-12|UAL|Passenger Airlines - Industrials|13|51.38|52.93
2024-06-12|LMT|Aerospace & Defense - Industrials|2|461.29|459.11
2024-06-12|DD|Specialty Chemicals - Materials|12|30.84|33.69
2024-06-12|CCL|Hotels, Resorts & Cruise Lines - Consumer Discretionary|13|14.82|16.74
2024-06-12|CNP|Multi-Utilities - Utilities|2|29.32|30.99
2024-06-12|WBD|Broadcasting - Communication Services|1|7.96|7.81
2024-06-12|FOXA|Broadcasting - Communication Services|26|32.96|33.42
2024-06-12|WBD|Broadcasting - Communication Services|1|8.05|7.81
2024-06-12|KDP|Soft Drinks & Non-alcoholic Beverages - Consumer Staples|15|33.96|33.61
2024-06-12|LNT|Electric Utilities - Utilities|7|51.17|49.85
2024-06-12|WBD|Broadcasting - Communication Services|2|8.06|7.81
2024-06-12|WBD|Broadcasting - Communication Services|2|7.7|7.81
2024-06-12|ENPH|Semiconductor Materials & Equipment - Information Technology|8|125.69|134.52
2024-06-12|ZTS|Pharmaceuticals - Health Care|6|170.8|175.85
2024-06-12|WY|Timber REITs - Real Estate|1|29.36|29.21
2024-06-12|WBD|Broadcasting - Communication Services|3|7.66|7.81
2024-06-12|ZBH|Health Care Equipment - Health Care|1|109.23|107.45
2024-06-12|WBD|Broadcasting - Communication Services|1|8.04|7.81
2024-06-12|ZBH|Health Care Equipment - Health Care|1|107.45|107.45
2024-06-13|YUM|Restaurants - Consumer Discretionary|7|129.03|138.01
2024-06-13|INVH|Single-Family Residential REITs - Real Estate|1|33.11|35.03
2024-06-13|DTE|Multi-Utilities - Utilities|9|102.36|112.54
2024-06-13|PG|Personal Care Products - Consumer Staples|6|157.51|166.41
2024-06-13|XEL|Multi-Utilities - Utilities|1|49.57|54.34
2024-06-13|XOM|Integrated Oil & Gas - Energy|3|108.38|110.04
2024-06-13|CPB|Packaged Foods & Meats - Consumer Staples|16|42.81|43.49
2024-06-13|PEG|Electric Utilities - Utilities|2|66.42|73.21
2024-06-13|UAL|Passenger Airlines - Industrials|13|51.38|52.07
2024-06-13|LMT|Aerospace & Defense - Industrials|2|461.29|458.56
2024-06-13|DD|Specialty Chemicals - Materials|12|30.84|33.51
2024-06-13|CCL|Hotels, Resorts & Cruise Lines - Consumer Discretionary|13|14.82|16.51
2024-06-13|CNP|Multi-Utilities - Utilities|2|29.32|30.9
2024-06-13|FOXA|Broadcasting - Communication Services|26|32.96|33.33
2024-06-13|KDP|Soft Drinks & Non-alcoholic Beverages - Consumer Staples|15|33.96|34.06
2024-06-13|LNT|Electric Utilities - Utilities|7|51.17|49.84
2024-06-13|ENPH|Semiconductor Materials & Equipment - Information Technology|8|125.69|129.72
2024-06-13|ZTS|Pharmaceuticals - Health Care|6|170.8|171.32
2024-06-13|WY|Timber REITs - Real Estate|1|29.36|29.02
2024-06-13|WBD|Broadcasting - Communication Services|3|7.66|7.29
2024-06-13|ZBH|Health Care Equipment - Health Care|1|109.23|106.97
2024-06-13|ZBH|Health Care Equipment - Health Care|1|107.45|106.97
2024-06-13|WY|Timber REITs - Real Estate|1|29.02|29.02
2024-06-13|WBD|Broadcasting - Communication Services|3|7.29|7.29
2024-06-14|YUM|Restaurants - Consumer Discretionary|7|129.03|136.79
2024-06-14|INVH|Single-Family Residential REITs - Real Estate|1|33.11|35.5
2024-06-14|DTE|Multi-Utilities - Utilities|9|102.36|112.14
2024-06-14|PG|Personal Care Products - Consumer Staples|6|157.51|166.79
2024-06-14|XEL|Multi-Utilities - Utilities|1|49.57|53.77
2024-06-14|XOM|Integrated Oil & Gas - Energy|3|108.38|109.11
2024-06-14|CPB|Packaged Foods & Meats - Consumer Staples|16|42.81|43.99
2024-06-14|PEG|Electric Utilities - Utilities|2|66.42|72.64
2024-06-14|UAL|Passenger Airlines - Industrials|13|51.38|49.69
2024-06-14|LMT|Aerospace & Defense - Industrials|2|461.29|458.34
2024-06-14|DD|Specialty Chemicals - Materials|12|30.84|33.33
2024-06-14|CCL|Hotels, Resorts & Cruise Lines - Consumer Discretionary|13|14.82|15.34
2024-06-14|CNP|Multi-Utilities - Utilities|2|29.32|30.85
2024-06-14|FOXA|Broadcasting - Communication Services|26|32.96|33.18
2024-06-14|KDP|Soft Drinks & Non-alcoholic Beverages - Consumer Staples|15|33.96|34.04
2024-06-14|LNT|Electric Utilities - Utilities|7|51.17|49.84
2024-06-14|ENPH|Semiconductor Materials & Equipment - Information Technology|8|125.69|124.61
2024-06-14|ZTS|Pharmaceuticals - Health Care|6|170.8|170.55
2024-06-14|WY|Timber REITs - Real Estate|1|29.36|29.0
2024-06-14|ZBH|Health Care Equipment - Health Care|1|109.23|107.19
2024-06-14|ZBH|Health Care Equipment - Health Care|1|107.45|107.19
2024-06-14|WY|Timber REITs - Real Estate|1|29.02|29.0
2024-06-14|WBD|Broadcasting - Communication Services|3|7.29|7.24
2024-06-14|WBD|Broadcasting - Communication Services|3|7.24|7.24
2024-06-18|YUM|Restaurants - Consumer Discretionary|7|129.03|135.42
2024-06-18|INVH|Single-Family Residential REITs - Real Estate|1|33.11|35.73
2024-06-18|DTE|Multi-Utilities - Utilities|9|102.36|110.57
2024-06-18|PG|Personal Care Products - Consumer Staples|6|157.51|168.56
2024-06-18|XEL|Multi-Utilities - Utilities|1|49.57|53.12
2024-06-18|XOM|Integrated Oil & Gas - Energy|3|108.38|109.38
2024-06-18|CPB|Packaged Foods & Meats - Consumer Staples|16|42.81|44.96
2024-06-18|PEG|Electric Utilities - Utilities|2|66.42|73.29
2024-06-18|UAL|Passenger Airlines - Industrials|13|51.38|49.58
2024-06-18|LMT|Aerospace & Defense - Industrials|2|461.29|460.0
2024-06-18|DD|Specialty Chemicals - Materials|12|30.84|33.77
2024-06-18|CCL|Hotels, Resorts & Cruise Lines - Consumer Discretionary|13|14.82|15.95
2024-06-18|CNP|Multi-Utilities - Utilities|2|29.32|31.0
2024-06-18|FOXA|Broadcasting - Communication Services|26|32.96|33.56
2024-06-18|KDP|Soft Drinks & Non-alcoholic Beverages - Consumer Staples|15|33.96|34.49
2024-06-18|LNT|Electric Utilities - Utilities|7|51.17|49.62
2024-06-18|ZTS|Pharmaceuticals - Health Care|6|170.8|169.66
2024-06-18|WY|Timber REITs - Real Estate|1|29.36|28.87
2024-06-18|ZBH|Health Care Equipment - Health Care|1|109.23|106.69
2024-06-18|ZBH|Health Care Equipment - Health Care|1|107.45|106.69
2024-06-18|WY|Timber REITs - Real Estate|1|29.02|28.87
2024-06-18|WBD|Broadcasting - Communication Services|3|7.29|6.99
2024-06-18|WBD|Broadcasting - Communication Services|3|7.24|6.99
2024-06-18|ZBRA|Electronic Equipment & Instruments - Information Technology|3|295.25|295.25
2024-06-18|WY|Timber REITs - Real Estate|2|28.87|28.87
2024-06-18|WBD|Broadcasting - Communication Services|2|6.99|6.99
2024-06-21|YUM|Restaurants - Consumer Discretionary|7|129.03|134.29
2024-06-21|INVH|Single-Family Residential REITs - Real Estate|1|33.11|35.42
2024-06-21|DTE|Multi-Utilities - Utilities|9|102.36|110.91
2024-06-21|PG|Personal Care Products - Consumer Staples|6|157.51|168.26
2024-06-21|XEL|Multi-Utilities - Utilities|1|49.57|53.37
2024-06-21|XOM|Integrated Oil & Gas - Energy|3|108.38|110.76
2024-06-21|CPB|Packaged Foods & Meats - Consumer Staples|16|42.81|44.51
2024-06-21|PEG|Electric Utilities - Utilities|2|66.42|73.01
2024-06-21|LMT|Aerospace & Defense - Industrials|2|461.29|467.6
2024-06-21|DD|Specialty Chemicals - Materials|12|30.84|33.4
2024-06-21|CCL|Hotels, Resorts & Cruise Lines - Consumer Discretionary|13|14.82|16.07
2024-06-21|CNP|Multi-Utilities - Utilities|2|29.32|31.0
2024-06-21|FOXA|Broadcasting - Communication Services|26|32.96|34.46
2024-06-21|KDP|Soft Drinks & Non-alcoholic Beverages - Consumer Staples|15|33.96|34.38
2024-06-21|LNT|Electric Utilities - Utilities|7|51.17|50.95
2024-06-21|ZTS|Pharmaceuticals - Health Care|6|170.8|171.09
2024-06-21|WY|Timber REITs - Real Estate|1|29.36|29.02
2024-06-21|ZBH|Health Care Equipment - Health Care|1|109.23|107.86
2024-06-21|ZBH|Health Care Equipment - Health Care|1|107.45|107.86
2024-06-21|WY|Timber REITs - Real Estate|1|29.02|29.02
2024-06-21|WBD|Broadcasting - Communication Services|3|7.29|7.18
2024-06-21|WBD|Broadcasting - Communication Services|3|7.24|7.18
2024-06-21|ZBRA|Electronic Equipment & Instruments - Information Technology|3|295.25|300.01
2024-06-21|WY|Timber REITs - Real Estate|2|28.87|29.02
2024-06-21|WBD|Broadcasting - Communication Services|2|6.99|7.18
2024-06-21|ZBH|Health Care Equipment - Health Care|5|107.86|107.86
2024-06-21|WY|Timber REITs - Real Estate|3|29.02|29.02
2024-06-25|YUM|Restaurants - Consumer Discretionary|7|129.03|132.33
2024-06-25|INVH|Single-Family Residential REITs - Real Estate|1|33.11|35.54
2024-06-25|DTE|Multi-Utilities - Utilities|9|102.36|110.02
2024-06-25|PG|Personal Care Products - Consumer Staples|6|157.51|166.85
2024-06-25|XEL|Multi-Utilities - Utilities|1|49.57|53.74
2024-06-25|XOM|Integrated Oil & Gas - Energy|3|108.38|114.37
2024-06-25|CPB|Packaged Foods & Meats - Consumer Staples|16|42.81|44.19
2024-06-25|PEG|Electric Utilities - Utilities|2|66.42|73.57
2024-06-25|LMT|Aerospace & Defense - Industrials|2|461.29|468.07
2024-06-25|DD|Specialty Chemicals - Materials|12|30.84|33.67
2024-06-25|CNP|Multi-Utilities - Utilities|2|29.32|30.39
2024-06-25|FOXA|Broadcasting - Communication Services|26|32.96|34.62
2024-06-25|KDP|Soft Drinks & Non-alcoholic Beverages - Consumer Staples|15|33.96|34.41
2024-06-25|LNT|Electric Utilities - Utilities|7|51.17|50.54
2024-06-25|ZTS|Pharmaceuticals - Health Care|6|170.8|167.98
2024-06-25|WY|Timber REITs - Real Estate|1|29.36|28.28
2024-06-25|ZBH|Health Care Equipment - Health Care|1|109.23|108.22
2024-06-25|ZBH|Health Care Equipment - Health Care|1|107.45|108.22
2024-06-25|WY|Timber REITs - Real Estate|1|29.02|28.28
2024-06-25|WBD|Broadcasting - Communication Services|3|7.29|7.24
2024-06-25|WBD|Broadcasting - Communication Services|3|7.24|7.24
2024-06-25|ZBRA|Electronic Equipment & Instruments - Information Technology|3|295.25|306.04
2024-06-25|WY|Timber REITs - Real Estate|2|28.87|28.28
2024-06-25|WBD|Broadcasting - Communication Services|2|6.99|7.24
2024-06-25|ZBH|Health Care Equipment - Health Care|5|107.86|108.22
2024-06-25|WY|Timber REITs - Real Estate|3|29.02|28.28
2024-06-25|FMC|Fertilizers & Agricultural Chemicals - Materials|4|56.52|56.52
2024-07-01|YUM|Restaurants - Consumer Discretionary|7|129.03|129.7
2024-07-01|INVH|Single-Family Residential REITs - Real Estate|1|33.11|35.78
2024-07-01|DTE|Multi-Utilities - Utilities|9|102.36|109.12
2024-07-01|PG|Personal Care Products - Consumer Staples|6|157.51|162.72
2024-07-01|XEL|Multi-Utilities - Utilities|1|49.57|52.43
2024-07-01|XOM|Integrated Oil & Gas - Energy|3|108.38|114.96
2024-07-01|CPB|Packaged Foods & Meats - Consumer Staples|16|42.81|45.27
2024-07-01|PEG|Electric Utilities - Utilities|2|66.42|73.63
2024-07-01|LMT|Aerospace & Defense - Industrials|2|461.29|466.44
2024-07-01|DD|Specialty Chemicals - Materials|12|30.84|33.17
2024-07-01|CNP|Multi-Utilities - Utilities|2|29.32|30.55
2024-07-01|FOXA|Broadcasting - Communication Services|26|32.96|34.12
2024-07-01|KDP|Soft Drinks & Non-alcoholic Beverages - Consumer Staples|15|33.96|32.84
2024-07-01|LNT|Electric Utilities - Utilities|7|51.17|50.74
2024-07-01|ZTS|Pharmaceuticals - Health Care|6|170.8|172.58
2024-07-01|ZBH|Health Care Equipment - Health Care|1|109.23|105.96
2024-07-01|ZBH|Health Care Equipment - Health Care|1|107.45|105.96
2024-07-01|WBD|Broadcasting - Communication Services|3|7.29|7.1
2024-07-01|WBD|Broadcasting - Communication Services|3|7.24|7.1
2024-07-01|ZBRA|Electronic Equipment & Instruments - Information Technology|3|295.25|306.21
2024-07-01|WY|Timber REITs - Real Estate|2|28.87|27.56
2024-07-01|WBD|Broadcasting - Communication Services|2|6.99|7.1
2024-07-01|ZBH|Health Care Equipment - Health Care|5|107.86|105.96
2024-07-01|FMC|Fertilizers & Agricultural Chemicals - Materials|4|56.52|56.61
2024-07-01|BWA|Automotive Parts & Equipment - Consumer Discretionary|4|31.49|31.49
2024-07-01|WBD|Broadcasting - Communication Services|2|7.1|7.1
2024-07-03|YUM|Restaurants - Consumer Discretionary|7|129.03|129.58
2024-07-03|INVH|Single-Family Residential REITs - Real Estate|1|33.11|36.01
2024-07-03|DTE|Multi-Utilities - Utilities|9|102.36|109.24
2024-07-03|PG|Personal Care Products - Consumer Staples|6|157.51|163.83
2024-07-03|XEL|Multi-Utilities - Utilities|1|49.57|52.75
2024-07-03|XOM|Integrated Oil & Gas - Energy|3|108.38|114.76
2024-07-03|CPB|Packaged Foods & Meats - Consumer Staples|16|42.81|45.01
2024-07-03|PEG|Electric Utilities - Utilities|2|66.42|73.99
2024-07-03|LMT|Aerospace & Defense - Industrials|2|461.29|466.03
2024-07-03|DD|Specialty Chemicals - Materials|12|30.84|33.13
2024-07-03|CNP|Multi-Utilities - Utilities|2|29.32|30.33
2024-07-03|FOXA|Broadcasting - Communication Services|26|32.96|34.78
2024-07-03|KDP|Soft Drinks & Non-alcoholic Beverages - Consumer Staples|15|33.96|32.72
2024-07-03|LNT|Electric Utilities - Utilities|7|51.17|50.81
2024-07-03|ZTS|Pharmaceuticals - Health Care|6|170.8|175.6
2024-07-03|ZBH|Health Care Equipment - Health Care|1|109.23|106.58
2024-07-03|ZBH|Health Care Equipment - Health Care|1|107.45|106.58
2024-07-03|WBD|Broadcasting - Communication Services|3|7.29|7.23
2024-07-03|WBD|Broadcasting - Communication Services|3|7.24|7.23
2024-07-03|ZBRA|Electronic Equipment & Instruments - Information Technology|3|295.25|312.85
2024-07-03|WBD|Broadcasting - Communication Services|2|6.99|7.23
2024-07-03|ZBH|Health Care Equipment - Health Care|5|107.86|106.58
2024-07-03|FMC|Fertilizers & Agricultural Chemicals - Materials|4|56.52|55.66
2024-07-03|BWA|Automotive Parts & Equipment - Consumer Discretionary|4|31.49|31.89
2024-07-03|WBD|Broadcasting - Communication Services|2|7.1|7.23
2024-07-03|WY|Timber REITs - Real Estate|2|27.05|27.05
2024-07-09|YUM|Restaurants - Consumer Discretionary|7|129.03|126.66
2024-07-09|INVH|Single-Family Residential REITs - Real Estate|1|33.11|36.1
2024-07-09|DTE|Multi-Utilities - Utilities|9|102.36|108.67
2024-07-09|PG|Personal Care Products - Consumer Staples|6|157.51|165.66
2024-07-09|XEL|Multi-Utilities - Utilities|1|49.57|52.47
2024-07-09|XOM|Integrated Oil & Gas - Energy|3|108.38|110.94
2024-07-09|CPB|Packaged Foods & Meats - Consumer Staples|16|42.81|45.38
2024-07-09|PEG|Electric Utilities - Utilities|2|66.42|75.58
2024-07-09|LMT|Aerospace & Defense - Industrials|2|461.29|460.3
2024-07-09|DD|Specialty Chemicals - Materials|12|30.84|32.86
2024-07-09|CNP|Multi-Utilities - Utilities|2|29.32|29.63
2024-07-09|FOXA|Broadcasting - Communication Services|26|32.96|35.19
2024-07-09|LNT|Electric Utilities - Utilities|7|51.17|51.67
2024-07-09|ZTS|Pharmaceuticals - Health Care|6|170.8|174.24
2024-07-09|ZBH|Health Care Equipment - Health Care|1|109.23|105.76
2024-07-09|ZBH|Health Care Equipment - Health Care|1|107.45|105.76
2024-07-09|WBD|Broadcasting - Communication Services|3|7.29|7.34
2024-07-09|WBD|Broadcasting - Communication Services|3|7.24|7.34
2024-07-09|ZBRA|Electronic Equipment & Instruments - Information Technology|3|295.25|315.24
2024-07-09|WBD|Broadcasting - Communication Services|2|6.99|7.34
2024-07-09|ZBH|Health Care Equipment - Health Care|5|107.86|105.76
2024-07-09|FMC|Fertilizers & Agricultural Chemicals - Materials|4|56.52|54.54
2024-07-09|BWA|Automotive Parts & Equipment - Consumer Discretionary|4|31.49|31.66
2024-07-09|WBD|Broadcasting - Communication Services|2|7.1|7.34
2024-07-09|WY|Timber REITs - Real Estate|2|27.05|27.57
2024-07-09|INCY|Biotechnology - Health Care|7|60.7|60.7
2024-07-09|WY|Timber REITs - Real Estate|2|27.57|27.57
2024-07-11|YUM|Restaurants - Consumer Discretionary|7|129.03|129.52
2024-07-11|INVH|Single-Family Residential REITs - Real Estate|1|33.11|35.44
2024-07-11|DTE|Multi-Utilities - Utilities|9|102.36|113.18
2024-07-11|PG|Personal Care Products - Consumer Staples|6|157.51|165.54
2024-07-11|XEL|Multi-Utilities - Utilities|1|49.57|54.08
2024-07-11|XOM|Integrated Oil & Gas - Energy|3|108.38|113.25
2024-07-11|CPB|Packaged Foods & Meats - Consumer Staples|16|42.81|45.33
2024-07-11|LMT|Aerospace & Defense - Industrials|2|461.29|460.38
2024-07-11|DD|Specialty Chemicals - Materials|12|30.84|33.77
2024-07-11|CNP|Multi-Utilities - Utilities|2|29.32|29.68
2024-07-11|FOXA|Broadcasting - Communication Services|26|32.96|35.64
2024-07-11|LNT|Electric Utilities - Utilities|7|51.17|53.31
2024-07-11|ZTS|Pharmaceuticals - Health Care|6|170.8|177.74
2024-07-11|ZBH|Health Care Equipment - Health Care|1|109.23|108.19
2024-07-11|ZBH|Health Care Equipment - Health Care|1|107.45|108.19
2024-07-11|WBD|Broadcasting - Communication Services|3|7.29|7.38
2024-07-11|WBD|Broadcasting - Communication Services|3|7.24|7.38
2024-07-11|ZBRA|Electronic Equipment & Instruments - Information Technology|3|295.25|328.32
2024-07-11|WBD|Broadcasting - Communication Services|2|6.99|7.38
2024-07-11|ZBH|Health Care Equipment - Health Care|5|107.86|108.19
2024-07-11|FMC|Fertilizers & Agricultural Chemicals - Materials|4|56.52|56.7
2024-07-11|BWA|Automotive Parts & Equipment - Consumer Discretionary|4|31.49|33.14
2024-07-11|WBD|Broadcasting - Communication Services|2|7.1|7.38
2024-07-11|WY|Timber REITs - Real Estate|2|27.05|28.96
2024-07-11|INCY|Biotechnology - Health Care|7|60.7|62.29
2024-07-11|WY|Timber REITs - Real Estate|2|27.57|28.96
2024-07-11|ZBH|Health Care Equipment - Health Care|1|108.19|108.19
2024-07-11|WY|Timber REITs - Real Estate|1|28.96|28.96
2024-07-11|WBD|Broadcasting - Communication Services|2|7.38|7.38
2024-07-17|YUM|Restaurants - Consumer Discretionary|7|129.03|129.33
2024-07-17|INVH|Single-Family Residential REITs - Real Estate|1|33.11|35.75
2024-07-17|DTE|Multi-Utilities - Utilities|9|102.36|117.34
2024-07-17|PG|Personal Care Products - Consumer Staples|6|157.51|169.44
2024-07-17|XEL|Multi-Utilities - Utilities|1|49.57|55.32
2024-07-17|XOM|Integrated Oil & Gas - Energy|3|108.38|117.64
2024-07-17|CPB|Packaged Foods & Meats - Consumer Staples|16|42.81|47.72
2024-07-17|LMT|Aerospace & Defense - Industrials|2|461.29|476.07
2024-07-17|DD|Specialty Chemicals - Materials|12|30.84|34.28
2024-07-17|CNP|Multi-Utilities - Utilities|2|29.32|28.64
2024-07-17|FOXA|Broadcasting - Communication Services|26|32.96|37.45
2024-07-17|LNT|Electric Utilities - Utilities|7|51.17|55.55
2024-07-17|ZTS|Pharmaceuticals - Health Care|6|170.8|182.05
2024-07-17|ZBH|Health Care Equipment - Health Care|1|109.23|111.05
2024-07-17|ZBH|Health Care Equipment - Health Care|1|107.45|111.05
2024-07-17|WBD|Broadcasting - Communication Services|3|7.29|8.32
2024-07-17|WBD|Broadcasting - Communication Services|3|7.24|8.32
2024-07-17|ZBRA|Electronic Equipment & Instruments - Information Technology|3|295.25|325.89
2024-07-17|ZBH|Health Care Equipment - Health Care|5|107.86|111.05
2024-07-17|FMC|Fertilizers & Agricultural Chemicals - Materials|4|56.52|61.95
2024-07-17|BWA|Automotive Parts & Equipment - Consumer Discretionary|4|31.49|34.18
2024-07-17|WY|Timber REITs - Real Estate|2|27.05|30.49
2024-07-17|INCY|Biotechnology - Health Care|7|60.7|65.3
2024-07-17|WY|Timber REITs - Real Estate|2|27.57|30.49
2024-07-17|ZBH|Health Care Equipment - Health Care|1|108.19|111.05
2024-07-17|WY|Timber REITs - Real Estate|1|28.96|30.49
2024-07-17|WBD|Broadcasting - Communication Services|2|7.38|8.32
2024-07-17|NCLH|Hotels, Resorts & Cruise Lines - Consumer Discretionary|1|19.86|19.86
2024-07-17|WBD|Broadcasting - Communication Services|2|8.32|8.32
2024-07-18|YUM|Restaurants - Consumer Discretionary|7|129.03|128.31
2024-07-18|INVH|Single-Family Residential REITs - Real Estate|1|33.11|35.92
2024-07-18|DTE|Multi-Utilities - Utilities|9|102.36|116.68
2024-07-18|PG|Personal Care Products - Consumer Staples|6|157.51|168.44
2024-07-18|XEL|Multi-Utilities - Utilities|1|49.57|55.78
2024-07-18|XOM|Integrated Oil & Gas - Energy|3|108.38|118.8
2024-07-18|CPB|Packaged Foods & Meats - Consumer Staples|16|42.81|47.91
2024-07-18|LMT|Aerospace & Defense - Industrials|2|461.29|476.0
2024-07-18|DD|Specialty Chemicals - Materials|12|30.84|33.62
2024-07-18|CNP|Multi-Utilities - Utilities|2|29.32|28.82
2024-07-18|FOXA|Broadcasting - Communication Services|26|32.96|37.1
2024-07-18|LNT|Electric Utilities - Utilities|7|51.17|55.01
2024-07-18|ZTS|Pharmaceuticals - Health Care|6|170.8|179.23
2024-07-18|ZBH|Health Care Equipment - Health Care|1|109.23|111.39
2024-07-18|ZBH|Health Care Equipment - Health Care|1|107.45|111.39
2024-07-18|ZBRA|Electronic Equipment & Instruments - Information Technology|3|295.25|323.37
2024-07-18|ZBH|Health Care Equipment - Health Care|5|107.86|111.39
2024-07-18|FMC|Fertilizers & Agricultural Chemicals - Materials|4|56.52|59.95
2024-07-18|BWA|Automotive Parts & Equipment - Consumer Discretionary|4|31.49|33.84
2024-07-18|WY|Timber REITs - Real Estate|2|27.05|30.31
2024-07-18|INCY|Biotechnology - Health Care|7|60.7|65.37
2024-07-18|WY|Timber REITs - Real Estate|2|27.57|30.31
2024-07-18|ZBH|Health Care Equipment - Health Care|1|108.19|111.39
2024-07-18|WY|Timber REITs - Real Estate|1|28.96|30.31
2024-07-18|NCLH|Hotels, Resorts & Cruise Lines - Consumer Discretionary|1|19.86|19.64
2024-07-18|WBD|Broadcasting - Communication Services|2|8.32|8.52
2024-07-18|KIM|Retail REITs - Real Estate|3|21.29|21.29
2024-07-24|YUM|Restaurants - Consumer Discretionary|7|129.03|125.95
2024-07-24|INVH|Single-Family Residential REITs - Real Estate|1|33.11|35.97
2024-07-24|PG|Personal Care Products - Consumer Staples|6|157.51|168.0
2024-07-24|XEL|Multi-Utilities - Utilities|1|49.57|56.36
2024-07-24|XOM|Integrated Oil & Gas - Energy|3|108.38|115.01
2024-07-24|CPB|Packaged Foods & Meats - Consumer Staples|16|42.81|46.47
2024-07-24|LMT|Aerospace & Defense - Industrials|2|461.29|515.2
2024-07-24|DD|Specialty Chemicals - Materials|12|30.84|33.3
2024-07-24|CNP|Multi-Utilities - Utilities|2|29.32|29.02
2024-07-24|FOXA|Broadcasting - Communication Services|26|32.96|37.09
2024-07-24|LNT|Electric Utilities - Utilities|7|51.17|55.66
2024-07-24|ZTS|Pharmaceuticals - Health Care|6|170.8|179.66
2024-07-24|ZBH|Health Care Equipment - Health Care|1|109.23|110.55
2024-07-24|ZBH|Health Care Equipment - Health Care|1|107.45|110.55
2024-07-24|ZBRA|Electronic Equipment & Instruments - Information Technology|3|295.25|322.09
2024-07-24|ZBH|Health Care Equipment - Health Care|5|107.86|110.55
2024-07-24|FMC|Fertilizers & Agricultural Chemicals - Materials|4|56.52|56.95
2024-07-24|BWA|Automotive Parts & Equipment - Consumer Discretionary|4|31.49|31.97
2024-07-24|WY|Timber REITs - Real Estate|2|27.05|29.87
2024-07-24|INCY|Biotechnology - Health Care|7|60.7|66.91
2024-07-24|WY|Timber REITs - Real Estate|2|27.57|29.87
2024-07-24|ZBH|Health Care Equipment - Health Care|1|108.19|110.55
2024-07-24|WY|Timber REITs - Real Estate|1|28.96|29.87
2024-07-24|NCLH|Hotels, Resorts & Cruise Lines - Consumer Discretionary|1|19.86|19.22
2024-07-24|WBD|Broadcasting - Communication Services|2|8.32|8.47
2024-07-24|KIM|Retail REITs - Real Estate|3|21.29|20.9
2024-07-24|ZBH|Health Care Equipment - Health Care|1|110.55|110.55
2024-07-24|YUM|Restaurants - Consumer Discretionary|1|125.95|125.95
2024-07-24|XYL|Industrial Machinery & Supplies & Components - Industrials|6|136.71|136.71
2024-07-24|WBD|Broadcasting - Communication Services|1|8.47|8.47
2024-07-25|YUM|Restaurants - Consumer Discretionary|7|129.03|127.13
2024-07-25|INVH|Single-Family Residential REITs - Real Estate|1|33.11|33.2
2024-07-25|PG|Personal Care Products - Consumer Staples|6|157.51|166.9
2024-07-25|XEL|Multi-Utilities - Utilities|1|49.57|56.87
2024-07-25|XOM|Integrated Oil & Gas - Energy|3|108.38|117.43
2024-07-25|CPB|Packaged Foods & Meats - Consumer Staples|16|42.81|46.27
2024-07-25|LMT|Aerospace & Defense - Industrials|2|461.29|521.4
2024-07-25|DD|Specialty Chemicals - Materials|12|30.84|33.07
2024-07-25|CNP|Multi-Utilities - Utilities|2|29.32|28.88
2024-07-25|FOXA|Broadcasting - Communication Services|26|32.96|37.07
2024-07-25|LNT|Electric Utilities - Utilities|7|51.17|55.84
2024-07-25|ZTS|Pharmaceuticals - Health Care|6|170.8|180.76
2024-07-25|ZBH|Health Care Equipment - Health Care|1|109.23|110.64
2024-07-25|ZBH|Health Care Equipment - Health Care|1|107.45|110.64
2024-07-25|ZBRA|Electronic Equipment & Instruments - Information Technology|3|295.25|324.41
2024-07-25|ZBH|Health Care Equipment - Health Care|5|107.86|110.64
2024-07-25|FMC|Fertilizers & Agricultural Chemicals - Materials|4|56.52|58.94
2024-07-25|BWA|Automotive Parts & Equipment - Consumer Discretionary|4|31.49|32.18
2024-07-25|WY|Timber REITs - Real Estate|2|27.05|30.31
2024-07-25|INCY|Biotechnology - Health Care|7|60.7|68.57
2024-07-25|WY|Timber REITs - Real Estate|2|27.57|30.31
2024-07-25|ZBH|Health Care Equipment - Health Care|1|108.19|110.64
2024-07-25|WY|Timber REITs - Real Estate|1|28.96|30.31
2024-07-25|WBD|Broadcasting - Communication Services|2|8.32|7.99
2024-07-25|KIM|Retail REITs - Real Estate|3|21.29|20.74
2024-07-25|ZBH|Health Care Equipment - Health Care|1|110.55|110.64
2024-07-25|YUM|Restaurants - Consumer Discretionary|1|125.95|127.13
2024-07-25|XYL|Industrial Machinery & Supplies & Components - Industrials|6|136.71|137.13
2024-07-25|WBD|Broadcasting - Communication Services|3|7.99|7.99
2024-07-26|YUM|Restaurants - Consumer Discretionary|7|129.03|128.05
2024-07-26|INVH|Single-Family Residential REITs - Real Estate|1|33.11|34.07
2024-07-26|PG|Personal Care Products - Consumer Staples|6|157.51|169.11
2024-07-26|XOM|Integrated Oil & Gas - Energy|3|108.38|117.33
2024-07-26|CPB|Packaged Foods & Meats - Consumer Staples|16|42.81|46.75
2024-07-26|LMT|Aerospace & Defense - Industrials|2|461.29|524.8
2024-07-26|DD|Specialty Chemicals - Materials|12|30.84|33.55
2024-07-26|CNP|Multi-Utilities - Utilities|2|29.32|29.36
2024-07-26|FOXA|Broadcasting - Communication Services|26|32.96|37.51
2024-07-26|LNT|Electric Utilities - Utilities|7|51.17|56.01
2024-07-26|ZTS|Pharmaceuticals - Health Care|6|170.8|179.84
2024-07-26|ZBH|Health Care Equipment - Health Care|1|109.23|111.29
2024-07-26|ZBH|Health Care Equipment - Health Care|1|107.45|111.29
2024-07-26|ZBRA|Electronic Equipment & Instruments - Information Technology|3|295.25|325.98
2024-07-26|ZBH|Health Care Equipment - Health Care|5|107.86|111.29
2024-07-26|FMC|Fertilizers & Agricultural Chemicals - Materials|4|56.52|59.6
2024-07-26|BWA|Automotive Parts & Equipment - Consumer Discretionary|4|31.49|32.81
2024-07-26|INCY|Biotechnology - Health Care|7|60.7|68.61
2024-07-26|WY|Timber REITs - Real Estate|2|27.57|31.6
2024-07-26|ZBH|Health Care Equipment - Health Care|1|108.19|111.29
2024-07-26|WY|Timber REITs - Real Estate|1|28.96|31.6
2024-07-26|WBD|Broadcasting - Communication Services|2|8.32|8.31
2024-07-26|KIM|Retail REITs - Real Estate|3|21.29|21.19
2024-07-26|ZBH|Health Care Equipment - Health Care|1|110.55|111.29
2024-07-26|YUM|Restaurants - Consumer Discretionary|1|125.95|128.05
2024-07-26|XYL|Industrial Machinery & Supplies & Components - Industrials|6|136.71|140.84
2024-07-26|WBD|Broadcasting - Communication Services|3|7.99|8.31
2024-07-26|XOM|Integrated Oil & Gas - Energy|1|117.33|117.33
2024-07-30|YUM|Restaurants - Consumer Discretionary|7|129.03|132.17
2024-07-30|INVH|Single-Family Residential REITs - Real Estate|1|33.11|34.99
2024-07-30|PG|Personal Care Products - Consumer Staples|6|157.51|161.7
2024-07-30|XOM|Integrated Oil & Gas - Energy|3|108.38|118.17
2024-07-30|CPB|Packaged Foods & Meats - Consumer Staples|16|42.81|47.63
2024-07-30|DD|Specialty Chemicals - Materials|12|30.84|33.64
2024-07-30|CNP|Multi-Utilities - Utilities|2|29.32|28.51
2024-07-30|LNT|Electric Utilities - Utilities|7|51.17|56.13
2024-07-30|ZTS|Pharmaceuticals - Health Care|6|170.8|181.83
2024-07-30|ZBH|Health Care Equipment - Health Care|1|109.23|111.37
2024-07-30|ZBH|Health Care Equipment - Health Care|1|107.45|111.37
2024-07-30|ZBH|Health Care Equipment - Health Care|5|107.86|111.37
2024-07-30|FMC|Fertilizers & Agricultural Chemicals - Materials|4|56.52|58.47
2024-07-30|BWA|Automotive Parts & Equipment - Consumer Discretionary|4|31.49|32.45
2024-07-30|INCY|Biotechnology - Health Care|7|60.7|67.79
2024-07-30|ZBH|Health Care Equipment - Health Care|1|108.19|111.37
2024-07-30|WY|Timber REITs - Real Estate|1|28.96|31.76
2024-07-30|WBD|Broadcasting - Communication Services|2|8.32|8.78
2024-07-30|KIM|Retail REITs - Real Estate|3|21.29|22.03
2024-07-30|ZBH|Health Care Equipment - Health Care|1|110.55|111.37
2024-07-30|YUM|Restaurants - Consumer Discretionary|1|125.95|132.17
2024-07-30|XYL|Industrial Machinery & Supplies & Components - Industrials|6|136.71|133.48
2024-07-30|WBD|Broadcasting - Communication Services|3|7.99|8.78
2024-07-30|XOM|Integrated Oil & Gas - Energy|1|117.33|118.17
2024-07-30|ZBRA|Electronic Equipment & Instruments - Information Technology|3|348.12|348.12
2024-07-30|XYL|Industrial Machinery & Supplies & Components - Industrials|1|133.48|133.48
2024-07-30|XOM|Integrated Oil & Gas - Energy|5|118.17|118.17
2024-07-30|XEL|Multi-Utilities - Utilities|17|58.63|58.63
2024-07-30|WYNN|Casinos & Gaming - Consumer Discretionary|5|82.51|82.51
2024-07-30|WBD|Broadcasting - Communication Services|1|8.78|8.78
2024-07-31|YUM|Restaurants - Consumer Discretionary|7|129.03|132.83
2024-07-31|INVH|Single-Family Residential REITs - Real Estate|1|33.11|35.27
2024-07-31|PG|Personal Care Products - Consumer Staples|6|157.51|160.76
2024-07-31|XOM|Integrated Oil & Gas - Energy|3|108.38|118.59
2024-07-31|CPB|Packaged Foods & Meats - Consumer Staples|16|42.81|46.86
2024-07-31|DD|Specialty Chemicals - Materials|12|30.84|35.02
2024-07-31|LNT|Electric Utilities - Utilities|7|51.17|55.66
2024-07-31|ZTS|Pharmaceuticals - Health Care|6|170.8|180.04
2024-07-31|ZBH|Health Care Equipment - Health Care|1|109.23|111.35
2024-07-31|ZBH|Health Care Equipment - Health Care|1|107.45|111.35
2024-07-31|ZBH|Health Care Equipment - Health Care|5|107.86|111.35
2024-07-31|FMC|Fertilizers & Agricultural Chemicals - Materials|4|56.52|58.36
2024-07-31|BWA|Automotive Parts & Equipment - Consumer Discretionary|4|31.49|35.31
2024-07-31|INCY|Biotechnology - Health Care|7|60.7|65.07
2024-07-31|ZBH|Health Care Equipment - Health Care|1|108.19|111.35
2024-07-31|WY|Timber REITs - Real Estate|1|28.96|31.76
2024-07-31|WBD|Broadcasting - Communication Services|2|8.32|8.65
2024-07-31|KIM|Retail REITs - Real Estate|3|21.29|21.73
2024-07-31|ZBH|Health Care Equipment - Health Care|1|110.55|111.35
2024-07-31|YUM|Restaurants - Consumer Discretionary|1|125.95|132.83
2024-07-31|XYL|Industrial Machinery & Supplies & Components - Industrials|6|136.71|133.5
2024-07-31|WBD|Broadcasting - Communication Services|3|7.99|8.65
2024-07-31|XOM|Integrated Oil & Gas - Energy|1|117.33|118.59
2024-07-31|ZBRA|Electronic Equipment & Instruments - Information Technology|3|348.12|351.19
2024-07-31|XYL|Industrial Machinery & Supplies & Components - Industrials|1|133.48|133.5
2024-07-31|XOM|Integrated Oil & Gas - Energy|5|118.17|118.59
2024-07-31|XEL|Multi-Utilities - Utilities|17|58.63|58.28
2024-07-31|WYNN|Casinos & Gaming - Consumer Discretionary|5|82.51|82.82
2024-07-31|WBD|Broadcasting - Communication Services|1|8.78|8.65
2024-07-31|WY|Timber REITs - Real Estate|1|31.76|31.76
2024-07-31|WBD|Broadcasting - Communication Services|3|8.65|8.65
2024-08-02|YUM|Restaurants - Consumer Discretionary|7|129.03|135.18
2024-08-02|INVH|Single-Family Residential REITs - Real Estate|1|33.11|35.59
2024-08-02|PG|Personal Care Products - Consumer Staples|6|157.51|170.08
2024-08-02|XOM|Integrated Oil & Gas - Energy|3|108.38|116.88
2024-08-02|CPB|Packaged Foods & Meats - Consumer Staples|16|42.81|49.1
2024-08-02|DD|Specialty Chemicals - Materials|12|30.84|33.1
2024-08-02|LNT|Electric Utilities - Utilities|7|51.17|57.11
2024-08-02|ZTS|Pharmaceuticals - Health Care|6|170.8|180.59
2024-08-02|ZBH|Health Care Equipment - Health Care|1|109.23|110.36
2024-08-02|ZBH|Health Care Equipment - Health Care|1|107.45|110.36
2024-08-02|ZBH|Health Care Equipment - Health Care|5|107.86|110.36
2024-08-02|FMC|Fertilizers & Agricultural Chemicals - Materials|4|56.52|62.19
2024-08-02|BWA|Automotive Parts & Equipment - Consumer Discretionary|4|31.49|33.04
2024-08-02|INCY|Biotechnology - Health Care|7|60.7|64.47
2024-08-02|ZBH|Health Care Equipment - Health Care|1|108.19|110.36
2024-08-02|WY|Timber REITs - Real Estate|1|28.96|31.74
2024-08-02|WBD|Broadcasting - Communication Services|2|8.32|8.27
2024-08-02|KIM|Retail REITs - Real Estate|3|21.29|21.93
2024-08-02|ZBH|Health Care Equipment - Health Care|1|110.55|110.36
2024-08-02|YUM|Restaurants - Consumer Discretionary|1|125.95|135.18
2024-08-02|XYL|Industrial Machinery & Supplies & Components - Industrials|6|136.71|130.15
2024-08-02|WBD|Broadcasting - Communication Services|3|7.99|8.27
2024-08-02|XOM|Integrated Oil & Gas - Energy|1|117.33|116.88
2024-08-02|XYL|Industrial Machinery & Supplies & Components - Industrials|1|133.48|130.15
2024-08-02|XOM|Integrated Oil & Gas - Energy|5|118.17|116.88
2024-08-02|XEL|Multi-Utilities - Utilities|17|58.63|59.75
2024-08-02|WY|Timber REITs - Real Estate|1|31.76|31.74
2024-08-02|WBD|Broadcasting - Communication Services|3|8.65|8.27
2024-08-02|ZBRA|Electronic Equipment & Instruments - Information Technology|3|322.3|322.3
2024-08-02|XEL|Multi-Utilities - Utilities|1|59.75|59.75
2024-08-02|WYNN|Casinos & Gaming - Consumer Discretionary|4|76.8|76.8
2024-08-02|WBD|Broadcasting - Communication Services|3|8.27|8.27
2024-08-05|YUM|Restaurants - Consumer Discretionary|7|129.03|133.32
2024-08-05|INVH|Single-Family Residential REITs - Real Estate|1|33.11|34.67
2024-08-05|PG|Personal Care Products - Consumer Staples|6|157.51|168.06
2024-08-05|XOM|Integrated Oil & Gas - Energy|3|108.38|114.77
2024-08-05|CPB|Packaged Foods & Meats - Consumer Staples|16|42.81|48.83
2024-08-05|DD|Specialty Chemicals - Materials|12|30.84|32.57
2024-08-05|LNT|Electric Utilities - Utilities|7|51.17|55.23
2024-08-05|ZTS|Pharmaceuticals - Health Care|6|170.8|174.82
2024-08-05|ZBH|Health Care Equipment - Health Care|1|109.23|107.04
2024-08-05|ZBH|Health Care Equipment - Health Care|1|107.45|107.04
2024-08-05|ZBH|Health Care Equipment - Health Care|5|107.86|107.04
2024-08-05|FMC|Fertilizers & Agricultural Chemicals - Materials|4|56.52|61.66
2024-08-05|BWA|Automotive Parts & Equipment - Consumer Discretionary|4|31.49|32.37
2024-08-05|INCY|Biotechnology - Health Care|7|60.7|62.0
2024-08-05|ZBH|Health Care Equipment - Health Care|1|108.19|107.04
2024-08-05|WY|Timber REITs - Real Estate|1|28.96|31.13
2024-08-05|KIM|Retail REITs - Real Estate|3|21.29|21.15
2024-08-05|ZBH|Health Care Equipment - Health Care|1|110.55|107.04
2024-08-05|YUM|Restaurants - Consumer Discretionary|1|125.95|133.32
2024-08-05|WBD|Broadcasting - Communication Services|3|7.99|7.88
2024-08-05|XOM|Integrated Oil & Gas - Energy|1|117.33|114.77
2024-08-05|XOM|Integrated Oil & Gas - Energy|5|118.17|114.77
2024-08-05|XEL|Multi-Utilities - Utilities|17|58.63|57.99
2024-08-05|WY|Timber REITs - Real Estate|1|31.76|31.13
2024-08-05|ZBRA|Electronic Equipment & Instruments - Information Technology|3|322.3|317.86
2024-08-05|XEL|Multi-Utilities - Utilities|1|59.75|57.99
2024-08-05|WYNN|Casinos & Gaming - Consumer Discretionary|4|76.8|73.55
2024-08-05|WBD|Broadcasting - Communication Services|3|8.27|7.88
2024-08-05|XYL|Industrial Machinery & Supplies & Components - Industrials|7|126.14|126.14
2024-08-05|WY|Timber REITs - Real Estate|1|31.13|31.13
2024-08-05|WBD|Broadcasting - Communication Services|1|7.88|7.88
2024-08-06|YUM|Restaurants - Consumer Discretionary|7|129.03|136.85
2024-08-06|INVH|Single-Family Residential REITs - Real Estate|1|33.11|35.59
2024-08-06|PG|Personal Care Products - Consumer Staples|6|157.51|168.09
2024-08-06|XOM|Integrated Oil & Gas - Energy|3|108.38|114.16
2024-08-06|CPB|Packaged Foods & Meats - Consumer Staples|16|42.81|48.77
2024-08-06|DD|Specialty Chemicals - Materials|12|30.84|32.66
2024-08-06|LNT|Electric Utilities - Utilities|7|51.17|55.74
2024-08-06|ZTS|Pharmaceuticals - Health Care|6|170.8|185.29
2024-08-06|ZBH|Health Care Equipment - Health Care|1|109.23|109.57
2024-08-06|ZBH|Health Care Equipment - Health Care|1|107.45|109.57
2024-08-06|ZBH|Health Care Equipment - Health Care|5|107.86|109.57
2024-08-06|FMC|Fertilizers & Agricultural Chemicals - Materials|4|56.52|61.21
2024-08-06|BWA|Automotive Parts & Equipment - Consumer Discretionary|4|31.49|31.86
2024-08-06|INCY|Biotechnology - Health Care|7|60.7|61.27
2024-08-06|ZBH|Health Care Equipment - Health Care|1|108.19|109.57
2024-08-06|WY|Timber REITs - Real Estate|1|28.96|31.64
2024-08-06|KIM|Retail REITs - Real Estate|3|21.29|21.74
2024-08-06|ZBH|Health Care Equipment - Health Care|1|110.55|109.57
2024-08-06|YUM|Restaurants - Consumer Discretionary|1|125.95|136.85
2024-08-06|XOM|Integrated Oil & Gas - Energy|1|117.33|114.16
2024-08-06|XOM|Integrated Oil & Gas - Energy|5|118.17|114.16
2024-08-06|XEL|Multi-Utilities - Utilities|17|58.63|57.86
2024-08-06|WY|Timber REITs - Real Estate|1|31.76|31.64
2024-08-06|ZBRA|Electronic Equipment & Instruments - Information Technology|3|322.3|316.56
2024-08-06|XEL|Multi-Utilities - Utilities|1|59.75|57.86
2024-08-06|WYNN|Casinos & Gaming - Consumer Discretionary|4|76.8|76.29
2024-08-06|XYL|Industrial Machinery & Supplies & Components - Industrials|7|126.14|127.39
2024-08-06|WY|Timber REITs - Real Estate|1|31.13|31.64
2024-08-06|WBD|Broadcasting - Communication Services|1|7.88|7.57
2024-08-06|WY|Timber REITs - Real Estate|1|31.64|31.64
2024-08-06|WBD|Broadcasting - Communication Services|1|7.57|7.57
2024-08-08|YUM|Restaurants - Consumer Discretionary|7|129.03|137.1
2024-08-08|INVH|Single-Family Residential REITs - Real Estate|1|33.11|35.45
2024-08-08|PG|Personal Care Products - Consumer Staples|6|157.51|170.87
2024-08-08|XOM|Integrated Oil & Gas - Energy|3|108.38|117.89
2024-08-08|CPB|Packaged Foods & Meats - Consumer Staples|16|42.81|48.95
2024-08-08|DD|Specialty Chemicals - Materials|12|30.84|32.85
2024-08-08|LNT|Electric Utilities - Utilities|7|51.17|55.9
2024-08-08|ZTS|Pharmaceuticals - Health Care|6|170.8|188.3
2024-08-08|ZBH|Health Care Equipment - Health Care|1|109.23|108.7
2024-08-08|ZBH|Health Care Equipment - Health Care|1|107.45|108.7
2024-08-08|ZBH|Health Care Equipment - Health Care|5|107.86|108.7
2024-08-08|FMC|Fertilizers & Agricultural Chemicals - Materials|4|56.52|61.44
2024-08-08|BWA|Automotive Parts & Equipment - Consumer Discretionary|4|31.49|32.13
2024-08-08|INCY|Biotechnology - Health Care|7|60.7|61.78
2024-08-08|ZBH|Health Care Equipment - Health Care|1|108.19|108.7
2024-08-08|WY|Timber REITs - Real Estate|1|28.96|31.1
2024-08-08|KIM|Retail REITs - Real Estate|3|21.29|21.79
2024-08-08|ZBH|Health Care Equipment - Health Care|1|110.55|108.7
2024-08-08|YUM|Restaurants - Consumer Discretionary|1|125.95|137.1
2024-08-08|XOM|Integrated Oil & Gas - Energy|1|117.33|117.89
2024-08-08|XOM|Integrated Oil & Gas - Energy|5|118.17|117.89
2024-08-08|XEL|Multi-Utilities - Utilities|17|58.63|58.15
2024-08-08|WY|Timber REITs - Real Estate|1|31.76|31.1
2024-08-08|ZBRA|Electronic Equipment & Instruments - Information Technology|3|322.3|321.71
2024-08-08|XEL|Multi-Utilities - Utilities|1|59.75|58.15
2024-08-08|WYNN|Casinos & Gaming - Consumer Discretionary|4|76.8|76.65
2024-08-08|XYL|Industrial Machinery & Supplies & Components - Industrials|7|126.14|128.33
2024-08-08|WY|Timber REITs - Real Estate|1|31.13|31.1
2024-08-08|WY|Timber REITs - Real Estate|1|31.64|31.1
2024-08-08|WBD|Broadcasting - Communication Services|3|7.02|7.02
2024-08-12|YUM|Restaurants - Consumer Discretionary|7|129.03|135.63
2024-08-12|INVH|Single-Family Residential REITs - Real Estate|1|33.11|35.25
2024-08-12|PG|Personal Care Products - Consumer Staples|6|157.51|166.81
2024-08-12|XOM|Integrated Oil & Gas - Energy|3|108.38|119.0
2024-08-12|CPB|Packaged Foods & Meats - Consumer Staples|16|42.81|48.44
2024-08-12|DD|Specialty Chemicals - Materials|12|30.84|32.77
2024-08-12|LNT|Electric Utilities - Utilities|7|51.17|55.96
2024-08-12|ZTS|Pharmaceuticals - Health Care|6|170.8|183.81
2024-08-12|ZBH|Health Care Equipment - Health Care|1|109.23|107.0
2024-08-12|ZBH|Health Care Equipment - Health Care|1|107.45|107.0
2024-08-12|ZBH|Health Care Equipment - Health Care|5|107.86|107.0
2024-08-12|FMC|Fertilizers & Agricultural Chemicals - Materials|4|56.52|59.65
2024-08-12|BWA|Automotive Parts & Equipment - Consumer Discretionary|4|31.49|31.19
2024-08-12|INCY|Biotechnology - Health Care|7|60.7|61.12
2024-08-12|ZBH|Health Care Equipment - Health Care|1|108.19|107.0
2024-08-12|WY|Timber REITs - Real Estate|1|28.96|30.14
2024-08-12|KIM|Retail REITs - Real Estate|3|21.29|21.75
2024-08-12|ZBH|Health Care Equipment - Health Care|1|110.55|107.0
2024-08-12|YUM|Restaurants - Consumer Discretionary|1|125.95|135.63
2024-08-12|XOM|Integrated Oil & Gas - Energy|1|117.33|119.0
2024-08-12|XOM|Integrated Oil & Gas - Energy|5|118.17|119.0
2024-08-12|XEL|Multi-Utilities - Utilities|17|58.63|58.02
2024-08-12|ZBRA|Electronic Equipment & Instruments - Information Technology|3|322.3|320.34
2024-08-12|XEL|Multi-Utilities - Utilities|1|59.75|58.02
2024-08-12|WYNN|Casinos & Gaming - Consumer Discretionary|4|76.8|73.93
2024-08-12|XYL|Industrial Machinery & Supplies & Components - Industrials|7|126.14|127.5
2024-08-12|WY|Timber REITs - Real Estate|1|31.13|30.14
2024-08-12|WY|Timber REITs - Real Estate|1|31.64|30.14
2024-08-12|WBD|Broadcasting - Communication Services|3|7.02|6.71
2024-08-12|WY|Timber REITs - Real Estate|1|30.14|30.14
2024-08-14|YUM|Restaurants - Consumer Discretionary|7|129.03|137.26
2024-08-14|INVH|Single-Family Residential REITs - Real Estate|1|33.11|35.12
2024-08-14|PG|Personal Care Products - Consumer Staples|6|157.51|168.8
2024-08-14|XOM|Integrated Oil & Gas - Energy|3|108.38|118.95
2024-08-14|DD|Specialty Chemicals - Materials|12|30.84|32.95
2024-08-14|LNT|Electric Utilities - Utilities|7|51.17|56.48
2024-08-14|ZTS|Pharmaceuticals - Health Care|6|170.8|183.38
2024-08-14|ZBH|Health Care Equipment - Health Care|1|109.23|108.63
2024-08-14|ZBH|Health Care Equipment - Health Care|1|107.45|108.63
2024-08-14|ZBH|Health Care Equipment - Health Care|5|107.86|108.63
2024-08-14|FMC|Fertilizers & Agricultural Chemicals - Materials|4|56.52|61.42
2024-08-14|BWA|Automotive Parts & Equipment - Consumer Discretionary|4|31.49|31.73
2024-08-14|INCY|Biotechnology - Health Care|7|60.7|61.18
2024-08-14|ZBH|Health Care Equipment - Health Care|1|108.19|108.63
2024-08-14|WY|Timber REITs - Real Estate|1|28.96|30.02
2024-08-14|KIM|Retail REITs - Real Estate|3|21.29|22.02
2024-08-14|ZBH|Health Care Equipment - Health Care|1|110.55|108.63
2024-08-14|YUM|Restaurants - Consumer Discretionary|1|125.95|137.26
2024-08-14|XOM|Integrated Oil & Gas - Energy|1|117.33|118.95
2024-08-14|XOM|Integrated Oil & Gas - Energy|5|118.17|118.95
2024-08-14|XEL|Multi-Utilities - Utilities|17|58.63|58.96
2024-08-14|ZBRA|Electronic Equipment & Instruments - Information Technology|3|322.3|333.24
2024-08-14|XEL|Multi-Utilities - Utilities|1|59.75|58.96
2024-08-14|WYNN|Casinos & Gaming - Consumer Discretionary|4|76.8|74.04
2024-08-14|XYL|Industrial Machinery & Supplies & Components - Industrials|7|126.14|131.49
2024-08-14|WY|Timber REITs - Real Estate|1|31.13|30.02
2024-08-14|WBD|Broadcasting - Communication Services|3|7.02|6.96
2024-08-14|WY|Timber REITs - Real Estate|1|30.14|30.02
2024-08-14|XYL|Industrial Machinery & Supplies & Components - Industrials|1|131.49|131.49
2024-08-14|WYNN|Casinos & Gaming - Consumer Discretionary|9|74.04|74.04
2024-08-14|WBD|Broadcasting - Communication Services|3|6.96|6.96
2024-08-19|YUM|Restaurants - Consumer Discretionary|7|129.03|136.69
2024-08-19|INVH|Single-Family Residential REITs - Real Estate|1|33.11|35.63
2024-08-19|PG|Personal Care Products - Consumer Staples|6|157.51|168.42
2024-08-19|XOM|Integrated Oil & Gas - Energy|3|108.38|118.53
2024-08-19|DD|Specialty Chemicals - Materials|12|30.84|33.53
2024-08-19|LNT|Electric Utilities - Utilities|7|51.17|57.67
2024-08-19|ZTS|Pharmaceuticals - Health Care|6|170.8|184.48
2024-08-19|ZBH|Health Care Equipment - Health Care|1|109.23|111.77
2024-08-19|ZBH|Health Care Equipment - Health Care|1|107.45|111.77
2024-08-19|ZBH|Health Care Equipment - Health Care|5|107.86|111.77
2024-08-19|BWA|Automotive Parts & Equipment - Consumer Discretionary|4|31.49|33.08
2024-08-19|INCY|Biotechnology - Health Care|7|60.7|63.26
2024-08-19|ZBH|Health Care Equipment - Health Care|1|108.19|111.77
2024-08-19|WY|Timber REITs - Real Estate|1|28.96|30.18
2024-08-19|KIM|Retail REITs - Real Estate|3|21.29|22.3
2024-08-19|ZBH|Health Care Equipment - Health Care|1|110.55|111.77
2024-08-19|YUM|Restaurants - Consumer Discretionary|1|125.95|136.69
2024-08-19|XOM|Integrated Oil & Gas - Energy|1|117.33|118.53
2024-08-19|XOM|Integrated Oil & Gas - Energy|5|118.17|118.53
2024-08-19|XEL|Multi-Utilities - Utilities|17|58.63|60.15
2024-08-19|ZBRA|Electronic Equipment & Instruments - Information Technology|3|322.3|347.02
2024-08-19|XEL|Multi-Utilities - Utilities|1|59.75|60.15
2024-08-19|WYNN|Casinos & Gaming - Consumer Discretionary|4|76.8|76.6
2024-08-19|XYL|Industrial Machinery & Supplies & Components - Industrials|7|126.14|134.38
2024-08-19|WY|Timber REITs - Real Estate|1|31.13|30.18
2024-08-19|WBD|Broadcasting - Communication Services|3|7.02|7.63
2024-08-19|WY|Timber REITs - Real Estate|1|30.14|30.18
2024-08-19|XYL|Industrial Machinery & Supplies & Components - Industrials|1|131.49|134.38
2024-08-19|WYNN|Casinos & Gaming - Consumer Discretionary|9|74.04|76.6
2024-08-19|WBD|Broadcasting - Communication Services|3|6.96|7.63
2024-08-19|VICI|Hotel & Resort REITs - Real Estate|8|32.09|32.09
2024-08-19|WBD|Broadcasting - Communication Services|1|7.63|7.63
2024-08-23|YUM|Restaurants - Consumer Discretionary|7|129.03|135.52
2024-08-23|INVH|Single-Family Residential REITs - Real Estate|1|33.11|36.15
2024-08-23|PG|Personal Care Products - Consumer Staples|6|157.51|169.17
2024-08-23|XOM|Integrated Oil & Gas - Energy|3|108.38|116.32
2024-08-23|DD|Specialty Chemicals - Materials|12|30.84|33.93
2024-08-23|LNT|Electric Utilities - Utilities|7|51.17|58.03
2024-08-23|ZTS|Pharmaceuticals - Health Care|6|170.8|180.9
2024-08-23|ZBH|Health Care Equipment - Health Care|1|109.23|115.05
2024-08-23|ZBH|Health Care Equipment - Health Care|1|107.45|115.05
2024-08-23|ZBH|Health Care Equipment - Health Care|5|107.86|115.05
2024-08-23|BWA|Automotive Parts & Equipment - Consumer Discretionary|4|31.49|33.99
2024-08-23|INCY|Biotechnology - Health Care|7|60.7|64.14
2024-08-23|ZBH|Health Care Equipment - Health Care|1|108.19|115.05
2024-08-23|WY|Timber REITs - Real Estate|1|28.96|31.36
2024-08-23|KIM|Retail REITs - Real Estate|3|21.29|23.23
2024-08-23|ZBH|Health Care Equipment - Health Care|1|110.55|115.05
2024-08-23|YUM|Restaurants - Consumer Discretionary|1|125.95|135.52
2024-08-23|XOM|Integrated Oil & Gas - Energy|1|117.33|116.32
2024-08-23|XOM|Integrated Oil & Gas - Energy|5|118.17|116.32
2024-08-23|XEL|Multi-Utilities - Utilities|17|58.63|60.12
2024-08-23|ZBRA|Electronic Equipment & Instruments - Information Technology|3|322.3|351.62
2024-08-23|XEL|Multi-Utilities - Utilities|1|59.75|60.12
2024-08-23|WYNN|Casinos & Gaming - Consumer Discretionary|4|76.8|77.37
2024-08-23|XYL|Industrial Machinery & Supplies & Components - Industrials|7|126.14|136.92
2024-08-23|WY|Timber REITs - Real Estate|1|31.13|31.36
2024-08-23|WBD|Broadcasting - Communication Services|3|7.02|8.05
2024-08-23|WY|Timber REITs - Real Estate|1|30.14|31.36
2024-08-23|XYL|Industrial Machinery & Supplies & Components - Industrials|1|131.49|136.92
2024-08-23|WYNN|Casinos & Gaming - Consumer Discretionary|9|74.04|77.37
2024-08-23|VICI|Hotel & Resort REITs - Real Estate|8|32.09|32.9
2024-08-23|WBD|Broadcasting - Communication Services|1|7.63|8.05
2024-08-23|WBD|Broadcasting - Communication Services|3|8.05|8.05
2024-08-26|YUM|Restaurants - Consumer Discretionary|7|129.03|134.95
2024-08-26|INVH|Single-Family Residential REITs - Real Estate|1|33.11|35.83
2024-08-26|PG|Personal Care Products - Consumer Staples|6|157.51|170.35
2024-08-26|XOM|Integrated Oil & Gas - Energy|3|108.38|118.81
2024-08-26|DD|Specialty Chemicals - Materials|12|30.84|34.16
2024-08-26|LNT|Electric Utilities - Utilities|7|51.17|58.22
2024-08-26|ZTS|Pharmaceuticals - Health Care|6|170.8|181.56
2024-08-26|ZBH|Health Care Equipment - Health Care|1|109.23|114.63
2024-08-26|ZBH|Health Care Equipment - Health Care|1|107.45|114.63
2024-08-26|ZBH|Health Care Equipment - Health Care|5|107.86|114.63
2024-08-26|BWA|Automotive Parts & Equipment - Consumer Discretionary|4|31.49|33.81
2024-08-26|INCY|Biotechnology - Health Care|7|60.7|65.16
2024-08-26|ZBH|Health Care Equipment - Health Care|1|108.19|114.63
2024-08-26|WY|Timber REITs - Real Estate|1|28.96|31.08
2024-08-26|KIM|Retail REITs - Real Estate|3|21.29|23.39
2024-08-26|ZBH|Health Care Equipment - Health Care|1|110.55|114.63
2024-08-26|YUM|Restaurants - Consumer Discretionary|1|125.95|134.95
2024-08-26|XOM|Integrated Oil & Gas - Energy|1|117.33|118.81
2024-08-26|XOM|Integrated Oil & Gas - Energy|5|118.17|118.81
2024-08-26|XEL|Multi-Utilities - Utilities|17|58.63|61.46
2024-08-26|ZBRA|Electronic Equipment & Instruments - Information Technology|3|322.3|347.69
2024-08-26|XEL|Multi-Utilities - Utilities|1|59.75|61.46
2024-08-26|WYNN|Casinos & Gaming - Consumer Discretionary|4|76.8|77.24
2024-08-26|XYL|Industrial Machinery & Supplies & Components - Industrials|7|126.14|136.25
2024-08-26|WY|Timber REITs - Real Estate|1|31.13|31.08
2024-08-26|WY|Timber REITs - Real Estate|1|30.14|31.08
2024-08-26|XYL|Industrial Machinery & Supplies & Components - Industrials|1|131.49|136.25
2024-08-26|WYNN|Casinos & Gaming - Consumer Discretionary|9|74.04|77.24
2024-08-26|VICI|Hotel & Resort REITs - Real Estate|8|32.09|33.12
2024-08-26|WBD|Broadcasting - Communication Services|1|7.63|8.23
2024-08-26|WBD|Broadcasting - Communication Services|3|8.05|8.23
2024-08-26|WBD|Broadcasting - Communication Services|3|8.23|8.23
2024-08-29|YUM|Restaurants - Consumer Discretionary|7|129.03|135.25
2024-08-29|INVH|Single-Family Residential REITs - Real Estate|1|33.11|36.22
2024-08-29|PG|Personal Care Products - Consumer Staples|6|157.51|170.03
2024-08-29|XOM|Integrated Oil & Gas - Energy|3|108.38|118.13
2024-08-29|DD|Specialty Chemicals - Materials|12|30.84|34.9
2024-08-29|LNT|Electric Utilities - Utilities|7|51.17|57.95
2024-08-29|ZTS|Pharmaceuticals - Health Care|6|170.8|182.89
2024-08-29|ZBH|Health Care Equipment - Health Care|1|109.23|114.67
2024-08-29|ZBH|Health Care Equipment - Health Care|1|107.45|114.67
2024-08-29|ZBH|Health Care Equipment - Health Care|5|107.86|114.67
2024-08-29|BWA|Automotive Parts & Equipment - Consumer Discretionary|4|31.49|33.89
2024-08-29|INCY|Biotechnology - Health Care|7|60.7|65.91
2024-08-29|ZBH|Health Care Equipment - Health Care|1|108.19|114.67
2024-08-29|WY|Timber REITs - Real Estate|1|28.96|30.49
2024-08-29|KIM|Retail REITs - Real Estate|3|21.29|23.01
2024-08-29|ZBH|Health Care Equipment - Health Care|1|110.55|114.67
2024-08-29|YUM|Restaurants - Consumer Discretionary|1|125.95|135.25
2024-08-29|XOM|Integrated Oil & Gas - Energy|1|117.33|118.13
2024-08-29|XOM|Integrated Oil & Gas - Energy|5|118.17|118.13
2024-08-29|XEL|Multi-Utilities - Utilities|17|58.63|61.39
2024-08-29|ZBRA|Electronic Equipment & Instruments - Information Technology|3|322.3|342.27
2024-08-29|XEL|Multi-Utilities - Utilities|1|59.75|61.39
2024-08-29|WYNN|Casinos & Gaming - Consumer Discretionary|4|76.8|75.54
2024-08-29|XYL|Industrial Machinery & Supplies & Components - Industrials|7|126.14|135.77
2024-08-29|WY|Timber REITs - Real Estate|1|31.13|30.49
2024-08-29|WY|Timber REITs - Real Estate|1|30.14|30.49
2024-08-29|XYL|Industrial Machinery & Supplies & Components - Industrials|1|131.49|135.77
2024-08-29|WYNN|Casinos & Gaming - Consumer Discretionary|9|74.04|75.54
2024-08-29|VICI|Hotel & Resort REITs - Real Estate|8|32.09|33.06
2024-08-29|WBD|Broadcasting - Communication Services|1|7.63|7.73
2024-08-29|WBD|Broadcasting - Communication Services|3|8.05|7.73
2024-08-29|WBD|Broadcasting - Communication Services|3|7.73|7.73
2024-09-03|YUM|Restaurants - Consumer Discretionary|7|129.03|133.48
2024-09-03|INVH|Single-Family Residential REITs - Real Estate|1|33.11|37.27
2024-09-03|PG|Personal Care Products - Consumer Staples|6|157.51|174.52
2024-09-03|XOM|Integrated Oil & Gas - Energy|3|108.38|115.47
2024-09-03|DD|Specialty Chemicals - Materials|12|30.84|34.36
2024-09-03|LNT|Electric Utilities - Utilities|7|51.17|58.79
2024-09-03|ZTS|Pharmaceuticals - Health Care|6|170.8|183.57
2024-09-03|ZBH|Health Care Equipment - Health Care|1|109.23|116.17
2024-09-03|ZBH|Health Care Equipment - Health Care|1|107.45|116.17
2024-09-03|ZBH|Health Care Equipment - Health Care|5|107.86|116.17
2024-09-03|BWA|Automotive Parts & Equipment - Consumer Discretionary|4|31.49|33.09
2024-09-03|INCY|Biotechnology - Health Care|7|60.7|66.31
2024-09-03|ZBH|Health Care Equipment - Health Care|1|108.19|116.17
2024-09-03|WY|Timber REITs - Real Estate|1|28.96|30.28
2024-09-03|KIM|Retail REITs - Real Estate|3|21.29|23.23
2024-09-03|ZBH|Health Care Equipment - Health Care|1|110.55|116.17
2024-09-03|YUM|Restaurants - Consumer Discretionary|1|125.95|133.48
2024-09-03|XOM|Integrated Oil & Gas - Energy|1|117.33|115.47
2024-09-03|XOM|Integrated Oil & Gas - Energy|5|118.17|115.47
2024-09-03|XEL|Multi-Utilities - Utilities|17|58.63|62.52
2024-09-03|ZBRA|Electronic Equipment & Instruments - Information Technology|3|322.3|330.45
2024-09-03|XEL|Multi-Utilities - Utilities|1|59.75|62.52
2024-09-03|WYNN|Casinos & Gaming - Consumer Discretionary|4|76.8|75.81
2024-09-03|XYL|Industrial Machinery & Supplies & Components - Industrials|7|126.14|130.71
2024-09-03|WY|Timber REITs - Real Estate|1|31.13|30.28
2024-09-03|WY|Timber REITs - Real Estate|1|30.14|30.28
2024-09-03|XYL|Industrial Machinery & Supplies & Components - Industrials|1|131.49|130.71
2024-09-03|WYNN|Casinos & Gaming - Consumer Discretionary|9|74.04|75.81
2024-09-03|VICI|Hotel & Resort REITs - Real Estate|8|32.09|33.48
2024-09-03|WBD|Broadcasting - Communication Services|1|7.63|7.36
2024-09-03|WBD|Broadcasting - Communication Services|3|7.73|7.36
2024-09-03|WBD|Broadcasting - Communication Services|3|7.36|7.36
2024-09-04|YUM|Restaurants - Consumer Discretionary|7|129.03|134.81
2024-09-04|INVH|Single-Family Residential REITs - Real Estate|1|33.11|37.22
2024-09-04|PG|Personal Care Products - Consumer Staples|6|157.51|175.9
2024-09-04|XOM|Integrated Oil & Gas - Energy|3|108.38|114.06
2024-09-04|DD|Specialty Chemicals - Materials|12|30.84|34.18
2024-09-04|ZTS|Pharmaceuticals - Health Care|6|170.8|187.33
2024-09-04|ZBH|Health Care Equipment - Health Care|1|109.23|114.48
2024-09-04|ZBH|Health Care Equipment - Health Care|1|107.45|114.48
2024-09-04|ZBH|Health Care Equipment - Health Care|5|107.86|114.48
2024-09-04|BWA|Automotive Parts & Equipment - Consumer Discretionary|4|31.49|33.07
2024-09-04|INCY|Biotechnology - Health Care|7|60.7|64.33
2024-09-04|ZBH|Health Care Equipment - Health Care|1|108.19|114.48
2024-09-04|WY|Timber REITs - Real Estate|1|28.96|30.15
2024-09-04|KIM|Retail REITs - Real Estate|3|21.29|23.35
2024-09-04|ZBH|Health Care Equipment - Health Care|1|110.55|114.48
2024-09-04|YUM|Restaurants - Consumer Discretionary|1|125.95|134.81
2024-09-04|XOM|Integrated Oil & Gas - Energy|1|117.33|114.06
2024-09-04|XOM|Integrated Oil & Gas - Energy|5|118.17|114.06
2024-09-04|XEL|Multi-Utilities - Utilities|17|58.63|63.16
2024-09-04|ZBRA|Electronic Equipment & Instruments - Information Technology|3|322.3|328.87
2024-09-04|XEL|Multi-Utilities - Utilities|1|59.75|63.16
2024-09-04|WYNN|Casinos & Gaming - Consumer Discretionary|4|76.8|77.04
2024-09-04|XYL|Industrial Machinery & Supplies & Components - Industrials|7|126.14|129.09
2024-09-04|WY|Timber REITs - Real Estate|1|31.13|30.15
2024-09-04|WY|Timber REITs - Real Estate|1|30.14|30.15
2024-09-04|XYL|Industrial Machinery & Supplies & Components - Industrials|1|131.49|129.09
2024-09-04|WYNN|Casinos & Gaming - Consumer Discretionary|9|74.04|77.04
2024-09-04|VICI|Hotel & Resort REITs - Real Estate|8|32.09|33.62
2024-09-04|WBD|Broadcasting - Communication Services|1|7.63|7.32
2024-09-04|WBD|Broadcasting - Communication Services|3|7.36|7.32
2024-09-04|WYNN|Casinos & Gaming - Consumer Discretionary|1|77.04|77.04
2024-09-04|WY|Timber REITs - Real Estate|11|30.15|30.15
2024-09-04|WBD|Broadcasting - Communication Services|3|7.32|7.32
2024-09-05|YUM|Restaurants - Consumer Discretionary|7|129.03|134.5
2024-09-05|INVH|Single-Family Residential REITs - Real Estate|1|33.11|37.28
2024-09-05|PG|Personal Care Products - Consumer Staples|6|157.51|175.47
2024-09-05|XOM|Integrated Oil & Gas - Energy|3|108.38|113.17
2024-09-05|DD|Specialty Chemicals - Materials|12|30.84|34.05
2024-09-05|ZTS|Pharmaceuticals - Health Care|6|170.8|186.59
2024-09-05|ZBH|Health Care Equipment - Health Care|1|109.23|104.47
2024-09-05|ZBH|Health Care Equipment - Health Care|1|107.45|104.47
2024-09-05|ZBH|Health Care Equipment - Health Care|5|107.86|104.47
2024-09-05|BWA|Automotive Parts & Equipment - Consumer Discretionary|4|31.49|32.85
2024-09-05|INCY|Biotechnology - Health Care|7|60.7|62.96
2024-09-05|ZBH|Health Care Equipment - Health Care|1|108.19|104.47
2024-09-05|WY|Timber REITs - Real Estate|1|28.96|30.17
2024-09-05|KIM|Retail REITs - Real Estate|3|21.29|23.11
2024-09-05|YUM|Restaurants - Consumer Discretionary|1|125.95|134.5
2024-09-05|XOM|Integrated Oil & Gas - Energy|1|117.33|113.17
2024-09-05|XOM|Integrated Oil & Gas - Energy|5|118.17|113.17
2024-09-05|XEL|Multi-Utilities - Utilities|17|58.63|63.46
2024-09-05|ZBRA|Electronic Equipment & Instruments - Information Technology|3|322.3|329.04
2024-09-05|XEL|Multi-Utilities - Utilities|1|59.75|63.46
2024-09-05|WYNN|Casinos & Gaming - Consumer Discretionary|4|76.8|77.12
2024-09-05|XYL|Industrial Machinery & Supplies & Components - Industrials|7|126.14|128.03
2024-09-05|WY|Timber REITs - Real Estate|1|31.13|30.17
2024-09-05|WY|Timber REITs - Real Estate|1|30.14|30.17
2024-09-05|XYL|Industrial Machinery & Supplies & Components - Industrials|1|131.49|128.03
2024-09-05|WYNN|Casinos & Gaming - Consumer Discretionary|9|74.04|77.12
2024-09-05|VICI|Hotel & Resort REITs - Real Estate|8|32.09|33.59
2024-09-05|WBD|Broadcasting - Communication Services|1|7.63|7.42
2024-09-05|WBD|Broadcasting - Communication Services|3|7.36|7.42
2024-09-05|WYNN|Casinos & Gaming - Consumer Discretionary|1|77.04|77.12
2024-09-05|WY|Timber REITs - Real Estate|11|30.15|30.17
2024-09-05|WBD|Broadcasting - Communication Services|3|7.32|7.42
2024-09-05|EXC|Electric Utilities - Utilities|2|38.42|38.42
2024-09-05|WY|Timber REITs - Real Estate|1|30.17|30.17
2024-09-06|YUM|Restaurants - Consumer Discretionary|7|129.03|133.87
2024-09-06|INVH|Single-Family Residential REITs - Real Estate|1|33.11|35.95
2024-09-06|PG|Personal Care Products - Consumer Staples|6|157.51|175.59
2024-09-06|XOM|Integrated Oil & Gas - Energy|3|108.38|112.64
2024-09-06|DD|Specialty Chemicals - Materials|12|30.84|33.11
2024-09-06|ZTS|Pharmaceuticals - Health Care|6|170.8|189.23
2024-09-06|ZBH|Health Care Equipment - Health Care|1|109.23|104.81
2024-09-06|ZBH|Health Care Equipment - Health Care|1|107.45|104.81
2024-09-06|ZBH|Health Care Equipment - Health Care|5|107.86|104.81
2024-09-06|BWA|Automotive Parts & Equipment - Consumer Discretionary|4|31.49|32.29
2024-09-06|INCY|Biotechnology - Health Care|7|60.7|61.26
2024-09-06|ZBH|Health Care Equipment - Health Care|1|108.19|104.81
2024-09-06|WY|Timber REITs - Real Estate|1|28.96|30.35
2024-09-06|KIM|Retail REITs - Real Estate|3|21.29|22.99
2024-09-06|YUM|Restaurants - Consumer Discretionary|1|125.95|133.87
2024-09-06|XOM|Integrated Oil & Gas - Energy|1|117.33|112.64
2024-09-06|XOM|Integrated Oil & Gas - Energy|5|118.17|112.64
2024-09-06|XEL|Multi-Utilities - Utilities|17|58.63|62.91
2024-09-06|ZBRA|Electronic Equipment & Instruments - Information Technology|3|322.3|320.77
2024-09-06|XEL|Multi-Utilities - Utilities|1|59.75|62.91
2024-09-06|WYNN|Casinos & Gaming - Consumer Discretionary|4|76.8|76.72
2024-09-06|XYL|Industrial Machinery & Supplies & Components - Industrials|7|126.14|126.71
2024-09-06|WY|Timber REITs - Real Estate|1|31.13|30.35
2024-09-06|WY|Timber REITs - Real Estate|1|30.14|30.35
2024-09-06|XYL|Industrial Machinery & Supplies & Components - Industrials|1|131.49|126.71
2024-09-06|WYNN|Casinos & Gaming - Consumer Discretionary|9|74.04|76.72
2024-09-06|VICI|Hotel & Resort REITs - Real Estate|8|32.09|33.47
2024-09-06|WBD|Broadcasting - Communication Services|3|7.36|7.22
2024-09-06|WYNN|Casinos & Gaming - Consumer Discretionary|1|77.04|76.72
2024-09-06|WY|Timber REITs - Real Estate|11|30.15|30.35
2024-09-06|WBD|Broadcasting - Communication Services|3|7.32|7.22
2024-09-06|EXC|Electric Utilities - Utilities|2|38.42|38.2
2024-09-06|WY|Timber REITs - Real Estate|1|30.17|30.35
2024-09-06|WBD|Broadcasting - Communication Services|1|7.22|7.22
2024-09-10|YUM|Restaurants - Consumer Discretionary|7|129.03|132.89
2024-09-10|INVH|Single-Family Residential REITs - Real Estate|1|33.11|36.09
2024-09-10|PG|Personal Care Products - Consumer Staples|6|157.51|177.79
2024-09-10|XOM|Integrated Oil & Gas - Energy|3|108.38|110.82
2024-09-10|DD|Specialty Chemicals - Materials|12|30.84|33.27
2024-09-10|ZTS|Pharmaceuticals - Health Care|6|170.8|191.36
2024-09-10|ZBH|Health Care Equipment - Health Care|1|109.23|105.16
2024-09-10|ZBH|Health Care Equipment - Health Care|1|107.45|105.16
2024-09-10|ZBH|Health Care Equipment - Health Care|5|107.86|105.16
2024-09-10|BWA|Automotive Parts & Equipment - Consumer Discretionary|4|31.49|31.56
2024-09-10|INCY|Biotechnology - Health Care|7|60.7|63.13
2024-09-10|ZBH|Health Care Equipment - Health Care|1|108.19|105.16
2024-09-10|WY|Timber REITs - Real Estate|1|28.96|30.89
2024-09-10|KIM|Retail REITs - Real Estate|3|21.29|23.37
2024-09-10|YUM|Restaurants - Consumer Discretionary|1|125.95|132.89
2024-09-10|XEL|Multi-Utilities - Utilities|17|58.63|63.84
2024-09-10|ZBRA|Electronic Equipment & Instruments - Information Technology|3|322.3|334.85
2024-09-10|XEL|Multi-Utilities - Utilities|1|59.75|63.84
2024-09-10|WYNN|Casinos & Gaming - Consumer Discretionary|4|76.8|75.35
2024-09-10|XYL|Industrial Machinery & Supplies & Components - Industrials|7|126.14|129.82
2024-09-10|WY|Timber REITs - Real Estate|1|31.13|30.89
2024-09-10|WY|Timber REITs - Real Estate|1|30.14|30.89
2024-09-10|XYL|Industrial Machinery & Supplies & Components - Industrials|1|131.49|129.82
2024-09-10|WYNN|Casinos & Gaming - Consumer Discretionary|9|74.04|75.35
2024-09-10|VICI|Hotel & Resort REITs - Real Estate|8|32.09|34.06
2024-09-10|WBD|Broadcasting - Communication Services|3|7.36|7.02
2024-09-10|WYNN|Casinos & Gaming - Consumer Discretionary|1|77.04|75.35
2024-09-10|WY|Timber REITs - Real Estate|11|30.15|30.89
2024-09-10|WBD|Broadcasting - Communication Services|3|7.32|7.02
2024-09-10|EXC|Electric Utilities - Utilities|2|38.42|39.05
2024-09-10|WY|Timber REITs - Real Estate|1|30.17|30.89
2024-09-10|WBD|Broadcasting - Communication Services|1|7.22|7.02
2024-09-10|KVUE|Personal Care Products - Consumer Staples|5|23.05|23.05
2024-09-10|CLX|Household Products - Consumer Staples|3|166.97|166.97
2024-09-10|WY|Timber REITs - Real Estate|1|30.89|30.89
2024-09-10|WBD|Broadcasting - Communication Services|3|7.02|7.02
2024-09-11|YUM|Restaurants - Consumer Discretionary|7|129.03|134.03
2024-09-11|INVH|Single-Family Residential REITs - Real Estate|1|33.11|36.0
2024-09-11|PG|Personal Care Products - Consumer Staples|6|157.51|173.92
2024-09-11|XOM|Integrated Oil & Gas - Energy|3|108.38|109.72
2024-09-11|DD|Specialty Chemicals - Materials|12|30.84|33.44
2024-09-11|ZTS|Pharmaceuticals - Health Care|6|170.8|189.99
2024-09-11|ZBH|Health Care Equipment - Health Care|1|109.23|105.15
2024-09-11|ZBH|Health Care Equipment - Health Care|1|107.45|105.15
2024-09-11|ZBH|Health Care Equipment - Health Care|5|107.86|105.15
2024-09-11|BWA|Automotive Parts & Equipment - Consumer Discretionary|4|31.49|31.64
2024-09-11|INCY|Biotechnology - Health Care|7|60.7|63.13
2024-09-11|ZBH|Health Care Equipment - Health Care|1|108.19|105.15
2024-09-11|WY|Timber REITs - Real Estate|1|28.96|30.86
2024-09-11|KIM|Retail REITs - Real Estate|3|21.29|23.49
2024-09-11|YUM|Restaurants - Consumer Discretionary|1|125.95|134.03
2024-09-11|XEL|Multi-Utilities - Utilities|17|58.63|63.85
2024-09-11|ZBRA|Electronic Equipment & Instruments - Information Technology|3|322.3|337.44
2024-09-11|XEL|Multi-Utilities - Utilities|1|59.75|63.85
2024-09-11|WYNN|Casinos & Gaming - Consumer Discretionary|4|76.8|75.77
2024-09-11|XYL|Industrial Machinery & Supplies & Components - Industrials|7|126.14|129.87
2024-09-11|WY|Timber REITs - Real Estate|1|31.13|30.86
2024-09-11|WY|Timber REITs - Real Estate|1|30.14|30.86
2024-09-11|XYL|Industrial Machinery & Supplies & Components - Industrials|1|131.49|129.87
2024-09-11|WYNN|Casinos & Gaming - Consumer Discretionary|9|74.04|75.77
2024-09-11|VICI|Hotel & Resort REITs - Real Estate|8|32.09|33.85
2024-09-11|WYNN|Casinos & Gaming - Consumer Discretionary|1|77.04|75.77
2024-09-11|WY|Timber REITs - Real Estate|11|30.15|30.86
2024-09-11|EXC|Electric Utilities - Utilities|2|38.42|39.3
2024-09-11|WY|Timber REITs - Real Estate|1|30.17|30.86
2024-09-11|WBD|Broadcasting - Communication Services|1|7.22|6.94
2024-09-11|KVUE|Personal Care Products - Consumer Staples|5|23.05|23.09
2024-09-11|CLX|Household Products - Consumer Staples|3|166.97|163.99
2024-09-11|WY|Timber REITs - Real Estate|1|30.89|30.86
2024-09-11|WBD|Broadcasting - Communication Services|3|7.02|6.94
2024-09-11|WY|Timber REITs - Real Estate|1|30.86|30.86
2024-09-11|WBD|Broadcasting - Communication Services|1|6.94|6.94
2024-09-13|YUM|Restaurants - Consumer Discretionary|7|129.03|133.65
2024-09-13|INVH|Single-Family Residential REITs - Real Estate|1|33.11|37.02
2024-09-13|PG|Personal Care Products - Consumer Staples|6|157.51|174.08
2024-09-13|XOM|Integrated Oil & Gas - Energy|3|108.38|111.15
2024-09-13|DD|Specialty Chemicals - Materials|12|30.84|34.07
2024-09-13|ZTS|Pharmaceuticals - Health Care|6|170.8|191.09
2024-09-13|ZBH|Health Care Equipment - Health Care|1|109.23|106.26
2024-09-13|ZBH|Health Care Equipment - Health Care|1|107.45|106.26
2024-09-13|ZBH|Health Care Equipment - Health Care|5|107.86|106.26
2024-09-13|BWA|Automotive Parts & Equipment - Consumer Discretionary|4|31.49|32.21
2024-09-13|INCY|Biotechnology - Health Care|7|60.7|63.56
2024-09-13|ZBH|Health Care Equipment - Health Care|1|108.19|106.26
2024-09-13|WY|Timber REITs - Real Estate|1|28.96|32.45
2024-09-13|KIM|Retail REITs - Real Estate|3|21.29|24.02
2024-09-13|YUM|Restaurants - Consumer Discretionary|1|125.95|133.65
2024-09-13|XEL|Multi-Utilities - Utilities|17|58.63|63.84
2024-09-13|ZBRA|Electronic Equipment & Instruments - Information Technology|3|322.3|337.48
2024-09-13|XEL|Multi-Utilities - Utilities|1|59.75|63.84
2024-09-13|WYNN|Casinos & Gaming - Consumer Discretionary|4|76.8|78.46
2024-09-13|XYL|Industrial Machinery & Supplies & Components - Industrials|7|126.14|130.83
2024-09-13|WY|Timber REITs - Real Estate|1|31.13|32.45
2024-09-13|WY|Timber REITs - Real Estate|1|30.14|32.45
2024-09-13|XYL|Industrial Machinery & Supplies & Components - Industrials|1|131.49|130.83
2024-09-13|WYNN|Casinos & Gaming - Consumer Discretionary|9|74.04|78.46
2024-09-13|VICI|Hotel & Resort REITs - Real Estate|8|32.09|33.96
2024-09-13|WYNN|Casinos & Gaming - Consumer Discretionary|1|77.04|78.46
2024-09-13|WY|Timber REITs - Real Estate|11|30.15|32.45
2024-09-13|EXC|Electric Utilities - Utilities|2|38.42|40.23
2024-09-13|WY|Timber REITs - Real Estate|1|30.17|32.45
2024-09-13|KVUE|Personal Care Products - Consumer Staples|5|23.05|23.39
2024-09-13|CLX|Household Products - Consumer Staples|3|166.97|166.27
2024-09-13|WY|Timber REITs - Real Estate|1|30.89|32.45
2024-09-13|WY|Timber REITs - Real Estate|1|30.86|32.45
2024-09-13|WY|Timber REITs - Real Estate|1|32.45|32.45
2024-09-13|WBD|Broadcasting - Communication Services|1|8.49|8.49
2024-09-18|YUM|Restaurants - Consumer Discretionary|7|129.03|130.6
2024-09-18|INVH|Single-Family Residential REITs - Real Estate|1|33.11|35.86
2024-09-18|PG|Personal Care Products - Consumer Staples|6|157.51|173.92
2024-09-18|XOM|Integrated Oil & Gas - Energy|3|108.38|114.58
2024-09-18|DD|Specialty Chemicals - Materials|12|30.84|34.66
2024-09-18|ZBH|Health Care Equipment - Health Care|1|109.23|106.28
2024-09-18|ZBH|Health Care Equipment - Health Care|1|107.45|106.28
2024-09-18|ZBH|Health Care Equipment - Health Care|5|107.86|106.28
2024-09-18|BWA|Automotive Parts & Equipment - Consumer Discretionary|4|31.49|32.73
2024-09-18|INCY|Biotechnology - Health Care|7|60.7|65.17
2024-09-18|ZBH|Health Care Equipment - Health Care|1|108.19|106.28
2024-09-18|WY|Timber REITs - Real Estate|1|28.96|33.1
2024-09-18|KIM|Retail REITs - Real Estate|3|21.29|23.54
2024-09-18|YUM|Restaurants - Consumer Discretionary|1|125.95|130.6
2024-09-18|XEL|Multi-Utilities - Utilities|17|58.63|64.36
2024-09-18|ZBRA|Electronic Equipment & Instruments - Information Technology|3|322.3|351.83
2024-09-18|XEL|Multi-Utilities - Utilities|1|59.75|64.36
2024-09-18|WYNN|Casinos & Gaming - Consumer Discretionary|4|76.8|78.78
2024-09-18|XYL|Industrial Machinery & Supplies & Components - Industrials|7|126.14|132.86
2024-09-18|WY|Timber REITs - Real Estate|1|31.13|33.1
2024-09-18|WY|Timber REITs - Real Estate|1|30.14|33.1
2024-09-18|XYL|Industrial Machinery & Supplies & Components - Industrials|1|131.49|132.86
2024-09-18|WYNN|Casinos & Gaming - Consumer Discretionary|9|74.04|78.78
2024-09-18|VICI|Hotel & Resort REITs - Real Estate|8|32.09|33.06
2024-09-18|WYNN|Casinos & Gaming - Consumer Discretionary|1|77.04|78.78
2024-09-18|WY|Timber REITs - Real Estate|11|30.15|33.1
2024-09-18|EXC|Electric Utilities - Utilities|2|38.42|39.5
2024-09-18|WY|Timber REITs - Real Estate|1|30.17|33.1
2024-09-18|KVUE|Personal Care Products - Consumer Staples|5|23.05|23.19
2024-09-18|CLX|Household Products - Consumer Staples|3|166.97|163.47
2024-09-18|WY|Timber REITs - Real Estate|1|30.89|33.1
2024-09-18|WY|Timber REITs - Real Estate|1|30.86|33.1
2024-09-18|WY|Timber REITs - Real Estate|1|32.45|33.1
2024-09-18|WBD|Broadcasting - Communication Services|1|8.49|8.42
2024-09-18|CAH|Health Care Distributors - Health Care|9|111.41|111.41
2024-09-18|ZBH|Health Care Equipment - Health Care|1|106.28|106.28
2024-09-18|WY|Timber REITs - Real Estate|2|33.1|33.1
2024-09-18|WBD|Broadcasting - Communication Services|1|8.42|8.42
2024-09-19|YUM|Restaurants - Consumer Discretionary|7|129.03|131.09
2024-09-19|INVH|Single-Family Residential REITs - Real Estate|1|33.11|36.04
2024-09-19|PG|Personal Care Products - Consumer Staples|6|157.51|171.54
2024-09-19|XOM|Integrated Oil & Gas - Energy|3|108.38|116.0
2024-09-19|DD|Specialty Chemicals - Materials|12|30.84|34.8
2024-09-19|ZBH|Health Care Equipment - Health Care|1|109.23|106.34
2024-09-19|ZBH|Health Care Equipment - Health Care|1|107.45|106.34
2024-09-19|ZBH|Health Care Equipment - Health Care|5|107.86|106.34
2024-09-19|BWA|Automotive Parts & Equipment - Consumer Discretionary|4|31.49|34.11
2024-09-19|INCY|Biotechnology - Health Care|7|60.7|66.82
2024-09-19|ZBH|Health Care Equipment - Health Care|1|108.19|106.34
2024-09-19|KIM|Retail REITs - Real Estate|3|21.29|23.24
2024-09-19|YUM|Restaurants - Consumer Discretionary|1|125.95|131.09
2024-09-19|XEL|Multi-Utilities - Utilities|17|58.63|64.06
2024-09-19|ZBRA|Electronic Equipment & Instruments - Information Technology|3|322.3|363.79
2024-09-19|XEL|Multi-Utilities - Utilities|1|59.75|64.06
2024-09-19|WYNN|Casinos & Gaming - Consumer Discretionary|4|76.8|80.18
2024-09-19|XYL|Industrial Machinery & Supplies & Components - Industrials|7|126.14|136.3
2024-09-19|WY|Timber REITs - Real Estate|1|31.13|33.59
2024-09-19|WY|Timber REITs - Real Estate|1|30.14|33.59
2024-09-19|XYL|Industrial Machinery & Supplies & Components - Industrials|1|131.49|136.3
2024-09-19|WYNN|Casinos & Gaming - Consumer Discretionary|9|74.04|80.18
2024-09-19|VICI|Hotel & Resort REITs - Real Estate|8|32.09|32.81
2024-09-19|WYNN|Casinos & Gaming - Consumer Discretionary|1|77.04|80.18
2024-09-19|WY|Timber REITs - Real Estate|11|30.15|33.59
2024-09-19|EXC|Electric Utilities - Utilities|2|38.42|39.29
2024-09-19|WY|Timber REITs - Real Estate|1|30.17|33.59
2024-09-19|KVUE|Personal Care Products - Consumer Staples|5|23.05|22.9
2024-09-19|CLX|Household Products - Consumer Staples|3|166.97|162.04
2024-09-19|WY|Timber REITs - Real Estate|1|30.89|33.59
2024-09-19|WY|Timber REITs - Real Estate|1|30.86|33.59
2024-09-19|WY|Timber REITs - Real Estate|1|32.45|33.59
2024-09-19|WBD|Broadcasting - Communication Services|1|8.49|8.4
2024-09-19|CAH|Health Care Distributors - Health Care|9|111.41|110.76
2024-09-19|ZBH|Health Care Equipment - Health Care|1|106.28|106.34
2024-09-19|WY|Timber REITs - Real Estate|2|33.1|33.59
2024-09-19|WBD|Broadcasting - Communication Services|1|8.42|8.4
2024-09-19|WY|Timber REITs - Real Estate|1|33.59|33.59
2024-09-24|YUM|Restaurants - Consumer Discretionary|7|129.03|133.8
2024-09-24|INVH|Single-Family Residential REITs - Real Estate|1|33.11|35.55
2024-09-24|PG|Personal Care Products - Consumer Staples|6|157.51|173.24
2024-09-24|XOM|Integrated Oil & Gas - Energy|3|108.38|117.05
2024-09-24|ZBH|Health Care Equipment - Health Care|1|109.23|107.81
2024-09-24|ZBH|Health Care Equipment - Health Care|1|107.45|107.81
2024-09-24|ZBH|Health Care Equipment - Health Care|5|107.86|107.81
2024-09-24|BWA|Automotive Parts & Equipment - Consumer Discretionary|4|31.49|35.1
2024-09-24|INCY|Biotechnology - Health Care|7|60.7|63.7
2024-09-24|ZBH|Health Care Equipment - Health Care|1|108.19|107.81
2024-09-24|KIM|Retail REITs - Real Estate|3|21.29|23.63
2024-09-24|YUM|Restaurants - Consumer Discretionary|1|125.95|133.8
2024-09-24|XEL|Multi-Utilities - Utilities|17|58.63|64.17
2024-09-24|ZBRA|Electronic Equipment & Instruments - Information Technology|3|322.3|364.43
2024-09-24|XEL|Multi-Utilities - Utilities|1|59.75|64.17
2024-09-24|WYNN|Casinos & Gaming - Consumer Discretionary|4|76.8|84.16
2024-09-24|XYL|Industrial Machinery & Supplies & Components - Industrials|7|126.14|133.04
2024-09-24|WY|Timber REITs - Real Estate|1|31.13|33.78
2024-09-24|WY|Timber REITs - Real Estate|1|30.14|33.78
2024-09-24|XYL|Industrial Machinery & Supplies & Components - Industrials|1|131.49|133.04
2024-09-24|WYNN|Casinos & Gaming - Consumer Discretionary|9|74.04|84.16
2024-09-24|VICI|Hotel & Resort REITs - Real Estate|8|32.09|33.12
2024-09-24|WYNN|Casinos & Gaming - Consumer Discretionary|1|77.04|84.16
2024-09-24|WY|Timber REITs - Real Estate|11|30.15|33.78
2024-09-24|EXC|Electric Utilities - Utilities|2|38.42|39.99
2024-09-24|WY|Timber REITs - Real Estate|1|30.17|33.78
2024-09-24|KVUE|Personal Care Products - Consumer Staples|5|23.05|23.11
2024-09-24|CLX|Household Products - Consumer Staples|3|166.97|164.59
2024-09-24|WY|Timber REITs - Real Estate|1|30.89|33.78
2024-09-24|WY|Timber REITs - Real Estate|1|30.86|33.78
2024-09-24|WY|Timber REITs - Real Estate|1|32.45|33.78
2024-09-24|WBD|Broadcasting - Communication Services|1|8.49|8.32
2024-09-24|CAH|Health Care Distributors - Health Care|9|111.41|110.19
2024-09-24|ZBH|Health Care Equipment - Health Care|1|106.28|107.81
2024-09-24|WY|Timber REITs - Real Estate|2|33.1|33.78
2024-09-24|WBD|Broadcasting - Communication Services|1|8.42|8.32
2024-09-24|WY|Timber REITs - Real Estate|1|33.59|33.78
2024-09-24|BMY|Pharmaceuticals - Health Care|8|50.94|50.94
2024-09-24|WBD|Broadcasting - Communication Services|3|8.32|8.32
2024-09-26|YUM|Restaurants - Consumer Discretionary|7|129.03|138.07
2024-09-26|INVH|Single-Family Residential REITs - Real Estate|1|33.11|35.01
2024-09-26|PG|Personal Care Products - Consumer Staples|6|157.51|173.21
2024-09-26|XOM|Integrated Oil & Gas - Energy|3|108.38|112.8
2024-09-26|ZBH|Health Care Equipment - Health Care|1|109.23|107.71
2024-09-26|ZBH|Health Care Equipment - Health Care|1|107.45|107.71
2024-09-26|ZBH|Health Care Equipment - Health Care|5|107.86|107.71
2024-09-26|BWA|Automotive Parts & Equipment - Consumer Discretionary|4|31.49|35.81
2024-09-26|INCY|Biotechnology - Health Care|7|60.7|65.13
2024-09-26|ZBH|Health Care Equipment - Health Care|1|108.19|107.71
2024-09-26|KIM|Retail REITs - Real Estate|3|21.29|22.87
2024-09-26|YUM|Restaurants - Consumer Discretionary|1|125.95|138.07
2024-09-26|XEL|Multi-Utilities - Utilities|17|58.63|63.98
2024-09-26|XEL|Multi-Utilities - Utilities|1|59.75|63.98
2024-09-26|XYL|Industrial Machinery & Supplies & Components - Industrials|7|126.14|134.13
2024-09-26|WY|Timber REITs - Real Estate|1|31.13|33.16
2024-09-26|WY|Timber REITs - Real Estate|1|30.14|33.16
2024-09-26|XYL|Industrial Machinery & Supplies & Components - Industrials|1|131.49|134.13
2024-09-26|VICI|Hotel & Resort REITs - Real Estate|8|32.09|32.89
2024-09-26|WY|Timber REITs - Real Estate|11|30.15|33.16
2024-09-26|EXC|Electric Utilities - Utilities|2|38.42|39.93
2024-09-26|WY|Timber REITs - Real Estate|1|30.17|33.16
2024-09-26|KVUE|Personal Care Products - Consumer Staples|5|23.05|23.13
2024-09-26|CLX|Household Products - Consumer Staples|3|166.97|161.91
2024-09-26|WY|Timber REITs - Real Estate|1|30.89|33.16
2024-09-26|WY|Timber REITs - Real Estate|1|30.86|33.16
2024-09-26|WY|Timber REITs - Real Estate|1|32.45|33.16
2024-09-26|WBD|Broadcasting - Communication Services|1|8.49|8.3
2024-09-26|CAH|Health Care Distributors - Health Care|9|111.41|109.23
2024-09-26|ZBH|Health Care Equipment - Health Care|1|106.28|107.71
2024-09-26|WY|Timber REITs - Real Estate|2|33.1|33.16
2024-09-26|WBD|Broadcasting - Communication Services|1|8.42|8.3
2024-09-26|WY|Timber REITs - Real Estate|1|33.59|33.16
2024-09-26|BMY|Pharmaceuticals - Health Care|8|50.94|50.12
2024-09-26|WBD|Broadcasting - Communication Services|3|8.32|8.3
2024-09-26|UBER|Passenger Ground Transportation - Industrials|14|76.69|76.69
2024-09-26|ZTS|Pharmaceuticals - Health Care|3|194.87|194.87
2024-09-26|ZBRA|Electronic Equipment & Instruments - Information Technology|1|371.24|371.24
2024-09-26|ZBH|Health Care Equipment - Health Care|1|107.71|107.71
2024-09-26|XOM|Integrated Oil & Gas - Energy|2|112.8|112.8
2024-09-26|WBD|Broadcasting - Communication Services|3|8.3|8.3
2024-09-27|YUM|Restaurants - Consumer Discretionary|7|129.03|139.92
2024-09-27|INVH|Single-Family Residential REITs - Real Estate|1|33.11|35.0
2024-09-27|PG|Personal Care Products - Consumer Staples|6|157.51|173.55
2024-09-27|XOM|Integrated Oil & Gas - Energy|3|108.38|115.82
2024-09-27|ZBH|Health Care Equipment - Health Care|1|109.23|108.22
2024-09-27|ZBH|Health Care Equipment - Health Care|1|107.45|108.22
2024-09-27|ZBH|Health Care Equipment - Health Care|5|107.86|108.22
2024-09-27|INCY|Biotechnology - Health Care|7|60.7|65.83
2024-09-27|ZBH|Health Care Equipment - Health Care|1|108.19|108.22
2024-09-27|KIM|Retail REITs - Real Estate|3|21.29|22.96
2024-09-27|YUM|Restaurants - Consumer Discretionary|1|125.95|139.92
2024-09-27|XEL|Multi-Utilities - Utilities|17|58.63|64.57
2024-09-27|XEL|Multi-Utilities - Utilities|1|59.75|64.57
2024-09-27|XYL|Industrial Machinery & Supplies & Components - Industrials|7|126.14|134.51
2024-09-27|WY|Timber REITs - Real Estate|1|31.13|33.75
2024-09-27|WY|Timber REITs - Real Estate|1|30.14|33.75
2024-09-27|XYL|Industrial Machinery & Supplies & Components - Industrials|1|131.49|134.51
2024-09-27|VICI|Hotel & Resort REITs - Real Estate|8|32.09|33.12
2024-09-27|WY|Timber REITs - Real Estate|11|30.15|33.75
2024-09-27|EXC|Electric Utilities - Utilities|2|38.42|40.38
2024-09-27|WY|Timber REITs - Real Estate|1|30.17|33.75
2024-09-27|KVUE|Personal Care Products - Consumer Staples|5|23.05|23.26
2024-09-27|CLX|Household Products - Consumer Staples|3|166.97|163.42
2024-09-27|WY|Timber REITs - Real Estate|1|30.89|33.75
2024-09-27|WY|Timber REITs - Real Estate|1|30.86|33.75
2024-09-27|WY|Timber REITs - Real Estate|1|32.45|33.75
2024-09-27|WBD|Broadcasting - Communication Services|1|8.49|8.38
2024-09-27|CAH|Health Care Distributors - Health Care|9|111.41|109.79
2024-09-27|ZBH|Health Care Equipment - Health Care|1|106.28|108.22
2024-09-27|WY|Timber REITs - Real Estate|2|33.1|33.75
2024-09-27|WBD|Broadcasting - Communication Services|1|8.42|8.38
2024-09-27|WY|Timber REITs - Real Estate|1|33.59|33.75
2024-09-27|BMY|Pharmaceuticals - Health Care|8|50.94|50.91
2024-09-27|WBD|Broadcasting - Communication Services|3|8.32|8.38
2024-09-27|UBER|Passenger Ground Transportation - Industrials|14|76.69|75.75
2024-09-27|ZTS|Pharmaceuticals - Health Care|3|194.87|194.81
2024-09-27|ZBRA|Electronic Equipment & Instruments - Information Technology|1|371.24|368.6
2024-09-27|ZBH|Health Care Equipment - Health Care|1|107.71|108.22
2024-09-27|XOM|Integrated Oil & Gas - Energy|2|112.8|115.82
2024-09-27|WBD|Broadcasting - Communication Services|3|8.3|8.38
2024-09-27|XOM|Integrated Oil & Gas - Energy|1|115.82|115.82
2024-09-27|WY|Timber REITs - Real Estate|1|33.75|33.75
2024-10-02|YUM|Restaurants - Consumer Discretionary|7|129.03|139.54
2024-10-02|INVH|Single-Family Residential REITs - Real Estate|1|33.11|34.38
2024-10-02|PG|Personal Care Products - Consumer Staples|6|157.51|171.92
2024-10-02|XOM|Integrated Oil & Gas - Energy|3|108.38|121.52
2024-10-02|ZBH|Health Care Equipment - Health Care|1|109.23|105.69
2024-10-02|ZBH|Health Care Equipment - Health Care|1|107.45|105.69
2024-10-02|ZBH|Health Care Equipment - Health Care|5|107.86|105.69
2024-10-02|INCY|Biotechnology - Health Care|7|60.7|67.63
2024-10-02|ZBH|Health Care Equipment - Health Care|1|108.19|105.69
2024-10-02|KIM|Retail REITs - Real Estate|3|21.29|22.96
2024-10-02|YUM|Restaurants - Consumer Discretionary|1|125.95|139.54
2024-10-02|XEL|Multi-Utilities - Utilities|17|58.63|65.15
2024-10-02|XEL|Multi-Utilities - Utilities|1|59.75|65.15
2024-10-02|XYL|Industrial Machinery & Supplies & Components - Industrials|7|126.14|134.38
2024-10-02|WY|Timber REITs - Real Estate|1|31.13|33.62
2024-10-02|WY|Timber REITs - Real Estate|1|30.14|33.62
2024-10-02|XYL|Industrial Machinery & Supplies & Components - Industrials|1|131.49|134.38
2024-10-02|VICI|Hotel & Resort REITs - Real Estate|8|32.09|32.77
2024-10-02|WY|Timber REITs - Real Estate|11|30.15|33.62
2024-10-02|EXC|Electric Utilities - Utilities|2|38.42|40.95
2024-10-02|WY|Timber REITs - Real Estate|1|30.17|33.62
2024-10-02|KVUE|Personal Care Products - Consumer Staples|5|23.05|22.63
2024-10-02|CLX|Household Products - Consumer Staples|3|166.97|164.7
2024-10-02|WY|Timber REITs - Real Estate|1|30.89|33.62
2024-10-02|WY|Timber REITs - Real Estate|1|30.86|33.62
2024-10-02|WY|Timber REITs - Real Estate|1|32.45|33.62
2024-10-02|CAH|Health Care Distributors - Health Care|9|111.41|110.21
2024-10-02|ZBH|Health Care Equipment - Health Care|1|106.28|105.69
2024-10-02|WY|Timber REITs - Real Estate|2|33.1|33.62
2024-10-02|WY|Timber REITs - Real Estate|1|33.59|33.62
2024-10-02|BMY|Pharmaceuticals - Health Care|8|50.94|53.76
2024-10-02|WBD|Broadcasting - Communication Services|3|8.32|7.97
2024-10-02|UBER|Passenger Ground Transportation - Industrials|14|76.69|72.87
2024-10-02|ZTS|Pharmaceuticals - Health Care|3|194.87|192.46
2024-10-02|ZBRA|Electronic Equipment & Instruments - Information Technology|1|371.24|368.68
2024-10-02|ZBH|Health Care Equipment - Health Care|1|107.71|105.69
2024-10-02|XOM|Integrated Oil & Gas - Energy|2|112.8|121.52
2024-10-02|WBD|Broadcasting - Communication Services|3|8.3|7.97
2024-10-02|XOM|Integrated Oil & Gas - Energy|1|115.82|121.52
2024-10-02|WY|Timber REITs - Real Estate|1|33.75|33.62
2024-10-02|WBD|Broadcasting - Communication Services|2|7.97|7.97
2024-10-03|YUM|Restaurants - Consumer Discretionary|7|129.03|137.21
2024-10-03|INVH|Single-Family Residential REITs - Real Estate|1|33.11|34.15
2024-10-03|PG|Personal Care Products - Consumer Staples|6|157.51|170.12
2024-10-03|XOM|Integrated Oil & Gas - Energy|3|108.38|122.58
2024-10-03|ZBH|Health Care Equipment - Health Care|1|109.23|104.19
2024-10-03|ZBH|Health Care Equipment - Health Care|1|107.45|104.19
2024-10-03|ZBH|Health Care Equipment - Health Care|5|107.86|104.19
2024-10-03|INCY|Biotechnology - Health Care|7|60.7|67.04
2024-10-03|ZBH|Health Care Equipment - Health Care|1|108.19|104.19
2024-10-03|KIM|Retail REITs - Real Estate|3|21.29|22.87
2024-10-03|YUM|Restaurants - Consumer Discretionary|1|125.95|137.21
2024-10-03|XEL|Multi-Utilities - Utilities|17|58.63|64.4
2024-10-03|XEL|Multi-Utilities - Utilities|1|59.75|64.4
2024-10-03|XYL|Industrial Machinery & Supplies & Components - Industrials|7|126.14|133.06
2024-10-03|WY|Timber REITs - Real Estate|1|31.13|32.93
2024-10-03|WY|Timber REITs - Real Estate|1|30.14|32.93
2024-10-03|XYL|Industrial Machinery & Supplies & Components - Industrials|1|131.49|133.06
2024-10-03|VICI|Hotel & Resort REITs - Real Estate|8|32.09|32.57
2024-10-03|WY|Timber REITs - Real Estate|11|30.15|32.93
2024-10-03|EXC|Electric Utilities - Utilities|2|38.42|40.78
2024-10-03|WY|Timber REITs - Real Estate|1|30.17|32.93
2024-10-03|KVUE|Personal Care Products - Consumer Staples|5|23.05|22.27
2024-10-03|CLX|Household Products - Consumer Staples|3|166.97|161.37
2024-10-03|WY|Timber REITs - Real Estate|1|30.89|32.93
2024-10-03|WY|Timber REITs - Real Estate|1|30.86|32.93
2024-10-03|WY|Timber REITs - Real Estate|1|32.45|32.93
2024-10-03|CAH|Health Care Distributors - Health Care|9|111.41|110.35
2024-10-03|ZBH|Health Care Equipment - Health Care|1|106.28|104.19
2024-10-03|WY|Timber REITs - Real Estate|2|33.1|32.93
2024-10-03|WY|Timber REITs - Real Estate|1|33.59|32.93
2024-10-03|BMY|Pharmaceuticals - Health Care|8|50.94|54.2
2024-10-03|UBER|Passenger Ground Transportation - Industrials|14|76.69|72.94
2024-10-03|ZTS|Pharmaceuticals - Health Care|3|194.87|190.99
2024-10-03|ZBRA|Electronic Equipment & Instruments - Information Technology|1|371.24|363.89
2024-10-03|ZBH|Health Care Equipment - Health Care|1|107.71|104.19
2024-10-03|XOM|Integrated Oil & Gas - Energy|2|112.8|122.58
2024-10-03|XOM|Integrated Oil & Gas - Energy|1|115.82|122.58
2024-10-03|WY|Timber REITs - Real Estate|1|33.75|32.93
2024-10-03|WBD|Broadcasting - Communication Services|2|7.97|7.74
2024-10-03|WY|Timber REITs - Real Estate|1|32.93|32.93
2024-10-03|WBD|Broadcasting - Communication Services|2|7.74|7.74
2024-10-04|YUM|Restaurants - Consumer Discretionary|7|129.03|136.57
2024-10-04|INVH|Single-Family Residential REITs - Real Estate|1|33.11|34.54
2024-10-04|PG|Personal Care Products - Consumer Staples|6|157.51|168.88
2024-10-04|ZBH|Health Care Equipment - Health Care|1|109.23|104.68
2024-10-04|ZBH|Health Care Equipment - Health Care|1|107.45|104.68
2024-10-04|ZBH|Health Care Equipment - Health Care|5|107.86|104.68
2024-10-04|INCY|Biotechnology - Health Care|7|60.7|67.49
2024-10-04|ZBH|Health Care Equipment - Health Care|1|108.19|104.68
2024-10-04|KIM|Retail REITs - Real Estate|3|21.29|22.94
2024-10-04|YUM|Restaurants - Consumer Discretionary|1|125.95|136.57
2024-10-04|XEL|Multi-Utilities - Utilities|17|58.63|63.73
2024-10-04|XEL|Multi-Utilities - Utilities|1|59.75|63.73
2024-10-04|XYL|Industrial Machinery & Supplies & Components - Industrials|7|126.14|133.47
2024-10-04|WY|Timber REITs - Real Estate|1|31.13|32.88
2024-10-04|WY|Timber REITs - Real Estate|1|30.14|32.88
2024-10-04|XYL|Industrial Machinery & Supplies & Components - Industrials|1|131.49|133.47
2024-10-04|VICI|Hotel & Resort REITs - Real Estate|8|32.09|32.42
2024-10-04|WY|Timber REITs - Real Estate|11|30.15|32.88
2024-10-04|EXC|Electric Utilities - Utilities|2|38.42|40.21
2024-10-04|WY|Timber REITs - Real Estate|1|30.17|32.88
2024-10-04|KVUE|Personal Care Products - Consumer Staples|5|23.05|22.16
2024-10-04|CLX|Household Products - Consumer Staples|3|166.97|161.57
2024-10-04|WY|Timber REITs - Real Estate|1|30.89|32.88
2024-10-04|WY|Timber REITs - Real Estate|1|30.86|32.88
2024-10-04|WY|Timber REITs - Real Estate|1|32.45|32.88
2024-10-04|CAH|Health Care Distributors - Health Care|9|111.41|111.98
2024-10-04|ZBH|Health Care Equipment - Health Care|1|106.28|104.68
2024-10-04|WY|Timber REITs - Real Estate|2|33.1|32.88
2024-10-04|WY|Timber REITs - Real Estate|1|33.59|32.88
2024-10-04|BMY|Pharmaceuticals - Health Care|8|50.94|53.96
2024-10-04|UBER|Passenger Ground Transportation - Industrials|14|76.69|74.28
2024-10-04|ZTS|Pharmaceuticals - Health Care|3|194.87|190.03
2024-10-04|ZBRA|Electronic Equipment & Instruments - Information Technology|1|371.24|366.72
2024-10-04|ZBH|Health Care Equipment - Health Care|1|107.71|104.68
2024-10-04|XOM|Integrated Oil & Gas - Energy|2|112.8|124.83
2024-10-04|XOM|Integrated Oil & Gas - Energy|1|115.82|124.83
2024-10-04|WY|Timber REITs - Real Estate|1|33.75|32.88
2024-10-04|WBD|Broadcasting - Communication Services|2|7.97|7.78
2024-10-04|WY|Timber REITs - Real Estate|1|32.93|32.88
2024-10-04|WBD|Broadcasting - Communication Services|2|7.74|7.78
2024-10-04|ZBRA|Electronic Equipment & Instruments - Information Technology|1|366.72|366.72
2024-10-04|WBD|Broadcasting - Communication Services|1|7.78|7.78
2024-10-07|YUM|Restaurants - Consumer Discretionary|7|129.03|135.88
2024-10-07|INVH|Single-Family Residential REITs - Real Estate|1|33.11|34.0
2024-10-07|PG|Personal Care Products - Consumer Staples|6|157.51|167.12
2024-10-07|ZBH|Health Care Equipment - Health Care|1|107.45|102.28
2024-10-07|INCY|Biotechnology - Health Care|7|60.7|65.76
2024-10-07|KIM|Retail REITs - Real Estate|3|21.29|22.92
2024-10-07|YUM|Restaurants - Consumer Discretionary|1|125.95|135.88
2024-10-07|XEL|Multi-Utilities - Utilities|17|58.63|63.01
2024-10-07|XEL|Multi-Utilities - Utilities|1|59.75|63.01
2024-10-07|XYL|Industrial Machinery & Supplies & Components - Industrials|7|126.14|134.03
2024-10-07|WY|Timber REITs - Real Estate|1|31.13|32.85
2024-10-07|WY|Timber REITs - Real Estate|1|30.14|32.85
2024-10-07|XYL|Industrial Machinery & Supplies & Components - Industrials|1|131.49|134.03
2024-10-07|VICI|Hotel & Resort REITs - Real Estate|8|32.09|32.42
2024-10-07|WY|Timber REITs - Real Estate|11|30.15|32.85
2024-10-07|EXC|Electric Utilities - Utilities|2|38.42|39.54
2024-10-07|WY|Timber REITs - Real Estate|1|30.17|32.85
2024-10-07|KVUE|Personal Care Products - Consumer Staples|5|23.05|21.99
2024-10-07|CLX|Household Products - Consumer Staples|3|166.97|160.6
2024-10-07|WY|Timber REITs - Real Estate|1|30.89|32.85
2024-10-07|WY|Timber REITs - Real Estate|1|30.86|32.85
2024-10-07|WY|Timber REITs - Real Estate|1|32.45|32.85
2024-10-07|CAH|Health Care Distributors - Health Care|9|111.41|111.76
2024-10-07|ZBH|Health Care Equipment - Health Care|1|106.28|102.28
2024-10-07|WY|Timber REITs - Real Estate|2|33.1|32.85
2024-10-07|WY|Timber REITs - Real Estate|1|33.59|32.85
2024-10-07|BMY|Pharmaceuticals - Health Care|8|50.94|53.44
2024-10-07|UBER|Passenger Ground Transportation - Industrials|14|76.69|74.59
2024-10-07|ZTS|Pharmaceuticals - Health Care|3|194.87|187.28
2024-10-07|ZBRA|Electronic Equipment & Instruments - Information Technology|1|371.24|365.24
2024-10-07|XOM|Integrated Oil & Gas - Energy|2|112.8|125.37
2024-10-07|XOM|Integrated Oil & Gas - Energy|1|115.82|125.37
2024-10-07|WY|Timber REITs - Real Estate|1|33.75|32.85
2024-10-07|WBD|Broadcasting - Communication Services|2|7.97|7.72
2024-10-07|WY|Timber REITs - Real Estate|1|32.93|32.85
2024-10-07|WBD|Broadcasting - Communication Services|2|7.74|7.72
2024-10-07|ZBRA|Electronic Equipment & Instruments - Information Technology|1|366.72|365.24
2024-10-07|WBD|Broadcasting - Communication Services|1|7.78|7.72
2024-10-07|ZBRA|Electronic Equipment & Instruments - Information Technology|1|365.24|365.24
2024-10-07|ZBH|Health Care Equipment - Health Care|4|102.28|102.28
2024-10-07|WY|Timber REITs - Real Estate|1|32.85|32.85
2024-10-07|WBD|Broadcasting - Communication Services|1|7.72|7.72
2024-10-08|YUM|Restaurants - Consumer Discretionary|7|129.03|134.72
2024-10-08|INVH|Single-Family Residential REITs - Real Estate|1|33.11|33.19
2024-10-08|PG|Personal Care Products - Consumer Staples|6|157.51|168.16
2024-10-08|INCY|Biotechnology - Health Care|7|60.7|65.74
2024-10-08|KIM|Retail REITs - Real Estate|3|21.29|22.86
2024-10-08|YUM|Restaurants - Consumer Discretionary|1|125.95|134.72
2024-10-08|XEL|Multi-Utilities - Utilities|17|58.63|62.93
2024-10-08|XEL|Multi-Utilities - Utilities|1|59.75|62.93
2024-10-08|XYL|Industrial Machinery & Supplies & Components - Industrials|7|126.14|134.2
2024-10-08|WY|Timber REITs - Real Estate|1|31.13|33.11
2024-10-08|WY|Timber REITs - Real Estate|1|30.14|33.11
2024-10-08|XYL|Industrial Machinery & Supplies & Components - Industrials|1|131.49|134.2
2024-10-08|VICI|Hotel & Resort REITs - Real Estate|8|32.09|32.32
2024-10-08|WY|Timber REITs - Real Estate|11|30.15|33.11
2024-10-08|EXC|Electric Utilities - Utilities|2|38.42|39.61
2024-10-08|WY|Timber REITs - Real Estate|1|30.17|33.11
2024-10-08|CLX|Household Products - Consumer Staples|3|166.97|159.79
2024-10-08|WY|Timber REITs - Real Estate|1|30.89|33.11
2024-10-08|WY|Timber REITs - Real Estate|1|30.86|33.11
2024-10-08|WY|Timber REITs - Real Estate|1|32.45|33.11
2024-10-08|CAH|Health Care Distributors - Health Care|9|111.41|112.62
2024-10-08|ZBH|Health Care Equipment - Health Care|1|106.28|101.77
2024-10-08|WY|Timber REITs - Real Estate|2|33.1|33.11
2024-10-08|WY|Timber REITs - Real Estate|1|33.59|33.11
2024-10-08|BMY|Pharmaceuticals - Health Care|8|50.94|52.48
2024-10-08|UBER|Passenger Ground Transportation - Industrials|14|76.69|76.17
2024-10-08|ZTS|Pharmaceuticals - Health Care|3|194.87|187.37
2024-10-08|ZBRA|Electronic Equipment & Instruments - Information Technology|1|371.24|368.97
2024-10-08|XOM|Integrated Oil & Gas - Energy|2|112.8|122.04
2024-10-08|XOM|Integrated Oil & Gas - Energy|1|115.82|122.04
2024-10-08|WY|Timber REITs - Real Estate|1|33.75|33.11
2024-10-08|WBD|Broadcasting - Communication Services|2|7.97|7.72
2024-10-08|WY|Timber REITs - Real Estate|1|32.93|33.11
2024-10-08|WBD|Broadcasting - Communication Services|2|7.74|7.72
2024-10-08|ZBRA|Electronic Equipment & Instruments - Information Technology|1|366.72|368.97
2024-10-08|WBD|Broadcasting - Communication Services|1|7.78|7.72
2024-10-08|ZBRA|Electronic Equipment & Instruments - Information Technology|1|365.24|368.97
2024-10-08|ZBH|Health Care Equipment - Health Care|4|102.28|101.77
2024-10-08|WY|Timber REITs - Real Estate|1|32.85|33.11
2024-10-08|WBD|Broadcasting - Communication Services|1|7.72|7.72
2024-10-08|HON|Industrial Conglomerates - Industrials|1|195.1|195.1
2024-10-08|AES|Independent Power Producers & Energy Traders - Utilities|1|18.15|18.15
2024-10-10|YUM|Restaurants - Consumer Discretionary|7|129.03|133.27
2024-10-10|INVH|Single-Family Residential REITs - Real Estate|1|33.11|33.54
2024-10-10|PG|Personal Care Products - Consumer Staples|6|157.51|168.95
2024-10-10|INCY|Biotechnology - Health Care|7|60.7|65.37
2024-10-10|KIM|Retail REITs - Real Estate|3|21.29|22.86
2024-10-10|YUM|Restaurants - Consumer Discretionary|1|125.95|133.27
2024-10-10|XEL|Multi-Utilities - Utilities|17|58.63|62.16
2024-10-10|XEL|Multi-Utilities - Utilities|1|59.75|62.16
2024-10-10|XYL|Industrial Machinery & Supplies & Components - Industrials|7|126.14|134.17
2024-10-10|WY|Timber REITs - Real Estate|1|31.13|32.63
2024-10-10|WY|Timber REITs - Real Estate|1|30.14|32.63
2024-10-10|XYL|Industrial Machinery & Supplies & Components - Industrials|1|131.49|134.17
2024-10-10|VICI|Hotel & Resort REITs - Real Estate|8|32.09|32.17
2024-10-10|WY|Timber REITs - Real Estate|11|30.15|32.63
2024-10-10|EXC|Electric Utilities - Utilities|2|38.42|39.27
2024-10-10|WY|Timber REITs - Real Estate|1|30.17|32.63
2024-10-10|WY|Timber REITs - Real Estate|1|30.89|32.63
2024-10-10|WY|Timber REITs - Real Estate|1|30.86|32.63
2024-10-10|WY|Timber REITs - Real Estate|1|32.45|32.63
2024-10-10|CAH|Health Care Distributors - Health Care|9|111.41|113.84
2024-10-10|ZBH|Health Care Equipment - Health Care|1|106.28|102.82
2024-10-10|WY|Timber REITs - Real Estate|2|33.1|32.63
2024-10-10|WY|Timber REITs - Real Estate|1|33.59|32.63
2024-10-10|BMY|Pharmaceuticals - Health Care|8|50.94|52.4
2024-10-10|UBER|Passenger Ground Transportation - Industrials|14|76.69|77.92
2024-10-10|ZTS|Pharmaceuticals - Health Care|3|194.87|190.28
2024-10-10|ZBRA|Electronic Equipment & Instruments - Information Technology|1|371.24|369.24
2024-10-10|XOM|Integrated Oil & Gas - Energy|2|112.8|123.14
2024-10-10|XOM|Integrated Oil & Gas - Energy|1|115.82|123.14
2024-10-10|WY|Timber REITs - Real Estate|1|33.75|32.63
2024-10-10|WY|Timber REITs - Real Estate|1|32.93|32.63
2024-10-10|WBD|Broadcasting - Communication Services|2|7.74|7.54
2024-10-10|ZBRA|Electronic Equipment & Instruments - Information Technology|1|366.72|369.24
2024-10-10|WBD|Broadcasting - Communication Services|1|7.78|7.54
2024-10-10|ZBRA|Electronic Equipment & Instruments - Information Technology|1|365.24|369.24
2024-10-10|ZBH|Health Care Equipment - Health Care|4|102.28|102.82
2024-10-10|WY|Timber REITs - Real Estate|1|32.85|32.63
2024-10-10|WBD|Broadcasting - Communication Services|1|7.72|7.54
2024-10-10|HON|Industrial Conglomerates - Industrials|1|195.1|201.32
2024-10-10|AES|Independent Power Producers & Energy Traders - Utilities|1|18.15|17.33
2024-10-10|DE|Agricultural & Farm Machinery - Industrials|1|405.76|405.76
2024-10-10|XEL|Multi-Utilities - Utilities|1|62.16|62.16
2024-10-10|WBD|Broadcasting - Communication Services|3|7.54|7.54
2024-10-18|YUM|Restaurants - Consumer Discretionary|7|129.03|134.27
2024-10-18|INVH|Single-Family Residential REITs - Real Estate|1|33.11|34.13
2024-10-18|PG|Personal Care Products - Consumer Staples|6|157.51|171.28
2024-10-18|INCY|Biotechnology - Health Care|7|60.7|66.39
2024-10-18|YUM|Restaurants - Consumer Discretionary|1|125.95|134.27
2024-10-18|XEL|Multi-Utilities - Utilities|17|58.63|64.07
2024-10-18|XEL|Multi-Utilities - Utilities|1|59.75|64.07
2024-10-18|XYL|Industrial Machinery & Supplies & Components - Industrials|7|126.14|134.32
2024-10-18|WY|Timber REITs - Real Estate|1|31.13|33.06
2024-10-18|WY|Timber REITs - Real Estate|1|30.14|33.06
2024-10-18|XYL|Industrial Machinery & Supplies & Components - Industrials|1|131.49|134.32
2024-10-18|VICI|Hotel & Resort REITs - Real Estate|8|32.09|33.19
2024-10-18|WY|Timber REITs - Real Estate|11|30.15|33.06
2024-10-18|EXC|Electric Utilities - Utilities|2|38.42|40.95
2024-10-18|WY|Timber REITs - Real Estate|1|30.17|33.06
2024-10-18|WY|Timber REITs - Real Estate|1|30.89|33.06
2024-10-18|WY|Timber REITs - Real Estate|1|30.86|33.06
2024-10-18|WY|Timber REITs - Real Estate|1|32.45|33.06
2024-10-18|CAH|Health Care Distributors - Health Care|9|111.41|112.41
2024-10-18|ZBH|Health Care Equipment - Health Care|1|106.28|106.31
2024-10-18|WY|Timber REITs - Real Estate|2|33.1|33.06
2024-10-18|WY|Timber REITs - Real Estate|1|33.59|33.06
2024-10-18|BMY|Pharmaceuticals - Health Care|8|50.94|53.22
2024-10-18|UBER|Passenger Ground Transportation - Industrials|14|76.69|79.16
2024-10-18|ZTS|Pharmaceuticals - Health Care|3|194.87|193.28
2024-10-18|ZBRA|Electronic Equipment & Instruments - Information Technology|1|371.24|375.45
2024-10-18|XOM|Integrated Oil & Gas - Energy|2|112.8|120.01
2024-10-18|XOM|Integrated Oil & Gas - Energy|1|115.82|120.01
2024-10-18|WY|Timber REITs - Real Estate|1|33.75|33.06
2024-10-18|WY|Timber REITs - Real Estate|1|32.93|33.06
2024-10-18|WBD|Broadcasting - Communication Services|2|7.74|7.82
2024-10-18|ZBRA|Electronic Equipment & Instruments - Information Technology|1|366.72|375.45
2024-10-18|WBD|Broadcasting - Communication Services|1|7.78|7.82
2024-10-18|ZBRA|Electronic Equipment & Instruments - Information Technology|1|365.24|375.45
2024-10-18|ZBH|Health Care Equipment - Health Care|4|102.28|106.31
2024-10-18|WY|Timber REITs - Real Estate|1|32.85|33.06
2024-10-18|WBD|Broadcasting - Communication Services|1|7.72|7.82
2024-10-18|HON|Industrial Conglomerates - Industrials|1|195.1|209.26
2024-10-18|AES|Independent Power Producers & Energy Traders - Utilities|1|18.15|17.47
2024-10-18|DE|Agricultural & Farm Machinery - Industrials|1|405.76|408.73
2024-10-18|XEL|Multi-Utilities - Utilities|1|62.16|64.07
2024-10-18|WBD|Broadcasting - Communication Services|3|7.54|7.82
2024-10-18|CZR|Casinos & Gaming - Consumer Discretionary|1|45.18|45.18
2024-10-18|WBD|Broadcasting - Communication Services|4|7.82|7.82
2024-10-21|YUM|Restaurants - Consumer Discretionary|7|129.03|134.0
2024-10-21|INVH|Single-Family Residential REITs - Real Estate|1|33.11|33.71
2024-10-21|PG|Personal Care Products - Consumer Staples|6|157.51|169.54
2024-10-21|INCY|Biotechnology - Health Care|7|60.7|65.27
2024-10-21|YUM|Restaurants - Consumer Discretionary|1|125.95|134.0
2024-10-21|XEL|Multi-Utilities - Utilities|17|58.63|63.43
2024-10-21|XEL|Multi-Utilities - Utilities|1|59.75|63.43
2024-10-21|XYL|Industrial Machinery & Supplies & Components - Industrials|7|126.14|132.52
2024-10-21|WY|Timber REITs - Real Estate|1|31.13|32.29
2024-10-21|WY|Timber REITs - Real Estate|1|30.14|32.29
2024-10-21|XYL|Industrial Machinery & Supplies & Components - Industrials|1|131.49|132.52
2024-10-21|VICI|Hotel & Resort REITs - Real Estate|8|32.09|32.59
2024-10-21|WY|Timber REITs - Real Estate|11|30.15|32.29
2024-10-21|EXC|Electric Utilities - Utilities|2|38.42|40.5
2024-10-21|WY|Timber REITs - Real Estate|1|30.17|32.29
2024-10-21|WY|Timber REITs - Real Estate|1|30.89|32.29
2024-10-21|WY|Timber REITs - Real Estate|1|30.86|32.29
2024-10-21|WY|Timber REITs - Real Estate|1|32.45|32.29
2024-10-21|CAH|Health Care Distributors - Health Care|9|111.41|112.32
2024-10-21|ZBH|Health Care Equipment - Health Care|1|106.28|105.2
2024-10-21|WY|Timber REITs - Real Estate|2|33.1|32.29
2024-10-21|WY|Timber REITs - Real Estate|1|33.59|32.29
2024-10-21|BMY|Pharmaceuticals - Health Care|8|50.94|52.12
2024-10-21|UBER|Passenger Ground Transportation - Industrials|14|76.69|80.46
2024-10-21|ZTS|Pharmaceuticals - Health Care|3|194.87|189.45
2024-10-21|ZBRA|Electronic Equipment & Instruments - Information Technology|1|371.24|372.59
2024-10-21|XOM|Integrated Oil & Gas - Energy|2|112.8|120.08
2024-10-21|XOM|Integrated Oil & Gas - Energy|1|115.82|120.08
2024-10-21|WY|Timber REITs - Real Estate|1|33.75|32.29
2024-10-21|WY|Timber REITs - Real Estate|1|32.93|32.29
2024-10-21|WBD|Broadcasting - Communication Services|2|7.74|7.55
2024-10-21|ZBRA|Electronic Equipment & Instruments - Information Technology|1|366.72|372.59
2024-10-21|WBD|Broadcasting - Communication Services|1|7.78|7.55
2024-10-21|ZBRA|Electronic Equipment & Instruments - Information Technology|1|365.24|372.59
2024-10-21|ZBH|Health Care Equipment - Health Care|4|102.28|105.2
2024-10-21|WY|Timber REITs - Real Estate|1|32.85|32.29
2024-10-21|WBD|Broadcasting - Communication Services|1|7.72|7.55
2024-10-21|HON|Industrial Conglomerates - Industrials|1|195.1|208.77
2024-10-21|DE|Agricultural & Farm Machinery - Industrials|1|405.76|406.96
2024-10-21|XEL|Multi-Utilities - Utilities|1|62.16|63.43
2024-10-21|WBD|Broadcasting - Communication Services|3|7.54|7.55
2024-10-21|CZR|Casinos & Gaming - Consumer Discretionary|1|45.18|43.8
2024-10-21|WBD|Broadcasting - Communication Services|4|7.82|7.55
2024-10-21|WBD|Broadcasting - Communication Services|2|7.55|7.55
2024-10-22|YUM|Restaurants - Consumer Discretionary|7|129.03|133.36
2024-10-22|INVH|Single-Family Residential REITs - Real Estate|1|33.11|34.02
2024-10-22|PG|Personal Care Products - Consumer Staples|6|157.51|169.7
2024-10-22|INCY|Biotechnology - Health Care|7|60.7|65.59
2024-10-22|YUM|Restaurants - Consumer Discretionary|1|125.95|133.36
2024-10-22|XEL|Multi-Utilities - Utilities|17|58.63|63.68
2024-10-22|XEL|Multi-Utilities - Utilities|1|59.75|63.68
2024-10-22|XYL|Industrial Machinery & Supplies & Components - Industrials|7|126.14|131.37
2024-10-22|WY|Timber REITs - Real Estate|1|31.13|31.65
2024-10-22|WY|Timber REITs - Real Estate|1|30.14|31.65
2024-10-22|XYL|Industrial Machinery & Supplies & Components - Industrials|1|131.49|131.37
2024-10-22|VICI|Hotel & Resort REITs - Real Estate|8|32.09|32.77
2024-10-22|WY|Timber REITs - Real Estate|11|30.15|31.65
2024-10-22|EXC|Electric Utilities - Utilities|2|38.42|40.53
2024-10-22|WY|Timber REITs - Real Estate|1|30.17|31.65
2024-10-22|WY|Timber REITs - Real Estate|1|30.89|31.65
2024-10-22|WY|Timber REITs - Real Estate|1|30.86|31.65
2024-10-22|WY|Timber REITs - Real Estate|1|32.45|31.65
2024-10-22|CAH|Health Care Distributors - Health Care|9|111.41|112.23
2024-10-22|ZBH|Health Care Equipment - Health Care|1|106.28|104.26
2024-10-22|WY|Timber REITs - Real Estate|2|33.1|31.65
2024-10-22|BMY|Pharmaceuticals - Health Care|8|50.94|52.76
2024-10-22|UBER|Passenger Ground Transportation - Industrials|14|76.69|80.41
2024-10-22|ZTS|Pharmaceuticals - Health Care|3|194.87|189.51
2024-10-22|ZBRA|Electronic Equipment & Instruments - Information Technology|1|371.24|372.0
2024-10-22|XOM|Integrated Oil & Gas - Energy|2|112.8|120.7
2024-10-22|XOM|Integrated Oil & Gas - Energy|1|115.82|120.7
2024-10-22|WY|Timber REITs - Real Estate|1|32.93|31.65
2024-10-22|WBD|Broadcasting - Communication Services|2|7.74|7.53
2024-10-22|ZBRA|Electronic Equipment & Instruments - Information Technology|1|366.72|372.0
2024-10-22|WBD|Broadcasting - Communication Services|1|7.78|7.53
2024-10-22|ZBRA|Electronic Equipment & Instruments - Information Technology|1|365.24|372.0
2024-10-22|ZBH|Health Care Equipment - Health Care|4|102.28|104.26
2024-10-22|WY|Timber REITs - Real Estate|1|32.85|31.65
2024-10-22|WBD|Broadcasting - Communication Services|1|7.72|7.53
2024-10-22|HON|Industrial Conglomerates - Industrials|1|195.1|209.57
2024-10-22|DE|Agricultural & Farm Machinery - Industrials|1|405.76|406.65
2024-10-22|XEL|Multi-Utilities - Utilities|1|62.16|63.68
2024-10-22|WBD|Broadcasting - Communication Services|3|7.54|7.53
2024-10-22|CZR|Casinos & Gaming - Consumer Discretionary|1|45.18|44.02
2024-10-22|WBD|Broadcasting - Communication Services|4|7.82|7.53
2024-10-22|WBD|Broadcasting - Communication Services|2|7.55|7.53
2024-10-22|WY|Timber REITs - Real Estate|2|31.65|31.65
2024-10-23|YUM|Restaurants - Consumer Discretionary|7|129.03|134.02
2024-10-23|INVH|Single-Family Residential REITs - Real Estate|1|33.11|34.71
2024-10-23|PG|Personal Care Products - Consumer Staples|6|157.51|169.58
2024-10-23|INCY|Biotechnology - Health Care|7|60.7|65.17
2024-10-23|YUM|Restaurants - Consumer Discretionary|1|125.95|134.02
2024-10-23|XEL|Multi-Utilities - Utilities|17|58.63|64.32
2024-10-23|XEL|Multi-Utilities - Utilities|1|59.75|64.32
2024-10-23|XYL|Industrial Machinery & Supplies & Components - Industrials|7|126.14|131.72
2024-10-23|WY|Timber REITs - Real Estate|1|31.13|31.85
2024-10-23|WY|Timber REITs - Real Estate|1|30.14|31.85
2024-10-23|XYL|Industrial Machinery & Supplies & Components - Industrials|1|131.49|131.72
2024-10-23|VICI|Hotel & Resort REITs - Real Estate|8|32.09|32.84
2024-10-23|WY|Timber REITs - Real Estate|11|30.15|31.85
2024-10-23|EXC|Electric Utilities - Utilities|2|38.42|40.74
2024-10-23|WY|Timber REITs - Real Estate|1|30.17|31.85
2024-10-23|WY|Timber REITs - Real Estate|1|30.89|31.85
2024-10-23|WY|Timber REITs - Real Estate|1|30.86|31.85
2024-10-23|WY|Timber REITs - Real Estate|1|32.45|31.85
2024-10-23|CAH|Health Care Distributors - Health Care|9|111.41|111.92
2024-10-23|ZBH|Health Care Equipment - Health Care|1|106.28|104.7
2024-10-23|WY|Timber REITs - Real Estate|2|33.1|31.85
2024-10-23|BMY|Pharmaceuticals - Health Care|8|50.94|53.06
2024-10-23|UBER|Passenger Ground Transportation - Industrials|14|76.69|79.83
2024-10-23|ZTS|Pharmaceuticals - Health Care|3|194.87|188.99
2024-10-23|ZBRA|Electronic Equipment & Instruments - Information Technology|1|371.24|368.09
2024-10-23|XOM|Integrated Oil & Gas - Energy|2|112.8|120.27
2024-10-23|XOM|Integrated Oil & Gas - Energy|1|115.82|120.27
2024-10-23|WY|Timber REITs - Real Estate|1|32.93|31.85
2024-10-23|ZBRA|Electronic Equipment & Instruments - Information Technology|1|366.72|368.09
2024-10-23|ZBRA|Electronic Equipment & Instruments - Information Technology|1|365.24|368.09
2024-10-23|ZBH|Health Care Equipment - Health Care|4|102.28|104.7
2024-10-23|WY|Timber REITs - Real Estate|1|32.85|31.85
2024-10-23|HON|Industrial Conglomerates - Industrials|1|195.1|207.67
2024-10-23|DE|Agricultural & Farm Machinery - Industrials|1|405.76|408.64
2024-10-23|XEL|Multi-Utilities - Utilities|1|62.16|64.32
2024-10-23|WBD|Broadcasting - Communication Services|3|7.54|7.33
2024-10-23|WBD|Broadcasting - Communication Services|2|7.55|7.33
2024-10-23|WY|Timber REITs - Real Estate|2|31.65|31.85
2024-10-23|FCX|Copper - Materials|2|47.92|47.92
2024-10-23|WBD|Broadcasting - Communication Services|1|7.33|7.33
2024-10-24|YUM|Restaurants - Consumer Discretionary|7|129.03|133.16
2024-10-24|INVH|Single-Family Residential REITs - Real Estate|1|33.11|34.32
2024-10-24|PG|Personal Care Products - Consumer Staples|6|157.51|169.62
2024-10-24|INCY|Biotechnology - Health Care|7|60.7|65.24
2024-10-24|YUM|Restaurants - Consumer Discretionary|1|125.95|133.16
2024-10-24|XEL|Multi-Utilities - Utilities|17|58.63|65.11
2024-10-24|XEL|Multi-Utilities - Utilities|1|59.75|65.11
2024-10-24|XYL|Industrial Machinery & Supplies & Components - Industrials|7|126.14|130.65
2024-10-24|WY|Timber REITs - Real Estate|1|31.13|32.13
2024-10-24|WY|Timber REITs - Real Estate|1|30.14|32.13
2024-10-24|XYL|Industrial Machinery & Supplies & Components - Industrials|1|131.49|130.65
2024-10-24|VICI|Hotel & Resort REITs - Real Estate|8|32.09|32.81
2024-10-24|WY|Timber REITs - Real Estate|11|30.15|32.13
2024-10-24|EXC|Electric Utilities - Utilities|2|38.42|40.71
2024-10-24|WY|Timber REITs - Real Estate|1|30.17|32.13
2024-10-24|WY|Timber REITs - Real Estate|1|30.89|32.13
2024-10-24|WY|Timber REITs - Real Estate|1|30.86|32.13
2024-10-24|WY|Timber REITs - Real Estate|1|32.45|32.13
2024-10-24|CAH|Health Care Distributors - Health Care|9|111.41|112.16
2024-10-24|ZBH|Health Care Equipment - Health Care|1|106.28|104.0
2024-10-24|WY|Timber REITs - Real Estate|2|33.1|32.13
2024-10-24|BMY|Pharmaceuticals - Health Care|8|50.94|52.92
2024-10-24|UBER|Passenger Ground Transportation - Industrials|14|76.69|78.38
2024-10-24|ZBRA|Electronic Equipment & Instruments - Information Technology|1|371.24|362.05
2024-10-24|XOM|Integrated Oil & Gas - Energy|2|112.8|119.59
2024-10-24|XOM|Integrated Oil & Gas - Energy|1|115.82|119.59
2024-10-24|WY|Timber REITs - Real Estate|1|32.93|32.13
2024-10-24|ZBRA|Electronic Equipment & Instruments - Information Technology|1|366.72|362.05
2024-10-24|ZBRA|Electronic Equipment & Instruments - Information Technology|1|365.24|362.05
2024-10-24|ZBH|Health Care Equipment - Health Care|4|102.28|104.0
2024-10-24|WY|Timber REITs - Real Estate|1|32.85|32.13
2024-10-24|HON|Industrial Conglomerates - Industrials|1|195.1|197.08
2024-10-24|DE|Agricultural & Farm Machinery - Industrials|1|405.76|411.07
2024-10-24|XEL|Multi-Utilities - Utilities|1|62.16|65.11
2024-10-24|WBD|Broadcasting - Communication Services|3|7.54|7.52
2024-10-24|WBD|Broadcasting - Communication Services|2|7.55|7.52
2024-10-24|WY|Timber REITs - Real Estate|2|31.65|32.13
2024-10-24|FCX|Copper - Materials|2|47.92|46.84
2024-10-24|WBD|Broadcasting - Communication Services|1|7.33|7.52
2024-10-24|ZTS|Pharmaceuticals - Health Care|3|181.5|181.5
2024-10-29|YUM|Restaurants - Consumer Discretionary|7|129.03|133.97
2024-10-29|INVH|Single-Family Residential REITs - Real Estate|1|33.11|33.21
2024-10-29|PG|Personal Care Products - Consumer Staples|6|157.51|167.17
2024-10-29|YUM|Restaurants - Consumer Discretionary|1|125.95|133.97
2024-10-29|XEL|Multi-Utilities - Utilities|17|58.63|63.34
2024-10-29|XEL|Multi-Utilities - Utilities|1|59.75|63.34
2024-10-29|XYL|Industrial Machinery & Supplies & Components - Industrials|7|126.14|129.89
2024-10-29|WY|Timber REITs - Real Estate|1|31.13|30.88
2024-10-29|WY|Timber REITs - Real Estate|1|30.14|30.88
2024-10-29|XYL|Industrial Machinery & Supplies & Components - Industrials|1|131.49|129.89
2024-10-29|VICI|Hotel & Resort REITs - Real Estate|8|32.09|32.29
2024-10-29|WY|Timber REITs - Real Estate|11|30.15|30.88
2024-10-29|EXC|Electric Utilities - Utilities|2|38.42|39.55
2024-10-29|WY|Timber REITs - Real Estate|1|30.17|30.88
2024-10-29|WY|Timber REITs - Real Estate|1|30.89|30.88
2024-10-29|WY|Timber REITs - Real Estate|1|30.86|30.88
2024-10-29|WY|Timber REITs - Real Estate|1|32.45|30.88
2024-10-29|CAH|Health Care Distributors - Health Care|9|111.41|110.06
2024-10-29|ZBH|Health Care Equipment - Health Care|1|106.28|103.88
2024-10-29|BMY|Pharmaceuticals - Health Care|8|50.94|52.5
2024-10-29|UBER|Passenger Ground Transportation - Industrials|14|76.69|79.21
2024-10-29|ZBRA|Electronic Equipment & Instruments - Information Technology|1|371.24|384.68
2024-10-29|XOM|Integrated Oil & Gas - Energy|2|112.8|117.28
2024-10-29|XOM|Integrated Oil & Gas - Energy|1|115.82|117.28
2024-10-29|ZBRA|Electronic Equipment & Instruments - Information Technology|1|366.72|384.68
2024-10-29|ZBRA|Electronic Equipment & Instruments - Information Technology|1|365.24|384.68
2024-10-29|ZBH|Health Care Equipment - Health Care|4|102.28|103.88
2024-10-29|HON|Industrial Conglomerates - Industrials|1|195.1|194.14
2024-10-29|DE|Agricultural & Farm Machinery - Industrials|1|405.76|406.04
2024-10-29|XEL|Multi-Utilities - Utilities|1|62.16|63.34
2024-10-29|WBD|Broadcasting - Communication Services|3|7.54|7.55
2024-10-29|WBD|Broadcasting - Communication Services|2|7.55|7.55
2024-10-29|WY|Timber REITs - Real Estate|2|31.65|30.88
2024-10-29|FCX|Copper - Materials|2|47.92|46.57
2024-10-29|WBD|Broadcasting - Communication Services|1|7.33|7.55
2024-10-29|ZTS|Pharmaceuticals - Health Care|3|181.5|181.27
2024-10-29|ZTS|Pharmaceuticals - Health Care|1|181.27|181.27
2024-10-29|ZBH|Health Care Equipment - Health Care|4|103.88|103.88
2024-10-29|WY|Timber REITs - Real Estate|1|30.88|30.88
2024-10-29|WBD|Broadcasting - Communication Services|1|7.55|7.55
2024-10-31|YUM|Restaurants - Consumer Discretionary|7|129.03|131.16
2024-10-31|PG|Personal Care Products - Consumer Staples|6|157.51|165.18
2024-10-31|YUM|Restaurants - Consumer Discretionary|1|125.95|131.16
2024-10-31|XEL|Multi-Utilities - Utilities|17|58.63|66.81
2024-10-31|XEL|Multi-Utilities - Utilities|1|59.75|66.81
2024-10-31|XYL|Industrial Machinery & Supplies & Components - Industrials|7|126.14|121.78
2024-10-31|WY|Timber REITs - Real Estate|1|31.13|31.16
2024-10-31|WY|Timber REITs - Real Estate|1|30.14|31.16
2024-10-31|VICI|Hotel & Resort REITs - Real Estate|8|32.09|31.76
2024-10-31|WY|Timber REITs - Real Estate|11|30.15|31.16
2024-10-31|EXC|Electric Utilities - Utilities|2|38.42|39.3
2024-10-31|WY|Timber REITs - Real Estate|1|30.17|31.16
2024-10-31|WY|Timber REITs - Real Estate|1|30.89|31.16
2024-10-31|WY|Timber REITs - Real Estate|1|30.86|31.16
2024-10-31|WY|Timber REITs - Real Estate|1|32.45|31.16
2024-10-31|CAH|Health Care Distributors - Health Care|9|111.41|108.52
2024-10-31|ZBH|Health Care Equipment - Health Care|1|106.28|106.92
2024-10-31|BMY|Pharmaceuticals - Health Care|8|50.94|55.77
2024-10-31|ZBRA|Electronic Equipment & Instruments - Information Technology|1|371.24|381.97
2024-10-31|XOM|Integrated Oil & Gas - Energy|2|112.8|116.78
2024-10-31|XOM|Integrated Oil & Gas - Energy|1|115.82|116.78
2024-10-31|ZBRA|Electronic Equipment & Instruments - Information Technology|1|366.72|381.97
2024-10-31|ZBRA|Electronic Equipment & Instruments - Information Technology|1|365.24|381.97
2024-10-31|ZBH|Health Care Equipment - Health Care|4|102.28|106.92
2024-10-31|HON|Industrial Conglomerates - Industrials|1|195.1|193.85
2024-10-31|DE|Agricultural & Farm Machinery - Industrials|1|405.76|404.69
2024-10-31|XEL|Multi-Utilities - Utilities|1|62.16|66.81
2024-10-31|WBD|Broadcasting - Communication Services|3|7.54|8.13
2024-10-31|WBD|Broadcasting - Communication Services|2|7.55|8.13
2024-10-31|WY|Timber REITs - Real Estate|2|31.65|31.16
2024-10-31|WBD|Broadcasting - Communication Services|1|7.33|8.13
2024-10-31|ZTS|Pharmaceuticals - Health Care|3|181.5|178.78
2024-10-31|ZTS|Pharmaceuticals - Health Care|1|181.27|178.78
2024-10-31|ZBH|Health Care Equipment - Health Care|4|103.88|106.92
2024-10-31|WY|Timber REITs - Real Estate|1|30.88|31.16
2024-10-31|WBD|Broadcasting - Communication Services|1|7.55|8.13
2024-10-31|ZBH|Health Care Equipment - Health Care|1|106.92|106.92
2024-10-31|XYL|Industrial Machinery & Supplies & Components - Industrials|2|121.78|121.78
2024-10-31|XOM|Integrated Oil & Gas - Energy|6|116.78|116.78
2024-10-31|WYNN|Casinos & Gaming - Consumer Discretionary|2|96.02|96.02
2024-10-31|WBD|Broadcasting - Communication Services|1|8.13|8.13
2024-11-01|YUM|Restaurants - Consumer Discretionary|7|129.03|132.34
2024-11-01|PG|Personal Care Products - Consumer Staples|6|157.51|165.1
2024-11-01|YUM|Restaurants - Consumer Discretionary|1|125.95|132.34
2024-11-01|XEL|Multi-Utilities - Utilities|17|58.63|66.69
2024-11-01|XEL|Multi-Utilities - Utilities|1|59.75|66.69
2024-11-01|WY|Timber REITs - Real Estate|1|31.13|31.18
2024-11-01|WY|Timber REITs - Real Estate|1|30.14|31.18
2024-11-01|VICI|Hotel & Resort REITs - Real Estate|8|32.09|31.44
2024-11-01|WY|Timber REITs - Real Estate|11|30.15|31.18
2024-11-01|EXC|Electric Utilities - Utilities|2|38.42|38.15
2024-11-01|WY|Timber REITs - Real Estate|1|30.17|31.18
2024-11-01|WY|Timber REITs - Real Estate|1|30.89|31.18
2024-11-01|WY|Timber REITs - Real Estate|1|30.86|31.18
2024-11-01|WY|Timber REITs - Real Estate|1|32.45|31.18
2024-11-01|CAH|Health Care Distributors - Health Care|9|111.41|116.13
2024-11-01|ZBH|Health Care Equipment - Health Care|1|106.28|107.27
2024-11-01|BMY|Pharmaceuticals - Health Care|8|50.94|54.32
2024-11-01|ZBRA|Electronic Equipment & Instruments - Information Technology|1|371.24|384.64
2024-11-01|XOM|Integrated Oil & Gas - Energy|2|112.8|114.95
2024-11-01|XOM|Integrated Oil & Gas - Energy|1|115.82|114.95
2024-11-01|ZBRA|Electronic Equipment & Instruments - Information Technology|1|366.72|384.64
2024-11-01|ZBRA|Electronic Equipment & Instruments - Information Technology|1|365.24|384.64
2024-11-01|ZBH|Health Care Equipment - Health Care|4|102.28|107.27
2024-11-01|HON|Industrial Conglomerates - Industrials|1|195.1|197.16
2024-11-01|DE|Agricultural & Farm Machinery - Industrials|1|405.76|400.42
2024-11-01|XEL|Multi-Utilities - Utilities|1|62.16|66.69
2024-11-01|WBD|Broadcasting - Communication Services|3|7.54|8.23
2024-11-01|WBD|Broadcasting - Communication Services|2|7.55|8.23
2024-11-01|WY|Timber REITs - Real Estate|2|31.65|31.18
2024-11-01|WBD|Broadcasting - Communication Services|1|7.33|8.23
2024-11-01|ZTS|Pharmaceuticals - Health Care|3|181.5|181.95
2024-11-01|ZTS|Pharmaceuticals - Health Care|1|181.27|181.95
2024-11-01|ZBH|Health Care Equipment - Health Care|4|103.88|107.27
2024-11-01|WY|Timber REITs - Real Estate|1|30.88|31.18
2024-11-01|WBD|Broadcasting - Communication Services|1|7.55|8.23
2024-11-01|ZBH|Health Care Equipment - Health Care|1|106.92|107.27
2024-11-01|XYL|Industrial Machinery & Supplies & Components - Industrials|2|121.78|119.46
2024-11-01|XOM|Integrated Oil & Gas - Energy|6|116.78|114.95
2024-11-01|WYNN|Casinos & Gaming - Consumer Discretionary|2|96.02|95.68
2024-11-01|WBD|Broadcasting - Communication Services|1|8.13|8.23
2024-11-01|CRM|Application Software - Information Technology|2|294.72|294.72
2024-11-01|DELL|Technology Hardware, Storage & Peripherals - Information Technology|1|130.87|130.87
2024-11-01|XYL|Industrial Machinery & Supplies & Components - Industrials|1|119.46|119.46
2024-11-05|YUM|Restaurants - Consumer Discretionary|7|129.03|134.72
2024-11-05|PG|Personal Care Products - Consumer Staples|6|157.51|165.76
2024-11-05|YUM|Restaurants - Consumer Discretionary|1|125.95|134.72
2024-11-05|XEL|Multi-Utilities - Utilities|17|58.63|66.33
2024-11-05|XEL|Multi-Utilities - Utilities|1|59.75|66.33
2024-11-05|WY|Timber REITs - Real Estate|1|31.13|31.87
2024-11-05|WY|Timber REITs - Real Estate|1|30.14|31.87
2024-11-05|VICI|Hotel & Resort REITs - Real Estate|8|32.09|32.04
2024-11-05|WY|Timber REITs - Real Estate|11|30.15|31.87
2024-11-05|EXC|Electric Utilities - Utilities|2|38.42|38.47
2024-11-05|WY|Timber REITs - Real Estate|1|30.17|31.87
2024-11-05|WY|Timber REITs - Real Estate|1|30.89|31.87
2024-11-05|WY|Timber REITs - Real Estate|1|30.86|31.87
2024-11-05|WY|Timber REITs - Real Estate|1|32.45|31.87
2024-11-05|CAH|Health Care Distributors - Health Care|9|111.41|113.18
2024-11-05|ZBH|Health Care Equipment - Health Care|1|106.28|108.92
2024-11-05|BMY|Pharmaceuticals - Health Care|8|50.94|55.95
2024-11-05|ZBRA|Electronic Equipment & Instruments - Information Technology|1|371.24|379.69
2024-11-05|XOM|Integrated Oil & Gas - Energy|2|112.8|118.96
2024-11-05|XOM|Integrated Oil & Gas - Energy|1|115.82|118.96
2024-11-05|ZBRA|Electronic Equipment & Instruments - Information Technology|1|366.72|379.69
2024-11-05|ZBRA|Electronic Equipment & Instruments - Information Technology|1|365.24|379.69
2024-11-05|ZBH|Health Care Equipment - Health Care|4|102.28|108.92
2024-11-05|HON|Industrial Conglomerates - Industrials|1|195.1|196.78
2024-11-05|DE|Agricultural & Farm Machinery - Industrials|1|405.76|400.37
2024-11-05|XEL|Multi-Utilities - Utilities|1|62.16|66.33
2024-11-05|WBD|Broadcasting - Communication Services|3|7.54|8.21
2024-11-05|WBD|Broadcasting - Communication Services|2|7.55|8.21
2024-11-05|WY|Timber REITs - Real Estate|2|31.65|31.87
2024-11-05|WBD|Broadcasting - Communication Services|1|7.33|8.21
2024-11-05|ZTS|Pharmaceuticals - Health Care|3|181.5|175.27
2024-11-05|ZTS|Pharmaceuticals - Health Care|1|181.27|175.27
2024-11-05|ZBH|Health Care Equipment - Health Care|4|103.88|108.92
2024-11-05|WY|Timber REITs - Real Estate|1|30.88|31.87
2024-11-05|WBD|Broadcasting - Communication Services|1|7.55|8.21
2024-11-05|ZBH|Health Care Equipment - Health Care|1|106.92|108.92
2024-11-05|XYL|Industrial Machinery & Supplies & Components - Industrials|2|121.78|122.26
2024-11-05|XOM|Integrated Oil & Gas - Energy|6|116.78|118.96
2024-11-05|WBD|Broadcasting - Communication Services|1|8.13|8.21
2024-11-05|CRM|Application Software - Information Technology|2|294.72|297.49
2024-11-05|DELL|Technology Hardware, Storage & Peripherals - Information Technology|1|130.87|133.46
2024-11-05|XYL|Industrial Machinery & Supplies & Components - Industrials|1|119.46|122.26
2024-11-05|XYL|Industrial Machinery & Supplies & Components - Industrials|1|122.26|122.26
2024-11-05|WY|Timber REITs - Real Estate|1|31.87|31.87
2024-11-05|WBD|Broadcasting - Communication Services|2|8.21|8.21
2024-11-06|YUM|Restaurants - Consumer Discretionary|7|129.03|134.37
2024-11-06|PG|Personal Care Products - Consumer Staples|6|157.51|161.05
2024-11-06|YUM|Restaurants - Consumer Discretionary|1|125.95|134.37
2024-11-06|XEL|Multi-Utilities - Utilities|17|58.63|66.49
2024-11-06|XEL|Multi-Utilities - Utilities|1|59.75|66.49
2024-11-06|WY|Timber REITs - Real Estate|1|31.13|31.42
2024-11-06|WY|Timber REITs - Real Estate|1|30.14|31.42
2024-11-06|VICI|Hotel & Resort REITs - Real Estate|8|32.09|31.11
2024-11-06|WY|Timber REITs - Real Estate|11|30.15|31.42
2024-11-06|EXC|Electric Utilities - Utilities|2|38.42|38.32
2024-11-06|WY|Timber REITs - Real Estate|1|30.17|31.42
2024-11-06|WY|Timber REITs - Real Estate|1|30.89|31.42
2024-11-06|WY|Timber REITs - Real Estate|1|30.86|31.42
2024-11-06|WY|Timber REITs - Real Estate|1|32.45|31.42
2024-11-06|CAH|Health Care Distributors - Health Care|9|111.41|115.58
2024-11-06|ZBH|Health Care Equipment - Health Care|1|106.28|110.17
2024-11-06|BMY|Pharmaceuticals - Health Care|8|50.94|55.28
2024-11-06|ZBRA|Electronic Equipment & Instruments - Information Technology|1|371.24|394.02
2024-11-06|XOM|Integrated Oil & Gas - Energy|2|112.8|121.0
2024-11-06|XOM|Integrated Oil & Gas - Energy|1|115.82|121.0
2024-11-06|ZBRA|Electronic Equipment & Instruments - Information Technology|1|366.72|394.02
2024-11-06|ZBRA|Electronic Equipment & Instruments - Information Technology|1|365.24|394.02
2024-11-06|ZBH|Health Care Equipment - Health Care|4|102.28|110.17
2024-11-06|HON|Industrial Conglomerates - Industrials|1|195.1|203.96
2024-11-06|DE|Agricultural & Farm Machinery - Industrials|1|405.76|405.71
2024-11-06|XEL|Multi-Utilities - Utilities|1|62.16|66.49
2024-11-06|WBD|Broadcasting - Communication Services|3|7.54|8.38
2024-11-06|WBD|Broadcasting - Communication Services|2|7.55|8.38
2024-11-06|WY|Timber REITs - Real Estate|2|31.65|31.42
2024-11-06|WBD|Broadcasting - Communication Services|1|7.33|8.38
2024-11-06|ZBH|Health Care Equipment - Health Care|4|103.88|110.17
2024-11-06|WY|Timber REITs - Real Estate|1|30.88|31.42
2024-11-06|WBD|Broadcasting - Communication Services|1|7.55|8.38
2024-11-06|ZBH|Health Care Equipment - Health Care|1|106.92|110.17
2024-11-06|XYL|Industrial Machinery & Supplies & Components - Industrials|2|121.78|123.73
2024-11-06|XOM|Integrated Oil & Gas - Energy|6|116.78|121.0
2024-11-06|WBD|Broadcasting - Communication Services|1|8.13|8.38
2024-11-06|CRM|Application Software - Information Technology|2|294.72|306.9
2024-11-06|DELL|Technology Hardware, Storage & Peripherals - Information Technology|1|130.87|138.35
2024-11-06|XYL|Industrial Machinery & Supplies & Components - Industrials|1|119.46|123.73
2024-11-06|XYL|Industrial Machinery & Supplies & Components - Industrials|1|122.26|123.73
2024-11-06|WY|Timber REITs - Real Estate|1|31.87|31.42
2024-11-06|WBD|Broadcasting - Communication Services|2|8.21|8.38
2024-11-06|ZTS|Pharmaceuticals - Health Care|4|170.37|170.37
2024-11-07|YUM|Restaurants - Consumer Discretionary|7|129.03|137.06
2024-11-07|PG|Personal Care Products - Consumer Staples|6|157.51|163.41
2024-11-07|YUM|Restaurants - Consumer Discretionary|1|125.95|137.06
2024-11-07|XEL|Multi-Utilities - Utilities|17|58.63|66.2
2024-11-07|XEL|Multi-Utilities - Utilities|1|59.75|66.2
2024-11-07|WY|Timber REITs - Real Estate|1|31.13|31.74
2024-11-07|WY|Timber REITs - Real Estate|1|30.14|31.74
2024-11-07|VICI|Hotel & Resort REITs - Real Estate|8|32.09|30.93
2024-11-07|WY|Timber REITs - Real Estate|11|30.15|31.74
2024-11-07|EXC|Electric Utilities - Utilities|2|38.42|38.09
2024-11-07|WY|Timber REITs - Real Estate|1|30.17|31.74
2024-11-07|WY|Timber REITs - Real Estate|1|30.89|31.74
2024-11-07|WY|Timber REITs - Real Estate|1|30.86|31.74
2024-11-07|WY|Timber REITs - Real Estate|1|32.45|31.74
2024-11-07|CAH|Health Care Distributors - Health Care|9|111.41|118.22
2024-11-07|ZBH|Health Care Equipment - Health Care|1|106.28|108.69
2024-11-07|BMY|Pharmaceuticals - Health Care|8|50.94|54.71
2024-11-07|ZBRA|Electronic Equipment & Instruments - Information Technology|1|371.24|397.18
2024-11-07|XOM|Integrated Oil & Gas - Energy|2|112.8|121.15
2024-11-07|XOM|Integrated Oil & Gas - Energy|1|115.82|121.15
2024-11-07|ZBRA|Electronic Equipment & Instruments - Information Technology|1|366.72|397.18
2024-11-07|ZBRA|Electronic Equipment & Instruments - Information Technology|1|365.24|397.18
2024-11-07|ZBH|Health Care Equipment - Health Care|4|102.28|108.69
2024-11-07|HON|Industrial Conglomerates - Industrials|1|195.1|205.0
2024-11-07|DE|Agricultural & Farm Machinery - Industrials|1|405.76|411.16
2024-11-07|XEL|Multi-Utilities - Utilities|1|62.16|66.2
2024-11-07|WY|Timber REITs - Real Estate|2|31.65|31.74
2024-11-07|ZBH|Health Care Equipment - Health Care|4|103.88|108.69
2024-11-07|WY|Timber REITs - Real Estate|1|30.88|31.74
2024-11-07|ZBH|Health Care Equipment - Health Care|1|106.92|108.69
2024-11-07|XYL|Industrial Machinery & Supplies & Components - Industrials|2|121.78|123.66
2024-11-07|XOM|Integrated Oil & Gas - Energy|6|116.78|121.15
2024-11-07|CRM|Application Software - Information Technology|2|294.72|310.78
2024-11-07|DELL|Technology Hardware, Storage & Peripherals - Information Technology|1|130.87|137.87
2024-11-07|XYL|Industrial Machinery & Supplies & Components - Industrials|1|119.46|123.66
2024-11-07|XYL|Industrial Machinery & Supplies & Components - Industrials|1|122.26|123.66
2024-11-07|WY|Timber REITs - Real Estate|1|31.87|31.74
2024-11-07|WBD|Broadcasting - Communication Services|2|8.21|9.37
2024-11-07|ZTS|Pharmaceuticals - Health Care|4|170.37|174.25
2024-11-07|WY|Timber REITs - Real Estate|2|31.74|31.74
2024-11-07|WBD|Broadcasting - Communication Services|1|9.37|9.37
2024-11-11|YUM|Restaurants - Consumer Discretionary|7|129.03|136.62
2024-11-11|PG|Personal Care Products - Consumer Staples|6|157.51|166.03
2024-11-11|YUM|Restaurants - Consumer Discretionary|1|125.95|136.62
2024-11-11|XEL|Multi-Utilities - Utilities|1|59.75|68.65
2024-11-11|WY|Timber REITs - Real Estate|1|31.13|31.35
2024-11-11|WY|Timber REITs - Real Estate|1|30.14|31.35
2024-11-11|VICI|Hotel & Resort REITs - Real Estate|8|32.09|31.28
2024-11-11|WY|Timber REITs - Real Estate|11|30.15|31.35
2024-11-11|EXC|Electric Utilities - Utilities|2|38.42|38.4
2024-11-11|WY|Timber REITs - Real Estate|1|30.17|31.35
2024-11-11|WY|Timber REITs - Real Estate|1|30.89|31.35
2024-11-11|WY|Timber REITs - Real Estate|1|30.86|31.35
2024-11-11|WY|Timber REITs - Real Estate|1|32.45|31.35
2024-11-11|CAH|Health Care Distributors - Health Care|9|111.41|121.64
2024-11-11|ZBH|Health Care Equipment - Health Care|1|106.28|109.46
2024-11-11|ZBRA|Electronic Equipment & Instruments - Information Technology|1|371.24|403.16
2024-11-11|XOM|Integrated Oil & Gas - Energy|2|112.8|120.47
2024-11-11|XOM|Integrated Oil & Gas - Energy|1|115.82|120.47
2024-11-11|ZBRA|Electronic Equipment & Instruments - Information Technology|1|366.72|403.16
2024-11-11|ZBRA|Electronic Equipment & Instruments - Information Technology|1|365.24|403.16
2024-11-11|ZBH|Health Care Equipment - Health Care|4|102.28|109.46
2024-11-11|HON|Industrial Conglomerates - Industrials|1|195.1|212.29
2024-11-11|DE|Agricultural & Farm Machinery - Industrials|1|405.76|402.65
2024-11-11|XEL|Multi-Utilities - Utilities|1|62.16|68.65
2024-11-11|WY|Timber REITs - Real Estate|2|31.65|31.35
2024-11-11|ZBH|Health Care Equipment - Health Care|4|103.88|109.46
2024-11-11|WY|Timber REITs - Real Estate|1|30.88|31.35
2024-11-11|ZBH|Health Care Equipment - Health Care|1|106.92|109.46
2024-11-11|XYL|Industrial Machinery & Supplies & Components - Industrials|2|121.78|124.63
2024-11-11|XOM|Integrated Oil & Gas - Energy|6|116.78|120.47
2024-11-11|DELL|Technology Hardware, Storage & Peripherals - Information Technology|1|130.87|138.51
2024-11-11|XYL|Industrial Machinery & Supplies & Components - Industrials|1|119.46|124.63
2024-11-11|XYL|Industrial Machinery & Supplies & Components - Industrials|1|122.26|124.63
2024-11-11|WY|Timber REITs - Real Estate|1|31.87|31.35
2024-11-11|WBD|Broadcasting - Communication Services|2|8.21|9.33
2024-11-11|ZTS|Pharmaceuticals - Health Care|4|170.37|176.15
2024-11-11|WY|Timber REITs - Real Estate|2|31.74|31.35
2024-11-11|WBD|Broadcasting - Communication Services|1|9.37|9.33
2024-11-11|ZTS|Pharmaceuticals - Health Care|2|176.15|176.15
2024-11-11|ZBH|Health Care Equipment - Health Care|1|109.46|109.46
2024-11-11|XYL|Industrial Machinery & Supplies & Components - Industrials|5|124.63|124.63
2024-11-11|XEL|Multi-Utilities - Utilities|15|68.65|68.65
2024-11-11|WYNN|Casinos & Gaming - Consumer Discretionary|2|86.48|86.48
2024-11-11|WY|Timber REITs - Real Estate|1|31.35|31.35
2024-11-11|WBD|Broadcasting - Communication Services|1|9.33|9.33
2024-11-12|YUM|Restaurants - Consumer Discretionary|7|129.03|134.61
2024-11-12|PG|Personal Care Products - Consumer Staples|6|157.51|165.84
2024-11-12|YUM|Restaurants - Consumer Discretionary|1|125.95|134.61
2024-11-12|XEL|Multi-Utilities - Utilities|1|59.75|68.61
2024-11-12|WY|Timber REITs - Real Estate|1|31.13|30.68
2024-11-12|WY|Timber REITs - Real Estate|1|30.14|30.68
2024-11-12|VICI|Hotel & Resort REITs - Real Estate|8|32.09|31.2
2024-11-12|WY|Timber REITs - Real Estate|11|30.15|30.68
2024-11-12|EXC|Electric Utilities - Utilities|2|38.42|38.16
2024-11-12|WY|Timber REITs - Real Estate|1|30.17|30.68
2024-11-12|WY|Timber REITs - Real Estate|1|30.89|30.68
2024-11-12|WY|Timber REITs - Real Estate|1|30.86|30.68
2024-11-12|CAH|Health Care Distributors - Health Care|9|111.41|123.51
2024-11-12|ZBH|Health Care Equipment - Health Care|1|106.28|109.94
2024-11-12|ZBRA|Electronic Equipment & Instruments - Information Technology|1|371.24|402.69
2024-11-12|XOM|Integrated Oil & Gas - Energy|2|112.8|120.35
2024-11-12|XOM|Integrated Oil & Gas - Energy|1|115.82|120.35
2024-11-12|ZBRA|Electronic Equipment & Instruments - Information Technology|1|366.72|402.69
2024-11-12|ZBRA|Electronic Equipment & Instruments - Information Technology|1|365.24|402.69
2024-11-12|ZBH|Health Care Equipment - Health Care|4|102.28|109.94
2024-11-12|HON|Industrial Conglomerates - Industrials|1|195.1|220.46
2024-11-12|DE|Agricultural & Farm Machinery - Industrials|1|405.76|393.75
2024-11-12|XEL|Multi-Utilities - Utilities|1|62.16|68.61
2024-11-12|WY|Timber REITs - Real Estate|2|31.65|30.68
2024-11-12|ZBH|Health Care Equipment - Health Care|4|103.88|109.94
2024-11-12|WY|Timber REITs - Real Estate|1|30.88|30.68
2024-11-12|ZBH|Health Care Equipment - Health Care|1|106.92|109.94
2024-11-12|XYL|Industrial Machinery & Supplies & Components - Industrials|2|121.78|124.79
2024-11-12|XOM|Integrated Oil & Gas - Energy|6|116.78|120.35
2024-11-12|DELL|Technology Hardware, Storage & Peripherals - Information Technology|1|130.87|136.47
2024-11-12|XYL|Industrial Machinery & Supplies & Components - Industrials|1|119.46|124.79
2024-11-12|XYL|Industrial Machinery & Supplies & Components - Industrials|1|122.26|124.79
2024-11-12|WY|Timber REITs - Real Estate|1|31.87|30.68
2024-11-12|WBD|Broadcasting - Communication Services|2|8.21|9.22
2024-11-12|ZTS|Pharmaceuticals - Health Care|4|170.37|173.96
2024-11-12|WY|Timber REITs - Real Estate|2|31.74|30.68
2024-11-12|WBD|Broadcasting - Communication Services|1|9.37|9.22
2024-11-12|ZTS|Pharmaceuticals - Health Care|2|176.15|173.96
2024-11-12|ZBH|Health Care Equipment - Health Care|1|109.46|109.94
2024-11-12|XYL|Industrial Machinery & Supplies & Components - Industrials|5|124.63|124.79
2024-11-12|XEL|Multi-Utilities - Utilities|15|68.65|68.61
2024-11-12|WYNN|Casinos & Gaming - Consumer Discretionary|2|86.48|85.5
2024-11-12|WY|Timber REITs - Real Estate|1|31.35|30.68
2024-11-12|WBD|Broadcasting - Communication Services|1|9.33|9.22
2024-11-12|WY|Timber REITs - Real Estate|1|30.68|30.68
2024-11-13|YUM|Restaurants - Consumer Discretionary|7|129.03|135.26
2024-11-13|PG|Personal Care Products - Consumer Staples|6|157.51|166.58
2024-11-13|YUM|Restaurants - Consumer Discretionary|1|125.95|135.26
2024-11-13|XEL|Multi-Utilities - Utilities|1|59.75|68.65
2024-11-13|WY|Timber REITs - Real Estate|1|31.13|30.89
2024-11-13|WY|Timber REITs - Real Estate|1|30.14|30.89
2024-11-13|VICI|Hotel & Resort REITs - Real Estate|8|32.09|31.31
2024-11-13|WY|Timber REITs - Real Estate|11|30.15|30.89
2024-11-13|EXC|Electric Utilities - Utilities|2|38.42|38.14
2024-11-13|WY|Timber REITs - Real Estate|1|30.17|30.89
2024-11-13|WY|Timber REITs - Real Estate|1|30.89|30.89
2024-11-13|WY|Timber REITs - Real Estate|1|30.86|30.89
2024-11-13|CAH|Health Care Distributors - Health Care|9|111.41|125.33
2024-11-13|ZBH|Health Care Equipment - Health Care|1|106.28|109.97
2024-11-13|ZBRA|Electronic Equipment & Instruments - Information Technology|1|371.24|400.23
2024-11-13|XOM|Integrated Oil & Gas - Energy|2|112.8|121.47
2024-11-13|XOM|Integrated Oil & Gas - Energy|1|115.82|121.47
2024-11-13|ZBRA|Electronic Equipment & Instruments - Information Technology|1|366.72|400.23
2024-11-13|ZBRA|Electronic Equipment & Instruments - Information Technology|1|365.24|400.23
2024-11-13|ZBH|Health Care Equipment - Health Care|4|102.28|109.97
2024-11-13|HON|Industrial Conglomerates - Industrials|1|195.1|219.67
2024-11-13|DE|Agricultural & Farm Machinery - Industrials|1|405.76|389.45
2024-11-13|XEL|Multi-Utilities - Utilities|1|62.16|68.65
2024-11-13|WY|Timber REITs - Real Estate|2|31.65|30.89
2024-11-13|ZBH|Health Care Equipment - Health Care|4|103.88|109.97
2024-11-13|WY|Timber REITs - Real Estate|1|30.88|30.89
2024-11-13|ZBH|Health Care Equipment - Health Care|1|106.92|109.97
2024-11-13|XYL|Industrial Machinery & Supplies & Components - Industrials|2|121.78|123.73
2024-11-13|XOM|Integrated Oil & Gas - Energy|6|116.78|121.47
2024-11-13|DELL|Technology Hardware, Storage & Peripherals - Information Technology|1|130.87|134.53
2024-11-13|XYL|Industrial Machinery & Supplies & Components - Industrials|1|119.46|123.73
2024-11-13|XYL|Industrial Machinery & Supplies & Components - Industrials|1|122.26|123.73
2024-11-13|WY|Timber REITs - Real Estate|1|31.87|30.89
2024-11-13|ZTS|Pharmaceuticals - Health Care|4|170.37|177.04
2024-11-13|WY|Timber REITs - Real Estate|2|31.74|30.89
2024-11-13|WBD|Broadcasting - Communication Services|1|9.37|9.72
2024-11-13|ZTS|Pharmaceuticals - Health Care|2|176.15|177.04
2024-11-13|ZBH|Health Care Equipment - Health Care|1|109.46|109.97
2024-11-13|XYL|Industrial Machinery & Supplies & Components - Industrials|5|124.63|123.73
2024-11-13|XEL|Multi-Utilities - Utilities|15|68.65|68.65
2024-11-13|WYNN|Casinos & Gaming - Consumer Discretionary|2|86.48|85.8
2024-11-13|WY|Timber REITs - Real Estate|1|31.35|30.89
2024-11-13|WBD|Broadcasting - Communication Services|1|9.33|9.72
2024-11-13|WY|Timber REITs - Real Estate|1|30.68|30.89
2024-11-13|WBD|Broadcasting - Communication Services|2|9.72|9.72
2024-11-14|YUM|Restaurants - Consumer Discretionary|7|129.03|136.74
2024-11-14|PG|Personal Care Products - Consumer Staples|6|157.51|167.08
2024-11-14|YUM|Restaurants - Consumer Discretionary|1|125.95|136.74
2024-11-14|WY|Timber REITs - Real Estate|1|31.13|30.86
2024-11-14|WY|Timber REITs - Real Estate|1|30.14|30.86
2024-11-14|VICI|Hotel & Resort REITs - Real Estate|8|32.09|31.3
2024-11-14|WY|Timber REITs - Real Estate|11|30.15|30.86
2024-11-14|EXC|Electric Utilities - Utilities|2|38.42|38.12
2024-11-14|WY|Timber REITs - Real Estate|1|30.17|30.86
2024-11-14|WY|Timber REITs - Real Estate|1|30.89|30.86
2024-11-14|WY|Timber REITs - Real Estate|1|30.86|30.86
2024-11-14|CAH|Health Care Distributors - Health Care|9|111.41|121.29
2024-11-14|ZBH|Health Care Equipment - Health Care|1|106.28|108.85
2024-11-14|ZBRA|Electronic Equipment & Instruments - Information Technology|1|371.24|394.66
2024-11-14|XOM|Integrated Oil & Gas - Energy|2|112.8|120.56
2024-11-14|XOM|Integrated Oil & Gas - Energy|1|115.82|120.56
2024-11-14|ZBRA|Electronic Equipment & Instruments - Information Technology|1|366.72|394.66
2024-11-14|ZBRA|Electronic Equipment & Instruments - Information Technology|1|365.24|394.66
2024-11-14|ZBH|Health Care Equipment - Health Care|4|102.28|108.85
2024-11-14|HON|Industrial Conglomerates - Industrials|1|195.1|217.41
2024-11-14|DE|Agricultural & Farm Machinery - Industrials|1|405.76|394.64
2024-11-14|XEL|Multi-Utilities - Utilities|1|62.16|68.91
2024-11-14|WY|Timber REITs - Real Estate|2|31.65|30.86
2024-11-14|ZBH|Health Care Equipment - Health Care|4|103.88|108.85
2024-11-14|WY|Timber REITs - Real Estate|1|30.88|30.86
2024-11-14|ZBH|Health Care Equipment - Health Care|1|106.92|108.85
2024-11-14|XYL|Industrial Machinery & Supplies & Components - Industrials|2|121.78|121.63
2024-11-14|XOM|Integrated Oil & Gas - Energy|6|116.78|120.56
2024-11-14|DELL|Technology Hardware, Storage & Peripherals - Information Technology|1|130.87|134.43
2024-11-14|XYL|Industrial Machinery & Supplies & Components - Industrials|1|119.46|121.63
2024-11-14|XYL|Industrial Machinery & Supplies & Components - Industrials|1|122.26|121.63
2024-11-14|WY|Timber REITs - Real Estate|1|31.87|30.86
2024-11-14|ZTS|Pharmaceuticals - Health Care|4|170.37|174.63
2024-11-14|WY|Timber REITs - Real Estate|2|31.74|30.86
2024-11-14|WBD|Broadcasting - Communication Services|1|9.37|9.86
2024-11-14|ZTS|Pharmaceuticals - Health Care|2|176.15|174.63
2024-11-14|ZBH|Health Care Equipment - Health Care|1|109.46|108.85
2024-11-14|XYL|Industrial Machinery & Supplies & Components - Industrials|5|124.63|121.63
2024-11-14|XEL|Multi-Utilities - Utilities|15|68.65|68.91
2024-11-14|WYNN|Casinos & Gaming - Consumer Discretionary|2|86.48|93.22
2024-11-14|WY|Timber REITs - Real Estate|1|31.35|30.86
2024-11-14|WBD|Broadcasting - Communication Services|1|9.33|9.86
2024-11-14|WY|Timber REITs - Real Estate|1|30.68|30.86
2024-11-14|WBD|Broadcasting - Communication Services|2|9.72|9.86
2024-11-14|EQT|Oil & Gas Exploration & Production - Energy|1|42.86|42.86
2024-11-14|WY|Timber REITs - Real Estate|1|30.86|30.86
2024-11-15|YUM|Restaurants - Consumer Discretionary|7|129.03|133.59
2024-11-15|PG|Personal Care Products - Consumer Staples|6|157.51|169.54
2024-11-15|YUM|Restaurants - Consumer Discretionary|1|125.95|133.59
2024-11-15|WY|Timber REITs - Real Estate|1|31.13|30.93
2024-11-15|WY|Timber REITs - Real Estate|1|30.14|30.93
2024-11-15|VICI|Hotel & Resort REITs - Real Estate|8|32.09|31.67
2024-11-15|WY|Timber REITs - Real Estate|11|30.15|30.93
2024-11-15|EXC|Electric Utilities - Utilities|2|38.42|39.11
2024-11-15|WY|Timber REITs - Real Estate|1|30.17|30.93
2024-11-15|WY|Timber REITs - Real Estate|1|30.89|30.93
2024-11-15|WY|Timber REITs - Real Estate|1|30.86|30.93
2024-11-15|CAH|Health Care Distributors - Health Care|9|111.41|118.78
2024-11-15|ZBH|Health Care Equipment - Health Care|1|106.28|112.54
2024-11-15|ZBRA|Electronic Equipment & Instruments - Information Technology|1|371.24|385.91
2024-11-15|XOM|Integrated Oil & Gas - Energy|2|112.8|119.31
2024-11-15|XOM|Integrated Oil & Gas - Energy|1|115.82|119.31
2024-11-15|ZBRA|Electronic Equipment & Instruments - Information Technology|1|366.72|385.91
2024-11-15|ZBRA|Electronic Equipment & Instruments - Information Technology|1|365.24|385.91
2024-11-15|ZBH|Health Care Equipment - Health Care|4|102.28|112.54
2024-11-15|HON|Industrial Conglomerates - Industrials|1|195.1|215.82
2024-11-15|DE|Agricultural & Farm Machinery - Industrials|1|405.76|398.95
2024-11-15|XEL|Multi-Utilities - Utilities|1|62.16|69.46
2024-11-15|WY|Timber REITs - Real Estate|2|31.65|30.93
2024-11-15|ZBH|Health Care Equipment - Health Care|4|103.88|112.54
2024-11-15|WY|Timber REITs - Real Estate|1|30.88|30.93
2024-11-15|ZBH|Health Care Equipment - Health Care|1|106.92|112.54
2024-11-15|XYL|Industrial Machinery & Supplies & Components - Industrials|2|121.78|121.78
2024-11-15|XOM|Integrated Oil & Gas - Energy|6|116.78|119.31
2024-11-15|DELL|Technology Hardware, Storage & Peripherals - Information Technology|1|130.87|131.64
2024-11-15|XYL|Industrial Machinery & Supplies & Components - Industrials|1|119.46|121.78
2024-11-15|XYL|Industrial Machinery & Supplies & Components - Industrials|1|122.26|121.78
2024-11-15|WY|Timber REITs - Real Estate|1|31.87|30.93
2024-11-15|ZTS|Pharmaceuticals - Health Care|4|170.37|175.14
2024-11-15|WY|Timber REITs - Real Estate|2|31.74|30.93
2024-11-15|WBD|Broadcasting - Communication Services|1|9.37|9.22
2024-11-15|ZTS|Pharmaceuticals - Health Care|2|176.15|175.14
2024-11-15|ZBH|Health Care Equipment - Health Care|1|109.46|112.54
2024-11-15|XYL|Industrial Machinery & Supplies & Components - Industrials|5|124.63|121.78
2024-11-15|XEL|Multi-Utilities - Utilities|15|68.65|69.46
2024-11-15|WYNN|Casinos & Gaming - Consumer Discretionary|2|86.48|90.74
2024-11-15|WY|Timber REITs - Real Estate|1|31.35|30.93
2024-11-15|WBD|Broadcasting - Communication Services|1|9.33|9.22
2024-11-15|WY|Timber REITs - Real Estate|1|30.68|30.93
2024-11-15|EQT|Oil & Gas Exploration & Production - Energy|1|42.86|42.71
2024-11-15|WY|Timber REITs - Real Estate|1|30.86|30.93
2024-11-15|WBD|Broadcasting - Communication Services|2|9.22|9.22
2024-11-25|YUM|Restaurants - Consumer Discretionary|7|129.03|137.05
2024-11-25|PG|Personal Care Products - Consumer Staples|6|157.51|177.39
2024-11-25|YUM|Restaurants - Consumer Discretionary|1|125.95|137.05
2024-11-25|WY|Timber REITs - Real Estate|1|31.13|32.23
2024-11-25|WY|Timber REITs - Real Estate|1|30.14|32.23
2024-11-25|VICI|Hotel & Resort REITs - Real Estate|8|32.09|32.53
2024-11-25|WY|Timber REITs - Real Estate|11|30.15|32.23
2024-11-25|EXC|Electric Utilities - Utilities|2|38.42|39.13
2024-11-25|WY|Timber REITs - Real Estate|1|30.17|32.23
2024-11-25|WY|Timber REITs - Real Estate|1|30.89|32.23
2024-11-25|WY|Timber REITs - Real Estate|1|30.86|32.23
2024-11-25|CAH|Health Care Distributors - Health Care|9|111.41|121.77
2024-11-25|ZBH|Health Care Equipment - Health Care|1|106.28|110.96
2024-11-25|ZBRA|Electronic Equipment & Instruments - Information Technology|1|371.24|400.94
2024-11-25|XOM|Integrated Oil & Gas - Energy|2|112.8|119.97
2024-11-25|XOM|Integrated Oil & Gas - Energy|1|115.82|119.97
2024-11-25|ZBRA|Electronic Equipment & Instruments - Information Technology|1|366.72|400.94
2024-11-25|ZBRA|Electronic Equipment & Instruments - Information Technology|1|365.24|400.94
2024-11-25|ZBH|Health Care Equipment - Health Care|4|102.28|110.96
2024-11-25|HON|Industrial Conglomerates - Industrials|1|195.1|217.34
2024-11-25|DE|Agricultural & Farm Machinery - Industrials|1|405.76|462.69
2024-11-25|WY|Timber REITs - Real Estate|2|31.65|32.23
2024-11-25|ZBH|Health Care Equipment - Health Care|4|103.88|110.96
2024-11-25|WY|Timber REITs - Real Estate|1|30.88|32.23
2024-11-25|ZBH|Health Care Equipment - Health Care|1|106.92|110.96
2024-11-25|XYL|Industrial Machinery & Supplies & Components - Industrials|2|121.78|128.94
2024-11-25|XOM|Integrated Oil & Gas - Energy|6|116.78|119.97
2024-11-25|DELL|Technology Hardware, Storage & Peripherals - Information Technology|1|130.87|144.16
2024-11-25|XYL|Industrial Machinery & Supplies & Components - Industrials|1|119.46|128.94
2024-11-25|XYL|Industrial Machinery & Supplies & Components - Industrials|1|122.26|128.94
2024-11-25|WY|Timber REITs - Real Estate|1|31.87|32.23
2024-11-25|ZTS|Pharmaceuticals - Health Care|4|170.37|178.71
2024-11-25|WY|Timber REITs - Real Estate|2|31.74|32.23
2024-11-25|WBD|Broadcasting - Communication Services|1|9.37|10.4
2024-11-25|ZTS|Pharmaceuticals - Health Care|2|176.15|178.71
2024-11-25|ZBH|Health Care Equipment - Health Care|1|109.46|110.96
2024-11-25|XYL|Industrial Machinery & Supplies & Components - Industrials|5|124.63|128.94
2024-11-25|XEL|Multi-Utilities - Utilities|15|68.65|71.6
2024-11-25|WYNN|Casinos & Gaming - Consumer Discretionary|2|86.48|93.45
2024-11-25|WY|Timber REITs - Real Estate|1|31.35|32.23
2024-11-25|WBD|Broadcasting - Communication Services|1|9.33|10.4
2024-11-25|WY|Timber REITs - Real Estate|1|30.68|32.23
2024-11-25|EQT|Oil & Gas Exploration & Production - Energy|1|42.86|45.99
2024-11-25|WY|Timber REITs - Real Estate|1|30.86|32.23
2024-11-25|WBD|Broadcasting - Communication Services|2|9.22|10.4
2024-11-25|MNST|Soft Drinks & Non-alcoholic Beverages - Consumer Staples|1|54.98|54.98
2024-11-25|WBD|Broadcasting - Communication Services|1|10.4|10.4
2024-12-04|YUM|Restaurants - Consumer Discretionary|7|129.03|138.16
2024-12-04|PG|Personal Care Products - Consumer Staples|6|157.51|175.11
2024-12-04|YUM|Restaurants - Consumer Discretionary|1|125.95|138.16
2024-12-04|WY|Timber REITs - Real Estate|1|31.13|31.24
2024-12-04|WY|Timber REITs - Real Estate|1|30.14|31.24
2024-12-04|VICI|Hotel & Resort REITs - Real Estate|8|32.09|31.77
2024-12-04|WY|Timber REITs - Real Estate|11|30.15|31.24
2024-12-04|EXC|Electric Utilities - Utilities|2|38.42|37.85
2024-12-04|WY|Timber REITs - Real Estate|1|30.17|31.24
2024-12-04|WY|Timber REITs - Real Estate|1|30.89|31.24
2024-12-04|WY|Timber REITs - Real Estate|1|30.86|31.24
2024-12-04|CAH|Health Care Distributors - Health Care|9|111.41|125.24
2024-12-04|ZBH|Health Care Equipment - Health Care|1|106.28|110.62
2024-12-04|ZBRA|Electronic Equipment & Instruments - Information Technology|1|371.24|411.94
2024-12-04|XOM|Integrated Oil & Gas - Energy|2|112.8|114.28
2024-12-04|XOM|Integrated Oil & Gas - Energy|1|115.82|114.28
2024-12-04|ZBRA|Electronic Equipment & Instruments - Information Technology|1|366.72|411.94
2024-12-04|ZBRA|Electronic Equipment & Instruments - Information Technology|1|365.24|411.94
2024-12-04|ZBH|Health Care Equipment - Health Care|4|102.28|110.62
2024-12-04|HON|Industrial Conglomerates - Industrials|1|195.1|216.58
2024-12-04|DE|Agricultural & Farm Machinery - Industrials|1|405.76|456.26
2024-12-04|WY|Timber REITs - Real Estate|2|31.65|31.24
2024-12-04|ZBH|Health Care Equipment - Health Care|4|103.88|110.62
2024-12-04|WY|Timber REITs - Real Estate|1|30.88|31.24
2024-12-04|ZBH|Health Care Equipment - Health Care|1|106.92|110.62
2024-12-04|XYL|Industrial Machinery & Supplies & Components - Industrials|2|121.78|127.54
2024-12-04|XOM|Integrated Oil & Gas - Energy|6|116.78|114.28
2024-12-04|DELL|Technology Hardware, Storage & Peripherals - Information Technology|1|130.87|126.1
2024-12-04|XYL|Industrial Machinery & Supplies & Components - Industrials|1|119.46|127.54
2024-12-04|XYL|Industrial Machinery & Supplies & Components - Industrials|1|122.26|127.54
2024-12-04|WY|Timber REITs - Real Estate|1|31.87|31.24
2024-12-04|ZTS|Pharmaceuticals - Health Care|4|170.37|175.32
2024-12-04|WY|Timber REITs - Real Estate|2|31.74|31.24
2024-12-04|WBD|Broadcasting - Communication Services|1|9.37|10.65
2024-12-04|ZTS|Pharmaceuticals - Health Care|2|176.15|175.32
2024-12-04|ZBH|Health Care Equipment - Health Care|1|109.46|110.62
2024-12-04|XYL|Industrial Machinery & Supplies & Components - Industrials|5|124.63|127.54
2024-12-04|XEL|Multi-Utilities - Utilities|15|68.65|70.72
2024-12-04|WYNN|Casinos & Gaming - Consumer Discretionary|2|86.48|94.79
2024-12-04|WY|Timber REITs - Real Estate|1|31.35|31.24
2024-12-04|WBD|Broadcasting - Communication Services|1|9.33|10.65
2024-12-04|WY|Timber REITs - Real Estate|1|30.68|31.24
2024-12-04|EQT|Oil & Gas Exploration & Production - Energy|1|42.86|44.69
2024-12-04|WY|Timber REITs - Real Estate|1|30.86|31.24
2024-12-04|MNST|Soft Drinks & Non-alcoholic Beverages - Consumer Staples|1|54.98|53.75
2024-12-04|WBD|Broadcasting - Communication Services|1|10.4|10.65
2024-12-04|WBD|Broadcasting - Communication Services|2|10.65|10.65
2024-12-06|YUM|Restaurants - Consumer Discretionary|7|129.03|137.63
2024-12-06|PG|Personal Care Products - Consumer Staples|6|157.51|173.82
2024-12-06|YUM|Restaurants - Consumer Discretionary|1|125.95|137.63
2024-12-06|WY|Timber REITs - Real Estate|1|31.13|31.29
2024-12-06|WY|Timber REITs - Real Estate|1|30.14|31.29
2024-12-06|VICI|Hotel & Resort REITs - Real Estate|8|32.09|31.65
2024-12-06|WY|Timber REITs - Real Estate|11|30.15|31.29
2024-12-06|EXC|Electric Utilities - Utilities|2|38.42|37.85
2024-12-06|WY|Timber REITs - Real Estate|1|30.17|31.29
2024-12-06|WY|Timber REITs - Real Estate|1|30.89|31.29
2024-12-06|WY|Timber REITs - Real Estate|1|30.86|31.29
2024-12-06|CAH|Health Care Distributors - Health Care|9|111.41|122.76
2024-12-06|ZBH|Health Care Equipment - Health Care|1|106.28|108.03
2024-12-06|ZBRA|Electronic Equipment & Instruments - Information Technology|1|371.24|409.32
2024-12-06|XOM|Integrated Oil & Gas - Energy|2|112.8|113.57
2024-12-06|XOM|Integrated Oil & Gas - Energy|1|115.82|113.57
2024-12-06|ZBRA|Electronic Equipment & Instruments - Information Technology|1|366.72|409.32
2024-12-06|ZBRA|Electronic Equipment & Instruments - Information Technology|1|365.24|409.32
2024-12-06|ZBH|Health Care Equipment - Health Care|4|102.28|108.03
2024-12-06|HON|Industrial Conglomerates - Industrials|1|195.1|213.36
2024-12-06|DE|Agricultural & Farm Machinery - Industrials|1|405.76|444.0
2024-12-06|WY|Timber REITs - Real Estate|2|31.65|31.29
2024-12-06|ZBH|Health Care Equipment - Health Care|4|103.88|108.03
2024-12-06|WY|Timber REITs - Real Estate|1|30.88|31.29
2024-12-06|ZBH|Health Care Equipment - Health Care|1|106.92|108.03
2024-12-06|XYL|Industrial Machinery & Supplies & Components - Industrials|2|121.78|126.37
2024-12-06|XOM|Integrated Oil & Gas - Energy|6|116.78|113.57
2024-12-06|XYL|Industrial Machinery & Supplies & Components - Industrials|1|119.46|126.37
2024-12-06|XYL|Industrial Machinery & Supplies & Components - Industrials|1|122.26|126.37
2024-12-06|WY|Timber REITs - Real Estate|1|31.87|31.29
2024-12-06|ZTS|Pharmaceuticals - Health Care|4|170.37|176.46
2024-12-06|WY|Timber REITs - Real Estate|2|31.74|31.29
2024-12-06|WBD|Broadcasting - Communication Services|1|9.37|10.66
2024-12-06|ZTS|Pharmaceuticals - Health Care|2|176.15|176.46
2024-12-06|ZBH|Health Care Equipment - Health Care|1|109.46|108.03
2024-12-06|XYL|Industrial Machinery & Supplies & Components - Industrials|5|124.63|126.37
2024-12-06|XEL|Multi-Utilities - Utilities|15|68.65|69.74
2024-12-06|WYNN|Casinos & Gaming - Consumer Discretionary|2|86.48|94.37
2024-12-06|WY|Timber REITs - Real Estate|1|31.35|31.29
2024-12-06|WBD|Broadcasting - Communication Services|1|9.33|10.66
2024-12-06|WY|Timber REITs - Real Estate|1|30.68|31.29
2024-12-06|EQT|Oil & Gas Exploration & Production - Energy|1|42.86|43.33
2024-12-06|WY|Timber REITs - Real Estate|1|30.86|31.29
2024-12-06|MNST|Soft Drinks & Non-alcoholic Beverages - Consumer Staples|1|54.98|52.27
2024-12-06|WBD|Broadcasting - Communication Services|1|10.4|10.66
2024-12-06|WBD|Broadcasting - Communication Services|2|10.65|10.66
2024-12-06|DIS|Movies & Entertainment - Communication Services|1|116.73|116.73
2024-12-06|WBD|Broadcasting - Communication Services|1|10.66|10.66
2024-12-10|YUM|Restaurants - Consumer Discretionary|7|129.03|138.22
2024-12-10|PG|Personal Care Products - Consumer Staples|6|157.51|172.28
2024-12-10|YUM|Restaurants - Consumer Discretionary|1|125.95|138.22
2024-12-10|WY|Timber REITs - Real Estate|1|31.13|30.92
2024-12-10|WY|Timber REITs - Real Estate|1|30.14|30.92
2024-12-10|VICI|Hotel & Resort REITs - Real Estate|8|32.09|31.44
2024-12-10|WY|Timber REITs - Real Estate|11|30.15|30.92
2024-12-10|EXC|Electric Utilities - Utilities|2|38.42|37.32
2024-12-10|WY|Timber REITs - Real Estate|1|30.17|30.92
2024-12-10|WY|Timber REITs - Real Estate|1|30.89|30.92
2024-12-10|WY|Timber REITs - Real Estate|1|30.86|30.92
2024-12-10|CAH|Health Care Distributors - Health Care|9|111.41|120.42
2024-12-10|ZBH|Health Care Equipment - Health Care|1|106.28|108.4
2024-12-10|ZBRA|Electronic Equipment & Instruments - Information Technology|1|371.24|401.78
2024-12-10|XOM|Integrated Oil & Gas - Energy|2|112.8|112.67
2024-12-10|XOM|Integrated Oil & Gas - Energy|1|115.82|112.67
2024-12-10|ZBRA|Electronic Equipment & Instruments - Information Technology|1|366.72|401.78
2024-12-10|ZBRA|Electronic Equipment & Instruments - Information Technology|1|365.24|401.78
2024-12-10|ZBH|Health Care Equipment - Health Care|4|102.28|108.4
2024-12-10|HON|Industrial Conglomerates - Industrials|1|195.1|215.91
2024-12-10|DE|Agricultural & Farm Machinery - Industrials|1|405.76|443.96
2024-12-10|WY|Timber REITs - Real Estate|2|31.65|30.92
2024-12-10|ZBH|Health Care Equipment - Health Care|4|103.88|108.4
2024-12-10|WY|Timber REITs - Real Estate|1|30.88|30.92
2024-12-10|ZBH|Health Care Equipment - Health Care|1|106.92|108.4
2024-12-10|XYL|Industrial Machinery & Supplies & Components - Industrials|2|121.78|128.57
2024-12-10|XOM|Integrated Oil & Gas - Energy|6|116.78|112.67
2024-12-10|XYL|Industrial Machinery & Supplies & Components - Industrials|1|119.46|128.57
2024-12-10|XYL|Industrial Machinery & Supplies & Components - Industrials|1|122.26|128.57
2024-12-10|WY|Timber REITs - Real Estate|1|31.87|30.92
2024-12-10|ZTS|Pharmaceuticals - Health Care|4|170.37|176.71
2024-12-10|WY|Timber REITs - Real Estate|2|31.74|30.92
2024-12-10|ZTS|Pharmaceuticals - Health Care|2|176.15|176.71
2024-12-10|ZBH|Health Care Equipment - Health Care|1|109.46|108.4
2024-12-10|XYL|Industrial Machinery & Supplies & Components - Industrials|5|124.63|128.57
2024-12-10|XEL|Multi-Utilities - Utilities|15|68.65|69.15
2024-12-10|WYNN|Casinos & Gaming - Consumer Discretionary|2|86.48|94.95
2024-12-10|WY|Timber REITs - Real Estate|1|31.35|30.92
2024-12-10|WY|Timber REITs - Real Estate|1|30.68|30.92
2024-12-10|EQT|Oil & Gas Exploration & Production - Energy|1|42.86|43.05
2024-12-10|WY|Timber REITs - Real Estate|1|30.86|30.92
2024-12-10|MNST|Soft Drinks & Non-alcoholic Beverages - Consumer Staples|1|54.98|53.01
2024-12-10|WBD|Broadcasting - Communication Services|1|10.4|10.89
2024-12-10|WBD|Broadcasting - Communication Services|2|10.65|10.89
2024-12-10|DIS|Movies & Entertainment - Communication Services|1|116.73|114.73
2024-12-10|WBD|Broadcasting - Communication Services|1|10.66|10.89
2024-12-10|WBD|Broadcasting - Communication Services|2|10.89|10.89
2024-12-11|YUM|Restaurants - Consumer Discretionary|7|129.03|138.54
2024-12-11|PG|Personal Care Products - Consumer Staples|6|157.51|170.63
2024-12-11|YUM|Restaurants - Consumer Discretionary|1|125.95|138.54
2024-12-11|WY|Timber REITs - Real Estate|1|31.13|30.89
2024-12-11|WY|Timber REITs - Real Estate|1|30.14|30.89
2024-12-11|VICI|Hotel & Resort REITs - Real Estate|8|32.09|31.31
2024-12-11|WY|Timber REITs - Real Estate|11|30.15|30.89
2024-12-11|EXC|Electric Utilities - Utilities|2|38.42|36.76
2024-12-11|WY|Timber REITs - Real Estate|1|30.17|30.89
2024-12-11|WY|Timber REITs - Real Estate|1|30.89|30.89
2024-12-11|WY|Timber REITs - Real Estate|1|30.86|30.89
2024-12-11|CAH|Health Care Distributors - Health Care|9|111.41|117.42
2024-12-11|ZBH|Health Care Equipment - Health Care|1|106.28|106.91
2024-12-11|ZBRA|Electronic Equipment & Instruments - Information Technology|1|371.24|404.17
2024-12-11|XOM|Integrated Oil & Gas - Energy|2|112.8|111.92
2024-12-11|XOM|Integrated Oil & Gas - Energy|1|115.82|111.92
2024-12-11|ZBRA|Electronic Equipment & Instruments - Information Technology|1|366.72|404.17
2024-12-11|ZBRA|Electronic Equipment & Instruments - Information Technology|1|365.24|404.17
2024-12-11|ZBH|Health Care Equipment - Health Care|4|102.28|106.91
2024-12-11|HON|Industrial Conglomerates - Industrials|1|195.1|215.89
2024-12-11|DE|Agricultural & Farm Machinery - Industrials|1|405.76|448.03
2024-12-11|WY|Timber REITs - Real Estate|2|31.65|30.89
2024-12-11|ZBH|Health Care Equipment - Health Care|4|103.88|106.91
2024-12-11|WY|Timber REITs - Real Estate|1|30.88|30.89
2024-12-11|ZBH|Health Care Equipment - Health Care|1|106.92|106.91
2024-12-11|XYL|Industrial Machinery & Supplies & Components - Industrials|2|121.78|123.38
2024-12-11|XOM|Integrated Oil & Gas - Energy|6|116.78|111.92
2024-12-11|XYL|Industrial Machinery & Supplies & Components - Industrials|1|119.46|123.38
2024-12-11|XYL|Industrial Machinery & Supplies & Components - Industrials|1|122.26|123.38
2024-12-11|WY|Timber REITs - Real Estate|1|31.87|30.89
2024-12-11|ZTS|Pharmaceuticals - Health Care|4|170.37|177.17
2024-12-11|WY|Timber REITs - Real Estate|2|31.74|30.89
2024-12-11|ZTS|Pharmaceuticals - Health Care|2|176.15|177.17
2024-12-11|ZBH|Health Care Equipment - Health Care|1|109.46|106.91
2024-12-11|XYL|Industrial Machinery & Supplies & Components - Industrials|5|124.63|123.38
2024-12-11|XEL|Multi-Utilities - Utilities|15|68.65|68.36
2024-12-11|WYNN|Casinos & Gaming - Consumer Discretionary|2|86.48|95.21
2024-12-11|WY|Timber REITs - Real Estate|1|31.35|30.89
2024-12-11|WY|Timber REITs - Real Estate|1|30.68|30.89
2024-12-11|EQT|Oil & Gas Exploration & Production - Energy|1|42.86|45.58
2024-12-11|WY|Timber REITs - Real Estate|1|30.86|30.89
2024-12-11|WBD|Broadcasting - Communication Services|1|10.4|10.82
2024-12-11|WBD|Broadcasting - Communication Services|2|10.65|10.82
2024-12-11|DIS|Movies & Entertainment - Communication Services|1|116.73|114.61
2024-12-11|WBD|Broadcasting - Communication Services|1|10.66|10.82
2024-12-11|WBD|Broadcasting - Communication Services|2|10.89|10.82
2024-12-11|WY|Timber REITs - Real Estate|1|30.89|30.89
2024-12-11|WBD|Broadcasting - Communication Services|2|10.82|10.82
2024-12-12|YUM|Restaurants - Consumer Discretionary|7|129.03|138.64
2024-12-12|PG|Personal Care Products - Consumer Staples|6|157.51|170.85
2024-12-12|YUM|Restaurants - Consumer Discretionary|1|125.95|138.64
2024-12-12|WY|Timber REITs - Real Estate|1|31.13|30.4
2024-12-12|WY|Timber REITs - Real Estate|1|30.14|30.4
2024-12-12|VICI|Hotel & Resort REITs - Real Estate|8|32.09|31.09
2024-12-12|WY|Timber REITs - Real Estate|11|30.15|30.4
2024-12-12|EXC|Electric Utilities - Utilities|2|38.42|36.83
2024-12-12|WY|Timber REITs - Real Estate|1|30.17|30.4
2024-12-12|WY|Timber REITs - Real Estate|1|30.89|30.4
2024-12-12|WY|Timber REITs - Real Estate|1|30.86|30.4
2024-12-12|CAH|Health Care Distributors - Health Care|9|111.41|117.46
2024-12-12|ZBH|Health Care Equipment - Health Care|1|106.28|106.84
2024-12-12|ZBRA|Electronic Equipment & Instruments - Information Technology|1|371.24|407.64
2024-12-12|XOM|Integrated Oil & Gas - Energy|2|112.8|111.82
2024-12-12|XOM|Integrated Oil & Gas - Energy|1|115.82|111.82
2024-12-12|ZBRA|Electronic Equipment & Instruments - Information Technology|1|366.72|407.64
2024-12-12|ZBRA|Electronic Equipment & Instruments - Information Technology|1|365.24|407.64
2024-12-12|ZBH|Health Care Equipment - Health Care|4|102.28|106.84
2024-12-12|HON|Industrial Conglomerates - Industrials|1|195.1|214.6
2024-12-12|DE|Agricultural & Farm Machinery - Industrials|1|405.76|439.48
2024-12-12|WY|Timber REITs - Real Estate|2|31.65|30.4
2024-12-12|ZBH|Health Care Equipment - Health Care|4|103.88|106.84
2024-12-12|WY|Timber REITs - Real Estate|1|30.88|30.4
2024-12-12|ZBH|Health Care Equipment - Health Care|1|106.92|106.84
2024-12-12|XYL|Industrial Machinery & Supplies & Components - Industrials|2|121.78|121.07
2024-12-12|XOM|Integrated Oil & Gas - Energy|6|116.78|111.82
2024-12-12|XYL|Industrial Machinery & Supplies & Components - Industrials|1|119.46|121.07
2024-12-12|XYL|Industrial Machinery & Supplies & Components - Industrials|1|122.26|121.07
2024-12-12|WY|Timber REITs - Real Estate|1|31.87|30.4
2024-12-12|ZTS|Pharmaceuticals - Health Care|4|170.37|178.84
2024-12-12|WY|Timber REITs - Real Estate|2|31.74|30.4
2024-12-12|ZTS|Pharmaceuticals - Health Care|2|176.15|178.84
2024-12-12|ZBH|Health Care Equipment - Health Care|1|109.46|106.84
2024-12-12|XYL|Industrial Machinery & Supplies & Components - Industrials|5|124.63|121.07
2024-12-12|XEL|Multi-Utilities - Utilities|15|68.65|68.49
2024-12-12|WYNN|Casinos & Gaming - Consumer Discretionary|2|86.48|93.47
2024-12-12|WY|Timber REITs - Real Estate|1|31.35|30.4
2024-12-12|WY|Timber REITs - Real Estate|1|30.68|30.4
2024-12-12|EQT|Oil & Gas Exploration & Production - Energy|1|42.86|45.86
2024-12-12|WY|Timber REITs - Real Estate|1|30.86|30.4
2024-12-12|DIS|Movies & Entertainment - Communication Services|1|116.73|114.9
2024-12-12|WBD|Broadcasting - Communication Services|2|10.89|12.49
2024-12-12|WY|Timber REITs - Real Estate|1|30.89|30.4
2024-12-12|XEL|Multi-Utilities - Utilities|1|68.49|68.49
2024-12-13|YUM|Restaurants - Consumer Discretionary|7|129.03|137.0
2024-12-13|PG|Personal Care Products - Consumer Staples|6|157.51|171.06
2024-12-13|YUM|Restaurants - Consumer Discretionary|1|125.95|137.0
2024-12-13|WY|Timber REITs - Real Estate|1|31.13|30.06
2024-12-13|WY|Timber REITs - Real Estate|1|30.14|30.06
2024-12-13|VICI|Hotel & Resort REITs - Real Estate|8|32.09|31.13
2024-12-13|WY|Timber REITs - Real Estate|11|30.15|30.06
2024-12-13|EXC|Electric Utilities - Utilities|2|38.42|36.87
2024-12-13|WY|Timber REITs - Real Estate|1|30.17|30.06
2024-12-13|WY|Timber REITs - Real Estate|1|30.89|30.06
2024-12-13|WY|Timber REITs - Real Estate|1|30.86|30.06
2024-12-13|CAH|Health Care Distributors - Health Care|9|111.41|118.1
2024-12-13|ZBH|Health Care Equipment - Health Care|1|106.28|106.74
2024-12-13|ZBRA|Electronic Equipment & Instruments - Information Technology|1|371.24|403.59
2024-12-13|XOM|Integrated Oil & Gas - Energy|2|112.8|110.84
2024-12-13|XOM|Integrated Oil & Gas - Energy|1|115.82|110.84
2024-12-13|ZBRA|Electronic Equipment & Instruments - Information Technology|1|366.72|403.59
2024-12-13|ZBRA|Electronic Equipment & Instruments - Information Technology|1|365.24|403.59
2024-12-13|ZBH|Health Care Equipment - Health Care|4|102.28|106.74
2024-12-13|HON|Industrial Conglomerates - Industrials|1|195.1|214.53
2024-12-13|DE|Agricultural & Farm Machinery - Industrials|1|405.76|440.44
2024-12-13|ZBH|Health Care Equipment - Health Care|4|103.88|106.74
2024-12-13|WY|Timber REITs - Real Estate|1|30.88|30.06
2024-12-13|ZBH|Health Care Equipment - Health Care|1|106.92|106.74
2024-12-13|XYL|Industrial Machinery & Supplies & Components - Industrials|2|121.78|120.6
2024-12-13|XYL|Industrial Machinery & Supplies & Components - Industrials|1|119.46|120.6
2024-12-13|XYL|Industrial Machinery & Supplies & Components - Industrials|1|122.26|120.6
2024-12-13|ZTS|Pharmaceuticals - Health Care|4|170.37|178.18
2024-12-13|ZTS|Pharmaceuticals - Health Care|2|176.15|178.18
2024-12-13|ZBH|Health Care Equipment - Health Care|1|109.46|106.74
2024-12-13|XYL|Industrial Machinery & Supplies & Components - Industrials|5|124.63|120.6
2024-12-13|XEL|Multi-Utilities - Utilities|15|68.65|68.12
2024-12-13|WYNN|Casinos & Gaming - Consumer Discretionary|2|86.48|94.53
2024-12-13|WY|Timber REITs - Real Estate|1|31.35|30.06
2024-12-13|WY|Timber REITs - Real Estate|1|30.68|30.06
2024-12-13|EQT|Oil & Gas Exploration & Production - Energy|1|42.86|45.59
2024-12-13|WY|Timber REITs - Real Estate|1|30.86|30.06
2024-12-13|DIS|Movies & Entertainment - Communication Services|1|116.73|113.34
2024-12-13|WBD|Broadcasting - Communication Services|2|10.89|12.07
2024-12-13|WY|Timber REITs - Real Estate|1|30.89|30.06
2024-12-13|XEL|Multi-Utilities - Utilities|1|68.49|68.12
2024-12-13|EPAM|IT Consulting & Other Services - Information Technology|3|244.64|244.64
2024-12-13|WY|Timber REITs - Real Estate|3|30.06|30.06
2024-12-16|YUM|Restaurants - Consumer Discretionary|7|129.03|135.05
2024-12-16|PG|Personal Care Products - Consumer Staples|6|157.51|171.14
2024-12-16|YUM|Restaurants - Consumer Discretionary|1|125.95|135.05
2024-12-16|WY|Timber REITs - Real Estate|1|31.13|29.65
2024-12-16|WY|Timber REITs - Real Estate|1|30.14|29.65
2024-12-16|VICI|Hotel & Resort REITs - Real Estate|8|32.09|30.93
2024-12-16|WY|Timber REITs - Real Estate|11|30.15|29.65
2024-12-16|WY|Timber REITs - Real Estate|1|30.17|29.65
2024-12-16|WY|Timber REITs - Real Estate|1|30.89|29.65
2024-12-16|WY|Timber REITs - Real Estate|1|30.86|29.65
2024-12-16|CAH|Health Care Distributors - Health Care|9|111.41|116.55
2024-12-16|ZBH|Health Care Equipment - Health Care|1|106.28|106.85
2024-12-16|ZBRA|Electronic Equipment & Instruments - Information Technology|1|371.24|406.9
2024-12-16|XOM|Integrated Oil & Gas - Energy|2|112.8|108.47
2024-12-16|ZBRA|Electronic Equipment & Instruments - Information Technology|1|366.72|406.9
2024-12-16|ZBRA|Electronic Equipment & Instruments - Information Technology|1|365.24|406.9
2024-12-16|ZBH|Health Care Equipment - Health Care|4|102.28|106.85
2024-12-16|HON|Industrial Conglomerates - Industrials|1|195.1|222.43
2024-12-16|DE|Agricultural & Farm Machinery - Industrials|1|405.76|438.42
2024-12-16|ZBH|Health Care Equipment - Health Care|4|103.88|106.85
2024-12-16|WY|Timber REITs - Real Estate|1|30.88|29.65
2024-12-16|ZBH|Health Care Equipment - Health Care|1|106.92|106.85
2024-12-16|XYL|Industrial Machinery & Supplies & Components - Industrials|2|121.78|120.78
2024-12-16|XYL|Industrial Machinery & Supplies & Components - Industrials|1|119.46|120.78
2024-12-16|XYL|Industrial Machinery & Supplies & Components - Industrials|1|122.26|120.78
2024-12-16|ZTS|Pharmaceuticals - Health Care|4|170.37|175.81
2024-12-16|ZTS|Pharmaceuticals - Health Care|2|176.15|175.81
2024-12-16|ZBH|Health Care Equipment - Health Care|1|109.46|106.85
2024-12-16|XYL|Industrial Machinery & Supplies & Components - Industrials|5|124.63|120.78
2024-12-16|XEL|Multi-Utilities - Utilities|15|68.65|67.66
2024-12-16|WYNN|Casinos & Gaming - Consumer Discretionary|2|86.48|89.68
2024-12-16|WY|Timber REITs - Real Estate|1|30.68|29.65
2024-12-16|EQT|Oil & Gas Exploration & Production - Energy|1|42.86|44.82
2024-12-16|WY|Timber REITs - Real Estate|1|30.86|29.65
2024-12-16|DIS|Movies & Entertainment - Communication Services|1|116.73|112.11
2024-12-16|WBD|Broadcasting - Communication Services|2|10.89|11.6
2024-12-16|WY|Timber REITs - Real Estate|1|30.89|29.65
2024-12-16|XEL|Multi-Utilities - Utilities|1|68.49|67.66
2024-12-16|EPAM|IT Consulting & Other Services - Information Technology|3|244.64|243.37
2024-12-16|WY|Timber REITs - Real Estate|3|30.06|29.65
2024-12-16|XOM|Integrated Oil & Gas - Energy|1|108.47|108.47
2024-12-16|WYNN|Casinos & Gaming - Consumer Discretionary|1|89.68|89.68
2024-12-16|WBD|Broadcasting - Communication Services|1|11.6|11.6
2024-12-17|YUM|Restaurants - Consumer Discretionary|7|129.03|134.73
2024-12-17|PG|Personal Care Products - Consumer Staples|6|157.51|170.33
2024-12-17|YUM|Restaurants - Consumer Discretionary|1|125.95|134.73
2024-12-17|WY|Timber REITs - Real Estate|1|30.14|29.38
2024-12-17|WY|Timber REITs - Real Estate|11|30.15|29.38
2024-12-17|WY|Timber REITs - Real Estate|1|30.17|29.38
2024-12-17|WY|Timber REITs - Real Estate|1|30.89|29.38
2024-12-17|WY|Timber REITs - Real Estate|1|30.86|29.38
2024-12-17|CAH|Health Care Distributors - Health Care|9|111.41|115.82
2024-12-17|ZBH|Health Care Equipment - Health Care|1|106.28|108.06
2024-12-17|ZBRA|Electronic Equipment & Instruments - Information Technology|1|371.24|395.0
2024-12-17|XOM|Integrated Oil & Gas - Energy|2|112.8|108.01
2024-12-17|ZBRA|Electronic Equipment & Instruments - Information Technology|1|366.72|395.0
2024-12-17|ZBRA|Electronic Equipment & Instruments - Information Technology|1|365.24|395.0
2024-12-17|ZBH|Health Care Equipment - Health Care|4|102.28|108.06
2024-12-17|HON|Industrial Conglomerates - Industrials|1|195.1|219.73
2024-12-17|DE|Agricultural & Farm Machinery - Industrials|1|405.76|443.59
2024-12-17|ZBH|Health Care Equipment - Health Care|4|103.88|108.06
2024-12-17|WY|Timber REITs - Real Estate|1|30.88|29.38
2024-12-17|ZBH|Health Care Equipment - Health Care|1|106.92|108.06
2024-12-17|XYL|Industrial Machinery & Supplies & Components - Industrials|2|121.78|120.77
2024-12-17|XYL|Industrial Machinery & Supplies & Components - Industrials|1|119.46|120.77
2024-12-17|XYL|Industrial Machinery & Supplies & Components - Industrials|1|122.26|120.77
2024-12-17|ZTS|Pharmaceuticals - Health Care|4|170.37|170.79
2024-12-17|ZTS|Pharmaceuticals - Health Care|2|176.15|170.79
2024-12-17|ZBH|Health Care Equipment - Health Care|1|109.46|108.06
2024-12-17|XYL|Industrial Machinery & Supplies & Components - Industrials|5|124.63|120.77
2024-12-17|XEL|Multi-Utilities - Utilities|15|68.65|68.08
2024-12-17|WYNN|Casinos & Gaming - Consumer Discretionary|2|86.48|91.96
2024-12-17|WY|Timber REITs - Real Estate|1|30.68|29.38
2024-12-17|EQT|Oil & Gas Exploration & Production - Energy|1|42.86|44.2
2024-12-17|WY|Timber REITs - Real Estate|1|30.86|29.38
2024-12-17|DIS|Movies & Entertainment - Communication Services|1|116.73|113.02
2024-12-17|WBD|Broadcasting - Communication Services|2|10.89|11.35
2024-12-17|WY|Timber REITs - Real Estate|1|30.89|29.38
2024-12-17|XEL|Multi-Utilities - Utilities|1|68.49|68.08
2024-12-17|EPAM|IT Consulting & Other Services - Information Technology|3|244.64|247.92
2024-12-17|WY|Timber REITs - Real Estate|3|30.06|29.38
2024-12-17|XOM|Integrated Oil & Gas - Energy|1|108.47|108.01
2024-12-17|WYNN|Casinos & Gaming - Consumer Discretionary|1|89.68|91.96
2024-12-17|WBD|Broadcasting - Communication Services|1|11.6|11.35
2024-12-17|GPN|Transaction & Payment Processing Services - Financials|2|114.7|114.7
2024-12-17|WY|Timber REITs - Real Estate|1|29.38|29.38
2024-12-17|WBD|Broadcasting - Communication Services|1|11.35|11.35
2024-12-18|YUM|Restaurants - Consumer Discretionary|7|129.03|131.46
2024-12-18|PG|Personal Care Products - Consumer Staples|6|157.51|169.08
2024-12-18|YUM|Restaurants - Consumer Discretionary|1|125.95|131.46
2024-12-18|CAH|Health Care Distributors - Health Care|9|111.41|115.91
2024-12-18|ZBH|Health Care Equipment - Health Care|1|106.28|105.86
2024-12-18|ZBRA|Electronic Equipment & Instruments - Information Technology|1|371.24|383.47
2024-12-18|ZBRA|Electronic Equipment & Instruments - Information Technology|1|366.72|383.47
2024-12-18|ZBRA|Electronic Equipment & Instruments - Information Technology|1|365.24|383.47
2024-12-18|ZBH|Health Care Equipment - Health Care|4|102.28|105.86
2024-12-18|HON|Industrial Conglomerates - Industrials|1|195.1|213.82
2024-12-18|DE|Agricultural & Farm Machinery - Industrials|1|405.76|426.0
2024-12-18|ZBH|Health Care Equipment - Health Care|4|103.88|105.86
2024-12-18|ZBH|Health Care Equipment - Health Care|1|106.92|105.86
2024-12-18|XYL|Industrial Machinery & Supplies & Components - Industrials|2|121.78|116.92
2024-12-18|XYL|Industrial Machinery & Supplies & Components - Industrials|1|119.46|116.92
2024-12-18|XYL|Industrial Machinery & Supplies & Components - Industrials|1|122.26|116.92
2024-12-18|ZTS|Pharmaceuticals - Health Care|4|170.37|167.01
2024-12-18|ZBH|Health Care Equipment - Health Care|1|109.46|105.86
2024-12-18|XEL|Multi-Utilities - Utilities|15|68.65|66.4
2024-12-18|WYNN|Casinos & Gaming - Consumer Discretionary|2|86.48|88.7
2024-12-18|EQT|Oil & Gas Exploration & Production - Energy|1|42.86|42.54
2024-12-18|DIS|Movies & Entertainment - Communication Services|1|116.73|111.35
2024-12-18|WBD|Broadcasting - Communication Services|2|10.89|10.63
2024-12-18|XEL|Multi-Utilities - Utilities|1|68.49|66.4
2024-12-18|EPAM|IT Consulting & Other Services - Information Technology|3|244.64|239.11
2024-12-18|XOM|Integrated Oil & Gas - Energy|1|108.47|106.42
2024-12-18|WYNN|Casinos & Gaming - Consumer Discretionary|1|89.68|88.7
2024-12-18|GPN|Transaction & Payment Processing Services - Financials|2|114.7|110.97
2024-12-18|WY|Timber REITs - Real Estate|1|29.38|27.96
2024-12-18|ZTS|Pharmaceuticals - Health Care|2|167.01|167.01
2024-12-18|XYL|Industrial Machinery & Supplies & Components - Industrials|5|116.92|116.92
2024-12-18|XOM|Integrated Oil & Gas - Energy|7|106.42|106.42
2024-12-18|WYNN|Casinos & Gaming - Consumer Discretionary|1|88.7|88.7
2024-12-18|WBD|Broadcasting - Communication Services|1|10.63|10.63
2024-12-19|YUM|Restaurants - Consumer Discretionary|7|129.03|130.36
2024-12-19|PG|Personal Care Products - Consumer Staples|6|157.51|169.19
2024-12-19|YUM|Restaurants - Consumer Discretionary|1|125.95|130.36
2024-12-19|CAH|Health Care Distributors - Health Care|9|111.41|117.0
2024-12-19|ZBH|Health Care Equipment - Health Care|1|106.28|105.81
2024-12-19|ZBRA|Electronic Equipment & Instruments - Information Technology|1|371.24|385.37
2024-12-19|ZBRA|Electronic Equipment & Instruments - Information Technology|1|366.72|385.37
2024-12-19|ZBRA|Electronic Equipment & Instruments - Information Technology|1|365.24|385.37
2024-12-19|ZBH|Health Care Equipment - Health Care|4|102.28|105.81
2024-12-19|HON|Industrial Conglomerates - Industrials|1|195.1|213.84
2024-12-19|DE|Agricultural & Farm Machinery - Industrials|1|405.76|426.63
2024-12-19|ZBH|Health Care Equipment - Health Care|4|103.88|105.81
2024-12-19|ZBH|Health Care Equipment - Health Care|1|106.92|105.81
2024-12-19|XYL|Industrial Machinery & Supplies & Components - Industrials|2|121.78|116.43
2024-12-19|XYL|Industrial Machinery & Supplies & Components - Industrials|1|119.46|116.43
2024-12-19|XYL|Industrial Machinery & Supplies & Components - Industrials|1|122.26|116.43
2024-12-19|ZTS|Pharmaceuticals - Health Care|4|170.37|163.52
2024-12-19|ZBH|Health Care Equipment - Health Care|1|109.46|105.81
2024-12-19|XEL|Multi-Utilities - Utilities|15|68.65|66.65
2024-12-19|WYNN|Casinos & Gaming - Consumer Discretionary|2|86.48|88.31
2024-12-19|EQT|Oil & Gas Exploration & Production - Energy|1|42.86|42.65
2024-12-19|DIS|Movies & Entertainment - Communication Services|1|116.73|111.37
2024-12-19|WBD|Broadcasting - Communication Services|2|10.89|10.49
2024-12-19|XEL|Multi-Utilities - Utilities|1|68.49|66.65
2024-12-19|EPAM|IT Consulting & Other Services - Information Technology|3|244.64|246.8
2024-12-19|XOM|Integrated Oil & Gas - Energy|1|108.47|105.51
2024-12-19|WYNN|Casinos & Gaming - Consumer Discretionary|1|89.68|88.31
2024-12-19|GPN|Transaction & Payment Processing Services - Financials|2|114.7|110.58
2024-12-19|ZTS|Pharmaceuticals - Health Care|2|167.01|163.52
2024-12-19|XYL|Industrial Machinery & Supplies & Components - Industrials|5|116.92|116.43
2024-12-19|XOM|Integrated Oil & Gas - Energy|7|106.42|105.51
2024-12-19|WYNN|Casinos & Gaming - Consumer Discretionary|1|88.7|88.31
2024-12-19|WBD|Broadcasting - Communication Services|1|10.63|10.49
2024-12-19|WY|Timber REITs - Real Estate|1|27.21|27.21
2024-12-30|YUM|Restaurants - Consumer Discretionary|7|129.03|133.52
2024-12-30|PG|Personal Care Products - Consumer Staples|6|157.51|167.09
2024-12-30|YUM|Restaurants - Consumer Discretionary|1|125.95|133.52
2024-12-30|CAH|Health Care Distributors - Health Care|9|111.41|117.92
2024-12-30|ZBH|Health Care Equipment - Health Care|1|106.28|105.4
2024-12-30|ZBRA|Electronic Equipment & Instruments - Information Technology|1|371.24|383.85
2024-12-30|ZBRA|Electronic Equipment & Instruments - Information Technology|1|366.72|383.85
2024-12-30|ZBRA|Electronic Equipment & Instruments - Information Technology|1|365.24|383.85
2024-12-30|ZBH|Health Care Equipment - Health Care|4|102.28|105.4
2024-12-30|HON|Industrial Conglomerates - Industrials|1|195.1|213.57
2024-12-30|DE|Agricultural & Farm Machinery - Industrials|1|405.76|424.64
2024-12-30|ZBH|Health Care Equipment - Health Care|4|103.88|105.4
2024-12-30|ZBH|Health Care Equipment - Health Care|1|106.92|105.4
2024-12-30|XYL|Industrial Machinery & Supplies & Components - Industrials|2|121.78|116.28
2024-12-30|XYL|Industrial Machinery & Supplies & Components - Industrials|1|119.46|116.28
2024-12-30|XYL|Industrial Machinery & Supplies & Components - Industrials|1|122.26|116.28
2024-12-30|ZTS|Pharmaceuticals - Health Care|4|170.37|162.24
2024-12-30|ZBH|Health Care Equipment - Health Care|1|109.46|105.4
2024-12-30|XEL|Multi-Utilities - Utilities|15|68.65|67.59
2024-12-30|WYNN|Casinos & Gaming - Consumer Discretionary|2|86.48|85.83
2024-12-30|EQT|Oil & Gas Exploration & Production - Energy|1|42.86|46.59
2024-12-30|WBD|Broadcasting - Communication Services|2|10.89|10.51
2024-12-30|XEL|Multi-Utilities - Utilities|1|68.49|67.59
2024-12-30|EPAM|IT Consulting & Other Services - Information Technology|3|244.64|234.68
2024-12-30|XOM|Integrated Oil & Gas - Energy|1|108.47|105.76
2024-12-30|WYNN|Casinos & Gaming - Consumer Discretionary|1|89.68|85.83
2024-12-30|GPN|Transaction & Payment Processing Services - Financials|2|114.7|110.83
2024-12-30|ZTS|Pharmaceuticals - Health Care|2|167.01|162.24
2024-12-30|XYL|Industrial Machinery & Supplies & Components - Industrials|5|116.92|116.28
2024-12-30|XOM|Integrated Oil & Gas - Energy|7|106.42|105.76
2024-12-30|WYNN|Casinos & Gaming - Consumer Discretionary|1|88.7|85.83
2024-12-30|WBD|Broadcasting - Communication Services|1|10.63|10.51
2024-12-30|WY|Timber REITs - Real Estate|1|27.21|27.89
2024-12-30|FTV|Industrial Machinery & Supplies & Components - Industrials|1|56.55|56.55
2024-12-30|WY|Timber REITs - Real Estate|2|27.89|27.89
