Date|symbol|sector|quantity|buy_price|price
2024-01-02|EMN|Specialty Chemicals - Materials|22|89.38|89.38
2024-01-02|DVA|Health Care Services - Health Care|18|106.89|106.89
2024-01-02|STT|Asset Management & Custody Banks - Financials|25|77.75|77.75
2024-01-02|DD|Specialty Chemicals - Materials|1|32.43|32.43
2024-01-02|SYK|Health Care Equipment - Health Care|6|296.23|296.23
2024-01-02|ROL|Environmental & Facilities Services - Industrials|46|43.27|43.27
2024-01-02|GILD|Biotechnology - Health Care|4|83.24|83.24
2024-01-02|WBD|Broadcasting - Communication Services|2|11.66|11.66
2024-01-09|EMN|Specialty Chemicals - Materials|22|89.38|87.8
2024-01-09|DVA|Health Care Services - Health Care|18|106.89|108.45
2024-01-09|STT|Asset Management & Custody Banks - Financials|25|77.75|77.32
2024-01-09|DD|Specialty Chemicals - Materials|1|32.43|31.93
2024-01-09|SYK|Health Care Equipment - Health Care|6|296.23|303.25
2024-01-09|ROL|Environmental & Facilities Services - Industrials|46|43.27|43.06
2024-01-09|GILD|Biotechnology - Health Care|4|83.24|86.06
2024-01-09|NCLH|Hotels, Resorts & Cruise Lines - Consumer Discretionary|1|17.38|17.38
2024-01-09|WBD|Broadcasting - Communication Services|1|11.03|11.03
2024-01-16|EMN|Specialty Chemicals - Materials|22|89.38|86.29
2024-01-16|DVA|Health Care Services - Health Care|18|106.89|104.82
2024-01-16|STT|Asset Management & Custody Banks - Financials|25|77.75|75.87
2024-01-16|DD|Specialty Chemicals - Materials|1|32.43|30.85
2024-01-16|SYK|Health Care Equipment - Health Care|6|296.23|314.29
2024-01-16|ROL|Environmental & Facilities Services - Industrials|46|43.27|43.68
2024-01-16|GILD|Biotechnology - Health Care|4|83.24|85.99
2024-01-16|NCLH|Hotels, Resorts & Cruise Lines - Consumer Discretionary|1|17.38|17.25
2024-01-16|WBD|Broadcasting - Communication Services|1|10.35|10.35
2024-01-17|EMN|Specialty Chemicals - Materials|22|89.38|85.71
2024-01-17|DVA|Health Care Services - Health Care|18|106.89|104.65
2024-01-17|STT|Asset Management & Custody Banks - Financials|25|77.75|74.69
2024-01-17|SYK|Health Care Equipment - Health Care|6|296.23|313.68
2024-01-17|ROL|Environmental & Facilities Services - Industrials|46|43.27|43.37
2024-01-17|GILD|Biotechnology - Health Care|4|83.24|86.48
2024-01-17|NCLH|Hotels, Resorts & Cruise Lines - Consumer Discretionary|1|17.38|17.08
2024-01-17|WBD|Broadcasting - Communication Services|1|10.35|10.16
2024-01-17|IVZ|Asset Management & Custody Banks - Financials|2|16.65|16.65
2024-01-22|EMN|Specialty Chemicals - Materials|22|89.38|87.39
2024-01-22|DVA|Health Care Services - Health Care|18|106.89|104.63
2024-01-22|STT|Asset Management & Custody Banks - Financials|25|77.75|74.31
2024-01-22|SYK|Health Care Equipment - Health Care|6|296.23|313.27
2024-01-22|ROL|Environmental & Facilities Services - Industrials|46|43.27|44.08
2024-01-22|NCLH|Hotels, Resorts & Cruise Lines - Consumer Discretionary|1|17.38|17.48
2024-01-22|WBD|Broadcasting - Communication Services|1|10.35|10.47
2024-01-22|IVZ|Asset Management & Custody Banks - Financials|2|16.65|17.39
2024-01-22|CMI|Construction Machinery & Heavy Transportation Equipment - Industrials|1|233.88|233.88
2024-01-22|XEL|Multi-Utilities - Utilities|1|58.93|58.93
2024-01-22|WBD|Broadcasting - Communication Services|2|10.47|10.47
2024-01-24|DVA|Health Care Services - Health Care|18|106.89|104.46
2024-01-24|SYK|Health Care Equipment - Health Care|6|296.23|307.75
2024-01-24|ROL|Environmental & Facilities Services - Industrials|46|43.27|43.29
2024-01-24|NCLH|Hotels, Resorts & Cruise Lines - Consumer Discretionary|1|17.38|17.51
2024-01-24|WBD|Broadcasting - Communication Services|1|10.35|10.41
2024-01-24|IVZ|Asset Management & Custody Banks - Financials|2|16.65|15.82
2024-01-24|CMI|Construction Machinery & Heavy Transportation Equipment - Industrials|1|233.88|235.8
2024-01-24|XEL|Multi-Utilities - Utilities|1|58.93|58.22
2024-01-24|WBD|Broadcasting - Communication Services|2|10.47|10.41
2024-01-24|KEYS|Electronic Equipment & Instruments - Information Technology|12|155.22|155.22
2024-01-24|DTE|Multi-Utilities - Utilities|17|102.36|102.36
2024-01-24|XEL|Multi-Utilities - Utilities|1|58.22|58.22
2024-01-24|WBD|Broadcasting - Communication Services|2|10.41|10.41
2024-02-02|DVA|Health Care Services - Health Care|18|106.89|111.21
2024-02-02|ROL|Environmental & Facilities Services - Industrials|46|43.27|44.02
2024-02-02|NCLH|Hotels, Resorts & Cruise Lines - Consumer Discretionary|1|17.38|17.74
2024-02-02|WBD|Broadcasting - Communication Services|1|10.35|10.25
2024-02-02|IVZ|Asset Management & Custody Banks - Financials|2|16.65|15.83
2024-02-02|CMI|Construction Machinery & Heavy Transportation Equipment - Industrials|1|233.88|244.65
2024-02-02|XEL|Multi-Utilities - Utilities|1|58.93|59.82
2024-02-02|WBD|Broadcasting - Communication Services|2|10.47|10.25
2024-02-02|KEYS|Electronic Equipment & Instruments - Information Technology|12|155.22|155.7
2024-02-02|DTE|Multi-Utilities - Utilities|17|102.36|105.08
2024-02-02|XEL|Multi-Utilities - Utilities|1|58.22|59.82
2024-02-02|WBD|Broadcasting - Communication Services|2|10.41|10.25
2024-02-02|TSCO|Other Specialty Retail - Consumer Discretionary|43|46.59|46.59
2024-02-02|WY|Timber REITs - Real Estate|1|32.9|32.9
2024-02-02|WBD|Broadcasting - Communication Services|2|10.25|10.25
2024-02-05|DVA|Health Care Services - Health Care|18|106.89|110.74
2024-02-05|ROL|Environmental & Facilities Services - Industrials|46|43.27|43.52
2024-02-05|NCLH|Hotels, Resorts & Cruise Lines - Consumer Discretionary|1|17.38|17.14
2024-02-05|WBD|Broadcasting - Communication Services|1|10.35|10.07
2024-02-05|CMI|Construction Machinery & Heavy Transportation Equipment - Industrials|1|233.88|241.11
2024-02-05|XEL|Multi-Utilities - Utilities|1|58.93|58.52
2024-02-05|WBD|Broadcasting - Communication Services|2|10.47|10.07
2024-02-05|KEYS|Electronic Equipment & Instruments - Information Technology|12|155.22|154.15
2024-02-05|DTE|Multi-Utilities - Utilities|17|102.36|103.92
2024-02-05|XEL|Multi-Utilities - Utilities|1|58.22|58.52
2024-02-05|WBD|Broadcasting - Communication Services|2|10.41|10.07
2024-02-05|TSCO|Other Specialty Retail - Consumer Discretionary|43|46.59|46.19
2024-02-05|WY|Timber REITs - Real Estate|1|32.9|32.37
2024-02-05|WBD|Broadcasting - Communication Services|2|10.25|10.07
2024-02-05|WY|Timber REITs - Real Estate|1|32.37|32.37
2024-02-07|DVA|Health Care Services - Health Care|18|106.89|111.61
2024-02-07|ROL|Environmental & Facilities Services - Industrials|46|43.27|44.2
2024-02-07|NCLH|Hotels, Resorts & Cruise Lines - Consumer Discretionary|1|17.38|17.39
2024-02-07|CMI|Construction Machinery & Heavy Transportation Equipment - Industrials|1|233.88|248.11
2024-02-07|XEL|Multi-Utilities - Utilities|1|58.93|58.37
2024-02-07|KEYS|Electronic Equipment & Instruments - Information Technology|12|155.22|158.14
2024-02-07|DTE|Multi-Utilities - Utilities|17|102.36|105.22
2024-02-07|XEL|Multi-Utilities - Utilities|1|58.22|58.37
2024-02-07|TSCO|Other Specialty Retail - Consumer Discretionary|43|46.59|46.69
2024-02-07|WY|Timber REITs - Real Estate|1|32.9|32.86
2024-02-07|WBD|Broadcasting - Communication Services|2|10.25|9.75
2024-02-07|WY|Timber REITs - Real Estate|1|32.37|32.86
2024-02-07|WY|Timber REITs - Real Estate|1|32.86|32.86
2024-02-07|WBD|Broadcasting - Communication Services|1|9.75|9.75
2024-02-09|DVA|Health Care Services - Health Care|18|106.89|109.86
2024-02-09|ROL|Environmental & Facilities Services - Industrials|46|43.27|43.48
2024-02-09|CMI|Construction Machinery & Heavy Transportation Equipment - Industrials|1|233.88|251.78
2024-02-09|XEL|Multi-Utilities - Utilities|1|58.93|58.17
2024-02-09|KEYS|Electronic Equipment & Instruments - Information Technology|12|155.22|161.52
2024-02-09|DTE|Multi-Utilities - Utilities|17|102.36|104.41
2024-02-09|XEL|Multi-Utilities - Utilities|1|58.22|58.17
2024-02-09|TSCO|Other Specialty Retail - Consumer Discretionary|43|46.59|47.02
2024-02-09|WY|Timber REITs - Real Estate|1|32.9|33.28
2024-02-09|WY|Timber REITs - Real Estate|1|32.37|33.28
2024-02-09|WY|Timber REITs - Real Estate|1|32.86|33.28
2024-02-09|WBD|Broadcasting - Communication Services|1|9.75|9.64
2024-02-09|WY|Timber REITs - Real Estate|1|33.28|33.28
2024-02-09|WBD|Broadcasting - Communication Services|1|9.64|9.64
2024-02-14|ROL|Environmental & Facilities Services - Industrials|46|43.27|44.25
2024-02-14|CMI|Construction Machinery & Heavy Transportation Equipment - Industrials|1|233.88|260.47
2024-02-14|XEL|Multi-Utilities - Utilities|1|58.93|58.68
2024-02-14|KEYS|Electronic Equipment & Instruments - Information Technology|12|155.22|154.89
2024-02-14|DTE|Multi-Utilities - Utilities|17|102.36|105.33
2024-02-14|XEL|Multi-Utilities - Utilities|1|58.22|58.68
2024-02-14|TSCO|Other Specialty Retail - Consumer Discretionary|43|46.59|47.1
2024-02-14|WY|Timber REITs - Real Estate|1|32.9|33.03
2024-02-14|WY|Timber REITs - Real Estate|1|32.37|33.03
2024-02-14|WY|Timber REITs - Real Estate|1|32.86|33.03
2024-02-14|WBD|Broadcasting - Communication Services|1|9.75|9.73
2024-02-14|WY|Timber REITs - Real Estate|1|33.28|33.03
2024-02-14|WBD|Broadcasting - Communication Services|1|9.64|9.73
2024-02-14|ZTS|Pharmaceuticals - Health Care|11|184.08|184.08
2024-02-14|ZBH|Health Care Equipment - Health Care|1|121.84|121.84
2024-02-14|XEL|Multi-Utilities - Utilities|1|58.68|58.68
2024-02-14|WBD|Broadcasting - Communication Services|1|9.73|9.73
2024-02-16|CMI|Construction Machinery & Heavy Transportation Equipment - Industrials|1|233.88|266.48
2024-02-16|XEL|Multi-Utilities - Utilities|1|58.93|59.07
2024-02-16|KEYS|Electronic Equipment & Instruments - Information Technology|12|155.22|155.22
2024-02-16|DTE|Multi-Utilities - Utilities|17|102.36|107.8
2024-02-16|XEL|Multi-Utilities - Utilities|1|58.22|59.07
2024-02-16|TSCO|Other Specialty Retail - Consumer Discretionary|43|46.59|47.3
2024-02-16|WY|Timber REITs - Real Estate|1|32.9|32.99
2024-02-16|WY|Timber REITs - Real Estate|1|32.37|32.99
2024-02-16|WY|Timber REITs - Real Estate|1|32.86|32.99
2024-02-16|WBD|Broadcasting - Communication Services|1|9.75|9.83
2024-02-16|WY|Timber REITs - Real Estate|1|33.28|32.99
2024-02-16|WBD|Broadcasting - Communication Services|1|9.64|9.83
2024-02-16|ZTS|Pharmaceuticals - Health Care|11|184.08|188.39
2024-02-16|ZBH|Health Care Equipment - Health Care|1|121.84|124.71
2024-02-16|XEL|Multi-Utilities - Utilities|1|58.68|59.07
2024-02-16|WBD|Broadcasting - Communication Services|1|9.73|9.83
2024-02-16|PG|Personal Care Products - Consumer Staples|12|157.51|157.51
2024-02-21|CMI|Construction Machinery & Heavy Transportation Equipment - Industrials|1|233.88|263.19
2024-02-21|XEL|Multi-Utilities - Utilities|1|58.93|59.81
2024-02-21|DTE|Multi-Utilities - Utilities|17|102.36|109.16
2024-02-21|XEL|Multi-Utilities - Utilities|1|58.22|59.81
2024-02-21|TSCO|Other Specialty Retail - Consumer Discretionary|43|46.59|47.08
2024-02-21|WY|Timber REITs - Real Estate|1|32.9|33.16
2024-02-21|WY|Timber REITs - Real Estate|1|32.37|33.16
2024-02-21|WY|Timber REITs - Real Estate|1|32.86|33.16
2024-02-21|WBD|Broadcasting - Communication Services|1|9.75|9.57
2024-02-21|WY|Timber REITs - Real Estate|1|33.28|33.16
2024-02-21|WBD|Broadcasting - Communication Services|1|9.64|9.57
2024-02-21|ZTS|Pharmaceuticals - Health Care|11|184.08|188.38
2024-02-21|ZBH|Health Care Equipment - Health Care|1|121.84|128.35
2024-02-21|XEL|Multi-Utilities - Utilities|1|58.68|59.81
2024-02-21|WBD|Broadcasting - Communication Services|1|9.73|9.57
2024-02-21|PG|Personal Care Products - Consumer Staples|12|157.51|160.4
2024-02-21|YUM|Restaurants - Consumer Discretionary|12|135.23|135.23
2024-02-21|XOM|Integrated Oil & Gas - Energy|1|104.85|104.85
2024-02-23|CMI|Construction Machinery & Heavy Transportation Equipment - Industrials|1|233.88|263.97
2024-02-23|XEL|Multi-Utilities - Utilities|1|58.93|59.33
2024-02-23|DTE|Multi-Utilities - Utilities|17|102.36|108.45
2024-02-23|XEL|Multi-Utilities - Utilities|1|58.22|59.33
2024-02-23|TSCO|Other Specialty Retail - Consumer Discretionary|43|46.59|48.61
2024-02-23|WY|Timber REITs - Real Estate|1|32.9|33.38
2024-02-23|WY|Timber REITs - Real Estate|1|32.37|33.38
2024-02-23|WY|Timber REITs - Real Estate|1|32.86|33.38
2024-02-23|WY|Timber REITs - Real Estate|1|33.28|33.38
2024-02-23|ZTS|Pharmaceuticals - Health Care|11|184.08|197.21
2024-02-23|ZBH|Health Care Equipment - Health Care|1|121.84|129.18
2024-02-23|XEL|Multi-Utilities - Utilities|1|58.68|59.33
2024-02-23|PG|Personal Care Products - Consumer Staples|12|157.51|161.03
2024-02-23|YUM|Restaurants - Consumer Discretionary|12|135.23|138.32
2024-02-23|XOM|Integrated Oil & Gas - Energy|1|104.85|103.84
2024-02-23|WBD|Broadcasting - Communication Services|3|8.61|8.61
2024-02-28|XEL|Multi-Utilities - Utilities|1|58.93|57.67
2024-02-28|DTE|Multi-Utilities - Utilities|17|102.36|108.1
2024-02-28|XEL|Multi-Utilities - Utilities|1|58.22|57.67
2024-02-28|TSCO|Other Specialty Retail - Consumer Discretionary|43|46.59|50.52
2024-02-28|WY|Timber REITs - Real Estate|1|32.9|34.23
2024-02-28|WY|Timber REITs - Real Estate|1|32.37|34.23
2024-02-28|WY|Timber REITs - Real Estate|1|32.86|34.23
2024-02-28|WY|Timber REITs - Real Estate|1|33.28|34.23
2024-02-28|ZTS|Pharmaceuticals - Health Care|11|184.08|199.94
2024-02-28|ZBH|Health Care Equipment - Health Care|1|121.84|124.13
2024-02-28|XEL|Multi-Utilities - Utilities|1|58.68|57.67
2024-02-28|PG|Personal Care Products - Consumer Staples|12|157.51|160.05
2024-02-28|YUM|Restaurants - Consumer Discretionary|12|135.23|138.6
2024-02-28|XOM|Integrated Oil & Gas - Energy|1|104.85|104.32
2024-02-28|WBD|Broadcasting - Communication Services|3|8.61|8.71
2024-02-28|KR|Food Retail - Consumer Staples|5|48.53|48.53
2024-02-28|WY|Timber REITs - Real Estate|1|34.23|34.23
2024-02-29|DTE|Multi-Utilities - Utilities|17|102.36|108.35
2024-02-29|TSCO|Other Specialty Retail - Consumer Discretionary|43|46.59|50.86
2024-02-29|WY|Timber REITs - Real Estate|1|32.9|34.38
2024-02-29|WY|Timber REITs - Real Estate|1|32.37|34.38
2024-02-29|WY|Timber REITs - Real Estate|1|32.86|34.38
2024-02-29|WY|Timber REITs - Real Estate|1|33.28|34.38
2024-02-29|ZTS|Pharmaceuticals - Health Care|11|184.08|198.33
2024-02-29|ZBH|Health Care Equipment - Health Care|1|121.84|124.36
2024-02-29|PG|Personal Care Products - Consumer Staples|12|157.51|158.94
2024-02-29|YUM|Restaurants - Consumer Discretionary|12|135.23|138.42
2024-02-29|XOM|Integrated Oil & Gas - Energy|1|104.85|104.52
2024-02-29|WBD|Broadcasting - Communication Services|3|8.61|8.79
2024-02-29|KR|Food Retail - Consumer Staples|5|48.53|49.61
2024-02-29|WY|Timber REITs - Real Estate|1|34.23|34.38
2024-02-29|WYNN|Casinos & Gaming - Consumer Discretionary|1|105.2|105.2
2024-02-29|XEL|Multi-Utilities - Utilities|1|52.69|52.69
2024-03-01|DTE|Multi-Utilities - Utilities|17|102.36|108.11
2024-03-01|TSCO|Other Specialty Retail - Consumer Discretionary|43|46.59|50.48
2024-03-01|WY|Timber REITs - Real Estate|1|32.9|34.91
2024-03-01|WY|Timber REITs - Real Estate|1|32.37|34.91
2024-03-01|WY|Timber REITs - Real Estate|1|32.86|34.91
2024-03-01|WY|Timber REITs - Real Estate|1|33.28|34.91
2024-03-01|ZTS|Pharmaceuticals - Health Care|11|184.08|190.82
2024-03-01|ZBH|Health Care Equipment - Health Care|1|121.84|124.01
2024-03-01|PG|Personal Care Products - Consumer Staples|12|157.51|158.85
2024-03-01|YUM|Restaurants - Consumer Discretionary|12|135.23|137.42
2024-03-01|XOM|Integrated Oil & Gas - Energy|1|104.85|105.84
2024-03-01|WBD|Broadcasting - Communication Services|3|8.61|8.67
2024-03-01|KR|Food Retail - Consumer Staples|5|48.53|49.16
2024-03-01|WY|Timber REITs - Real Estate|1|34.23|34.91
2024-03-01|WYNN|Casinos & Gaming - Consumer Discretionary|1|105.2|101.21
2024-03-01|XEL|Multi-Utilities - Utilities|1|49.57|49.57
2024-03-04|DTE|Multi-Utilities - Utilities|17|102.36|109.8
2024-03-04|TSCO|Other Specialty Retail - Consumer Discretionary|43|46.59|50.65
2024-03-04|WY|Timber REITs - Real Estate|1|32.9|35.36
2024-03-04|WY|Timber REITs - Real Estate|1|32.37|35.36
2024-03-04|WY|Timber REITs - Real Estate|1|32.86|35.36
2024-03-04|WY|Timber REITs - Real Estate|1|33.28|35.36
2024-03-04|ZTS|Pharmaceuticals - Health Care|11|184.08|187.86
2024-03-04|ZBH|Health Care Equipment - Health Care|1|121.84|125.51
2024-03-04|PG|Personal Care Products - Consumer Staples|12|157.51|159.56
2024-03-04|YUM|Restaurants - Consumer Discretionary|12|135.23|138.55
2024-03-04|XOM|Integrated Oil & Gas - Energy|1|104.85|104.36
2024-03-04|KR|Food Retail - Consumer Staples|5|48.53|49.37
2024-03-04|WY|Timber REITs - Real Estate|1|34.23|35.36
2024-03-04|XEL|Multi-Utilities - Utilities|1|49.57|51.06
2024-03-04|AEP|Electric Utilities - Utilities|1|84.95|84.95
2024-03-04|WY|Timber REITs - Real Estate|1|35.36|35.36
2024-03-08|DTE|Multi-Utilities - Utilities|17|102.36|112.82
2024-03-08|TSCO|Other Specialty Retail - Consumer Discretionary|43|46.59|50.1
2024-03-08|WY|Timber REITs - Real Estate|1|32.9|34.84
2024-03-08|WY|Timber REITs - Real Estate|1|32.37|34.84
2024-03-08|WY|Timber REITs - Real Estate|1|32.86|34.84
2024-03-08|WY|Timber REITs - Real Estate|1|33.28|34.84
2024-03-08|ZTS|Pharmaceuticals - Health Care|11|184.08|182.16
2024-03-08|ZBH|Health Care Equipment - Health Care|1|121.84|126.74
2024-03-08|PG|Personal Care Products - Consumer Staples|12|157.51|160.35
2024-03-08|YUM|Restaurants - Consumer Discretionary|12|135.23|139.56
2024-03-08|XOM|Integrated Oil & Gas - Energy|1|104.85|108.38
2024-03-08|WY|Timber REITs - Real Estate|1|34.23|34.84
2024-03-08|XEL|Multi-Utilities - Utilities|1|49.57|51.02
2024-03-08|AEP|Electric Utilities - Utilities|1|84.95|83.84
2024-03-08|WY|Timber REITs - Real Estate|1|35.36|34.84
2024-03-08|ZBRA|Electronic Equipment & Instruments - Information Technology|1|282.59|282.59
2024-03-14|DTE|Multi-Utilities - Utilities|17|102.36|109.39
2024-03-14|TSCO|Other Specialty Retail - Consumer Discretionary|43|46.59|50.77
2024-03-14|WY|Timber REITs - Real Estate|1|32.9|34.26
2024-03-14|WY|Timber REITs - Real Estate|1|32.37|34.26
2024-03-14|WY|Timber REITs - Real Estate|1|32.86|34.26
2024-03-14|WY|Timber REITs - Real Estate|1|33.28|34.26
2024-03-14|ZBH|Health Care Equipment - Health Care|1|121.84|125.73
2024-03-14|PG|Personal Care Products - Consumer Staples|12|157.51|161.5
2024-03-14|YUM|Restaurants - Consumer Discretionary|12|135.23|137.16
2024-03-14|XOM|Integrated Oil & Gas - Energy|1|104.85|111.47
2024-03-14|WY|Timber REITs - Real Estate|1|34.23|34.26
2024-03-14|XEL|Multi-Utilities - Utilities|1|49.57|51.88
2024-03-14|AEP|Electric Utilities - Utilities|1|84.95|81.86
2024-03-14|WY|Timber REITs - Real Estate|1|35.36|34.26
2024-03-14|ZBRA|Electronic Equipment & Instruments - Information Technology|1|282.59|281.77
2024-03-14|ZTS|Pharmaceuticals - Health Care|11|173.88|173.88
2024-04-02|DTE|Multi-Utilities - Utilities|17|102.36|111.09
2024-04-02|TSCO|Other Specialty Retail - Consumer Discretionary|43|46.59|51.38
2024-04-02|WY|Timber REITs - Real Estate|1|32.9|35.43
2024-04-02|WY|Timber REITs - Real Estate|1|32.37|35.43
2024-04-02|WY|Timber REITs - Real Estate|1|32.86|35.43
2024-04-02|WY|Timber REITs - Real Estate|1|33.28|35.43
2024-04-02|ZBH|Health Care Equipment - Health Care|1|121.84|128.47
2024-04-02|PG|Personal Care Products - Consumer Staples|12|157.51|160.57
2024-04-02|YUM|Restaurants - Consumer Discretionary|12|135.23|140.71
2024-04-02|XOM|Integrated Oil & Gas - Energy|1|104.85|119.28
2024-04-02|WY|Timber REITs - Real Estate|1|34.23|35.43
2024-04-02|XEL|Multi-Utilities - Utilities|1|49.57|54.08
2024-04-02|AEP|Electric Utilities - Utilities|1|84.95|85.21
2024-04-02|WY|Timber REITs - Real Estate|1|35.36|35.43
2024-04-02|ZBRA|Electronic Equipment & Instruments - Information Technology|1|282.59|296.5
2024-04-02|PEG|Electric Utilities - Utilities|27|66.42|66.42
2024-04-02|WBD|Broadcasting - Communication Services|2|8.48|8.48
2024-04-05|DTE|Multi-Utilities - Utilities|17|102.36|109.1
2024-04-05|TSCO|Other Specialty Retail - Consumer Discretionary|43|46.59|50.5
2024-04-05|WY|Timber REITs - Real Estate|1|32.9|34.59
2024-04-05|WY|Timber REITs - Real Estate|1|32.37|34.59
2024-04-05|WY|Timber REITs - Real Estate|1|32.86|34.59
2024-04-05|WY|Timber REITs - Real Estate|1|33.28|34.59
2024-04-05|ZBH|Health Care Equipment - Health Care|1|121.84|127.33
2024-04-05|PG|Personal Care Products - Consumer Staples|12|157.51|156.1
2024-04-05|YUM|Restaurants - Consumer Discretionary|12|135.23|136.1
2024-04-05|WY|Timber REITs - Real Estate|1|34.23|34.59
2024-04-05|XEL|Multi-Utilities - Utilities|1|49.57|53.53
2024-04-05|AEP|Electric Utilities - Utilities|1|84.95|83.95
2024-04-05|WY|Timber REITs - Real Estate|1|35.36|34.59
2024-04-05|ZBRA|Electronic Equipment & Instruments - Information Technology|1|282.59|290.38
2024-04-05|PEG|Electric Utilities - Utilities|27|66.42|66.52
2024-04-05|WBD|Broadcasting - Communication Services|2|8.48|8.32
2024-04-05|ZBH|Health Care Equipment - Health Care|1|127.33|127.33
2024-04-12|DTE|Multi-Utilities - Utilities|17|102.36|106.25
2024-04-12|TSCO|Other Specialty Retail - Consumer Discretionary|43|46.59|48.98
2024-04-12|WY|Timber REITs - Real Estate|1|32.9|33.24
2024-04-12|WY|Timber REITs - Real Estate|1|32.37|33.24
2024-04-12|WY|Timber REITs - Real Estate|1|32.86|33.24
2024-04-12|WY|Timber REITs - Real Estate|1|33.28|33.24
2024-04-12|ZBH|Health Care Equipment - Health Care|1|121.84|124.48
2024-04-12|PG|Personal Care Products - Consumer Staples|12|157.51|155.33
2024-04-12|YUM|Restaurants - Consumer Discretionary|12|135.23|137.8
2024-04-12|WY|Timber REITs - Real Estate|1|34.23|33.24
2024-04-12|XEL|Multi-Utilities - Utilities|1|49.57|53.17
2024-04-12|AEP|Electric Utilities - Utilities|1|84.95|82.1
2024-04-12|ZBRA|Electronic Equipment & Instruments - Information Technology|1|282.59|289.68
2024-04-12|PEG|Electric Utilities - Utilities|27|66.42|65.87
2024-04-12|WBD|Broadcasting - Communication Services|2|8.48|8.34
2024-04-12|ZBH|Health Care Equipment - Health Care|1|127.33|124.48
2024-04-12|HPE|Technology Hardware, Storage & Peripherals - Information Technology|1|17.42|17.42
2024-04-12|WBD|Broadcasting - Communication Services|1|8.34|8.34
2024-04-16|DTE|Multi-Utilities - Utilities|17|102.36|103.2
2024-04-16|TSCO|Other Specialty Retail - Consumer Discretionary|43|46.59|48.97
2024-04-16|WY|Timber REITs - Real Estate|1|32.9|31.97
2024-04-16|WY|Timber REITs - Real Estate|1|32.37|31.97
2024-04-16|WY|Timber REITs - Real Estate|1|32.86|31.97
2024-04-16|WY|Timber REITs - Real Estate|1|33.28|31.97
2024-04-16|ZBH|Health Care Equipment - Health Care|1|121.84|122.07
2024-04-16|PG|Personal Care Products - Consumer Staples|12|157.51|155.95
2024-04-16|YUM|Restaurants - Consumer Discretionary|12|135.23|138.0
2024-04-16|XEL|Multi-Utilities - Utilities|1|49.57|52.53
2024-04-16|ZBRA|Electronic Equipment & Instruments - Information Technology|1|282.59|280.42
2024-04-16|PEG|Electric Utilities - Utilities|27|66.42|64.28
2024-04-16|WBD|Broadcasting - Communication Services|2|8.48|8.14
2024-04-16|ZBH|Health Care Equipment - Health Care|1|127.33|122.07
2024-04-16|HPE|Technology Hardware, Storage & Peripherals - Information Technology|1|17.42|17.14
2024-04-16|WBD|Broadcasting - Communication Services|1|8.34|8.14
2024-04-16|MMM|Industrial Conglomerates - Industrials|1|91.05|91.05
2024-04-16|WBD|Broadcasting - Communication Services|3|8.14|8.14
2024-04-17|DTE|Multi-Utilities - Utilities|17|102.36|105.27
2024-04-17|TSCO|Other Specialty Retail - Consumer Discretionary|43|46.59|49.48
2024-04-17|WY|Timber REITs - Real Estate|1|32.9|31.52
2024-04-17|WY|Timber REITs - Real Estate|1|32.37|31.52
2024-04-17|WY|Timber REITs - Real Estate|1|32.86|31.52
2024-04-17|ZBH|Health Care Equipment - Health Care|1|121.84|121.3
2024-04-17|PG|Personal Care Products - Consumer Staples|12|157.51|156.96
2024-04-17|YUM|Restaurants - Consumer Discretionary|12|135.23|137.83
2024-04-17|XEL|Multi-Utilities - Utilities|1|49.57|53.19
2024-04-17|ZBRA|Electronic Equipment & Instruments - Information Technology|1|282.59|276.14
2024-04-17|PEG|Electric Utilities - Utilities|27|66.42|65.03
2024-04-17|WBD|Broadcasting - Communication Services|2|8.48|8.23
2024-04-17|ZBH|Health Care Equipment - Health Care|1|127.33|121.3
2024-04-17|HPE|Technology Hardware, Storage & Peripherals - Information Technology|1|17.42|17.03
2024-04-17|WBD|Broadcasting - Communication Services|1|8.34|8.23
2024-04-17|MMM|Industrial Conglomerates - Industrials|1|91.05|90.96
2024-04-17|WBD|Broadcasting - Communication Services|3|8.14|8.23
2024-04-17|WY|Timber REITs - Real Estate|1|31.52|31.52
2024-04-18|DTE|Multi-Utilities - Utilities|17|102.36|106.48
2024-04-18|TSCO|Other Specialty Retail - Consumer Discretionary|43|46.59|49.47
2024-04-18|WY|Timber REITs - Real Estate|1|32.9|31.35
2024-04-18|WY|Timber REITs - Real Estate|1|32.37|31.35
2024-04-18|WY|Timber REITs - Real Estate|1|32.86|31.35
2024-04-18|ZBH|Health Care Equipment - Health Care|1|121.84|119.33
2024-04-18|PG|Personal Care Products - Consumer Staples|12|157.51|157.29
2024-04-18|YUM|Restaurants - Consumer Discretionary|12|135.23|137.87
2024-04-18|XEL|Multi-Utilities - Utilities|1|49.57|53.76
2024-04-18|ZBRA|Electronic Equipment & Instruments - Information Technology|1|282.59|273.03
2024-04-18|PEG|Electric Utilities - Utilities|27|66.42|65.1
2024-04-18|WBD|Broadcasting - Communication Services|2|8.48|8.31
2024-04-18|HPE|Technology Hardware, Storage & Peripherals - Information Technology|1|17.42|17.04
2024-04-18|WBD|Broadcasting - Communication Services|1|8.34|8.31
2024-04-18|MMM|Industrial Conglomerates - Industrials|1|91.05|91.48
2024-04-18|WBD|Broadcasting - Communication Services|3|8.14|8.31
2024-04-18|WY|Timber REITs - Real Estate|1|31.52|31.35
2024-04-18|ZBH|Health Care Equipment - Health Care|1|119.33|119.33
2024-04-19|DTE|Multi-Utilities - Utilities|17|102.36|108.57
2024-04-19|TSCO|Other Specialty Retail - Consumer Discretionary|43|46.59|50.56
2024-04-19|WY|Timber REITs - Real Estate|1|32.9|31.47
2024-04-19|WY|Timber REITs - Real Estate|1|32.37|31.47
2024-04-19|WY|Timber REITs - Real Estate|1|32.86|31.47
2024-04-19|ZBH|Health Care Equipment - Health Care|1|121.84|119.43
2024-04-19|PG|Personal Care Products - Consumer Staples|12|157.51|158.14
2024-04-19|YUM|Restaurants - Consumer Discretionary|12|135.23|138.5
2024-04-19|XEL|Multi-Utilities - Utilities|1|49.57|54.72
2024-04-19|PEG|Electric Utilities - Utilities|27|66.42|65.74
2024-04-19|WBD|Broadcasting - Communication Services|2|8.48|8.4
2024-04-19|HPE|Technology Hardware, Storage & Peripherals - Information Technology|1|17.42|16.79
2024-04-19|WBD|Broadcasting - Communication Services|1|8.34|8.4
2024-04-19|MMM|Industrial Conglomerates - Industrials|1|91.05|92.27
2024-04-19|WBD|Broadcasting - Communication Services|3|8.14|8.4
2024-04-19|WY|Timber REITs - Real Estate|1|31.52|31.47
2024-04-19|ZBH|Health Care Equipment - Health Care|1|119.33|119.43
2024-04-19|UAL|Passenger Airlines - Industrials|5|51.38|51.38
2024-04-19|WBD|Broadcasting - Communication Services|1|8.4|8.4
2024-04-26|DTE|Multi-Utilities - Utilities|17|102.36|109.52
2024-04-26|WY|Timber REITs - Real Estate|1|32.37|31.05
2024-04-26|ZBH|Health Care Equipment - Health Care|1|121.84|119.35
2024-04-26|PG|Personal Care Products - Consumer Staples|12|157.51|161.29
2024-04-26|YUM|Restaurants - Consumer Discretionary|12|135.23|141.77
2024-04-26|XEL|Multi-Utilities - Utilities|1|49.57|53.96
2024-04-26|PEG|Electric Utilities - Utilities|27|66.42|67.82
2024-04-26|WBD|Broadcasting - Communication Services|2|8.48|8.11
2024-04-26|HPE|Technology Hardware, Storage & Peripherals - Information Technology|1|17.42|17.17
2024-04-26|WBD|Broadcasting - Communication Services|1|8.34|8.11
2024-04-26|MMM|Industrial Conglomerates - Industrials|1|91.05|91.83
2024-04-26|WBD|Broadcasting - Communication Services|3|8.14|8.11
2024-04-26|WY|Timber REITs - Real Estate|1|31.52|31.05
2024-04-26|ZBH|Health Care Equipment - Health Care|1|119.33|119.35
2024-04-26|UAL|Passenger Airlines - Industrials|5|51.38|52.84
2024-04-26|WBD|Broadcasting - Communication Services|1|8.4|8.11
2024-04-26|CAG|Packaged Foods & Meats - Consumer Staples|65|31.08|31.08
2024-04-26|DD|Specialty Chemicals - Materials|13|30.84|30.84
2024-04-30|DTE|Multi-Utilities - Utilities|17|102.36|110.32
2024-04-30|ZBH|Health Care Equipment - Health Care|1|121.84|120.28
2024-04-30|PG|Personal Care Products - Consumer Staples|12|157.51|163.2
2024-04-30|YUM|Restaurants - Consumer Discretionary|12|135.23|141.25
2024-04-30|XEL|Multi-Utilities - Utilities|1|49.57|53.73
2024-04-30|PEG|Electric Utilities - Utilities|27|66.42|69.08
2024-04-30|HPE|Technology Hardware, Storage & Peripherals - Information Technology|1|17.42|17.0
2024-04-30|MMM|Industrial Conglomerates - Industrials|1|91.05|96.51
2024-04-30|WY|Timber REITs - Real Estate|1|31.52|30.17
2024-04-30|ZBH|Health Care Equipment - Health Care|1|119.33|120.28
2024-04-30|UAL|Passenger Airlines - Industrials|5|51.38|51.46
2024-04-30|CAG|Packaged Foods & Meats - Consumer Staples|65|31.08|30.78
2024-04-30|DD|Specialty Chemicals - Materials|13|30.84|30.33
2024-04-30|CCL|Hotels, Resorts & Cruise Lines - Consumer Discretionary|5|14.82|14.82
2024-04-30|WBD|Broadcasting - Communication Services|1|7.36|7.36
2024-05-01|DTE|Multi-Utilities - Utilities|17|102.36|111.33
2024-05-01|ZBH|Health Care Equipment - Health Care|1|121.84|119.56
2024-05-01|PG|Personal Care Products - Consumer Staples|12|157.51|163.4
2024-05-01|YUM|Restaurants - Consumer Discretionary|12|135.23|135.33
2024-05-01|XEL|Multi-Utilities - Utilities|1|49.57|53.78
2024-05-01|PEG|Electric Utilities - Utilities|27|66.42|69.81
2024-05-01|MMM|Industrial Conglomerates - Industrials|1|91.05|98.44
2024-05-01|WY|Timber REITs - Real Estate|1|31.52|30.2
2024-05-01|ZBH|Health Care Equipment - Health Care|1|119.33|119.56
2024-05-01|UAL|Passenger Airlines - Industrials|5|51.38|50.67
2024-05-01|CAG|Packaged Foods & Meats - Consumer Staples|65|31.08|30.74
2024-05-01|DD|Specialty Chemicals - Materials|13|30.84|32.77
2024-05-01|CCL|Hotels, Resorts & Cruise Lines - Consumer Discretionary|5|14.82|14.47
2024-05-01|WBD|Broadcasting - Communication Services|1|7.36|7.62
2024-05-01|WBD|Broadcasting - Communication Services|2|7.62|7.62
2024-05-14|DTE|Multi-Utilities - Utilities|17|102.36|114.78
2024-05-14|ZBH|Health Care Equipment - Health Care|1|121.84|119.97
2024-05-14|PG|Personal Care Products - Consumer Staples|12|157.51|165.76
2024-05-14|YUM|Restaurants - Consumer Discretionary|12|135.23|137.49
2024-05-14|XEL|Multi-Utilities - Utilities|1|49.57|55.56
2024-05-14|PEG|Electric Utilities - Utilities|27|66.42|73.74
2024-05-14|MMM|Industrial Conglomerates - Industrials|1|91.05|100.08
2024-05-14|WY|Timber REITs - Real Estate|1|31.52|31.19
2024-05-14|ZBH|Health Care Equipment - Health Care|1|119.33|119.97
2024-05-14|UAL|Passenger Airlines - Industrials|5|51.38|55.09
2024-05-14|CAG|Packaged Foods & Meats - Consumer Staples|65|31.08|31.0
2024-05-14|DD|Specialty Chemicals - Materials|13|30.84|32.78
2024-05-14|CCL|Hotels, Resorts & Cruise Lines - Consumer Discretionary|5|14.82|14.52
2024-05-14|WBD|Broadcasting - Communication Services|2|7.62|8.56
2024-05-14|WBD|Broadcasting - Communication Services|1|8.56|8.56
2024-05-16|DTE|Multi-Utilities - Utilities|17|102.36|116.78
2024-05-16|ZBH|Health Care Equipment - Health Care|1|121.84|121.23
2024-05-16|PG|Personal Care Products - Consumer Staples|12|157.51|167.86
2024-05-16|YUM|Restaurants - Consumer Discretionary|12|135.23|141.66
2024-05-16|XEL|Multi-Utilities - Utilities|1|49.57|55.85
2024-05-16|PEG|Electric Utilities - Utilities|27|66.42|74.22
2024-05-16|WY|Timber REITs - Real Estate|1|31.52|31.11
2024-05-16|ZBH|Health Care Equipment - Health Care|1|119.33|121.23
2024-05-16|UAL|Passenger Airlines - Industrials|5|51.38|54.78
2024-05-16|CAG|Packaged Foods & Meats - Consumer Staples|65|31.08|30.99
2024-05-16|DD|Specialty Chemicals - Materials|13|30.84|32.46
2024-05-16|CCL|Hotels, Resorts & Cruise Lines - Consumer Discretionary|5|14.82|14.9
2024-05-16|WBD|Broadcasting - Communication Services|2|7.62|8.23
2024-05-16|WBD|Broadcasting - Communication Services|1|8.56|8.23
2024-05-16|SRE|Multi-Utilities - Utilities|1|77.67|77.67
2024-05-16|WY|Timber REITs - Real Estate|1|31.11|31.11
2024-05-17|DTE|Multi-Utilities - Utilities|17|102.36|116.6
2024-05-17|ZBH|Health Care Equipment - Health Care|1|121.84|120.18
2024-05-17|PG|Personal Care Products - Consumer Staples|12|157.51|167.64
2024-05-17|YUM|Restaurants - Consumer Discretionary|12|135.23|141.66
2024-05-17|XEL|Multi-Utilities - Utilities|1|49.57|55.52
2024-05-17|PEG|Electric Utilities - Utilities|27|66.42|74.54
2024-05-17|WY|Timber REITs - Real Estate|1|31.52|31.17
2024-05-17|ZBH|Health Care Equipment - Health Care|1|119.33|120.18
2024-05-17|UAL|Passenger Airlines - Industrials|5|51.38|54.97
2024-05-17|CAG|Packaged Foods & Meats - Consumer Staples|65|31.08|30.73
2024-05-17|DD|Specialty Chemicals - Materials|13|30.84|33.44
2024-05-17|CCL|Hotels, Resorts & Cruise Lines - Consumer Discretionary|5|14.82|15.0
2024-05-17|WBD|Broadcasting - Communication Services|2|7.62|8.05
2024-05-17|SRE|Multi-Utilities - Utilities|1|77.67|78.17
2024-05-17|WY|Timber REITs - Real Estate|1|31.11|31.17
2024-05-17|WBD|Broadcasting - Communication Services|1|8.05|8.05
2024-05-28|DTE|Multi-Utilities - Utilities|17|102.36|113.0
2024-05-28|ZBH|Health Care Equipment - Health Care|1|121.84|116.33
2024-05-28|PG|Personal Care Products - Consumer Staples|12|157.51|163.11
2024-05-28|YUM|Restaurants - Consumer Discretionary|12|135.23|135.86
2024-05-28|XEL|Multi-Utilities - Utilities|1|49.57|53.74
2024-05-28|PEG|Electric Utilities - Utilities|27|66.42|74.54
2024-05-28|ZBH|Health Care Equipment - Health Care|1|119.33|116.33
2024-05-28|UAL|Passenger Airlines - Industrials|5|51.38|50.64
2024-05-28|CAG|Packaged Foods & Meats - Consumer Staples|65|31.08|29.73
2024-05-28|DD|Specialty Chemicals - Materials|13|30.84|34.35
2024-05-28|CCL|Hotels, Resorts & Cruise Lines - Consumer Discretionary|5|14.82|15.65
2024-05-28|WBD|Broadcasting - Communication Services|2|7.62|7.87
2024-05-28|SRE|Multi-Utilities - Utilities|1|77.67|75.36
2024-05-28|WY|Timber REITs - Real Estate|1|31.11|29.76
2024-05-28|WBD|Broadcasting - Communication Services|1|8.05|7.87
2024-05-28|WY|Timber REITs - Real Estate|1|29.76|29.76
2024-05-29|DTE|Multi-Utilities - Utilities|17|102.36|110.97
2024-05-29|PG|Personal Care Products - Consumer Staples|12|157.51|161.65
2024-05-29|YUM|Restaurants - Consumer Discretionary|12|135.23|134.67
2024-05-29|XEL|Multi-Utilities - Utilities|1|49.57|53.3
2024-05-29|PEG|Electric Utilities - Utilities|27|66.42|73.2
2024-05-29|ZBH|Health Care Equipment - Health Care|1|119.33|115.14
2024-05-29|UAL|Passenger Airlines - Industrials|5|51.38|51.83
2024-05-29|DD|Specialty Chemicals - Materials|13|30.84|34.0
2024-05-29|CCL|Hotels, Resorts & Cruise Lines - Consumer Discretionary|5|14.82|15.22
2024-05-29|WBD|Broadcasting - Communication Services|2|7.62|7.66
2024-05-29|SRE|Multi-Utilities - Utilities|1|77.67|74.03
2024-05-29|WBD|Broadcasting - Communication Services|1|8.05|7.66
2024-05-29|WY|Timber REITs - Real Estate|1|29.76|29.36
2024-05-29|ENPH|Semiconductor Materials & Equipment - Information Technology|16|125.69|125.69
2024-05-29|WY|Timber REITs - Real Estate|1|29.36|29.36
2024-06-03|DTE|Multi-Utilities - Utilities|17|102.36|116.24
2024-06-03|PG|Personal Care Products - Consumer Staples|12|157.51|164.65
2024-06-03|YUM|Restaurants - Consumer Discretionary|12|135.23|139.33
2024-06-03|XEL|Multi-Utilities - Utilities|1|49.57|55.28
2024-06-03|PEG|Electric Utilities - Utilities|27|66.42|74.54
2024-06-03|UAL|Passenger Airlines - Industrials|5|51.38|52.72
2024-06-03|DD|Specialty Chemicals - Materials|13|30.84|33.74
2024-06-03|CCL|Hotels, Resorts & Cruise Lines - Consumer Discretionary|5|14.82|16.01
2024-06-03|WBD|Broadcasting - Communication Services|2|7.62|8.33
2024-06-03|SRE|Multi-Utilities - Utilities|1|77.67|76.71
2024-06-03|WBD|Broadcasting - Communication Services|1|8.05|8.33
2024-06-03|WY|Timber REITs - Real Estate|1|29.76|29.71
2024-06-03|ENPH|Semiconductor Materials & Equipment - Information Technology|16|125.69|127.55
2024-06-03|WY|Timber REITs - Real Estate|1|29.36|29.71
2024-06-03|ZBH|Health Care Equipment - Health Care|1|113.12|113.12
2024-06-12|DTE|Multi-Utilities - Utilities|17|102.36|112.63
2024-06-12|PG|Personal Care Products - Consumer Staples|12|157.51|165.18
2024-06-12|YUM|Restaurants - Consumer Discretionary|12|135.23|137.3
2024-06-12|XEL|Multi-Utilities - Utilities|1|49.57|54.77
2024-06-12|PEG|Electric Utilities - Utilities|27|66.42|73.04
2024-06-12|UAL|Passenger Airlines - Industrials|5|51.38|52.93
2024-06-12|DD|Specialty Chemicals - Materials|13|30.84|33.69
2024-06-12|CCL|Hotels, Resorts & Cruise Lines - Consumer Discretionary|5|14.82|16.74
2024-06-12|WBD|Broadcasting - Communication Services|2|7.62|7.81
2024-06-12|SRE|Multi-Utilities - Utilities|1|77.67|75.65
2024-06-12|WBD|Broadcasting - Communication Services|1|8.05|7.81
2024-06-12|WY|Timber REITs - Real Estate|1|29.76|29.21
2024-06-12|ENPH|Semiconductor Materials & Equipment - Information Technology|16|125.69|134.52
2024-06-12|WY|Timber REITs - Real Estate|1|29.36|29.21
2024-06-12|ZBH|Health Care Equipment - Health Care|1|107.45|107.45
2024-06-13|DTE|Multi-Utilities - Utilities|17|102.36|112.54
2024-06-13|PG|Personal Care Products - Consumer Staples|12|157.51|166.41
2024-06-13|YUM|Restaurants - Consumer Discretionary|12|135.23|138.01
2024-06-13|XEL|Multi-Utilities - Utilities|1|49.57|54.34
2024-06-13|PEG|Electric Utilities - Utilities|27|66.42|73.21
2024-06-13|UAL|Passenger Airlines - Industrials|5|51.38|52.07
2024-06-13|DD|Specialty Chemicals - Materials|13|30.84|33.51
2024-06-13|CCL|Hotels, Resorts & Cruise Lines - Consumer Discretionary|5|14.82|16.51
2024-06-13|WBD|Broadcasting - Communication Services|2|7.62|7.29
2024-06-13|SRE|Multi-Utilities - Utilities|1|77.67|76.14
2024-06-13|WY|Timber REITs - Real Estate|1|29.76|29.02
2024-06-13|ENPH|Semiconductor Materials & Equipment - Information Technology|16|125.69|129.72
2024-06-13|WY|Timber REITs - Real Estate|1|29.36|29.02
2024-06-13|ZBH|Health Care Equipment - Health Care|1|107.45|106.97
2024-06-13|WBD|Broadcasting - Communication Services|1|7.29|7.29
2024-06-17|DTE|Multi-Utilities - Utilities|17|102.36|110.76
2024-06-17|PG|Personal Care Products - Consumer Staples|12|157.51|167.5
2024-06-17|YUM|Restaurants - Consumer Discretionary|12|135.23|136.92
2024-06-17|XEL|Multi-Utilities - Utilities|1|49.57|53.24
2024-06-17|PEG|Electric Utilities - Utilities|27|66.42|73.07
2024-06-17|UAL|Passenger Airlines - Industrials|5|51.38|50.36
2024-06-17|DD|Specialty Chemicals - Materials|13|30.84|33.65
2024-06-17|CCL|Hotels, Resorts & Cruise Lines - Consumer Discretionary|5|14.82|15.69
2024-06-17|SRE|Multi-Utilities - Utilities|1|77.67|74.84
2024-06-17|WY|Timber REITs - Real Estate|1|29.76|29.15
2024-06-17|ENPH|Semiconductor Materials & Equipment - Information Technology|16|125.69|120.83
2024-06-17|WY|Timber REITs - Real Estate|1|29.36|29.15
2024-06-17|ZBH|Health Care Equipment - Health Care|1|107.45|107.03
2024-06-17|WBD|Broadcasting - Communication Services|1|7.29|7.16
2024-06-17|WBD|Broadcasting - Communication Services|2|7.16|7.16
2024-06-18|DTE|Multi-Utilities - Utilities|17|102.36|110.57
2024-06-18|PG|Personal Care Products - Consumer Staples|12|157.51|168.56
2024-06-18|YUM|Restaurants - Consumer Discretionary|12|135.23|135.42
2024-06-18|XEL|Multi-Utilities - Utilities|1|49.57|53.12
2024-06-18|PEG|Electric Utilities - Utilities|27|66.42|73.29
2024-06-18|UAL|Passenger Airlines - Industrials|5|51.38|49.58
2024-06-18|DD|Specialty Chemicals - Materials|13|30.84|33.77
2024-06-18|CCL|Hotels, Resorts & Cruise Lines - Consumer Discretionary|5|14.82|15.95
2024-06-18|SRE|Multi-Utilities - Utilities|1|77.67|75.1
2024-06-18|WY|Timber REITs - Real Estate|1|29.76|28.87
2024-06-18|WY|Timber REITs - Real Estate|1|29.36|28.87
2024-06-18|ZBH|Health Care Equipment - Health Care|1|107.45|106.69
2024-06-18|WBD|Broadcasting - Communication Services|1|7.29|6.99
2024-06-18|WBD|Broadcasting - Communication Services|2|7.16|6.99
2024-06-18|ZTS|Pharmaceuticals - Health Care|11|169.66|169.66
2024-06-18|WY|Timber REITs - Real Estate|1|28.87|28.87
2024-06-18|WBD|Broadcasting - Communication Services|1|6.99|6.99
2024-06-21|DTE|Multi-Utilities - Utilities|17|102.36|110.91
2024-06-21|PG|Personal Care Products - Consumer Staples|12|157.51|168.26
2024-06-21|YUM|Restaurants - Consumer Discretionary|12|135.23|134.29
2024-06-21|XEL|Multi-Utilities - Utilities|1|49.57|53.37
2024-06-21|PEG|Electric Utilities - Utilities|27|66.42|73.01
2024-06-21|DD|Specialty Chemicals - Materials|13|30.84|33.4
2024-06-21|CCL|Hotels, Resorts & Cruise Lines - Consumer Discretionary|5|14.82|16.07
2024-06-21|SRE|Multi-Utilities - Utilities|1|77.67|75.27
2024-06-21|WY|Timber REITs - Real Estate|1|29.76|29.02
2024-06-21|WY|Timber REITs - Real Estate|1|29.36|29.02
2024-06-21|ZBH|Health Care Equipment - Health Care|1|107.45|107.86
2024-06-21|WBD|Broadcasting - Communication Services|1|7.29|7.18
2024-06-21|WBD|Broadcasting - Communication Services|2|7.16|7.18
2024-06-21|ZTS|Pharmaceuticals - Health Care|11|169.66|171.09
2024-06-21|WY|Timber REITs - Real Estate|1|28.87|29.02
2024-06-21|WBD|Broadcasting - Communication Services|1|6.99|7.18
2024-06-21|ZBH|Health Care Equipment - Health Care|2|107.86|107.86
2024-06-21|WY|Timber REITs - Real Estate|1|29.02|29.02
2024-06-25|DTE|Multi-Utilities - Utilities|17|102.36|110.02
2024-06-25|PG|Personal Care Products - Consumer Staples|12|157.51|166.85
2024-06-25|YUM|Restaurants - Consumer Discretionary|12|135.23|132.33
2024-06-25|XEL|Multi-Utilities - Utilities|1|49.57|53.74
2024-06-25|PEG|Electric Utilities - Utilities|27|66.42|73.57
2024-06-25|DD|Specialty Chemicals - Materials|13|30.84|33.67
2024-06-25|SRE|Multi-Utilities - Utilities|1|77.67|75.44
2024-06-25|WY|Timber REITs - Real Estate|1|29.76|28.28
2024-06-25|WY|Timber REITs - Real Estate|1|29.36|28.28
2024-06-25|ZBH|Health Care Equipment - Health Care|1|107.45|108.22
2024-06-25|WBD|Broadcasting - Communication Services|1|7.29|7.24
2024-06-25|WBD|Broadcasting - Communication Services|2|7.16|7.24
2024-06-25|ZTS|Pharmaceuticals - Health Care|11|169.66|167.98
2024-06-25|WY|Timber REITs - Real Estate|1|28.87|28.28
2024-06-25|WBD|Broadcasting - Communication Services|1|6.99|7.24
2024-06-25|ZBH|Health Care Equipment - Health Care|2|107.86|108.22
2024-06-25|WY|Timber REITs - Real Estate|1|29.02|28.28
2024-06-25|FMC|Fertilizers & Agricultural Chemicals - Materials|1|56.52|56.52
2024-06-25|CCL|Hotels, Resorts & Cruise Lines - Consumer Discretionary|1|17.82|17.82
2024-06-25|WBD|Broadcasting - Communication Services|2|7.24|7.24
2024-06-26|DTE|Multi-Utilities - Utilities|17|102.36|110.45
2024-06-26|PG|Personal Care Products - Consumer Staples|12|157.51|167.45
2024-06-26|YUM|Restaurants - Consumer Discretionary|12|135.23|131.96
2024-06-26|XEL|Multi-Utilities - Utilities|1|49.57|53.79
2024-06-26|PEG|Electric Utilities - Utilities|27|66.42|73.11
2024-06-26|DD|Specialty Chemicals - Materials|13|30.84|33.49
2024-06-26|SRE|Multi-Utilities - Utilities|1|77.67|76.11
2024-06-26|WY|Timber REITs - Real Estate|1|29.36|27.96
2024-06-26|ZBH|Health Care Equipment - Health Care|1|107.45|108.11
2024-06-26|WBD|Broadcasting - Communication Services|1|7.29|7.25
2024-06-26|WBD|Broadcasting - Communication Services|2|7.16|7.25
2024-06-26|ZTS|Pharmaceuticals - Health Care|11|169.66|170.9
2024-06-26|WY|Timber REITs - Real Estate|1|28.87|27.96
2024-06-26|WBD|Broadcasting - Communication Services|1|6.99|7.25
2024-06-26|ZBH|Health Care Equipment - Health Care|2|107.86|108.11
2024-06-26|WY|Timber REITs - Real Estate|1|29.02|27.96
2024-06-26|FMC|Fertilizers & Agricultural Chemicals - Materials|1|56.52|56.77
2024-06-26|CCL|Hotels, Resorts & Cruise Lines - Consumer Discretionary|1|17.82|18.37
2024-06-26|WBD|Broadcasting - Communication Services|2|7.24|7.25
2024-06-26|WY|Timber REITs - Real Estate|1|27.96|27.96
2024-07-01|DTE|Multi-Utilities - Utilities|17|102.36|109.12
2024-07-01|PG|Personal Care Products - Consumer Staples|12|157.51|162.72
2024-07-01|YUM|Restaurants - Consumer Discretionary|12|135.23|129.7
2024-07-01|XEL|Multi-Utilities - Utilities|1|49.57|52.43
2024-07-01|PEG|Electric Utilities - Utilities|27|66.42|73.63
2024-07-01|DD|Specialty Chemicals - Materials|13|30.84|33.17
2024-07-01|SRE|Multi-Utilities - Utilities|1|77.67|74.97
2024-07-01|ZBH|Health Care Equipment - Health Care|1|107.45|105.96
2024-07-01|WBD|Broadcasting - Communication Services|1|7.29|7.1
2024-07-01|WBD|Broadcasting - Communication Services|2|7.16|7.1
2024-07-01|ZTS|Pharmaceuticals - Health Care|11|169.66|172.58
2024-07-01|WY|Timber REITs - Real Estate|1|28.87|27.56
2024-07-01|WBD|Broadcasting - Communication Services|1|6.99|7.1
2024-07-01|ZBH|Health Care Equipment - Health Care|2|107.86|105.96
2024-07-01|FMC|Fertilizers & Agricultural Chemicals - Materials|1|56.52|56.61
2024-07-01|CCL|Hotels, Resorts & Cruise Lines - Consumer Discretionary|1|17.82|17.71
2024-07-01|WBD|Broadcasting - Communication Services|2|7.24|7.1
2024-07-01|WY|Timber REITs - Real Estate|1|27.96|27.56
2024-07-01|BWA|Automotive Parts & Equipment - Consumer Discretionary|1|31.49|31.49
2024-07-01|WBD|Broadcasting - Communication Services|3|7.1|7.1
2024-07-03|DTE|Multi-Utilities - Utilities|17|102.36|109.24
2024-07-03|PG|Personal Care Products - Consumer Staples|12|157.51|163.83
2024-07-03|YUM|Restaurants - Consumer Discretionary|12|135.23|129.58
2024-07-03|XEL|Multi-Utilities - Utilities|1|49.57|52.75
2024-07-03|PEG|Electric Utilities - Utilities|27|66.42|73.99
2024-07-03|DD|Specialty Chemicals - Materials|13|30.84|33.13
2024-07-03|SRE|Multi-Utilities - Utilities|1|77.67|75.17
2024-07-03|ZBH|Health Care Equipment - Health Care|1|107.45|106.58
2024-07-03|WBD|Broadcasting - Communication Services|1|7.29|7.23
2024-07-03|WBD|Broadcasting - Communication Services|2|7.16|7.23
2024-07-03|ZTS|Pharmaceuticals - Health Care|11|169.66|175.6
2024-07-03|WBD|Broadcasting - Communication Services|1|6.99|7.23
2024-07-03|ZBH|Health Care Equipment - Health Care|2|107.86|106.58
2024-07-03|FMC|Fertilizers & Agricultural Chemicals - Materials|1|56.52|55.66
2024-07-03|CCL|Hotels, Resorts & Cruise Lines - Consumer Discretionary|1|17.82|17.45
2024-07-03|WBD|Broadcasting - Communication Services|2|7.24|7.23
2024-07-03|WY|Timber REITs - Real Estate|1|27.96|27.05
2024-07-03|BWA|Automotive Parts & Equipment - Consumer Discretionary|1|31.49|31.89
2024-07-03|WBD|Broadcasting - Communication Services|3|7.1|7.23
2024-07-03|WY|Timber REITs - Real Estate|1|27.05|27.05
2024-07-08|DTE|Multi-Utilities - Utilities|17|102.36|109.01
2024-07-08|PG|Personal Care Products - Consumer Staples|12|157.51|166.52
2024-07-08|XEL|Multi-Utilities - Utilities|1|49.57|52.11
2024-07-08|PEG|Electric Utilities - Utilities|27|66.42|74.59
2024-07-08|DD|Specialty Chemicals - Materials|13|30.84|33.25
2024-07-08|SRE|Multi-Utilities - Utilities|1|77.67|75.18
2024-07-08|ZBH|Health Care Equipment - Health Care|1|107.45|106.39
2024-07-08|WBD|Broadcasting - Communication Services|1|7.29|7.11
2024-07-08|WBD|Broadcasting - Communication Services|2|7.16|7.11
2024-07-08|ZTS|Pharmaceuticals - Health Care|11|169.66|175.43
2024-07-08|WBD|Broadcasting - Communication Services|1|6.99|7.11
2024-07-08|ZBH|Health Care Equipment - Health Care|2|107.86|106.39
2024-07-08|FMC|Fertilizers & Agricultural Chemicals - Materials|1|56.52|56.23
2024-07-08|CCL|Hotels, Resorts & Cruise Lines - Consumer Discretionary|1|17.82|17.56
2024-07-08|WBD|Broadcasting - Communication Services|2|7.24|7.11
2024-07-08|WY|Timber REITs - Real Estate|1|27.96|27.59
2024-07-08|BWA|Automotive Parts & Equipment - Consumer Discretionary|1|31.49|31.43
2024-07-08|WBD|Broadcasting - Communication Services|3|7.1|7.11
2024-07-08|WY|Timber REITs - Real Estate|1|27.05|27.59
2024-07-08|BKR|Oil & Gas Equipment & Services - Energy|45|34.17|34.17
2024-07-11|DTE|Multi-Utilities - Utilities|17|102.36|113.18
2024-07-11|PG|Personal Care Products - Consumer Staples|12|157.51|165.54
2024-07-11|XEL|Multi-Utilities - Utilities|1|49.57|54.08
2024-07-11|DD|Specialty Chemicals - Materials|13|30.84|33.77
2024-07-11|SRE|Multi-Utilities - Utilities|1|77.67|77.03
2024-07-11|ZBH|Health Care Equipment - Health Care|1|107.45|108.19
2024-07-11|WBD|Broadcasting - Communication Services|1|7.29|7.38
2024-07-11|WBD|Broadcasting - Communication Services|2|7.16|7.38
2024-07-11|ZTS|Pharmaceuticals - Health Care|11|169.66|177.74
2024-07-11|WBD|Broadcasting - Communication Services|1|6.99|7.38
2024-07-11|ZBH|Health Care Equipment - Health Care|2|107.86|108.19
2024-07-11|FMC|Fertilizers & Agricultural Chemicals - Materials|1|56.52|56.7
2024-07-11|CCL|Hotels, Resorts & Cruise Lines - Consumer Discretionary|1|17.82|18.12
2024-07-11|WBD|Broadcasting - Communication Services|2|7.24|7.38
2024-07-11|WY|Timber REITs - Real Estate|1|27.96|28.96
2024-07-11|BWA|Automotive Parts & Equipment - Consumer Discretionary|1|31.49|33.14
2024-07-11|WBD|Broadcasting - Communication Services|3|7.1|7.38
2024-07-11|WY|Timber REITs - Real Estate|1|27.05|28.96
2024-07-11|BKR|Oil & Gas Equipment & Services - Energy|45|34.17|34.51
2024-07-11|AMT|Telecom Tower REITs - Real Estate|9|207.2|207.2
2024-07-11|ZBH|Health Care Equipment - Health Care|1|108.19|108.19
2024-07-11|XEL|Multi-Utilities - Utilities|1|54.08|54.08
2024-07-11|WY|Timber REITs - Real Estate|1|28.96|28.96
2024-07-11|WBD|Broadcasting - Communication Services|1|7.38|7.38
2024-07-17|DTE|Multi-Utilities - Utilities|17|102.36|117.34
2024-07-17|PG|Personal Care Products - Consumer Staples|12|157.51|169.44
2024-07-17|XEL|Multi-Utilities - Utilities|1|49.57|55.32
2024-07-17|DD|Specialty Chemicals - Materials|13|30.84|34.28
2024-07-17|SRE|Multi-Utilities - Utilities|1|77.67|77.72
2024-07-17|ZBH|Health Care Equipment - Health Care|1|107.45|111.05
2024-07-17|WBD|Broadcasting - Communication Services|1|7.29|8.32
2024-07-17|ZTS|Pharmaceuticals - Health Care|11|169.66|182.05
2024-07-17|ZBH|Health Care Equipment - Health Care|2|107.86|111.05
2024-07-17|FMC|Fertilizers & Agricultural Chemicals - Materials|1|56.52|61.95
2024-07-17|CCL|Hotels, Resorts & Cruise Lines - Consumer Discretionary|1|17.82|18.4
2024-07-17|WBD|Broadcasting - Communication Services|2|7.24|8.32
2024-07-17|WY|Timber REITs - Real Estate|1|27.96|30.49
2024-07-17|BWA|Automotive Parts & Equipment - Consumer Discretionary|1|31.49|34.18
2024-07-17|WY|Timber REITs - Real Estate|1|27.05|30.49
2024-07-17|BKR|Oil & Gas Equipment & Services - Energy|45|34.17|36.16
2024-07-17|AMT|Telecom Tower REITs - Real Estate|9|207.2|213.12
2024-07-17|ZBH|Health Care Equipment - Health Care|1|108.19|111.05
2024-07-17|XEL|Multi-Utilities - Utilities|1|54.08|55.32
2024-07-17|WY|Timber REITs - Real Estate|1|28.96|30.49
2024-07-17|WBD|Broadcasting - Communication Services|1|7.38|8.32
2024-07-17|NCLH|Hotels, Resorts & Cruise Lines - Consumer Discretionary|2|19.86|19.86
2024-07-17|WBD|Broadcasting - Communication Services|1|8.32|8.32
2024-07-18|DTE|Multi-Utilities - Utilities|17|102.36|116.68
2024-07-18|PG|Personal Care Products - Consumer Staples|12|157.51|168.44
2024-07-18|XEL|Multi-Utilities - Utilities|1|49.57|55.78
2024-07-18|DD|Specialty Chemicals - Materials|13|30.84|33.62
2024-07-18|SRE|Multi-Utilities - Utilities|1|77.67|77.77
2024-07-18|ZBH|Health Care Equipment - Health Care|1|107.45|111.39
2024-07-18|ZTS|Pharmaceuticals - Health Care|11|169.66|179.23
2024-07-18|ZBH|Health Care Equipment - Health Care|2|107.86|111.39
2024-07-18|FMC|Fertilizers & Agricultural Chemicals - Materials|1|56.52|59.95
2024-07-18|CCL|Hotels, Resorts & Cruise Lines - Consumer Discretionary|1|17.82|18.25
2024-07-18|WY|Timber REITs - Real Estate|1|27.96|30.31
2024-07-18|BWA|Automotive Parts & Equipment - Consumer Discretionary|1|31.49|33.84
2024-07-18|WY|Timber REITs - Real Estate|1|27.05|30.31
2024-07-18|BKR|Oil & Gas Equipment & Services - Energy|45|34.17|35.89
2024-07-18|AMT|Telecom Tower REITs - Real Estate|9|207.2|210.65
2024-07-18|ZBH|Health Care Equipment - Health Care|1|108.19|111.39
2024-07-18|XEL|Multi-Utilities - Utilities|1|54.08|55.78
2024-07-18|WY|Timber REITs - Real Estate|1|28.96|30.31
2024-07-18|NCLH|Hotels, Resorts & Cruise Lines - Consumer Discretionary|2|19.86|19.64
2024-07-18|WBD|Broadcasting - Communication Services|1|8.32|8.52
2024-07-18|KIM|Retail REITs - Real Estate|1|21.29|21.29
2024-07-18|WBD|Broadcasting - Communication Services|2|8.52|8.52
2024-07-24|PG|Personal Care Products - Consumer Staples|12|157.51|168.0
2024-07-24|XEL|Multi-Utilities - Utilities|1|49.57|56.36
2024-07-24|DD|Specialty Chemicals - Materials|13|30.84|33.3
2024-07-24|SRE|Multi-Utilities - Utilities|1|77.67|79.12
2024-07-24|ZBH|Health Care Equipment - Health Care|1|107.45|110.55
2024-07-24|ZTS|Pharmaceuticals - Health Care|11|169.66|179.66
2024-07-24|ZBH|Health Care Equipment - Health Care|2|107.86|110.55
2024-07-24|FMC|Fertilizers & Agricultural Chemicals - Materials|1|56.52|56.95
2024-07-24|CCL|Hotels, Resorts & Cruise Lines - Consumer Discretionary|1|17.82|18.19
2024-07-24|WY|Timber REITs - Real Estate|1|27.96|29.87
2024-07-24|BWA|Automotive Parts & Equipment - Consumer Discretionary|1|31.49|31.97
2024-07-24|WY|Timber REITs - Real Estate|1|27.05|29.87
2024-07-24|BKR|Oil & Gas Equipment & Services - Energy|45|34.17|34.9
2024-07-24|AMT|Telecom Tower REITs - Real Estate|9|207.2|209.39
2024-07-24|ZBH|Health Care Equipment - Health Care|1|108.19|110.55
2024-07-24|XEL|Multi-Utilities - Utilities|1|54.08|56.36
2024-07-24|WY|Timber REITs - Real Estate|1|28.96|29.87
2024-07-24|NCLH|Hotels, Resorts & Cruise Lines - Consumer Discretionary|2|19.86|19.22
2024-07-24|WBD|Broadcasting - Communication Services|1|8.32|8.47
2024-07-24|KIM|Retail REITs - Real Estate|1|21.29|20.9
2024-07-24|WBD|Broadcasting - Communication Services|2|8.52|8.47
2024-07-24|ZTS|Pharmaceuticals - Health Care|1|179.66|179.66
2024-07-24|ZBRA|Electronic Equipment & Instruments - Information Technology|5|322.09|322.09
2024-07-24|ZBH|Health Care Equipment - Health Care|1|110.55|110.55
2024-07-24|XEL|Multi-Utilities - Utilities|1|56.36|56.36
2024-07-24|WY|Timber REITs - Real Estate|1|29.87|29.87
2024-07-24|WBD|Broadcasting - Communication Services|2|8.47|8.47
2024-07-25|PG|Personal Care Products - Consumer Staples|12|157.51|166.9
2024-07-25|XEL|Multi-Utilities - Utilities|1|49.57|56.87
2024-07-25|DD|Specialty Chemicals - Materials|13|30.84|33.07
2024-07-25|SRE|Multi-Utilities - Utilities|1|77.67|78.07
2024-07-25|ZBH|Health Care Equipment - Health Care|1|107.45|110.64
2024-07-25|ZTS|Pharmaceuticals - Health Care|11|169.66|180.76
2024-07-25|ZBH|Health Care Equipment - Health Care|2|107.86|110.64
2024-07-25|FMC|Fertilizers & Agricultural Chemicals - Materials|1|56.52|58.94
2024-07-25|CCL|Hotels, Resorts & Cruise Lines - Consumer Discretionary|1|17.82|17.1
2024-07-25|WY|Timber REITs - Real Estate|1|27.96|30.31
2024-07-25|BWA|Automotive Parts & Equipment - Consumer Discretionary|1|31.49|32.18
2024-07-25|WY|Timber REITs - Real Estate|1|27.05|30.31
2024-07-25|BKR|Oil & Gas Equipment & Services - Energy|45|34.17|35.58
2024-07-25|AMT|Telecom Tower REITs - Real Estate|9|207.2|209.92
2024-07-25|ZBH|Health Care Equipment - Health Care|1|108.19|110.64
2024-07-25|XEL|Multi-Utilities - Utilities|1|54.08|56.87
2024-07-25|WY|Timber REITs - Real Estate|1|28.96|30.31
2024-07-25|WBD|Broadcasting - Communication Services|1|8.32|7.99
2024-07-25|KIM|Retail REITs - Real Estate|1|21.29|20.74
2024-07-25|ZTS|Pharmaceuticals - Health Care|1|179.66|180.76
2024-07-25|ZBRA|Electronic Equipment & Instruments - Information Technology|5|322.09|324.41
2024-07-25|ZBH|Health Care Equipment - Health Care|1|110.55|110.64
2024-07-25|XEL|Multi-Utilities - Utilities|1|56.36|56.87
2024-07-25|WY|Timber REITs - Real Estate|1|29.87|30.31
2024-07-25|XEL|Multi-Utilities - Utilities|1|56.87|56.87
2024-07-25|WBD|Broadcasting - Communication Services|1|7.99|7.99
2024-07-26|PG|Personal Care Products - Consumer Staples|12|157.51|169.11
2024-07-26|DD|Specialty Chemicals - Materials|13|30.84|33.55
2024-07-26|SRE|Multi-Utilities - Utilities|1|77.67|78.55
2024-07-26|ZBH|Health Care Equipment - Health Care|1|107.45|111.29
2024-07-26|ZTS|Pharmaceuticals - Health Care|11|169.66|179.84
2024-07-26|ZBH|Health Care Equipment - Health Care|2|107.86|111.29
2024-07-26|FMC|Fertilizers & Agricultural Chemicals - Materials|1|56.52|59.6
2024-07-26|CCL|Hotels, Resorts & Cruise Lines - Consumer Discretionary|1|17.82|17.27
2024-07-26|WY|Timber REITs - Real Estate|1|27.96|31.6
2024-07-26|BWA|Automotive Parts & Equipment - Consumer Discretionary|1|31.49|32.81
2024-07-26|BKR|Oil & Gas Equipment & Services - Energy|45|34.17|37.65
2024-07-26|AMT|Telecom Tower REITs - Real Estate|9|207.2|213.72
2024-07-26|ZBH|Health Care Equipment - Health Care|1|108.19|111.29
2024-07-26|XEL|Multi-Utilities - Utilities|1|54.08|57.36
2024-07-26|WY|Timber REITs - Real Estate|1|28.96|31.6
2024-07-26|WBD|Broadcasting - Communication Services|1|8.32|8.31
2024-07-26|KIM|Retail REITs - Real Estate|1|21.29|21.19
2024-07-26|ZTS|Pharmaceuticals - Health Care|1|179.66|179.84
2024-07-26|ZBRA|Electronic Equipment & Instruments - Information Technology|5|322.09|325.98
2024-07-26|ZBH|Health Care Equipment - Health Care|1|110.55|111.29
2024-07-26|XEL|Multi-Utilities - Utilities|1|56.36|57.36
2024-07-26|WY|Timber REITs - Real Estate|1|29.87|31.6
2024-07-26|XEL|Multi-Utilities - Utilities|1|56.87|57.36
2024-07-26|WBD|Broadcasting - Communication Services|1|7.99|8.31
2024-07-26|XEL|Multi-Utilities - Utilities|1|57.36|57.36
2024-07-26|WY|Timber REITs - Real Estate|1|31.6|31.6
2024-07-31|PG|Personal Care Products - Consumer Staples|12|157.51|160.76
2024-07-31|DD|Specialty Chemicals - Materials|13|30.84|35.02
2024-07-31|SRE|Multi-Utilities - Utilities|1|77.67|80.06
2024-07-31|ZBH|Health Care Equipment - Health Care|1|107.45|111.35
2024-07-31|ZTS|Pharmaceuticals - Health Care|11|169.66|180.04
2024-07-31|ZBH|Health Care Equipment - Health Care|2|107.86|111.35
2024-07-31|FMC|Fertilizers & Agricultural Chemicals - Materials|1|56.52|58.36
2024-07-31|WY|Timber REITs - Real Estate|1|27.96|31.76
2024-07-31|BWA|Automotive Parts & Equipment - Consumer Discretionary|1|31.49|35.31
2024-07-31|BKR|Oil & Gas Equipment & Services - Energy|45|34.17|38.72
2024-07-31|AMT|Telecom Tower REITs - Real Estate|9|207.2|220.4
2024-07-31|ZBH|Health Care Equipment - Health Care|1|108.19|111.35
2024-07-31|XEL|Multi-Utilities - Utilities|1|54.08|58.28
2024-07-31|WY|Timber REITs - Real Estate|1|28.96|31.76
2024-07-31|WBD|Broadcasting - Communication Services|1|8.32|8.65
2024-07-31|KIM|Retail REITs - Real Estate|1|21.29|21.73
2024-07-31|ZTS|Pharmaceuticals - Health Care|1|179.66|180.04
2024-07-31|ZBRA|Electronic Equipment & Instruments - Information Technology|5|322.09|351.19
2024-07-31|ZBH|Health Care Equipment - Health Care|1|110.55|111.35
2024-07-31|XEL|Multi-Utilities - Utilities|1|56.36|58.28
2024-07-31|WY|Timber REITs - Real Estate|1|29.87|31.76
2024-07-31|XEL|Multi-Utilities - Utilities|1|56.87|58.28
2024-07-31|WBD|Broadcasting - Communication Services|1|7.99|8.65
2024-07-31|XEL|Multi-Utilities - Utilities|1|57.36|58.28
2024-07-31|WY|Timber REITs - Real Estate|1|31.6|31.76
2024-07-31|WBD|Broadcasting - Communication Services|2|8.65|8.65
2024-08-05|PG|Personal Care Products - Consumer Staples|12|157.51|168.06
2024-08-05|DD|Specialty Chemicals - Materials|13|30.84|32.57
2024-08-05|SRE|Multi-Utilities - Utilities|1|77.67|78.7
2024-08-05|ZBH|Health Care Equipment - Health Care|1|107.45|107.04
2024-08-05|ZTS|Pharmaceuticals - Health Care|11|169.66|174.82
2024-08-05|ZBH|Health Care Equipment - Health Care|2|107.86|107.04
2024-08-05|FMC|Fertilizers & Agricultural Chemicals - Materials|1|56.52|61.66
2024-08-05|WY|Timber REITs - Real Estate|1|27.96|31.13
2024-08-05|BWA|Automotive Parts & Equipment - Consumer Discretionary|1|31.49|32.37
2024-08-05|BKR|Oil & Gas Equipment & Services - Energy|45|34.17|34.51
2024-08-05|AMT|Telecom Tower REITs - Real Estate|9|207.2|226.19
2024-08-05|ZBH|Health Care Equipment - Health Care|1|108.19|107.04
2024-08-05|XEL|Multi-Utilities - Utilities|1|54.08|57.99
2024-08-05|WY|Timber REITs - Real Estate|1|28.96|31.13
2024-08-05|KIM|Retail REITs - Real Estate|1|21.29|21.15
2024-08-05|ZTS|Pharmaceuticals - Health Care|1|179.66|174.82
2024-08-05|ZBRA|Electronic Equipment & Instruments - Information Technology|5|322.09|317.86
2024-08-05|ZBH|Health Care Equipment - Health Care|1|110.55|107.04
2024-08-05|XEL|Multi-Utilities - Utilities|1|56.36|57.99
2024-08-05|WY|Timber REITs - Real Estate|1|29.87|31.13
2024-08-05|XEL|Multi-Utilities - Utilities|1|56.87|57.99
2024-08-05|WBD|Broadcasting - Communication Services|1|7.99|7.88
2024-08-05|XEL|Multi-Utilities - Utilities|1|57.36|57.99
2024-08-05|WY|Timber REITs - Real Estate|1|31.6|31.13
2024-08-05|WBD|Broadcasting - Communication Services|3|7.88|7.88
2024-08-06|PG|Personal Care Products - Consumer Staples|12|157.51|168.09
2024-08-06|DD|Specialty Chemicals - Materials|13|30.84|32.66
2024-08-06|SRE|Multi-Utilities - Utilities|1|77.67|77.05
2024-08-06|ZBH|Health Care Equipment - Health Care|1|107.45|109.57
2024-08-06|ZTS|Pharmaceuticals - Health Care|11|169.66|185.29
2024-08-06|ZBH|Health Care Equipment - Health Care|2|107.86|109.57
2024-08-06|FMC|Fertilizers & Agricultural Chemicals - Materials|1|56.52|61.21
2024-08-06|WY|Timber REITs - Real Estate|1|27.96|31.64
2024-08-06|BWA|Automotive Parts & Equipment - Consumer Discretionary|1|31.49|31.86
2024-08-06|BKR|Oil & Gas Equipment & Services - Energy|45|34.17|34.21
2024-08-06|AMT|Telecom Tower REITs - Real Estate|9|207.2|228.16
2024-08-06|ZBH|Health Care Equipment - Health Care|1|108.19|109.57
2024-08-06|XEL|Multi-Utilities - Utilities|1|54.08|57.86
2024-08-06|WY|Timber REITs - Real Estate|1|28.96|31.64
2024-08-06|KIM|Retail REITs - Real Estate|1|21.29|21.74
2024-08-06|ZTS|Pharmaceuticals - Health Care|1|179.66|185.29
2024-08-06|ZBRA|Electronic Equipment & Instruments - Information Technology|5|322.09|316.56
2024-08-06|ZBH|Health Care Equipment - Health Care|1|110.55|109.57
2024-08-06|XEL|Multi-Utilities - Utilities|1|56.36|57.86
2024-08-06|WY|Timber REITs - Real Estate|1|29.87|31.64
2024-08-06|XEL|Multi-Utilities - Utilities|1|56.87|57.86
2024-08-06|XEL|Multi-Utilities - Utilities|1|57.36|57.86
2024-08-06|WY|Timber REITs - Real Estate|1|31.6|31.64
2024-08-06|WBD|Broadcasting - Communication Services|3|7.88|7.57
2024-08-06|WBD|Broadcasting - Communication Services|1|7.57|7.57
2024-08-08|PG|Personal Care Products - Consumer Staples|12|157.51|170.87
2024-08-08|DD|Specialty Chemicals - Materials|13|30.84|32.85
2024-08-08|SRE|Multi-Utilities - Utilities|1|77.67|77.57
2024-08-08|ZBH|Health Care Equipment - Health Care|1|107.45|108.7
2024-08-08|ZTS|Pharmaceuticals - Health Care|11|169.66|188.3
2024-08-08|ZBH|Health Care Equipment - Health Care|2|107.86|108.7
2024-08-08|FMC|Fertilizers & Agricultural Chemicals - Materials|1|56.52|61.44
2024-08-08|WY|Timber REITs - Real Estate|1|27.96|31.1
2024-08-08|BWA|Automotive Parts & Equipment - Consumer Discretionary|1|31.49|32.13
2024-08-08|BKR|Oil & Gas Equipment & Services - Energy|45|34.17|35.2
2024-08-08|AMT|Telecom Tower REITs - Real Estate|9|207.2|223.61
2024-08-08|ZBH|Health Care Equipment - Health Care|1|108.19|108.7
2024-08-08|XEL|Multi-Utilities - Utilities|1|54.08|58.15
2024-08-08|WY|Timber REITs - Real Estate|1|28.96|31.1
2024-08-08|KIM|Retail REITs - Real Estate|1|21.29|21.79
2024-08-08|ZTS|Pharmaceuticals - Health Care|1|179.66|188.3
2024-08-08|ZBRA|Electronic Equipment & Instruments - Information Technology|5|322.09|321.71
2024-08-08|ZBH|Health Care Equipment - Health Care|1|110.55|108.7
2024-08-08|XEL|Multi-Utilities - Utilities|1|56.36|58.15
2024-08-08|WY|Timber REITs - Real Estate|1|29.87|31.1
2024-08-08|XEL|Multi-Utilities - Utilities|1|56.87|58.15
2024-08-08|XEL|Multi-Utilities - Utilities|1|57.36|58.15
2024-08-08|WY|Timber REITs - Real Estate|1|31.6|31.1
2024-08-08|WY|Timber REITs - Real Estate|1|31.1|31.1
2024-08-14|PG|Personal Care Products - Consumer Staples|12|157.51|168.8
2024-08-14|DD|Specialty Chemicals - Materials|13|30.84|32.95
2024-08-14|SRE|Multi-Utilities - Utilities|1|77.67|78.71
2024-08-14|ZBH|Health Care Equipment - Health Care|1|107.45|108.63
2024-08-14|ZTS|Pharmaceuticals - Health Care|11|169.66|183.38
2024-08-14|ZBH|Health Care Equipment - Health Care|2|107.86|108.63
2024-08-14|FMC|Fertilizers & Agricultural Chemicals - Materials|1|56.52|61.42
2024-08-14|WY|Timber REITs - Real Estate|1|27.96|30.02
2024-08-14|BWA|Automotive Parts & Equipment - Consumer Discretionary|1|31.49|31.73
2024-08-14|BKR|Oil & Gas Equipment & Services - Energy|45|34.17|34.75
2024-08-14|AMT|Telecom Tower REITs - Real Estate|9|207.2|223.18
2024-08-14|ZBH|Health Care Equipment - Health Care|1|108.19|108.63
2024-08-14|XEL|Multi-Utilities - Utilities|1|54.08|58.96
2024-08-14|WY|Timber REITs - Real Estate|1|28.96|30.02
2024-08-14|KIM|Retail REITs - Real Estate|1|21.29|22.02
2024-08-14|ZTS|Pharmaceuticals - Health Care|1|179.66|183.38
2024-08-14|ZBRA|Electronic Equipment & Instruments - Information Technology|5|322.09|333.24
2024-08-14|ZBH|Health Care Equipment - Health Care|1|110.55|108.63
2024-08-14|XEL|Multi-Utilities - Utilities|1|56.36|58.96
2024-08-14|WY|Timber REITs - Real Estate|1|29.87|30.02
2024-08-14|XEL|Multi-Utilities - Utilities|1|56.87|58.96
2024-08-14|XEL|Multi-Utilities - Utilities|1|57.36|58.96
2024-08-14|WY|Timber REITs - Real Estate|1|31.1|30.02
2024-08-14|WY|Timber REITs - Real Estate|1|30.02|30.02
2024-08-19|PG|Personal Care Products - Consumer Staples|12|157.51|168.42
2024-08-19|DD|Specialty Chemicals - Materials|13|30.84|33.53
2024-08-19|SRE|Multi-Utilities - Utilities|1|77.67|80.87
2024-08-19|ZBH|Health Care Equipment - Health Care|1|107.45|111.77
2024-08-19|ZTS|Pharmaceuticals - Health Care|11|169.66|184.48
2024-08-19|ZBH|Health Care Equipment - Health Care|2|107.86|111.77
2024-08-19|WY|Timber REITs - Real Estate|1|27.96|30.18
2024-08-19|BWA|Automotive Parts & Equipment - Consumer Discretionary|1|31.49|33.08
2024-08-19|BKR|Oil & Gas Equipment & Services - Energy|45|34.17|35.16
2024-08-19|AMT|Telecom Tower REITs - Real Estate|9|207.2|219.66
2024-08-19|ZBH|Health Care Equipment - Health Care|1|108.19|111.77
2024-08-19|XEL|Multi-Utilities - Utilities|1|54.08|60.15
2024-08-19|WY|Timber REITs - Real Estate|1|28.96|30.18
2024-08-19|KIM|Retail REITs - Real Estate|1|21.29|22.3
2024-08-19|ZTS|Pharmaceuticals - Health Care|1|179.66|184.48
2024-08-19|ZBRA|Electronic Equipment & Instruments - Information Technology|5|322.09|347.02
2024-08-19|ZBH|Health Care Equipment - Health Care|1|110.55|111.77
2024-08-19|XEL|Multi-Utilities - Utilities|1|56.36|60.15
2024-08-19|WY|Timber REITs - Real Estate|1|29.87|30.18
2024-08-19|XEL|Multi-Utilities - Utilities|1|56.87|60.15
2024-08-19|XEL|Multi-Utilities - Utilities|1|57.36|60.15
2024-08-19|WY|Timber REITs - Real Estate|1|31.1|30.18
2024-08-19|WY|Timber REITs - Real Estate|1|30.02|30.18
2024-08-19|VICI|Hotel & Resort REITs - Real Estate|2|32.09|32.09
2024-09-03|PG|Personal Care Products - Consumer Staples|12|157.51|174.52
2024-09-03|DD|Specialty Chemicals - Materials|13|30.84|34.36
2024-09-03|SRE|Multi-Utilities - Utilities|1|77.67|82.63
2024-09-03|ZBH|Health Care Equipment - Health Care|1|107.45|116.17
2024-09-03|ZTS|Pharmaceuticals - Health Care|11|169.66|183.57
2024-09-03|ZBH|Health Care Equipment - Health Care|2|107.86|116.17
2024-09-03|WY|Timber REITs - Real Estate|1|27.96|30.28
2024-09-03|BWA|Automotive Parts & Equipment - Consumer Discretionary|1|31.49|33.09
2024-09-03|BKR|Oil & Gas Equipment & Services - Energy|45|34.17|33.99
2024-09-03|AMT|Telecom Tower REITs - Real Estate|9|207.2|230.37
2024-09-03|ZBH|Health Care Equipment - Health Care|1|108.19|116.17
2024-09-03|WY|Timber REITs - Real Estate|1|28.96|30.28
2024-09-03|KIM|Retail REITs - Real Estate|1|21.29|23.23
2024-09-03|ZTS|Pharmaceuticals - Health Care|1|179.66|183.57
2024-09-03|ZBRA|Electronic Equipment & Instruments - Information Technology|5|322.09|330.45
2024-09-03|ZBH|Health Care Equipment - Health Care|1|110.55|116.17
2024-09-03|XEL|Multi-Utilities - Utilities|1|56.36|62.52
2024-09-03|WY|Timber REITs - Real Estate|1|29.87|30.28
2024-09-03|XEL|Multi-Utilities - Utilities|1|56.87|62.52
2024-09-03|XEL|Multi-Utilities - Utilities|1|57.36|62.52
2024-09-03|WY|Timber REITs - Real Estate|1|31.1|30.28
2024-09-03|WY|Timber REITs - Real Estate|1|30.02|30.28
2024-09-03|VICI|Hotel & Resort REITs - Real Estate|2|32.09|33.48
2024-09-03|XEL|Multi-Utilities - Utilities|1|62.52|62.52
2024-09-05|PG|Personal Care Products - Consumer Staples|12|157.51|175.47
2024-09-05|DD|Specialty Chemicals - Materials|13|30.84|34.05
2024-09-05|SRE|Multi-Utilities - Utilities|1|77.67|83.09
2024-09-05|ZBH|Health Care Equipment - Health Care|1|107.45|104.47
2024-09-05|ZTS|Pharmaceuticals - Health Care|11|169.66|186.59
2024-09-05|ZBH|Health Care Equipment - Health Care|2|107.86|104.47
2024-09-05|WY|Timber REITs - Real Estate|1|27.96|30.17
2024-09-05|BWA|Automotive Parts & Equipment - Consumer Discretionary|1|31.49|32.85
2024-09-05|BKR|Oil & Gas Equipment & Services - Energy|45|34.17|34.11
2024-09-05|AMT|Telecom Tower REITs - Real Estate|9|207.2|233.64
2024-09-05|ZBH|Health Care Equipment - Health Care|1|108.19|104.47
2024-09-05|WY|Timber REITs - Real Estate|1|28.96|30.17
2024-09-05|KIM|Retail REITs - Real Estate|1|21.29|23.11
2024-09-05|ZTS|Pharmaceuticals - Health Care|1|179.66|186.59
2024-09-05|ZBRA|Electronic Equipment & Instruments - Information Technology|5|322.09|329.04
2024-09-05|XEL|Multi-Utilities - Utilities|1|56.36|63.46
2024-09-05|WY|Timber REITs - Real Estate|1|29.87|30.17
2024-09-05|XEL|Multi-Utilities - Utilities|1|56.87|63.46
2024-09-05|XEL|Multi-Utilities - Utilities|1|57.36|63.46
2024-09-05|WY|Timber REITs - Real Estate|1|31.1|30.17
2024-09-05|WY|Timber REITs - Real Estate|1|30.02|30.17
2024-09-05|VICI|Hotel & Resort REITs - Real Estate|2|32.09|33.59
2024-09-05|XEL|Multi-Utilities - Utilities|1|62.52|63.46
2024-09-05|EXC|Electric Utilities - Utilities|2|38.42|38.42
2024-09-05|WY|Timber REITs - Real Estate|1|30.17|30.17
2024-09-09|PG|Personal Care Products - Consumer Staples|12|157.51|176.06
2024-09-09|DD|Specialty Chemicals - Materials|13|30.84|33.29
2024-09-09|SRE|Multi-Utilities - Utilities|1|77.67|82.94
2024-09-09|ZBH|Health Care Equipment - Health Care|1|107.45|104.83
2024-09-09|ZTS|Pharmaceuticals - Health Care|11|169.66|191.73
2024-09-09|ZBH|Health Care Equipment - Health Care|2|107.86|104.83
2024-09-09|WY|Timber REITs - Real Estate|1|27.96|30.27
2024-09-09|BWA|Automotive Parts & Equipment - Consumer Discretionary|1|31.49|32.88
2024-09-09|BKR|Oil & Gas Equipment & Services - Energy|45|34.17|33.69
2024-09-09|ZBH|Health Care Equipment - Health Care|1|108.19|104.83
2024-09-09|WY|Timber REITs - Real Estate|1|28.96|30.27
2024-09-09|KIM|Retail REITs - Real Estate|1|21.29|23.29
2024-09-09|ZTS|Pharmaceuticals - Health Care|1|179.66|191.73
2024-09-09|ZBRA|Electronic Equipment & Instruments - Information Technology|5|322.09|327.93
2024-09-09|XEL|Multi-Utilities - Utilities|1|56.36|63.49
2024-09-09|WY|Timber REITs - Real Estate|1|29.87|30.27
2024-09-09|XEL|Multi-Utilities - Utilities|1|56.87|63.49
2024-09-09|XEL|Multi-Utilities - Utilities|1|57.36|63.49
2024-09-09|WY|Timber REITs - Real Estate|1|31.1|30.27
2024-09-09|WY|Timber REITs - Real Estate|1|30.02|30.27
2024-09-09|VICI|Hotel & Resort REITs - Real Estate|2|32.09|33.86
2024-09-09|XEL|Multi-Utilities - Utilities|1|62.52|63.49
2024-09-09|EXC|Electric Utilities - Utilities|2|38.42|38.73
2024-09-09|WY|Timber REITs - Real Estate|1|30.17|30.27
2024-09-09|EQIX|Data Center REITs - Real Estate|2|831.8|831.8
2024-09-09|ZBRA|Electronic Equipment & Instruments - Information Technology|1|327.93|327.93
2024-09-09|ZBH|Health Care Equipment - Health Care|1|104.83|104.83
2024-09-09|WY|Timber REITs - Real Estate|1|30.27|30.27
2024-09-09|WBD|Broadcasting - Communication Services|3|7.3|7.3
2024-09-13|PG|Personal Care Products - Consumer Staples|12|157.51|174.08
2024-09-13|DD|Specialty Chemicals - Materials|13|30.84|34.07
2024-09-13|SRE|Multi-Utilities - Utilities|1|77.67|82.97
2024-09-13|ZBH|Health Care Equipment - Health Care|1|107.45|106.26
2024-09-13|ZTS|Pharmaceuticals - Health Care|11|169.66|191.09
2024-09-13|ZBH|Health Care Equipment - Health Care|2|107.86|106.26
2024-09-13|BWA|Automotive Parts & Equipment - Consumer Discretionary|1|31.49|32.21
2024-09-13|BKR|Oil & Gas Equipment & Services - Energy|45|34.17|33.4
2024-09-13|ZBH|Health Care Equipment - Health Care|1|108.19|106.26
2024-09-13|WY|Timber REITs - Real Estate|1|28.96|32.45
2024-09-13|KIM|Retail REITs - Real Estate|1|21.29|24.02
2024-09-13|ZTS|Pharmaceuticals - Health Care|1|179.66|191.09
2024-09-13|ZBRA|Electronic Equipment & Instruments - Information Technology|5|322.09|337.48
2024-09-13|XEL|Multi-Utilities - Utilities|1|56.36|63.84
2024-09-13|WY|Timber REITs - Real Estate|1|29.87|32.45
2024-09-13|XEL|Multi-Utilities - Utilities|1|56.87|63.84
2024-09-13|XEL|Multi-Utilities - Utilities|1|57.36|63.84
2024-09-13|WY|Timber REITs - Real Estate|1|31.1|32.45
2024-09-13|WY|Timber REITs - Real Estate|1|30.02|32.45
2024-09-13|VICI|Hotel & Resort REITs - Real Estate|2|32.09|33.96
2024-09-13|XEL|Multi-Utilities - Utilities|1|62.52|63.84
2024-09-13|EXC|Electric Utilities - Utilities|2|38.42|40.23
2024-09-13|WY|Timber REITs - Real Estate|1|30.17|32.45
2024-09-13|EQIX|Data Center REITs - Real Estate|2|831.8|871.54
2024-09-13|ZBRA|Electronic Equipment & Instruments - Information Technology|1|327.93|337.48
2024-09-13|ZBH|Health Care Equipment - Health Care|1|104.83|106.26
2024-09-13|WY|Timber REITs - Real Estate|1|30.27|32.45
2024-09-13|WY|Timber REITs - Real Estate|1|32.45|32.45
2024-09-13|WBD|Broadcasting - Communication Services|3|8.49|8.49
2024-09-17|PG|Personal Care Products - Consumer Staples|12|157.51|175.88
2024-09-17|DD|Specialty Chemicals - Materials|13|30.84|34.67
2024-09-17|SRE|Multi-Utilities - Utilities|1|77.67|83.95
2024-09-17|ZBH|Health Care Equipment - Health Care|1|107.45|106.24
2024-09-17|ZBH|Health Care Equipment - Health Care|2|107.86|106.24
2024-09-17|BWA|Automotive Parts & Equipment - Consumer Discretionary|1|31.49|32.9
2024-09-17|BKR|Oil & Gas Equipment & Services - Energy|45|34.17|34.73
2024-09-17|ZBH|Health Care Equipment - Health Care|1|108.19|106.24
2024-09-17|WY|Timber REITs - Real Estate|1|28.96|33.25
2024-09-17|KIM|Retail REITs - Real Estate|1|21.29|23.58
2024-09-17|ZTS|Pharmaceuticals - Health Care|1|179.66|195.71
2024-09-17|ZBRA|Electronic Equipment & Instruments - Information Technology|5|322.09|354.52
2024-09-17|XEL|Multi-Utilities - Utilities|1|56.36|64.5
2024-09-17|WY|Timber REITs - Real Estate|1|29.87|33.25
2024-09-17|XEL|Multi-Utilities - Utilities|1|56.87|64.5
2024-09-17|XEL|Multi-Utilities - Utilities|1|57.36|64.5
2024-09-17|WY|Timber REITs - Real Estate|1|31.1|33.25
2024-09-17|WY|Timber REITs - Real Estate|1|30.02|33.25
2024-09-17|VICI|Hotel & Resort REITs - Real Estate|2|32.09|33.71
2024-09-17|XEL|Multi-Utilities - Utilities|1|62.52|64.5
2024-09-17|EXC|Electric Utilities - Utilities|2|38.42|40.2
2024-09-17|WY|Timber REITs - Real Estate|1|30.17|33.25
2024-09-17|EQIX|Data Center REITs - Real Estate|2|831.8|864.33
2024-09-17|ZBRA|Electronic Equipment & Instruments - Information Technology|1|327.93|354.52
2024-09-17|ZBH|Health Care Equipment - Health Care|1|104.83|106.24
2024-09-17|WY|Timber REITs - Real Estate|1|30.27|33.25
2024-09-17|WY|Timber REITs - Real Estate|1|32.45|33.25
2024-09-17|WBD|Broadcasting - Communication Services|3|8.49|8.45
2024-09-17|ABT|Health Care Equipment - Health Care|14|118.13|118.13
2024-09-17|EXPD|Air Freight & Logistics - Industrials|4|123.7|123.7
2024-09-19|PG|Personal Care Products - Consumer Staples|12|157.51|171.54
2024-09-19|DD|Specialty Chemicals - Materials|13|30.84|34.8
2024-09-19|SRE|Multi-Utilities - Utilities|1|77.67|82.51
2024-09-19|ZBH|Health Care Equipment - Health Care|1|107.45|106.34
2024-09-19|ZBH|Health Care Equipment - Health Care|2|107.86|106.34
2024-09-19|BWA|Automotive Parts & Equipment - Consumer Discretionary|1|31.49|34.11
2024-09-19|BKR|Oil & Gas Equipment & Services - Energy|45|34.17|36.36
2024-09-19|ZBH|Health Care Equipment - Health Care|1|108.19|106.34
2024-09-19|KIM|Retail REITs - Real Estate|1|21.29|23.24
2024-09-19|ZTS|Pharmaceuticals - Health Care|1|179.66|193.24
2024-09-19|ZBRA|Electronic Equipment & Instruments - Information Technology|5|322.09|363.79
2024-09-19|XEL|Multi-Utilities - Utilities|1|56.36|64.06
2024-09-19|WY|Timber REITs - Real Estate|1|29.87|33.59
2024-09-19|XEL|Multi-Utilities - Utilities|1|56.87|64.06
2024-09-19|XEL|Multi-Utilities - Utilities|1|57.36|64.06
2024-09-19|WY|Timber REITs - Real Estate|1|31.1|33.59
2024-09-19|WY|Timber REITs - Real Estate|1|30.02|33.59
2024-09-19|VICI|Hotel & Resort REITs - Real Estate|2|32.09|32.81
2024-09-19|XEL|Multi-Utilities - Utilities|1|62.52|64.06
2024-09-19|EXC|Electric Utilities - Utilities|2|38.42|39.29
2024-09-19|WY|Timber REITs - Real Estate|1|30.17|33.59
2024-09-19|EQIX|Data Center REITs - Real Estate|2|831.8|870.99
2024-09-19|ZBRA|Electronic Equipment & Instruments - Information Technology|1|327.93|363.79
2024-09-19|ZBH|Health Care Equipment - Health Care|1|104.83|106.34
2024-09-19|WY|Timber REITs - Real Estate|1|30.27|33.59
2024-09-19|WY|Timber REITs - Real Estate|1|32.45|33.59
2024-09-19|WBD|Broadcasting - Communication Services|3|8.49|8.4
2024-09-19|ABT|Health Care Equipment - Health Care|14|118.13|114.15
2024-09-19|EXPD|Air Freight & Logistics - Industrials|4|123.7|125.65
2024-09-19|WY|Timber REITs - Real Estate|1|33.59|33.59
2024-09-24|PG|Personal Care Products - Consumer Staples|12|157.51|173.24
2024-09-24|SRE|Multi-Utilities - Utilities|1|77.67|83.02
2024-09-24|ZBH|Health Care Equipment - Health Care|1|107.45|107.81
2024-09-24|ZBH|Health Care Equipment - Health Care|2|107.86|107.81
2024-09-24|BWA|Automotive Parts & Equipment - Consumer Discretionary|1|31.49|35.1
2024-09-24|BKR|Oil & Gas Equipment & Services - Energy|45|34.17|36.34
2024-09-24|ZBH|Health Care Equipment - Health Care|1|108.19|107.81
2024-09-24|KIM|Retail REITs - Real Estate|1|21.29|23.63
2024-09-24|ZTS|Pharmaceuticals - Health Care|1|179.66|193.69
2024-09-24|ZBRA|Electronic Equipment & Instruments - Information Technology|5|322.09|364.43
2024-09-24|XEL|Multi-Utilities - Utilities|1|56.36|64.17
2024-09-24|WY|Timber REITs - Real Estate|1|29.87|33.78
2024-09-24|XEL|Multi-Utilities - Utilities|1|56.87|64.17
2024-09-24|XEL|Multi-Utilities - Utilities|1|57.36|64.17
2024-09-24|WY|Timber REITs - Real Estate|1|31.1|33.78
2024-09-24|WY|Timber REITs - Real Estate|1|30.02|33.78
2024-09-24|VICI|Hotel & Resort REITs - Real Estate|2|32.09|33.12
2024-09-24|XEL|Multi-Utilities - Utilities|1|62.52|64.17
2024-09-24|EXC|Electric Utilities - Utilities|2|38.42|39.99
2024-09-24|WY|Timber REITs - Real Estate|1|30.17|33.78
2024-09-24|EQIX|Data Center REITs - Real Estate|2|831.8|887.58
2024-09-24|ZBRA|Electronic Equipment & Instruments - Information Technology|1|327.93|364.43
2024-09-24|ZBH|Health Care Equipment - Health Care|1|104.83|107.81
2024-09-24|WY|Timber REITs - Real Estate|1|30.27|33.78
2024-09-24|WY|Timber REITs - Real Estate|1|32.45|33.78
2024-09-24|WBD|Broadcasting - Communication Services|3|8.49|8.32
2024-09-24|ABT|Health Care Equipment - Health Care|14|118.13|113.34
2024-09-24|EXPD|Air Freight & Logistics - Industrials|4|123.7|128.1
2024-09-24|WY|Timber REITs - Real Estate|1|33.59|33.78
2024-09-24|BMY|Pharmaceuticals - Health Care|9|50.94|50.94
2024-09-24|WBD|Broadcasting - Communication Services|2|8.32|8.32
2024-09-26|PG|Personal Care Products - Consumer Staples|12|157.51|173.21
2024-09-26|SRE|Multi-Utilities - Utilities|1|77.67|81.94
2024-09-26|ZBH|Health Care Equipment - Health Care|1|107.45|107.71
2024-09-26|ZBH|Health Care Equipment - Health Care|2|107.86|107.71
2024-09-26|BWA|Automotive Parts & Equipment - Consumer Discretionary|1|31.49|35.81
2024-09-26|BKR|Oil & Gas Equipment & Services - Energy|45|34.17|34.77
2024-09-26|ZBH|Health Care Equipment - Health Care|1|108.19|107.71
2024-09-26|KIM|Retail REITs - Real Estate|1|21.29|22.87
2024-09-26|ZTS|Pharmaceuticals - Health Care|1|179.66|194.87
2024-09-26|XEL|Multi-Utilities - Utilities|1|56.36|63.98
2024-09-26|WY|Timber REITs - Real Estate|1|29.87|33.16
2024-09-26|XEL|Multi-Utilities - Utilities|1|56.87|63.98
2024-09-26|XEL|Multi-Utilities - Utilities|1|57.36|63.98
2024-09-26|WY|Timber REITs - Real Estate|1|31.1|33.16
2024-09-26|WY|Timber REITs - Real Estate|1|30.02|33.16
2024-09-26|VICI|Hotel & Resort REITs - Real Estate|2|32.09|32.89
2024-09-26|XEL|Multi-Utilities - Utilities|1|62.52|63.98
2024-09-26|EXC|Electric Utilities - Utilities|2|38.42|39.93
2024-09-26|WY|Timber REITs - Real Estate|1|30.17|33.16
2024-09-26|EQIX|Data Center REITs - Real Estate|2|831.8|878.98
2024-09-26|ZBRA|Electronic Equipment & Instruments - Information Technology|1|327.93|371.24
2024-09-26|ZBH|Health Care Equipment - Health Care|1|104.83|107.71
2024-09-26|WY|Timber REITs - Real Estate|1|30.27|33.16
2024-09-26|WY|Timber REITs - Real Estate|1|32.45|33.16
2024-09-26|WBD|Broadcasting - Communication Services|3|8.49|8.3
2024-09-26|ABT|Health Care Equipment - Health Care|14|118.13|112.73
2024-09-26|EXPD|Air Freight & Logistics - Industrials|4|123.7|127.72
2024-09-26|WY|Timber REITs - Real Estate|1|33.59|33.16
2024-09-26|BMY|Pharmaceuticals - Health Care|9|50.94|50.12
2024-09-26|WBD|Broadcasting - Communication Services|2|8.32|8.3
2024-09-26|UBER|Passenger Ground Transportation - Industrials|24|76.69|76.69
2024-09-26|WBD|Broadcasting - Communication Services|2|8.3|8.3
2024-09-27|PG|Personal Care Products - Consumer Staples|12|157.51|173.55
2024-09-27|SRE|Multi-Utilities - Utilities|1|77.67|83.25
2024-09-27|ZBH|Health Care Equipment - Health Care|1|107.45|108.22
2024-09-27|ZBH|Health Care Equipment - Health Care|2|107.86|108.22
2024-09-27|BKR|Oil & Gas Equipment & Services - Energy|45|34.17|36.18
2024-09-27|ZBH|Health Care Equipment - Health Care|1|108.19|108.22
2024-09-27|KIM|Retail REITs - Real Estate|1|21.29|22.96
2024-09-27|ZTS|Pharmaceuticals - Health Care|1|179.66|194.81
2024-09-27|XEL|Multi-Utilities - Utilities|1|56.36|64.57
2024-09-27|WY|Timber REITs - Real Estate|1|29.87|33.75
2024-09-27|XEL|Multi-Utilities - Utilities|1|56.87|64.57
2024-09-27|XEL|Multi-Utilities - Utilities|1|57.36|64.57
2024-09-27|WY|Timber REITs - Real Estate|1|31.1|33.75
2024-09-27|WY|Timber REITs - Real Estate|1|30.02|33.75
2024-09-27|VICI|Hotel & Resort REITs - Real Estate|2|32.09|33.12
2024-09-27|XEL|Multi-Utilities - Utilities|1|62.52|64.57
2024-09-27|EXC|Electric Utilities - Utilities|2|38.42|40.38
2024-09-27|WY|Timber REITs - Real Estate|1|30.17|33.75
2024-09-27|EQIX|Data Center REITs - Real Estate|2|831.8|882.69
2024-09-27|ZBRA|Electronic Equipment & Instruments - Information Technology|1|327.93|368.6
2024-09-27|ZBH|Health Care Equipment - Health Care|1|104.83|108.22
2024-09-27|WY|Timber REITs - Real Estate|1|30.27|33.75
2024-09-27|WY|Timber REITs - Real Estate|1|32.45|33.75
2024-09-27|WBD|Broadcasting - Communication Services|3|8.49|8.38
2024-09-27|ABT|Health Care Equipment - Health Care|14|118.13|112.43
2024-09-27|EXPD|Air Freight & Logistics - Industrials|4|123.7|128.93
2024-09-27|WY|Timber REITs - Real Estate|1|33.59|33.75
2024-09-27|BMY|Pharmaceuticals - Health Care|9|50.94|50.91
2024-09-27|WBD|Broadcasting - Communication Services|2|8.32|8.38
2024-09-27|UBER|Passenger Ground Transportation - Industrials|24|76.69|75.75
2024-09-27|WBD|Broadcasting - Communication Services|2|8.3|8.38
2024-09-27|WY|Timber REITs - Real Estate|1|33.75|33.75
2024-09-30|PG|Personal Care Products - Consumer Staples|12|157.51|173.2
2024-09-30|SRE|Multi-Utilities - Utilities|1|77.67|83.63
2024-09-30|ZBH|Health Care Equipment - Health Care|1|107.45|107.95
2024-09-30|ZBH|Health Care Equipment - Health Care|2|107.86|107.95
2024-09-30|BKR|Oil & Gas Equipment & Services - Energy|45|34.17|36.15
2024-09-30|ZBH|Health Care Equipment - Health Care|1|108.19|107.95
2024-09-30|KIM|Retail REITs - Real Estate|1|21.29|23.22
2024-09-30|ZTS|Pharmaceuticals - Health Care|1|179.66|195.38
2024-09-30|WY|Timber REITs - Real Estate|1|29.87|33.86
2024-09-30|XEL|Multi-Utilities - Utilities|1|56.87|65.3
2024-09-30|XEL|Multi-Utilities - Utilities|1|57.36|65.3
2024-09-30|WY|Timber REITs - Real Estate|1|31.1|33.86
2024-09-30|WY|Timber REITs - Real Estate|1|30.02|33.86
2024-09-30|VICI|Hotel & Resort REITs - Real Estate|2|32.09|33.31
2024-09-30|XEL|Multi-Utilities - Utilities|1|62.52|65.3
2024-09-30|EXC|Electric Utilities - Utilities|2|38.42|40.55
2024-09-30|WY|Timber REITs - Real Estate|1|30.17|33.86
2024-09-30|EQIX|Data Center REITs - Real Estate|2|831.8|887.63
2024-09-30|ZBRA|Electronic Equipment & Instruments - Information Technology|1|327.93|370.32
2024-09-30|ZBH|Health Care Equipment - Health Care|1|104.83|107.95
2024-09-30|WY|Timber REITs - Real Estate|1|30.27|33.86
2024-09-30|WY|Timber REITs - Real Estate|1|32.45|33.86
2024-09-30|WBD|Broadcasting - Communication Services|3|8.49|8.25
2024-09-30|ABT|Health Care Equipment - Health Care|14|118.13|114.01
2024-09-30|EXPD|Air Freight & Logistics - Industrials|4|123.7|131.4
2024-09-30|WY|Timber REITs - Real Estate|1|33.59|33.86
2024-09-30|BMY|Pharmaceuticals - Health Care|9|50.94|51.74
2024-09-30|WBD|Broadcasting - Communication Services|2|8.32|8.25
2024-09-30|UBER|Passenger Ground Transportation - Industrials|24|76.69|75.16
2024-09-30|WBD|Broadcasting - Communication Services|2|8.3|8.25
2024-09-30|WY|Timber REITs - Real Estate|1|33.75|33.86
2024-09-30|FAST|Trading Companies & Distributors - Industrials|1|35.71|35.71
2024-09-30|WY|Timber REITs - Real Estate|1|33.86|33.86
2024-10-02|PG|Personal Care Products - Consumer Staples|12|157.51|171.92
2024-10-02|SRE|Multi-Utilities - Utilities|1|77.67|83.38
2024-10-02|ZBH|Health Care Equipment - Health Care|1|107.45|105.69
2024-10-02|ZBH|Health Care Equipment - Health Care|2|107.86|105.69
2024-10-02|BKR|Oil & Gas Equipment & Services - Energy|45|34.17|37.22
2024-10-02|ZBH|Health Care Equipment - Health Care|1|108.19|105.69
2024-10-02|KIM|Retail REITs - Real Estate|1|21.29|22.96
2024-10-02|ZTS|Pharmaceuticals - Health Care|1|179.66|192.46
2024-10-02|WY|Timber REITs - Real Estate|1|29.87|33.62
2024-10-02|XEL|Multi-Utilities - Utilities|1|56.87|65.15
2024-10-02|XEL|Multi-Utilities - Utilities|1|57.36|65.15
2024-10-02|WY|Timber REITs - Real Estate|1|31.1|33.62
2024-10-02|WY|Timber REITs - Real Estate|1|30.02|33.62
2024-10-02|VICI|Hotel & Resort REITs - Real Estate|2|32.09|32.77
2024-10-02|XEL|Multi-Utilities - Utilities|1|62.52|65.15
2024-10-02|EXC|Electric Utilities - Utilities|2|38.42|40.95
2024-10-02|WY|Timber REITs - Real Estate|1|30.17|33.62
2024-10-02|EQIX|Data Center REITs - Real Estate|2|831.8|886.6
2024-10-02|ZBRA|Electronic Equipment & Instruments - Information Technology|1|327.93|368.68
2024-10-02|ZBH|Health Care Equipment - Health Care|1|104.83|105.69
2024-10-02|WY|Timber REITs - Real Estate|1|30.27|33.62
2024-10-02|WY|Timber REITs - Real Estate|1|32.45|33.62
2024-10-02|ABT|Health Care Equipment - Health Care|14|118.13|113.64
2024-10-02|EXPD|Air Freight & Logistics - Industrials|4|123.7|125.69
2024-10-02|WY|Timber REITs - Real Estate|1|33.59|33.62
2024-10-02|BMY|Pharmaceuticals - Health Care|9|50.94|53.76
2024-10-02|WBD|Broadcasting - Communication Services|2|8.32|7.97
2024-10-02|UBER|Passenger Ground Transportation - Industrials|24|76.69|72.87
2024-10-02|WBD|Broadcasting - Communication Services|2|8.3|7.97
2024-10-02|WY|Timber REITs - Real Estate|1|33.75|33.62
2024-10-02|FAST|Trading Companies & Distributors - Industrials|1|35.71|35.69
2024-10-02|WY|Timber REITs - Real Estate|1|33.86|33.62
2024-10-02|WBD|Broadcasting - Communication Services|3|7.97|7.97
2024-10-03|PG|Personal Care Products - Consumer Staples|12|157.51|170.12
2024-10-03|SRE|Multi-Utilities - Utilities|1|77.67|82.53
2024-10-03|ZBH|Health Care Equipment - Health Care|1|107.45|104.19
2024-10-03|ZBH|Health Care Equipment - Health Care|2|107.86|104.19
2024-10-03|BKR|Oil & Gas Equipment & Services - Energy|45|34.17|37.55
2024-10-03|ZBH|Health Care Equipment - Health Care|1|108.19|104.19
2024-10-03|KIM|Retail REITs - Real Estate|1|21.29|22.87
2024-10-03|ZTS|Pharmaceuticals - Health Care|1|179.66|190.99
2024-10-03|WY|Timber REITs - Real Estate|1|29.87|32.93
2024-10-03|XEL|Multi-Utilities - Utilities|1|56.87|64.4
2024-10-03|XEL|Multi-Utilities - Utilities|1|57.36|64.4
2024-10-03|WY|Timber REITs - Real Estate|1|31.1|32.93
2024-10-03|WY|Timber REITs - Real Estate|1|30.02|32.93
2024-10-03|VICI|Hotel & Resort REITs - Real Estate|2|32.09|32.57
2024-10-03|XEL|Multi-Utilities - Utilities|1|62.52|64.4
2024-10-03|EXC|Electric Utilities - Utilities|2|38.42|40.78
2024-10-03|WY|Timber REITs - Real Estate|1|30.17|32.93
2024-10-03|EQIX|Data Center REITs - Real Estate|2|831.8|876.22
2024-10-03|ZBRA|Electronic Equipment & Instruments - Information Technology|1|327.93|363.89
2024-10-03|ZBH|Health Care Equipment - Health Care|1|104.83|104.19
2024-10-03|WY|Timber REITs - Real Estate|1|30.27|32.93
2024-10-03|WY|Timber REITs - Real Estate|1|32.45|32.93
2024-10-03|ABT|Health Care Equipment - Health Care|14|118.13|112.23
2024-10-03|EXPD|Air Freight & Logistics - Industrials|4|123.7|122.57
2024-10-03|WY|Timber REITs - Real Estate|1|33.59|32.93
2024-10-03|BMY|Pharmaceuticals - Health Care|9|50.94|54.2
2024-10-03|UBER|Passenger Ground Transportation - Industrials|24|76.69|72.94
2024-10-03|WY|Timber REITs - Real Estate|1|33.75|32.93
2024-10-03|FAST|Trading Companies & Distributors - Industrials|1|35.71|35.35
2024-10-03|WY|Timber REITs - Real Estate|1|33.86|32.93
2024-10-03|WBD|Broadcasting - Communication Services|3|7.97|7.74
2024-10-03|WBD|Broadcasting - Communication Services|4|7.74|7.74
2024-10-07|PG|Personal Care Products - Consumer Staples|12|157.51|167.12
2024-10-07|SRE|Multi-Utilities - Utilities|1|77.67|81.51
2024-10-07|ZBH|Health Care Equipment - Health Care|1|107.45|102.28
2024-10-07|BKR|Oil & Gas Equipment & Services - Energy|45|34.17|37.96
2024-10-07|KIM|Retail REITs - Real Estate|1|21.29|22.92
2024-10-07|ZTS|Pharmaceuticals - Health Care|1|179.66|187.28
2024-10-07|WY|Timber REITs - Real Estate|1|29.87|32.85
2024-10-07|XEL|Multi-Utilities - Utilities|1|56.87|63.01
2024-10-07|XEL|Multi-Utilities - Utilities|1|57.36|63.01
2024-10-07|WY|Timber REITs - Real Estate|1|31.1|32.85
2024-10-07|WY|Timber REITs - Real Estate|1|30.02|32.85
2024-10-07|VICI|Hotel & Resort REITs - Real Estate|2|32.09|32.42
2024-10-07|XEL|Multi-Utilities - Utilities|1|62.52|63.01
2024-10-07|EXC|Electric Utilities - Utilities|2|38.42|39.54
2024-10-07|WY|Timber REITs - Real Estate|1|30.17|32.85
2024-10-07|EQIX|Data Center REITs - Real Estate|2|831.8|870.01
2024-10-07|ZBRA|Electronic Equipment & Instruments - Information Technology|1|327.93|365.24
2024-10-07|ZBH|Health Care Equipment - Health Care|1|104.83|102.28
2024-10-07|WY|Timber REITs - Real Estate|1|30.27|32.85
2024-10-07|WY|Timber REITs - Real Estate|1|32.45|32.85
2024-10-07|ABT|Health Care Equipment - Health Care|14|118.13|113.36
2024-10-07|EXPD|Air Freight & Logistics - Industrials|4|123.7|119.87
2024-10-07|WY|Timber REITs - Real Estate|1|33.59|32.85
2024-10-07|BMY|Pharmaceuticals - Health Care|9|50.94|53.44
2024-10-07|UBER|Passenger Ground Transportation - Industrials|24|76.69|74.59
2024-10-07|WY|Timber REITs - Real Estate|1|33.75|32.85
2024-10-07|FAST|Trading Companies & Distributors - Industrials|1|35.71|35.0
2024-10-07|WY|Timber REITs - Real Estate|1|33.86|32.85
2024-10-07|WBD|Broadcasting - Communication Services|3|7.97|7.72
2024-10-07|WBD|Broadcasting - Communication Services|4|7.74|7.72
2024-10-07|ZTS|Pharmaceuticals - Health Care|1|187.28|187.28
2024-10-07|ZBH|Health Care Equipment - Health Care|1|102.28|102.28
2024-10-07|WBD|Broadcasting - Communication Services|2|7.72|7.72
2024-10-08|PG|Personal Care Products - Consumer Staples|12|157.51|168.16
2024-10-08|SRE|Multi-Utilities - Utilities|1|77.67|81.61
2024-10-08|BKR|Oil & Gas Equipment & Services - Energy|45|34.17|37.46
2024-10-08|KIM|Retail REITs - Real Estate|1|21.29|22.86
2024-10-08|ZTS|Pharmaceuticals - Health Care|1|179.66|187.37
2024-10-08|WY|Timber REITs - Real Estate|1|29.87|33.11
2024-10-08|XEL|Multi-Utilities - Utilities|1|56.87|62.93
2024-10-08|XEL|Multi-Utilities - Utilities|1|57.36|62.93
2024-10-08|WY|Timber REITs - Real Estate|1|31.1|33.11
2024-10-08|WY|Timber REITs - Real Estate|1|30.02|33.11
2024-10-08|VICI|Hotel & Resort REITs - Real Estate|2|32.09|32.32
2024-10-08|XEL|Multi-Utilities - Utilities|1|62.52|62.93
2024-10-08|EXC|Electric Utilities - Utilities|2|38.42|39.61
2024-10-08|WY|Timber REITs - Real Estate|1|30.17|33.11
2024-10-08|EQIX|Data Center REITs - Real Estate|2|831.8|872.51
2024-10-08|ZBRA|Electronic Equipment & Instruments - Information Technology|1|327.93|368.97
2024-10-08|ZBH|Health Care Equipment - Health Care|1|104.83|101.77
2024-10-08|WY|Timber REITs - Real Estate|1|30.27|33.11
2024-10-08|WY|Timber REITs - Real Estate|1|32.45|33.11
2024-10-08|ABT|Health Care Equipment - Health Care|14|118.13|114.63
2024-10-08|EXPD|Air Freight & Logistics - Industrials|4|123.7|121.41
2024-10-08|WY|Timber REITs - Real Estate|1|33.59|33.11
2024-10-08|BMY|Pharmaceuticals - Health Care|9|50.94|52.48
2024-10-08|UBER|Passenger Ground Transportation - Industrials|24|76.69|76.17
2024-10-08|WY|Timber REITs - Real Estate|1|33.75|33.11
2024-10-08|FAST|Trading Companies & Distributors - Industrials|1|35.71|35.08
2024-10-08|WY|Timber REITs - Real Estate|1|33.86|33.11
2024-10-08|WBD|Broadcasting - Communication Services|3|7.97|7.72
2024-10-08|WBD|Broadcasting - Communication Services|4|7.74|7.72
2024-10-08|ZTS|Pharmaceuticals - Health Care|1|187.28|187.37
2024-10-08|ZBH|Health Care Equipment - Health Care|1|102.28|101.77
2024-10-08|WBD|Broadcasting - Communication Services|2|7.72|7.72
2024-10-08|AES|Independent Power Producers & Energy Traders - Utilities|5|18.15|18.15
2024-10-08|WBD|Broadcasting - Communication Services|1|7.72|7.72
2024-10-10|PG|Personal Care Products - Consumer Staples|12|157.51|168.95
2024-10-10|SRE|Multi-Utilities - Utilities|1|77.67|81.33
2024-10-10|BKR|Oil & Gas Equipment & Services - Energy|45|34.17|37.61
2024-10-10|KIM|Retail REITs - Real Estate|1|21.29|22.86
2024-10-10|ZTS|Pharmaceuticals - Health Care|1|179.66|190.28
2024-10-10|WY|Timber REITs - Real Estate|1|29.87|32.63
2024-10-10|XEL|Multi-Utilities - Utilities|1|56.87|62.16
2024-10-10|XEL|Multi-Utilities - Utilities|1|57.36|62.16
2024-10-10|WY|Timber REITs - Real Estate|1|31.1|32.63
2024-10-10|WY|Timber REITs - Real Estate|1|30.02|32.63
2024-10-10|VICI|Hotel & Resort REITs - Real Estate|2|32.09|32.17
2024-10-10|XEL|Multi-Utilities - Utilities|1|62.52|62.16
2024-10-10|EXC|Electric Utilities - Utilities|2|38.42|39.27
2024-10-10|WY|Timber REITs - Real Estate|1|30.17|32.63
2024-10-10|EQIX|Data Center REITs - Real Estate|2|831.8|870.54
2024-10-10|ZBRA|Electronic Equipment & Instruments - Information Technology|1|327.93|369.24
2024-10-10|ZBH|Health Care Equipment - Health Care|1|104.83|102.82
2024-10-10|WY|Timber REITs - Real Estate|1|30.27|32.63
2024-10-10|WY|Timber REITs - Real Estate|1|32.45|32.63
2024-10-10|ABT|Health Care Equipment - Health Care|14|118.13|115.62
2024-10-10|EXPD|Air Freight & Logistics - Industrials|4|123.7|121.37
2024-10-10|WY|Timber REITs - Real Estate|1|33.59|32.63
2024-10-10|BMY|Pharmaceuticals - Health Care|9|50.94|52.4
2024-10-10|UBER|Passenger Ground Transportation - Industrials|24|76.69|77.92
2024-10-10|WY|Timber REITs - Real Estate|1|33.75|32.63
2024-10-10|FAST|Trading Companies & Distributors - Industrials|1|35.71|34.99
2024-10-10|WY|Timber REITs - Real Estate|1|33.86|32.63
2024-10-10|WBD|Broadcasting - Communication Services|4|7.74|7.54
2024-10-10|ZTS|Pharmaceuticals - Health Care|1|187.28|190.28
2024-10-10|ZBH|Health Care Equipment - Health Care|1|102.28|102.82
2024-10-10|WBD|Broadcasting - Communication Services|2|7.72|7.54
2024-10-10|AES|Independent Power Producers & Energy Traders - Utilities|5|18.15|17.33
2024-10-10|WBD|Broadcasting - Communication Services|1|7.72|7.54
2024-10-10|WBD|Broadcasting - Communication Services|3|7.54|7.54
2024-10-14|PG|Personal Care Products - Consumer Staples|12|157.51|172.51
2024-10-14|SRE|Multi-Utilities - Utilities|1|77.67|83.15
2024-10-14|BKR|Oil & Gas Equipment & Services - Energy|45|34.17|37.64
2024-10-14|KIM|Retail REITs - Real Estate|1|21.29|23.41
2024-10-14|ZTS|Pharmaceuticals - Health Care|1|179.66|192.65
2024-10-14|WY|Timber REITs - Real Estate|1|29.87|32.59
2024-10-14|XEL|Multi-Utilities - Utilities|1|56.87|63.02
2024-10-14|XEL|Multi-Utilities - Utilities|1|57.36|63.02
2024-10-14|WY|Timber REITs - Real Estate|1|31.1|32.59
2024-10-14|WY|Timber REITs - Real Estate|1|30.02|32.59
2024-10-14|VICI|Hotel & Resort REITs - Real Estate|2|32.09|32.78
2024-10-14|XEL|Multi-Utilities - Utilities|1|62.52|63.02
2024-10-14|EXC|Electric Utilities - Utilities|2|38.42|39.93
2024-10-14|WY|Timber REITs - Real Estate|1|30.17|32.59
2024-10-14|EQIX|Data Center REITs - Real Estate|2|831.8|866.02
2024-10-14|ZBH|Health Care Equipment - Health Care|1|104.83|104.83
2024-10-14|WY|Timber REITs - Real Estate|1|30.27|32.59
2024-10-14|WY|Timber REITs - Real Estate|1|32.45|32.59
2024-10-14|ABT|Health Care Equipment - Health Care|14|118.13|117.25
2024-10-14|EXPD|Air Freight & Logistics - Industrials|4|123.7|122.09
2024-10-14|WY|Timber REITs - Real Estate|1|33.59|32.59
2024-10-14|BMY|Pharmaceuticals - Health Care|9|50.94|52.67
2024-10-14|UBER|Passenger Ground Transportation - Industrials|24|76.69|84.94
2024-10-14|WY|Timber REITs - Real Estate|1|33.75|32.59
2024-10-14|FAST|Trading Companies & Distributors - Industrials|1|35.71|38.35
2024-10-14|WY|Timber REITs - Real Estate|1|33.86|32.59
2024-10-14|WBD|Broadcasting - Communication Services|4|7.74|7.54
2024-10-14|ZTS|Pharmaceuticals - Health Care|1|187.28|192.65
2024-10-14|ZBH|Health Care Equipment - Health Care|1|102.28|104.83
2024-10-14|WBD|Broadcasting - Communication Services|2|7.72|7.54
2024-10-14|AES|Independent Power Producers & Energy Traders - Utilities|5|18.15|17.46
2024-10-14|WBD|Broadcasting - Communication Services|1|7.72|7.54
2024-10-14|WBD|Broadcasting - Communication Services|3|7.54|7.54
2024-10-14|PFG|Life & Health Insurance - Financials|4|89.71|89.71
2024-10-14|WBD|Broadcasting - Communication Services|3|7.54|7.54
2024-10-18|PG|Personal Care Products - Consumer Staples|12|157.51|171.28
2024-10-18|SRE|Multi-Utilities - Utilities|1|77.67|85.96
2024-10-18|BKR|Oil & Gas Equipment & Services - Energy|45|34.17|36.4
2024-10-18|ZTS|Pharmaceuticals - Health Care|1|179.66|193.28
2024-10-18|WY|Timber REITs - Real Estate|1|29.87|33.06
2024-10-18|XEL|Multi-Utilities - Utilities|1|56.87|64.07
2024-10-18|XEL|Multi-Utilities - Utilities|1|57.36|64.07
2024-10-18|WY|Timber REITs - Real Estate|1|31.1|33.06
2024-10-18|WY|Timber REITs - Real Estate|1|30.02|33.06
2024-10-18|VICI|Hotel & Resort REITs - Real Estate|2|32.09|33.19
2024-10-18|XEL|Multi-Utilities - Utilities|1|62.52|64.07
2024-10-18|EXC|Electric Utilities - Utilities|2|38.42|40.95
2024-10-18|WY|Timber REITs - Real Estate|1|30.17|33.06
2024-10-18|EQIX|Data Center REITs - Real Estate|2|831.8|895.2
2024-10-18|ZBH|Health Care Equipment - Health Care|1|104.83|106.31
2024-10-18|WY|Timber REITs - Real Estate|1|30.27|33.06
2024-10-18|WY|Timber REITs - Real Estate|1|32.45|33.06
2024-10-18|ABT|Health Care Equipment - Health Care|14|118.13|119.39
2024-10-18|EXPD|Air Freight & Logistics - Industrials|4|123.7|120.5
2024-10-18|WY|Timber REITs - Real Estate|1|33.59|33.06
2024-10-18|BMY|Pharmaceuticals - Health Care|9|50.94|53.22
2024-10-18|UBER|Passenger Ground Transportation - Industrials|24|76.69|79.16
2024-10-18|WY|Timber REITs - Real Estate|1|33.75|33.06
2024-10-18|FAST|Trading Companies & Distributors - Industrials|1|35.71|38.95
2024-10-18|WY|Timber REITs - Real Estate|1|33.86|33.06
2024-10-18|WBD|Broadcasting - Communication Services|4|7.74|7.82
2024-10-18|ZTS|Pharmaceuticals - Health Care|1|187.28|193.28
2024-10-18|ZBH|Health Care Equipment - Health Care|1|102.28|106.31
2024-10-18|WBD|Broadcasting - Communication Services|2|7.72|7.82
2024-10-18|AES|Independent Power Producers & Energy Traders - Utilities|5|18.15|17.47
2024-10-18|WBD|Broadcasting - Communication Services|1|7.72|7.82
2024-10-18|WBD|Broadcasting - Communication Services|3|7.54|7.82
2024-10-18|PFG|Life & Health Insurance - Financials|4|89.71|90.46
2024-10-18|WBD|Broadcasting - Communication Services|3|7.54|7.82
2024-10-18|WBD|Broadcasting - Communication Services|3|7.82|7.82
2024-10-21|PG|Personal Care Products - Consumer Staples|12|157.51|169.54
2024-10-21|SRE|Multi-Utilities - Utilities|1|77.67|84.93
2024-10-21|BKR|Oil & Gas Equipment & Services - Energy|45|34.17|36.45
2024-10-21|ZTS|Pharmaceuticals - Health Care|1|179.66|189.45
2024-10-21|WY|Timber REITs - Real Estate|1|29.87|32.29
2024-10-21|XEL|Multi-Utilities - Utilities|1|56.87|63.43
2024-10-21|XEL|Multi-Utilities - Utilities|1|57.36|63.43
2024-10-21|WY|Timber REITs - Real Estate|1|31.1|32.29
2024-10-21|WY|Timber REITs - Real Estate|1|30.02|32.29
2024-10-21|VICI|Hotel & Resort REITs - Real Estate|2|32.09|32.59
2024-10-21|XEL|Multi-Utilities - Utilities|1|62.52|63.43
2024-10-21|EXC|Electric Utilities - Utilities|2|38.42|40.5
2024-10-21|WY|Timber REITs - Real Estate|1|30.17|32.29
2024-10-21|EQIX|Data Center REITs - Real Estate|2|831.8|879.94
2024-10-21|ZBH|Health Care Equipment - Health Care|1|104.83|105.2
2024-10-21|WY|Timber REITs - Real Estate|1|30.27|32.29
2024-10-21|WY|Timber REITs - Real Estate|1|32.45|32.29
2024-10-21|ABT|Health Care Equipment - Health Care|14|118.13|116.99
2024-10-21|EXPD|Air Freight & Logistics - Industrials|4|123.7|120.24
2024-10-21|WY|Timber REITs - Real Estate|1|33.59|32.29
2024-10-21|BMY|Pharmaceuticals - Health Care|9|50.94|52.12
2024-10-21|UBER|Passenger Ground Transportation - Industrials|24|76.69|80.46
2024-10-21|WY|Timber REITs - Real Estate|1|33.75|32.29
2024-10-21|FAST|Trading Companies & Distributors - Industrials|1|35.71|38.88
2024-10-21|WY|Timber REITs - Real Estate|1|33.86|32.29
2024-10-21|WBD|Broadcasting - Communication Services|4|7.74|7.55
2024-10-21|ZTS|Pharmaceuticals - Health Care|1|187.28|189.45
2024-10-21|ZBH|Health Care Equipment - Health Care|1|102.28|105.2
2024-10-21|WBD|Broadcasting - Communication Services|2|7.72|7.55
2024-10-21|WBD|Broadcasting - Communication Services|1|7.72|7.55
2024-10-21|WBD|Broadcasting - Communication Services|3|7.54|7.55
2024-10-21|PFG|Life & Health Insurance - Financials|4|89.71|89.65
2024-10-21|WBD|Broadcasting - Communication Services|3|7.54|7.55
2024-10-21|WBD|Broadcasting - Communication Services|3|7.82|7.55
2024-10-21|LUV|Passenger Airlines - Industrials|2|30.44|30.44
2024-10-21|WBD|Broadcasting - Communication Services|3|7.55|7.55
2024-10-22|PG|Personal Care Products - Consumer Staples|12|157.51|169.7
2024-10-22|SRE|Multi-Utilities - Utilities|1|77.67|85.01
2024-10-22|BKR|Oil & Gas Equipment & Services - Energy|45|34.17|35.98
2024-10-22|ZTS|Pharmaceuticals - Health Care|1|179.66|189.51
2024-10-22|WY|Timber REITs - Real Estate|1|29.87|31.65
2024-10-22|XEL|Multi-Utilities - Utilities|1|56.87|63.68
2024-10-22|XEL|Multi-Utilities - Utilities|1|57.36|63.68
2024-10-22|WY|Timber REITs - Real Estate|1|31.1|31.65
2024-10-22|WY|Timber REITs - Real Estate|1|30.02|31.65
2024-10-22|VICI|Hotel & Resort REITs - Real Estate|2|32.09|32.77
2024-10-22|XEL|Multi-Utilities - Utilities|1|62.52|63.68
2024-10-22|EXC|Electric Utilities - Utilities|2|38.42|40.53
2024-10-22|WY|Timber REITs - Real Estate|1|30.17|31.65
2024-10-22|EQIX|Data Center REITs - Real Estate|2|831.8|878.37
2024-10-22|ZBH|Health Care Equipment - Health Care|1|104.83|104.26
2024-10-22|WY|Timber REITs - Real Estate|1|30.27|31.65
2024-10-22|WY|Timber REITs - Real Estate|1|32.45|31.65
2024-10-22|ABT|Health Care Equipment - Health Care|14|118.13|116.12
2024-10-22|EXPD|Air Freight & Logistics - Industrials|4|123.7|120.2
2024-10-22|BMY|Pharmaceuticals - Health Care|9|50.94|52.76
2024-10-22|UBER|Passenger Ground Transportation - Industrials|24|76.69|80.41
2024-10-22|FAST|Trading Companies & Distributors - Industrials|1|35.71|38.27
2024-10-22|WBD|Broadcasting - Communication Services|4|7.74|7.53
2024-10-22|ZTS|Pharmaceuticals - Health Care|1|187.28|189.51
2024-10-22|ZBH|Health Care Equipment - Health Care|1|102.28|104.26
2024-10-22|WBD|Broadcasting - Communication Services|2|7.72|7.53
2024-10-22|WBD|Broadcasting - Communication Services|1|7.72|7.53
2024-10-22|WBD|Broadcasting - Communication Services|3|7.54|7.53
2024-10-22|PFG|Life & Health Insurance - Financials|4|89.71|89.92
2024-10-22|WBD|Broadcasting - Communication Services|3|7.54|7.53
2024-10-22|WBD|Broadcasting - Communication Services|3|7.82|7.53
2024-10-22|LUV|Passenger Airlines - Industrials|2|30.44|30.49
2024-10-22|WBD|Broadcasting - Communication Services|3|7.55|7.53
2024-10-22|XEL|Multi-Utilities - Utilities|1|63.68|63.68
2024-10-22|WY|Timber REITs - Real Estate|1|31.65|31.65
2024-10-23|PG|Personal Care Products - Consumer Staples|12|157.51|169.58
2024-10-23|SRE|Multi-Utilities - Utilities|1|77.67|85.96
2024-10-23|BKR|Oil & Gas Equipment & Services - Energy|45|34.17|37.0
2024-10-23|ZTS|Pharmaceuticals - Health Care|1|179.66|188.99
2024-10-23|WY|Timber REITs - Real Estate|1|29.87|31.85
2024-10-23|XEL|Multi-Utilities - Utilities|1|56.87|64.32
2024-10-23|XEL|Multi-Utilities - Utilities|1|57.36|64.32
2024-10-23|WY|Timber REITs - Real Estate|1|31.1|31.85
2024-10-23|WY|Timber REITs - Real Estate|1|30.02|31.85
2024-10-23|VICI|Hotel & Resort REITs - Real Estate|2|32.09|32.84
2024-10-23|XEL|Multi-Utilities - Utilities|1|62.52|64.32
2024-10-23|EXC|Electric Utilities - Utilities|2|38.42|40.74
2024-10-23|WY|Timber REITs - Real Estate|1|30.17|31.85
2024-10-23|EQIX|Data Center REITs - Real Estate|2|831.8|891.16
2024-10-23|ZBH|Health Care Equipment - Health Care|1|104.83|104.7
2024-10-23|WY|Timber REITs - Real Estate|1|30.27|31.85
2024-10-23|WY|Timber REITs - Real Estate|1|32.45|31.85
2024-10-23|ABT|Health Care Equipment - Health Care|14|118.13|117.01
2024-10-23|EXPD|Air Freight & Logistics - Industrials|4|123.7|119.5
2024-10-23|BMY|Pharmaceuticals - Health Care|9|50.94|53.06
2024-10-23|UBER|Passenger Ground Transportation - Industrials|24|76.69|79.83
2024-10-23|FAST|Trading Companies & Distributors - Industrials|1|35.71|37.97
2024-10-23|ZTS|Pharmaceuticals - Health Care|1|187.28|188.99
2024-10-23|ZBH|Health Care Equipment - Health Care|1|102.28|104.7
2024-10-23|WBD|Broadcasting - Communication Services|3|7.54|7.33
2024-10-23|PFG|Life & Health Insurance - Financials|4|89.71|89.58
2024-10-23|WBD|Broadcasting - Communication Services|3|7.54|7.33
2024-10-23|LUV|Passenger Airlines - Industrials|2|30.44|30.73
2024-10-23|WBD|Broadcasting - Communication Services|3|7.55|7.33
2024-10-23|XEL|Multi-Utilities - Utilities|1|63.68|64.32
2024-10-23|WY|Timber REITs - Real Estate|1|31.65|31.85
2024-10-23|FCX|Copper - Materials|1|47.92|47.92
2024-10-23|WBD|Broadcasting - Communication Services|4|7.33|7.33
2024-10-25|PG|Personal Care Products - Consumer Staples|12|157.51|168.22
2024-10-25|SRE|Multi-Utilities - Utilities|1|77.67|84.38
2024-10-25|BKR|Oil & Gas Equipment & Services - Energy|45|34.17|37.52
2024-10-25|ZTS|Pharmaceuticals - Health Care|1|179.66|180.01
2024-10-25|WY|Timber REITs - Real Estate|1|29.87|31.8
2024-10-25|XEL|Multi-Utilities - Utilities|1|56.87|64.46
2024-10-25|XEL|Multi-Utilities - Utilities|1|57.36|64.46
2024-10-25|WY|Timber REITs - Real Estate|1|31.1|31.8
2024-10-25|WY|Timber REITs - Real Estate|1|30.02|31.8
2024-10-25|VICI|Hotel & Resort REITs - Real Estate|2|32.09|32.1
2024-10-25|XEL|Multi-Utilities - Utilities|1|62.52|64.46
2024-10-25|EXC|Electric Utilities - Utilities|2|38.42|40.07
2024-10-25|WY|Timber REITs - Real Estate|1|30.17|31.8
2024-10-25|EQIX|Data Center REITs - Real Estate|2|831.8|914.33
2024-10-25|ZBH|Health Care Equipment - Health Care|1|104.83|102.35
2024-10-25|WY|Timber REITs - Real Estate|1|30.27|31.8
2024-10-25|WY|Timber REITs - Real Estate|1|32.45|31.8
2024-10-25|ABT|Health Care Equipment - Health Care|14|118.13|114.22
2024-10-25|EXPD|Air Freight & Logistics - Industrials|4|123.7|119.84
2024-10-25|BMY|Pharmaceuticals - Health Care|9|50.94|51.92
2024-10-25|UBER|Passenger Ground Transportation - Industrials|24|76.69|77.62
2024-10-25|FAST|Trading Companies & Distributors - Industrials|1|35.71|37.92
2024-10-25|ZTS|Pharmaceuticals - Health Care|1|187.28|180.01
2024-10-25|ZBH|Health Care Equipment - Health Care|1|102.28|102.35
2024-10-25|WBD|Broadcasting - Communication Services|3|7.54|7.6
2024-10-25|WBD|Broadcasting - Communication Services|3|7.54|7.6
2024-10-25|LUV|Passenger Airlines - Industrials|2|30.44|29.43
2024-10-25|WBD|Broadcasting - Communication Services|3|7.55|7.6
2024-10-25|XEL|Multi-Utilities - Utilities|1|63.68|64.46
2024-10-25|WY|Timber REITs - Real Estate|1|31.65|31.8
2024-10-25|FCX|Copper - Materials|1|47.92|46.6
2024-10-25|WBD|Broadcasting - Communication Services|4|7.33|7.6
2024-10-25|ZTS|Pharmaceuticals - Health Care|1|180.01|180.01
2024-10-25|ZBH|Health Care Equipment - Health Care|1|102.35|102.35
2024-10-25|WY|Timber REITs - Real Estate|1|31.8|31.8
2024-10-25|WBD|Broadcasting - Communication Services|2|7.6|7.6
2024-10-31|PG|Personal Care Products - Consumer Staples|12|157.51|165.18
2024-10-31|SRE|Multi-Utilities - Utilities|1|77.67|83.37
2024-10-31|BKR|Oil & Gas Equipment & Services - Energy|45|34.17|38.08
2024-10-31|ZTS|Pharmaceuticals - Health Care|1|179.66|178.78
2024-10-31|WY|Timber REITs - Real Estate|1|29.87|31.16
2024-10-31|WY|Timber REITs - Real Estate|1|31.1|31.16
2024-10-31|WY|Timber REITs - Real Estate|1|30.02|31.16
2024-10-31|VICI|Hotel & Resort REITs - Real Estate|2|32.09|31.76
2024-10-31|XEL|Multi-Utilities - Utilities|1|62.52|66.81
2024-10-31|EXC|Electric Utilities - Utilities|2|38.42|39.3
2024-10-31|WY|Timber REITs - Real Estate|1|30.17|31.16
2024-10-31|EQIX|Data Center REITs - Real Estate|2|831.8|908.08
2024-10-31|ZBH|Health Care Equipment - Health Care|1|104.83|106.92
2024-10-31|WY|Timber REITs - Real Estate|1|30.27|31.16
2024-10-31|WY|Timber REITs - Real Estate|1|32.45|31.16
2024-10-31|ABT|Health Care Equipment - Health Care|14|118.13|113.37
2024-10-31|EXPD|Air Freight & Logistics - Industrials|4|123.7|119.0
2024-10-31|BMY|Pharmaceuticals - Health Care|9|50.94|55.77
2024-10-31|FAST|Trading Companies & Distributors - Industrials|1|35.71|39.09
2024-10-31|ZTS|Pharmaceuticals - Health Care|1|187.28|178.78
2024-10-31|ZBH|Health Care Equipment - Health Care|1|102.28|106.92
2024-10-31|WBD|Broadcasting - Communication Services|3|7.54|8.13
2024-10-31|WBD|Broadcasting - Communication Services|3|7.54|8.13
2024-10-31|LUV|Passenger Airlines - Industrials|2|30.44|30.58
2024-10-31|WBD|Broadcasting - Communication Services|3|7.55|8.13
2024-10-31|XEL|Multi-Utilities - Utilities|1|63.68|66.81
2024-10-31|WY|Timber REITs - Real Estate|1|31.65|31.16
2024-10-31|WBD|Broadcasting - Communication Services|4|7.33|8.13
2024-10-31|ZTS|Pharmaceuticals - Health Care|1|180.01|178.78
2024-10-31|ZBH|Health Care Equipment - Health Care|1|102.35|106.92
2024-10-31|WY|Timber REITs - Real Estate|1|31.8|31.16
2024-10-31|WBD|Broadcasting - Communication Services|2|7.6|8.13
2024-10-31|ZTS|Pharmaceuticals - Health Care|6|178.78|178.78
2024-10-31|ZBRA|Electronic Equipment & Instruments - Information Technology|2|381.97|381.97
2024-10-31|XEL|Multi-Utilities - Utilities|1|66.81|66.81
2024-10-31|WBD|Broadcasting - Communication Services|1|8.13|8.13
2024-11-04|PG|Personal Care Products - Consumer Staples|12|157.51|165.08
2024-11-04|SRE|Multi-Utilities - Utilities|1|77.67|80.81
2024-11-04|BKR|Oil & Gas Equipment & Services - Energy|45|34.17|38.17
2024-11-04|ZTS|Pharmaceuticals - Health Care|1|179.66|175.18
2024-11-04|WY|Timber REITs - Real Estate|1|29.87|31.71
2024-11-04|WY|Timber REITs - Real Estate|1|31.1|31.71
2024-11-04|WY|Timber REITs - Real Estate|1|30.02|31.71
2024-11-04|VICI|Hotel & Resort REITs - Real Estate|2|32.09|31.69
2024-11-04|XEL|Multi-Utilities - Utilities|1|62.52|65.82
2024-11-04|EXC|Electric Utilities - Utilities|2|38.42|37.97
2024-11-04|WY|Timber REITs - Real Estate|1|30.17|31.71
2024-11-04|EQIX|Data Center REITs - Real Estate|2|831.8|895.92
2024-11-04|ZBH|Health Care Equipment - Health Care|1|104.83|108.41
2024-11-04|WY|Timber REITs - Real Estate|1|30.27|31.71
2024-11-04|WY|Timber REITs - Real Estate|1|32.45|31.71
2024-11-04|ABT|Health Care Equipment - Health Care|14|118.13|117.65
2024-11-04|EXPD|Air Freight & Logistics - Industrials|4|123.7|120.39
2024-11-04|BMY|Pharmaceuticals - Health Care|9|50.94|55.45
2024-11-04|FAST|Trading Companies & Distributors - Industrials|1|35.71|38.91
2024-11-04|ZBH|Health Care Equipment - Health Care|1|102.28|108.41
2024-11-04|WBD|Broadcasting - Communication Services|3|7.54|8.17
2024-11-04|WBD|Broadcasting - Communication Services|3|7.54|8.17
2024-11-04|LUV|Passenger Airlines - Industrials|2|30.44|29.91
2024-11-04|WBD|Broadcasting - Communication Services|3|7.55|8.17
2024-11-04|XEL|Multi-Utilities - Utilities|1|63.68|65.82
2024-11-04|WY|Timber REITs - Real Estate|1|31.65|31.71
2024-11-04|WBD|Broadcasting - Communication Services|4|7.33|8.17
2024-11-04|ZTS|Pharmaceuticals - Health Care|1|180.01|175.18
2024-11-04|ZBH|Health Care Equipment - Health Care|1|102.35|108.41
2024-11-04|WY|Timber REITs - Real Estate|1|31.8|31.71
2024-11-04|WBD|Broadcasting - Communication Services|2|7.6|8.17
2024-11-04|ZTS|Pharmaceuticals - Health Care|6|178.78|175.18
2024-11-04|ZBRA|Electronic Equipment & Instruments - Information Technology|2|381.97|377.02
2024-11-04|XEL|Multi-Utilities - Utilities|1|66.81|65.82
2024-11-04|WBD|Broadcasting - Communication Services|1|8.13|8.17
2024-11-04|LVS|Casinos & Gaming - Consumer Discretionary|3|51.37|51.37
2024-11-04|WBD|Broadcasting - Communication Services|3|8.17|8.17
2024-11-06|PG|Personal Care Products - Consumer Staples|12|157.51|161.05
2024-11-06|SRE|Multi-Utilities - Utilities|1|77.67|88.26
2024-11-06|WY|Timber REITs - Real Estate|1|29.87|31.42
2024-11-06|WY|Timber REITs - Real Estate|1|31.1|31.42
2024-11-06|WY|Timber REITs - Real Estate|1|30.02|31.42
2024-11-06|VICI|Hotel & Resort REITs - Real Estate|2|32.09|31.11
2024-11-06|XEL|Multi-Utilities - Utilities|1|62.52|66.49
2024-11-06|EXC|Electric Utilities - Utilities|2|38.42|38.32
2024-11-06|WY|Timber REITs - Real Estate|1|30.17|31.42
2024-11-06|EQIX|Data Center REITs - Real Estate|2|831.8|890.82
2024-11-06|ZBH|Health Care Equipment - Health Care|1|104.83|110.17
2024-11-06|WY|Timber REITs - Real Estate|1|30.27|31.42
2024-11-06|WY|Timber REITs - Real Estate|1|32.45|31.42
2024-11-06|ABT|Health Care Equipment - Health Care|14|118.13|116.8
2024-11-06|EXPD|Air Freight & Logistics - Industrials|4|123.7|119.41
2024-11-06|BMY|Pharmaceuticals - Health Care|9|50.94|55.28
2024-11-06|ZBH|Health Care Equipment - Health Care|1|102.28|110.17
2024-11-06|WBD|Broadcasting - Communication Services|3|7.54|8.38
2024-11-06|WBD|Broadcasting - Communication Services|3|7.54|8.38
2024-11-06|LUV|Passenger Airlines - Industrials|2|30.44|31.39
2024-11-06|WBD|Broadcasting - Communication Services|3|7.55|8.38
2024-11-06|XEL|Multi-Utilities - Utilities|1|63.68|66.49
2024-11-06|WY|Timber REITs - Real Estate|1|31.65|31.42
2024-11-06|WBD|Broadcasting - Communication Services|4|7.33|8.38
2024-11-06|ZBH|Health Care Equipment - Health Care|1|102.35|110.17
2024-11-06|WY|Timber REITs - Real Estate|1|31.8|31.42
2024-11-06|WBD|Broadcasting - Communication Services|2|7.6|8.38
2024-11-06|ZTS|Pharmaceuticals - Health Care|6|178.78|170.37
2024-11-06|ZBRA|Electronic Equipment & Instruments - Information Technology|2|381.97|394.02
2024-11-06|XEL|Multi-Utilities - Utilities|1|66.81|66.49
2024-11-06|WBD|Broadcasting - Communication Services|1|8.13|8.38
2024-11-06|LVS|Casinos & Gaming - Consumer Discretionary|3|51.37|50.7
2024-11-06|WBD|Broadcasting - Communication Services|3|8.17|8.38
2024-11-06|ZTS|Pharmaceuticals - Health Care|4|170.37|170.37
2024-11-06|ZBRA|Electronic Equipment & Instruments - Information Technology|3|394.02|394.02
2024-11-06|ZBH|Health Care Equipment - Health Care|3|110.17|110.17
2024-11-06|XEL|Multi-Utilities - Utilities|1|66.49|66.49
2024-11-06|WY|Timber REITs - Real Estate|1|31.42|31.42
2024-11-06|WBD|Broadcasting - Communication Services|1|8.38|8.38
2024-11-07|PG|Personal Care Products - Consumer Staples|12|157.51|163.41
2024-11-07|WY|Timber REITs - Real Estate|1|29.87|31.74
2024-11-07|WY|Timber REITs - Real Estate|1|31.1|31.74
2024-11-07|WY|Timber REITs - Real Estate|1|30.02|31.74
2024-11-07|VICI|Hotel & Resort REITs - Real Estate|2|32.09|30.93
2024-11-07|XEL|Multi-Utilities - Utilities|1|62.52|66.2
2024-11-07|EXC|Electric Utilities - Utilities|2|38.42|38.09
2024-11-07|WY|Timber REITs - Real Estate|1|30.17|31.74
2024-11-07|EQIX|Data Center REITs - Real Estate|2|831.8|907.74
2024-11-07|ZBH|Health Care Equipment - Health Care|1|104.83|108.69
2024-11-07|WY|Timber REITs - Real Estate|1|30.27|31.74
2024-11-07|WY|Timber REITs - Real Estate|1|32.45|31.74
2024-11-07|ABT|Health Care Equipment - Health Care|14|118.13|115.3
2024-11-07|EXPD|Air Freight & Logistics - Industrials|4|123.7|119.99
2024-11-07|BMY|Pharmaceuticals - Health Care|9|50.94|54.71
2024-11-07|ZBH|Health Care Equipment - Health Care|1|102.28|108.69
2024-11-07|LUV|Passenger Airlines - Industrials|2|30.44|31.26
2024-11-07|XEL|Multi-Utilities - Utilities|1|63.68|66.2
2024-11-07|WY|Timber REITs - Real Estate|1|31.65|31.74
2024-11-07|ZBH|Health Care Equipment - Health Care|1|102.35|108.69
2024-11-07|WY|Timber REITs - Real Estate|1|31.8|31.74
2024-11-07|ZTS|Pharmaceuticals - Health Care|6|178.78|174.25
2024-11-07|ZBRA|Electronic Equipment & Instruments - Information Technology|2|381.97|397.18
2024-11-07|XEL|Multi-Utilities - Utilities|1|66.81|66.2
2024-11-07|LVS|Casinos & Gaming - Consumer Discretionary|3|51.37|51.46
2024-11-07|WBD|Broadcasting - Communication Services|3|8.17|9.37
2024-11-07|ZTS|Pharmaceuticals - Health Care|4|170.37|174.25
2024-11-07|ZBRA|Electronic Equipment & Instruments - Information Technology|3|394.02|397.18
2024-11-07|ZBH|Health Care Equipment - Health Care|3|110.17|108.69
2024-11-07|XEL|Multi-Utilities - Utilities|1|66.49|66.2
2024-11-07|WY|Timber REITs - Real Estate|1|31.42|31.74
2024-11-07|WBD|Broadcasting - Communication Services|1|8.38|9.37
2024-11-07|PTC|Application Software - Information Technology|1|190.05|190.05
2024-11-07|WY|Timber REITs - Real Estate|1|31.74|31.74
2024-11-07|WBD|Broadcasting - Communication Services|2|9.37|9.37
2024-11-11|PG|Personal Care Products - Consumer Staples|12|157.51|166.03
2024-11-11|WY|Timber REITs - Real Estate|1|29.87|31.35
2024-11-11|WY|Timber REITs - Real Estate|1|31.1|31.35
2024-11-11|WY|Timber REITs - Real Estate|1|30.02|31.35
2024-11-11|VICI|Hotel & Resort REITs - Real Estate|2|32.09|31.28
2024-11-11|XEL|Multi-Utilities - Utilities|1|62.52|68.65
2024-11-11|EXC|Electric Utilities - Utilities|2|38.42|38.4
2024-11-11|WY|Timber REITs - Real Estate|1|30.17|31.35
2024-11-11|EQIX|Data Center REITs - Real Estate|2|831.8|913.5
2024-11-11|ZBH|Health Care Equipment - Health Care|1|104.83|109.46
2024-11-11|WY|Timber REITs - Real Estate|1|30.27|31.35
2024-11-11|WY|Timber REITs - Real Estate|1|32.45|31.35
2024-11-11|ABT|Health Care Equipment - Health Care|14|118.13|116.8
2024-11-11|EXPD|Air Freight & Logistics - Industrials|4|123.7|119.54
2024-11-11|ZBH|Health Care Equipment - Health Care|1|102.28|109.46
2024-11-11|LUV|Passenger Airlines - Industrials|2|30.44|32.65
2024-11-11|XEL|Multi-Utilities - Utilities|1|63.68|68.65
2024-11-11|WY|Timber REITs - Real Estate|1|31.65|31.35
2024-11-11|ZBH|Health Care Equipment - Health Care|1|102.35|109.46
2024-11-11|WY|Timber REITs - Real Estate|1|31.8|31.35
2024-11-11|ZTS|Pharmaceuticals - Health Care|6|178.78|176.15
2024-11-11|ZBRA|Electronic Equipment & Instruments - Information Technology|2|381.97|403.16
2024-11-11|XEL|Multi-Utilities - Utilities|1|66.81|68.65
2024-11-11|LVS|Casinos & Gaming - Consumer Discretionary|3|51.37|50.64
2024-11-11|WBD|Broadcasting - Communication Services|3|8.17|9.33
2024-11-11|ZTS|Pharmaceuticals - Health Care|4|170.37|176.15
2024-11-11|ZBRA|Electronic Equipment & Instruments - Information Technology|3|394.02|403.16
2024-11-11|ZBH|Health Care Equipment - Health Care|3|110.17|109.46
2024-11-11|XEL|Multi-Utilities - Utilities|1|66.49|68.65
2024-11-11|WY|Timber REITs - Real Estate|1|31.42|31.35
2024-11-11|WBD|Broadcasting - Communication Services|1|8.38|9.33
2024-11-11|PTC|Application Software - Information Technology|1|190.05|194.09
2024-11-11|WY|Timber REITs - Real Estate|1|31.74|31.35
2024-11-11|WBD|Broadcasting - Communication Services|2|9.37|9.33
2024-11-11|ZTS|Pharmaceuticals - Health Care|3|176.15|176.15
2024-11-11|WBD|Broadcasting - Communication Services|1|9.33|9.33
2024-11-12|PG|Personal Care Products - Consumer Staples|12|157.51|165.84
2024-11-12|WY|Timber REITs - Real Estate|1|29.87|30.68
2024-11-12|WY|Timber REITs - Real Estate|1|31.1|30.68
2024-11-12|WY|Timber REITs - Real Estate|1|30.02|30.68
2024-11-12|VICI|Hotel & Resort REITs - Real Estate|2|32.09|31.2
2024-11-12|XEL|Multi-Utilities - Utilities|1|62.52|68.61
2024-11-12|EXC|Electric Utilities - Utilities|2|38.42|38.16
2024-11-12|WY|Timber REITs - Real Estate|1|30.17|30.68
2024-11-12|EQIX|Data Center REITs - Real Estate|2|831.8|903.02
2024-11-12|ZBH|Health Care Equipment - Health Care|1|104.83|109.94
2024-11-12|WY|Timber REITs - Real Estate|1|30.27|30.68
2024-11-12|ABT|Health Care Equipment - Health Care|14|118.13|116.44
2024-11-12|EXPD|Air Freight & Logistics - Industrials|4|123.7|118.75
2024-11-12|ZBH|Health Care Equipment - Health Care|1|102.28|109.94
2024-11-12|LUV|Passenger Airlines - Industrials|2|30.44|32.03
2024-11-12|XEL|Multi-Utilities - Utilities|1|63.68|68.61
2024-11-12|WY|Timber REITs - Real Estate|1|31.65|30.68
2024-11-12|ZBH|Health Care Equipment - Health Care|1|102.35|109.94
2024-11-12|WY|Timber REITs - Real Estate|1|31.8|30.68
2024-11-12|ZTS|Pharmaceuticals - Health Care|6|178.78|173.96
2024-11-12|ZBRA|Electronic Equipment & Instruments - Information Technology|2|381.97|402.69
2024-11-12|XEL|Multi-Utilities - Utilities|1|66.81|68.61
2024-11-12|LVS|Casinos & Gaming - Consumer Discretionary|3|51.37|49.26
2024-11-12|WBD|Broadcasting - Communication Services|3|8.17|9.22
2024-11-12|ZTS|Pharmaceuticals - Health Care|4|170.37|173.96
2024-11-12|ZBRA|Electronic Equipment & Instruments - Information Technology|3|394.02|402.69
2024-11-12|ZBH|Health Care Equipment - Health Care|3|110.17|109.94
2024-11-12|XEL|Multi-Utilities - Utilities|1|66.49|68.61
2024-11-12|WY|Timber REITs - Real Estate|1|31.42|30.68
2024-11-12|WBD|Broadcasting - Communication Services|1|8.38|9.22
2024-11-12|PTC|Application Software - Information Technology|1|190.05|192.92
2024-11-12|WY|Timber REITs - Real Estate|1|31.74|30.68
2024-11-12|WBD|Broadcasting - Communication Services|2|9.37|9.22
2024-11-12|ZTS|Pharmaceuticals - Health Care|3|176.15|173.96
2024-11-12|WBD|Broadcasting - Communication Services|1|9.33|9.22
2024-11-12|WY|Timber REITs - Real Estate|1|30.68|30.68
2024-11-13|PG|Personal Care Products - Consumer Staples|12|157.51|166.58
2024-11-13|WY|Timber REITs - Real Estate|1|29.87|30.89
2024-11-13|WY|Timber REITs - Real Estate|1|31.1|30.89
2024-11-13|WY|Timber REITs - Real Estate|1|30.02|30.89
2024-11-13|VICI|Hotel & Resort REITs - Real Estate|2|32.09|31.31
2024-11-13|XEL|Multi-Utilities - Utilities|1|62.52|68.65
2024-11-13|EXC|Electric Utilities - Utilities|2|38.42|38.14
2024-11-13|WY|Timber REITs - Real Estate|1|30.17|30.89
2024-11-13|EQIX|Data Center REITs - Real Estate|2|831.8|901.15
2024-11-13|ZBH|Health Care Equipment - Health Care|1|104.83|109.97
2024-11-13|WY|Timber REITs - Real Estate|1|30.27|30.89
2024-11-13|ABT|Health Care Equipment - Health Care|14|118.13|115.74
2024-11-13|EXPD|Air Freight & Logistics - Industrials|4|123.7|119.5
2024-11-13|ZBH|Health Care Equipment - Health Care|1|102.28|109.97
2024-11-13|LUV|Passenger Airlines - Industrials|2|30.44|32.38
2024-11-13|XEL|Multi-Utilities - Utilities|1|63.68|68.65
2024-11-13|WY|Timber REITs - Real Estate|1|31.65|30.89
2024-11-13|ZBH|Health Care Equipment - Health Care|1|102.35|109.97
2024-11-13|WY|Timber REITs - Real Estate|1|31.8|30.89
2024-11-13|ZTS|Pharmaceuticals - Health Care|6|178.78|177.04
2024-11-13|ZBRA|Electronic Equipment & Instruments - Information Technology|2|381.97|400.23
2024-11-13|XEL|Multi-Utilities - Utilities|1|66.81|68.65
2024-11-13|LVS|Casinos & Gaming - Consumer Discretionary|3|51.37|49.53
2024-11-13|ZTS|Pharmaceuticals - Health Care|4|170.37|177.04
2024-11-13|ZBRA|Electronic Equipment & Instruments - Information Technology|3|394.02|400.23
2024-11-13|ZBH|Health Care Equipment - Health Care|3|110.17|109.97
2024-11-13|XEL|Multi-Utilities - Utilities|1|66.49|68.65
2024-11-13|WY|Timber REITs - Real Estate|1|31.42|30.89
2024-11-13|PTC|Application Software - Information Technology|1|190.05|193.46
2024-11-13|WY|Timber REITs - Real Estate|1|31.74|30.89
2024-11-13|WBD|Broadcasting - Communication Services|2|9.37|9.72
2024-11-13|ZTS|Pharmaceuticals - Health Care|3|176.15|177.04
2024-11-13|WBD|Broadcasting - Communication Services|1|9.33|9.72
2024-11-13|WY|Timber REITs - Real Estate|1|30.68|30.89
2024-11-13|WY|Timber REITs - Real Estate|1|30.89|30.89
2024-11-13|WBD|Broadcasting - Communication Services|1|9.72|9.72
2024-11-14|PG|Personal Care Products - Consumer Staples|12|157.51|167.08
2024-11-14|WY|Timber REITs - Real Estate|1|29.87|30.86
2024-11-14|WY|Timber REITs - Real Estate|1|31.1|30.86
2024-11-14|WY|Timber REITs - Real Estate|1|30.02|30.86
2024-11-14|VICI|Hotel & Resort REITs - Real Estate|2|32.09|31.3
2024-11-14|XEL|Multi-Utilities - Utilities|1|62.52|68.91
2024-11-14|EXC|Electric Utilities - Utilities|2|38.42|38.12
2024-11-14|WY|Timber REITs - Real Estate|1|30.17|30.86
2024-11-14|EQIX|Data Center REITs - Real Estate|2|831.8|898.12
2024-11-14|ZBH|Health Care Equipment - Health Care|1|104.83|108.85
2024-11-14|WY|Timber REITs - Real Estate|1|30.27|30.86
2024-11-14|ABT|Health Care Equipment - Health Care|14|118.13|115.03
2024-11-14|EXPD|Air Freight & Logistics - Industrials|4|123.7|120.96
2024-11-14|ZBH|Health Care Equipment - Health Care|1|102.28|108.85
2024-11-14|LUV|Passenger Airlines - Industrials|2|30.44|32.42
2024-11-14|XEL|Multi-Utilities - Utilities|1|63.68|68.91
2024-11-14|WY|Timber REITs - Real Estate|1|31.65|30.86
2024-11-14|ZBH|Health Care Equipment - Health Care|1|102.35|108.85
2024-11-14|WY|Timber REITs - Real Estate|1|31.8|30.86
2024-11-14|ZTS|Pharmaceuticals - Health Care|6|178.78|174.63
2024-11-14|ZBRA|Electronic Equipment & Instruments - Information Technology|2|381.97|394.66
2024-11-14|XEL|Multi-Utilities - Utilities|1|66.81|68.91
2024-11-14|ZTS|Pharmaceuticals - Health Care|4|170.37|174.63
2024-11-14|ZBRA|Electronic Equipment & Instruments - Information Technology|3|394.02|394.66
2024-11-14|ZBH|Health Care Equipment - Health Care|3|110.17|108.85
2024-11-14|XEL|Multi-Utilities - Utilities|1|66.49|68.91
2024-11-14|WY|Timber REITs - Real Estate|1|31.42|30.86
2024-11-14|PTC|Application Software - Information Technology|1|190.05|191.11
2024-11-14|WY|Timber REITs - Real Estate|1|31.74|30.86
2024-11-14|WBD|Broadcasting - Communication Services|2|9.37|9.86
2024-11-14|ZTS|Pharmaceuticals - Health Care|3|176.15|174.63
2024-11-14|WBD|Broadcasting - Communication Services|1|9.33|9.86
2024-11-14|WY|Timber REITs - Real Estate|1|30.68|30.86
2024-11-14|WY|Timber REITs - Real Estate|1|30.89|30.86
2024-11-14|WBD|Broadcasting - Communication Services|1|9.72|9.86
2024-11-14|EQT|Oil & Gas Exploration & Production - Energy|3|42.86|42.86
2024-11-14|WBD|Broadcasting - Communication Services|2|9.86|9.86
2024-11-15|PG|Personal Care Products - Consumer Staples|12|157.51|169.54
2024-11-15|WY|Timber REITs - Real Estate|1|29.87|30.93
2024-11-15|WY|Timber REITs - Real Estate|1|31.1|30.93
2024-11-15|WY|Timber REITs - Real Estate|1|30.02|30.93
2024-11-15|VICI|Hotel & Resort REITs - Real Estate|2|32.09|31.67
2024-11-15|XEL|Multi-Utilities - Utilities|1|62.52|69.46
2024-11-15|EXC|Electric Utilities - Utilities|2|38.42|39.11
2024-11-15|WY|Timber REITs - Real Estate|1|30.17|30.93
2024-11-15|EQIX|Data Center REITs - Real Estate|2|831.8|897.37
2024-11-15|ZBH|Health Care Equipment - Health Care|1|104.83|112.54
2024-11-15|WY|Timber REITs - Real Estate|1|30.27|30.93
2024-11-15|ABT|Health Care Equipment - Health Care|14|118.13|115.9
2024-11-15|EXPD|Air Freight & Logistics - Industrials|4|123.7|120.16
2024-11-15|ZBH|Health Care Equipment - Health Care|1|102.28|112.54
2024-11-15|LUV|Passenger Airlines - Industrials|2|30.44|32.6
2024-11-15|XEL|Multi-Utilities - Utilities|1|63.68|69.46
2024-11-15|WY|Timber REITs - Real Estate|1|31.65|30.93
2024-11-15|ZBH|Health Care Equipment - Health Care|1|102.35|112.54
2024-11-15|WY|Timber REITs - Real Estate|1|31.8|30.93
2024-11-15|ZTS|Pharmaceuticals - Health Care|6|178.78|175.14
2024-11-15|ZBRA|Electronic Equipment & Instruments - Information Technology|2|381.97|385.91
2024-11-15|XEL|Multi-Utilities - Utilities|1|66.81|69.46
2024-11-15|ZTS|Pharmaceuticals - Health Care|4|170.37|175.14
2024-11-15|ZBRA|Electronic Equipment & Instruments - Information Technology|3|394.02|385.91
2024-11-15|ZBH|Health Care Equipment - Health Care|3|110.17|112.54
2024-11-15|XEL|Multi-Utilities - Utilities|1|66.49|69.46
2024-11-15|WY|Timber REITs - Real Estate|1|31.42|30.93
2024-11-15|PTC|Application Software - Information Technology|1|190.05|190.01
2024-11-15|WY|Timber REITs - Real Estate|1|31.74|30.93
2024-11-15|WBD|Broadcasting - Communication Services|2|9.37|9.22
2024-11-15|ZTS|Pharmaceuticals - Health Care|3|176.15|175.14
2024-11-15|WBD|Broadcasting - Communication Services|1|9.33|9.22
2024-11-15|WY|Timber REITs - Real Estate|1|30.68|30.93
2024-11-15|WY|Timber REITs - Real Estate|1|30.89|30.93
2024-11-15|EQT|Oil & Gas Exploration & Production - Energy|3|42.86|42.71
2024-11-15|WBD|Broadcasting - Communication Services|3|9.22|9.22
2024-11-25|PG|Personal Care Products - Consumer Staples|12|157.51|177.39
2024-11-25|WY|Timber REITs - Real Estate|1|29.87|32.23
2024-11-25|WY|Timber REITs - Real Estate|1|31.1|32.23
2024-11-25|WY|Timber REITs - Real Estate|1|30.02|32.23
2024-11-25|VICI|Hotel & Resort REITs - Real Estate|2|32.09|32.53
2024-11-25|XEL|Multi-Utilities - Utilities|1|62.52|71.6
2024-11-25|EXC|Electric Utilities - Utilities|2|38.42|39.13
2024-11-25|WY|Timber REITs - Real Estate|1|30.17|32.23
2024-11-25|ZBH|Health Care Equipment - Health Care|1|104.83|110.96
2024-11-25|WY|Timber REITs - Real Estate|1|30.27|32.23
2024-11-25|ABT|Health Care Equipment - Health Care|14|118.13|118.13
2024-11-25|EXPD|Air Freight & Logistics - Industrials|4|123.7|122.39
2024-11-25|ZBH|Health Care Equipment - Health Care|1|102.28|110.96
2024-11-25|LUV|Passenger Airlines - Industrials|2|30.44|32.43
2024-11-25|XEL|Multi-Utilities - Utilities|1|63.68|71.6
2024-11-25|WY|Timber REITs - Real Estate|1|31.65|32.23
2024-11-25|ZBH|Health Care Equipment - Health Care|1|102.35|110.96
2024-11-25|WY|Timber REITs - Real Estate|1|31.8|32.23
2024-11-25|ZTS|Pharmaceuticals - Health Care|6|178.78|178.71
2024-11-25|ZBRA|Electronic Equipment & Instruments - Information Technology|2|381.97|400.94
2024-11-25|XEL|Multi-Utilities - Utilities|1|66.81|71.6
2024-11-25|ZTS|Pharmaceuticals - Health Care|4|170.37|178.71
2024-11-25|ZBRA|Electronic Equipment & Instruments - Information Technology|3|394.02|400.94
2024-11-25|ZBH|Health Care Equipment - Health Care|3|110.17|110.96
2024-11-25|XEL|Multi-Utilities - Utilities|1|66.49|71.6
2024-11-25|WY|Timber REITs - Real Estate|1|31.42|32.23
2024-11-25|PTC|Application Software - Information Technology|1|190.05|200.59
2024-11-25|WY|Timber REITs - Real Estate|1|31.74|32.23
2024-11-25|WBD|Broadcasting - Communication Services|2|9.37|10.4
2024-11-25|ZTS|Pharmaceuticals - Health Care|3|176.15|178.71
2024-11-25|WBD|Broadcasting - Communication Services|1|9.33|10.4
2024-11-25|WY|Timber REITs - Real Estate|1|30.68|32.23
2024-11-25|WY|Timber REITs - Real Estate|1|30.89|32.23
2024-11-25|EQT|Oil & Gas Exploration & Production - Energy|3|42.86|45.99
2024-11-25|WBD|Broadcasting - Communication Services|3|9.22|10.4
2024-11-25|ROK|Electrical Components & Equipment - Industrials|6|298.7|298.7
2024-11-25|MNST|Soft Drinks & Non-alcoholic Beverages - Consumer Staples|2|54.98|54.98
2024-11-25|WY|Timber REITs - Real Estate|1|32.23|32.23
2024-11-25|WBD|Broadcasting - Communication Services|1|10.4|10.4
2024-11-27|PG|Personal Care Products - Consumer Staples|12|157.51|179.36
2024-11-27|WY|Timber REITs - Real Estate|1|29.87|32.35
2024-11-27|WY|Timber REITs - Real Estate|1|31.1|32.35
2024-11-27|WY|Timber REITs - Real Estate|1|30.02|32.35
2024-11-27|VICI|Hotel & Resort REITs - Real Estate|2|32.09|32.6
2024-11-27|EXC|Electric Utilities - Utilities|2|38.42|39.51
2024-11-27|WY|Timber REITs - Real Estate|1|30.17|32.35
2024-11-27|ZBH|Health Care Equipment - Health Care|1|104.83|112.02
2024-11-27|WY|Timber REITs - Real Estate|1|30.27|32.35
2024-11-27|ABT|Health Care Equipment - Health Care|14|118.13|118.95
2024-11-27|EXPD|Air Freight & Logistics - Industrials|4|123.7|121.25
2024-11-27|ZBH|Health Care Equipment - Health Care|1|102.28|112.02
2024-11-27|LUV|Passenger Airlines - Industrials|2|30.44|32.36
2024-11-27|XEL|Multi-Utilities - Utilities|1|63.68|72.92
2024-11-27|WY|Timber REITs - Real Estate|1|31.65|32.35
2024-11-27|ZBH|Health Care Equipment - Health Care|1|102.35|112.02
2024-11-27|WY|Timber REITs - Real Estate|1|31.8|32.35
2024-11-27|ZTS|Pharmaceuticals - Health Care|6|178.78|176.74
2024-11-27|ZBRA|Electronic Equipment & Instruments - Information Technology|2|381.97|405.75
2024-11-27|XEL|Multi-Utilities - Utilities|1|66.81|72.92
2024-11-27|ZTS|Pharmaceuticals - Health Care|4|170.37|176.74
2024-11-27|ZBRA|Electronic Equipment & Instruments - Information Technology|3|394.02|405.75
2024-11-27|ZBH|Health Care Equipment - Health Care|3|110.17|112.02
2024-11-27|XEL|Multi-Utilities - Utilities|1|66.49|72.92
2024-11-27|WY|Timber REITs - Real Estate|1|31.42|32.35
2024-11-27|PTC|Application Software - Information Technology|1|190.05|199.01
2024-11-27|WY|Timber REITs - Real Estate|1|31.74|32.35
2024-11-27|WBD|Broadcasting - Communication Services|2|9.37|10.38
2024-11-27|ZTS|Pharmaceuticals - Health Care|3|176.15|176.74
2024-11-27|WBD|Broadcasting - Communication Services|1|9.33|10.38
2024-11-27|WY|Timber REITs - Real Estate|1|30.68|32.35
2024-11-27|WY|Timber REITs - Real Estate|1|30.89|32.35
2024-11-27|EQT|Oil & Gas Exploration & Production - Energy|3|42.86|45.28
2024-11-27|WBD|Broadcasting - Communication Services|3|9.22|10.38
2024-11-27|ROK|Electrical Components & Equipment - Industrials|6|298.7|294.95
2024-11-27|MNST|Soft Drinks & Non-alcoholic Beverages - Consumer Staples|2|54.98|55.14
2024-11-27|WY|Timber REITs - Real Estate|1|32.23|32.35
2024-11-27|WBD|Broadcasting - Communication Services|1|10.4|10.38
2024-11-27|XEL|Multi-Utilities - Utilities|1|72.92|72.92
2024-12-04|PG|Personal Care Products - Consumer Staples|12|157.51|175.11
2024-12-04|WY|Timber REITs - Real Estate|1|29.87|31.24
2024-12-04|WY|Timber REITs - Real Estate|1|31.1|31.24
2024-12-04|WY|Timber REITs - Real Estate|1|30.02|31.24
2024-12-04|VICI|Hotel & Resort REITs - Real Estate|2|32.09|31.77
2024-12-04|EXC|Electric Utilities - Utilities|2|38.42|37.85
2024-12-04|WY|Timber REITs - Real Estate|1|30.17|31.24
2024-12-04|ZBH|Health Care Equipment - Health Care|1|104.83|110.62
2024-12-04|WY|Timber REITs - Real Estate|1|30.27|31.24
2024-12-04|ABT|Health Care Equipment - Health Care|14|118.13|115.97
2024-12-04|EXPD|Air Freight & Logistics - Industrials|4|123.7|121.2
2024-12-04|ZBH|Health Care Equipment - Health Care|1|102.28|110.62
2024-12-04|LUV|Passenger Airlines - Industrials|2|30.44|34.15
2024-12-04|XEL|Multi-Utilities - Utilities|1|63.68|70.72
2024-12-04|WY|Timber REITs - Real Estate|1|31.65|31.24
2024-12-04|ZBH|Health Care Equipment - Health Care|1|102.35|110.62
2024-12-04|WY|Timber REITs - Real Estate|1|31.8|31.24
2024-12-04|ZTS|Pharmaceuticals - Health Care|6|178.78|175.32
2024-12-04|ZBRA|Electronic Equipment & Instruments - Information Technology|2|381.97|411.94
2024-12-04|XEL|Multi-Utilities - Utilities|1|66.81|70.72
2024-12-04|ZTS|Pharmaceuticals - Health Care|4|170.37|175.32
2024-12-04|ZBRA|Electronic Equipment & Instruments - Information Technology|3|394.02|411.94
2024-12-04|ZBH|Health Care Equipment - Health Care|3|110.17|110.62
2024-12-04|XEL|Multi-Utilities - Utilities|1|66.49|70.72
2024-12-04|WY|Timber REITs - Real Estate|1|31.42|31.24
2024-12-04|PTC|Application Software - Information Technology|1|190.05|201.19
2024-12-04|WY|Timber REITs - Real Estate|1|31.74|31.24
2024-12-04|WBD|Broadcasting - Communication Services|2|9.37|10.65
2024-12-04|ZTS|Pharmaceuticals - Health Care|3|176.15|175.32
2024-12-04|WBD|Broadcasting - Communication Services|1|9.33|10.65
2024-12-04|WY|Timber REITs - Real Estate|1|30.68|31.24
2024-12-04|WY|Timber REITs - Real Estate|1|30.89|31.24
2024-12-04|EQT|Oil & Gas Exploration & Production - Energy|3|42.86|44.69
2024-12-04|ROK|Electrical Components & Equipment - Industrials|6|298.7|293.83
2024-12-04|MNST|Soft Drinks & Non-alcoholic Beverages - Consumer Staples|2|54.98|53.75
2024-12-04|WY|Timber REITs - Real Estate|1|32.23|31.24
2024-12-04|WBD|Broadcasting - Communication Services|1|10.4|10.65
2024-12-04|XEL|Multi-Utilities - Utilities|1|72.92|70.72
2024-12-04|WY|Timber REITs - Real Estate|1|31.24|31.24
2024-12-09|PG|Personal Care Products - Consumer Staples|12|157.51|170.79
2024-12-09|WY|Timber REITs - Real Estate|1|29.87|31.74
2024-12-09|WY|Timber REITs - Real Estate|1|31.1|31.74
2024-12-09|WY|Timber REITs - Real Estate|1|30.02|31.74
2024-12-09|VICI|Hotel & Resort REITs - Real Estate|2|32.09|31.76
2024-12-09|EXC|Electric Utilities - Utilities|2|38.42|37.44
2024-12-09|WY|Timber REITs - Real Estate|1|30.17|31.74
2024-12-09|ZBH|Health Care Equipment - Health Care|1|104.83|109.47
2024-12-09|WY|Timber REITs - Real Estate|1|30.27|31.74
2024-12-09|ABT|Health Care Equipment - Health Care|14|118.13|114.9
2024-12-09|EXPD|Air Freight & Logistics - Industrials|4|123.7|120.64
2024-12-09|ZBH|Health Care Equipment - Health Care|1|102.28|109.47
2024-12-09|LUV|Passenger Airlines - Industrials|2|30.44|33.9
2024-12-09|XEL|Multi-Utilities - Utilities|1|63.68|69.11
2024-12-09|WY|Timber REITs - Real Estate|1|31.65|31.74
2024-12-09|ZBH|Health Care Equipment - Health Care|1|102.35|109.47
2024-12-09|WY|Timber REITs - Real Estate|1|31.8|31.74
2024-12-09|ZTS|Pharmaceuticals - Health Care|6|178.78|178.15
2024-12-09|ZBRA|Electronic Equipment & Instruments - Information Technology|2|381.97|411.23
2024-12-09|XEL|Multi-Utilities - Utilities|1|66.81|69.11
2024-12-09|ZTS|Pharmaceuticals - Health Care|4|170.37|178.15
2024-12-09|ZBRA|Electronic Equipment & Instruments - Information Technology|3|394.02|411.23
2024-12-09|ZBH|Health Care Equipment - Health Care|3|110.17|109.47
2024-12-09|XEL|Multi-Utilities - Utilities|1|66.49|69.11
2024-12-09|WY|Timber REITs - Real Estate|1|31.42|31.74
2024-12-09|PTC|Application Software - Information Technology|1|190.05|199.59
2024-12-09|WY|Timber REITs - Real Estate|1|31.74|31.74
2024-12-09|WBD|Broadcasting - Communication Services|2|9.37|10.56
2024-12-09|ZTS|Pharmaceuticals - Health Care|3|176.15|178.15
2024-12-09|WBD|Broadcasting - Communication Services|1|9.33|10.56
2024-12-09|WY|Timber REITs - Real Estate|1|30.68|31.74
2024-12-09|WY|Timber REITs - Real Estate|1|30.89|31.74
2024-12-09|EQT|Oil & Gas Exploration & Production - Energy|3|42.86|43.27
2024-12-09|ROK|Electrical Components & Equipment - Industrials|6|298.7|298.72
2024-12-09|MNST|Soft Drinks & Non-alcoholic Beverages - Consumer Staples|2|54.98|53.21
2024-12-09|WY|Timber REITs - Real Estate|1|32.23|31.74
2024-12-09|WBD|Broadcasting - Communication Services|1|10.4|10.56
2024-12-09|WY|Timber REITs - Real Estate|1|31.24|31.74
2024-12-09|XEL|Multi-Utilities - Utilities|1|69.11|69.11
2024-12-10|PG|Personal Care Products - Consumer Staples|12|157.51|172.28
2024-12-10|WY|Timber REITs - Real Estate|1|29.87|30.92
2024-12-10|WY|Timber REITs - Real Estate|1|31.1|30.92
2024-12-10|WY|Timber REITs - Real Estate|1|30.02|30.92
2024-12-10|VICI|Hotel & Resort REITs - Real Estate|2|32.09|31.44
2024-12-10|EXC|Electric Utilities - Utilities|2|38.42|37.32
2024-12-10|WY|Timber REITs - Real Estate|1|30.17|30.92
2024-12-10|ZBH|Health Care Equipment - Health Care|1|104.83|108.4
2024-12-10|WY|Timber REITs - Real Estate|1|30.27|30.92
2024-12-10|ABT|Health Care Equipment - Health Care|14|118.13|115.5
2024-12-10|EXPD|Air Freight & Logistics - Industrials|4|123.7|121.1
2024-12-10|ZBH|Health Care Equipment - Health Care|1|102.28|108.4
2024-12-10|LUV|Passenger Airlines - Industrials|2|30.44|33.44
2024-12-10|XEL|Multi-Utilities - Utilities|1|63.68|69.15
2024-12-10|WY|Timber REITs - Real Estate|1|31.65|30.92
2024-12-10|ZBH|Health Care Equipment - Health Care|1|102.35|108.4
2024-12-10|WY|Timber REITs - Real Estate|1|31.8|30.92
2024-12-10|ZTS|Pharmaceuticals - Health Care|6|178.78|176.71
2024-12-10|ZBRA|Electronic Equipment & Instruments - Information Technology|2|381.97|401.78
2024-12-10|XEL|Multi-Utilities - Utilities|1|66.81|69.15
2024-12-10|ZTS|Pharmaceuticals - Health Care|4|170.37|176.71
2024-12-10|ZBRA|Electronic Equipment & Instruments - Information Technology|3|394.02|401.78
2024-12-10|ZBH|Health Care Equipment - Health Care|3|110.17|108.4
2024-12-10|XEL|Multi-Utilities - Utilities|1|66.49|69.15
2024-12-10|WY|Timber REITs - Real Estate|1|31.42|30.92
2024-12-10|PTC|Application Software - Information Technology|1|190.05|198.35
2024-12-10|WY|Timber REITs - Real Estate|1|31.74|30.92
2024-12-10|ZTS|Pharmaceuticals - Health Care|3|176.15|176.71
2024-12-10|WY|Timber REITs - Real Estate|1|30.68|30.92
2024-12-10|WY|Timber REITs - Real Estate|1|30.89|30.92
2024-12-10|EQT|Oil & Gas Exploration & Production - Energy|3|42.86|43.05
2024-12-10|ROK|Electrical Components & Equipment - Industrials|6|298.7|293.7
2024-12-10|MNST|Soft Drinks & Non-alcoholic Beverages - Consumer Staples|2|54.98|53.01
2024-12-10|WY|Timber REITs - Real Estate|1|32.23|30.92
2024-12-10|WBD|Broadcasting - Communication Services|1|10.4|10.89
2024-12-10|WY|Timber REITs - Real Estate|1|31.24|30.92
2024-12-10|XEL|Multi-Utilities - Utilities|1|69.11|69.15
2024-12-10|WY|Timber REITs - Real Estate|1|30.92|30.92
2024-12-11|PG|Personal Care Products - Consumer Staples|12|157.51|170.63
2024-12-11|WY|Timber REITs - Real Estate|1|29.87|30.89
2024-12-11|WY|Timber REITs - Real Estate|1|31.1|30.89
2024-12-11|WY|Timber REITs - Real Estate|1|30.02|30.89
2024-12-11|VICI|Hotel & Resort REITs - Real Estate|2|32.09|31.31
2024-12-11|EXC|Electric Utilities - Utilities|2|38.42|36.76
2024-12-11|WY|Timber REITs - Real Estate|1|30.17|30.89
2024-12-11|ZBH|Health Care Equipment - Health Care|1|104.83|106.91
2024-12-11|WY|Timber REITs - Real Estate|1|30.27|30.89
2024-12-11|ABT|Health Care Equipment - Health Care|14|118.13|114.14
2024-12-11|EXPD|Air Freight & Logistics - Industrials|4|123.7|120.4
2024-12-11|ZBH|Health Care Equipment - Health Care|1|102.28|106.91
2024-12-11|LUV|Passenger Airlines - Industrials|2|30.44|33.58
2024-12-11|XEL|Multi-Utilities - Utilities|1|63.68|68.36
2024-12-11|WY|Timber REITs - Real Estate|1|31.65|30.89
2024-12-11|ZBH|Health Care Equipment - Health Care|1|102.35|106.91
2024-12-11|WY|Timber REITs - Real Estate|1|31.8|30.89
2024-12-11|ZTS|Pharmaceuticals - Health Care|6|178.78|177.17
2024-12-11|ZBRA|Electronic Equipment & Instruments - Information Technology|2|381.97|404.17
2024-12-11|XEL|Multi-Utilities - Utilities|1|66.81|68.36
2024-12-11|ZTS|Pharmaceuticals - Health Care|4|170.37|177.17
2024-12-11|ZBRA|Electronic Equipment & Instruments - Information Technology|3|394.02|404.17
2024-12-11|ZBH|Health Care Equipment - Health Care|3|110.17|106.91
2024-12-11|XEL|Multi-Utilities - Utilities|1|66.49|68.36
2024-12-11|WY|Timber REITs - Real Estate|1|31.42|30.89
2024-12-11|PTC|Application Software - Information Technology|1|190.05|201.89
2024-12-11|WY|Timber REITs - Real Estate|1|31.74|30.89
2024-12-11|ZTS|Pharmaceuticals - Health Care|3|176.15|177.17
2024-12-11|WY|Timber REITs - Real Estate|1|30.68|30.89
2024-12-11|WY|Timber REITs - Real Estate|1|30.89|30.89
2024-12-11|EQT|Oil & Gas Exploration & Production - Energy|3|42.86|45.58
2024-12-11|ROK|Electrical Components & Equipment - Industrials|6|298.7|297.38
2024-12-11|WY|Timber REITs - Real Estate|1|32.23|30.89
2024-12-11|WBD|Broadcasting - Communication Services|1|10.4|10.82
2024-12-11|WY|Timber REITs - Real Estate|1|31.24|30.89
2024-12-11|XEL|Multi-Utilities - Utilities|1|69.11|68.36
2024-12-11|WY|Timber REITs - Real Estate|1|30.92|30.89
2024-12-11|ZBH|Health Care Equipment - Health Care|1|106.91|106.91
2024-12-12|PG|Personal Care Products - Consumer Staples|12|157.51|170.85
2024-12-12|WY|Timber REITs - Real Estate|1|29.87|30.4
2024-12-12|WY|Timber REITs - Real Estate|1|31.1|30.4
2024-12-12|WY|Timber REITs - Real Estate|1|30.02|30.4
2024-12-12|VICI|Hotel & Resort REITs - Real Estate|2|32.09|31.09
2024-12-12|EXC|Electric Utilities - Utilities|2|38.42|36.83
2024-12-12|WY|Timber REITs - Real Estate|1|30.17|30.4
2024-12-12|ZBH|Health Care Equipment - Health Care|1|104.83|106.84
2024-12-12|WY|Timber REITs - Real Estate|1|30.27|30.4
2024-12-12|ABT|Health Care Equipment - Health Care|14|118.13|113.86
2024-12-12|EXPD|Air Freight & Logistics - Industrials|4|123.7|119.75
2024-12-12|ZBH|Health Care Equipment - Health Care|1|102.28|106.84
2024-12-12|LUV|Passenger Airlines - Industrials|2|30.44|33.23
2024-12-12|XEL|Multi-Utilities - Utilities|1|63.68|68.49
2024-12-12|WY|Timber REITs - Real Estate|1|31.65|30.4
2024-12-12|ZBH|Health Care Equipment - Health Care|1|102.35|106.84
2024-12-12|WY|Timber REITs - Real Estate|1|31.8|30.4
2024-12-12|ZTS|Pharmaceuticals - Health Care|6|178.78|178.84
2024-12-12|ZBRA|Electronic Equipment & Instruments - Information Technology|2|381.97|407.64
2024-12-12|XEL|Multi-Utilities - Utilities|1|66.81|68.49
2024-12-12|ZTS|Pharmaceuticals - Health Care|4|170.37|178.84
2024-12-12|ZBRA|Electronic Equipment & Instruments - Information Technology|3|394.02|407.64
2024-12-12|ZBH|Health Care Equipment - Health Care|3|110.17|106.84
2024-12-12|XEL|Multi-Utilities - Utilities|1|66.49|68.49
2024-12-12|WY|Timber REITs - Real Estate|1|31.42|30.4
2024-12-12|PTC|Application Software - Information Technology|1|190.05|201.3
2024-12-12|WY|Timber REITs - Real Estate|1|31.74|30.4
2024-12-12|ZTS|Pharmaceuticals - Health Care|3|176.15|178.84
2024-12-12|WY|Timber REITs - Real Estate|1|30.68|30.4
2024-12-12|WY|Timber REITs - Real Estate|1|30.89|30.4
2024-12-12|EQT|Oil & Gas Exploration & Production - Energy|3|42.86|45.86
2024-12-12|ROK|Electrical Components & Equipment - Industrials|6|298.7|302.92
2024-12-12|WY|Timber REITs - Real Estate|1|31.24|30.4
2024-12-12|XEL|Multi-Utilities - Utilities|1|69.11|68.49
2024-12-12|WY|Timber REITs - Real Estate|1|30.92|30.4
2024-12-12|ZBH|Health Care Equipment - Health Care|1|106.91|106.84
2024-12-12|WY|Timber REITs - Real Estate|1|30.4|30.4
2024-12-12|WBD|Broadcasting - Communication Services|1|12.49|12.49
2024-12-13|PG|Personal Care Products - Consumer Staples|12|157.51|171.06
2024-12-13|WY|Timber REITs - Real Estate|1|29.87|30.06
2024-12-13|WY|Timber REITs - Real Estate|1|31.1|30.06
2024-12-13|WY|Timber REITs - Real Estate|1|30.02|30.06
2024-12-13|VICI|Hotel & Resort REITs - Real Estate|2|32.09|31.13
2024-12-13|EXC|Electric Utilities - Utilities|2|38.42|36.87
2024-12-13|WY|Timber REITs - Real Estate|1|30.17|30.06
2024-12-13|ZBH|Health Care Equipment - Health Care|1|104.83|106.74
2024-12-13|WY|Timber REITs - Real Estate|1|30.27|30.06
2024-12-13|ABT|Health Care Equipment - Health Care|14|118.13|113.38
2024-12-13|EXPD|Air Freight & Logistics - Industrials|4|123.7|118.51
2024-12-13|ZBH|Health Care Equipment - Health Care|1|102.28|106.74
2024-12-13|LUV|Passenger Airlines - Industrials|2|30.44|33.02
2024-12-13|XEL|Multi-Utilities - Utilities|1|63.68|68.12
2024-12-13|ZBH|Health Care Equipment - Health Care|1|102.35|106.74
2024-12-13|ZTS|Pharmaceuticals - Health Care|6|178.78|178.18
2024-12-13|ZBRA|Electronic Equipment & Instruments - Information Technology|2|381.97|403.59
2024-12-13|XEL|Multi-Utilities - Utilities|1|66.81|68.12
2024-12-13|ZTS|Pharmaceuticals - Health Care|4|170.37|178.18
2024-12-13|ZBRA|Electronic Equipment & Instruments - Information Technology|3|394.02|403.59
2024-12-13|ZBH|Health Care Equipment - Health Care|3|110.17|106.74
2024-12-13|XEL|Multi-Utilities - Utilities|1|66.49|68.12
2024-12-13|WY|Timber REITs - Real Estate|1|31.42|30.06
2024-12-13|PTC|Application Software - Information Technology|1|190.05|198.68
2024-12-13|ZTS|Pharmaceuticals - Health Care|3|176.15|178.18
2024-12-13|WY|Timber REITs - Real Estate|1|30.68|30.06
2024-12-13|WY|Timber REITs - Real Estate|1|30.89|30.06
2024-12-13|EQT|Oil & Gas Exploration & Production - Energy|3|42.86|45.59
2024-12-13|ROK|Electrical Components & Equipment - Industrials|6|298.7|297.2
2024-12-13|WY|Timber REITs - Real Estate|1|31.24|30.06
2024-12-13|XEL|Multi-Utilities - Utilities|1|69.11|68.12
2024-12-13|WY|Timber REITs - Real Estate|1|30.92|30.06
2024-12-13|ZBH|Health Care Equipment - Health Care|1|106.91|106.74
2024-12-13|WY|Timber REITs - Real Estate|1|30.4|30.06
2024-12-13|WBD|Broadcasting - Communication Services|1|12.49|12.07
2024-12-13|XEL|Multi-Utilities - Utilities|1|68.12|68.12
2024-12-13|WBD|Broadcasting - Communication Services|2|12.07|12.07
2024-12-16|PG|Personal Care Products - Consumer Staples|12|157.51|171.14
2024-12-16|WY|Timber REITs - Real Estate|1|29.87|29.65
2024-12-16|WY|Timber REITs - Real Estate|1|31.1|29.65
2024-12-16|WY|Timber REITs - Real Estate|1|30.02|29.65
2024-12-16|VICI|Hotel & Resort REITs - Real Estate|2|32.09|30.93
2024-12-16|WY|Timber REITs - Real Estate|1|30.17|29.65
2024-12-16|ZBH|Health Care Equipment - Health Care|1|104.83|106.85
2024-12-16|WY|Timber REITs - Real Estate|1|30.27|29.65
2024-12-16|ABT|Health Care Equipment - Health Care|14|118.13|112.62
2024-12-16|EXPD|Air Freight & Logistics - Industrials|4|123.7|117.78
2024-12-16|ZBH|Health Care Equipment - Health Care|1|102.28|106.85
2024-12-16|LUV|Passenger Airlines - Industrials|2|30.44|32.69
2024-12-16|XEL|Multi-Utilities - Utilities|1|63.68|67.66
2024-12-16|ZBH|Health Care Equipment - Health Care|1|102.35|106.85
2024-12-16|ZTS|Pharmaceuticals - Health Care|6|178.78|175.81
2024-12-16|ZBRA|Electronic Equipment & Instruments - Information Technology|2|381.97|406.9
2024-12-16|XEL|Multi-Utilities - Utilities|1|66.81|67.66
2024-12-16|ZTS|Pharmaceuticals - Health Care|4|170.37|175.81
2024-12-16|ZBRA|Electronic Equipment & Instruments - Information Technology|3|394.02|406.9
2024-12-16|ZBH|Health Care Equipment - Health Care|3|110.17|106.85
2024-12-16|XEL|Multi-Utilities - Utilities|1|66.49|67.66
2024-12-16|PTC|Application Software - Information Technology|1|190.05|200.07
2024-12-16|ZTS|Pharmaceuticals - Health Care|3|176.15|175.81
2024-12-16|WY|Timber REITs - Real Estate|1|30.68|29.65
2024-12-16|WY|Timber REITs - Real Estate|1|30.89|29.65
2024-12-16|EQT|Oil & Gas Exploration & Production - Energy|3|42.86|44.82
2024-12-16|ROK|Electrical Components & Equipment - Industrials|6|298.7|296.09
2024-12-16|XEL|Multi-Utilities - Utilities|1|69.11|67.66
2024-12-16|WY|Timber REITs - Real Estate|1|30.92|29.65
2024-12-16|ZBH|Health Care Equipment - Health Care|1|106.91|106.85
2024-12-16|WY|Timber REITs - Real Estate|1|30.4|29.65
2024-12-16|XEL|Multi-Utilities - Utilities|1|68.12|67.66
2024-12-16|WBD|Broadcasting - Communication Services|2|12.07|11.6
2024-12-16|YUM|Restaurants - Consumer Discretionary|1|135.05|135.05
2024-12-16|F|Automobile Manufacturers - Consumer Discretionary|1|9.99|9.99
2024-12-17|PG|Personal Care Products - Consumer Staples|12|157.51|170.33
2024-12-17|WY|Timber REITs - Real Estate|1|29.87|29.38
2024-12-17|WY|Timber REITs - Real Estate|1|30.02|29.38
2024-12-17|WY|Timber REITs - Real Estate|1|30.17|29.38
2024-12-17|ZBH|Health Care Equipment - Health Care|1|104.83|108.06
2024-12-17|WY|Timber REITs - Real Estate|1|30.27|29.38
2024-12-17|ABT|Health Care Equipment - Health Care|14|118.13|113.29
2024-12-17|ZBH|Health Care Equipment - Health Care|1|102.28|108.06
2024-12-17|LUV|Passenger Airlines - Industrials|2|30.44|32.81
2024-12-17|XEL|Multi-Utilities - Utilities|1|63.68|68.08
2024-12-17|ZBH|Health Care Equipment - Health Care|1|102.35|108.06
2024-12-17|ZTS|Pharmaceuticals - Health Care|6|178.78|170.79
2024-12-17|ZBRA|Electronic Equipment & Instruments - Information Technology|2|381.97|395.0
2024-12-17|XEL|Multi-Utilities - Utilities|1|66.81|68.08
2024-12-17|ZTS|Pharmaceuticals - Health Care|4|170.37|170.79
2024-12-17|ZBRA|Electronic Equipment & Instruments - Information Technology|3|394.02|395.0
2024-12-17|ZBH|Health Care Equipment - Health Care|3|110.17|108.06
2024-12-17|XEL|Multi-Utilities - Utilities|1|66.49|68.08
2024-12-17|PTC|Application Software - Information Technology|1|190.05|196.9
2024-12-17|ZTS|Pharmaceuticals - Health Care|3|176.15|170.79
2024-12-17|WY|Timber REITs - Real Estate|1|30.68|29.38
2024-12-17|WY|Timber REITs - Real Estate|1|30.89|29.38
2024-12-17|EQT|Oil & Gas Exploration & Production - Energy|3|42.86|44.2
2024-12-17|ROK|Electrical Components & Equipment - Industrials|6|298.7|293.49
2024-12-17|XEL|Multi-Utilities - Utilities|1|69.11|68.08
2024-12-17|WY|Timber REITs - Real Estate|1|30.92|29.38
2024-12-17|ZBH|Health Care Equipment - Health Care|1|106.91|108.06
2024-12-17|WY|Timber REITs - Real Estate|1|30.4|29.38
2024-12-17|XEL|Multi-Utilities - Utilities|1|68.12|68.08
2024-12-17|YUM|Restaurants - Consumer Discretionary|1|135.05|134.73
2024-12-17|F|Automobile Manufacturers - Consumer Discretionary|1|9.99|9.97
2024-12-17|GPN|Transaction & Payment Processing Services - Financials|5|114.7|114.7
2024-12-18|PG|Personal Care Products - Consumer Staples|12|157.51|169.08
2024-12-18|ZBH|Health Care Equipment - Health Care|1|104.83|105.86
2024-12-18|ZBH|Health Care Equipment - Health Care|1|102.28|105.86
2024-12-18|LUV|Passenger Airlines - Industrials|2|30.44|32.47
2024-12-18|XEL|Multi-Utilities - Utilities|1|63.68|66.4
2024-12-18|ZBH|Health Care Equipment - Health Care|1|102.35|105.86
2024-12-18|ZBRA|Electronic Equipment & Instruments - Information Technology|2|381.97|383.47
2024-12-18|XEL|Multi-Utilities - Utilities|1|66.81|66.4
2024-12-18|ZTS|Pharmaceuticals - Health Care|4|170.37|167.01
2024-12-18|ZBRA|Electronic Equipment & Instruments - Information Technology|3|394.02|383.47
2024-12-18|ZBH|Health Care Equipment - Health Care|3|110.17|105.86
2024-12-18|XEL|Multi-Utilities - Utilities|1|66.49|66.4
2024-12-18|PTC|Application Software - Information Technology|1|190.05|188.83
2024-12-18|EQT|Oil & Gas Exploration & Production - Energy|3|42.86|42.54
2024-12-18|ROK|Electrical Components & Equipment - Industrials|6|298.7|287.69
2024-12-18|XEL|Multi-Utilities - Utilities|1|69.11|66.4
2024-12-18|ZBH|Health Care Equipment - Health Care|1|106.91|105.86
2024-12-18|XEL|Multi-Utilities - Utilities|1|68.12|66.4
2024-12-18|YUM|Restaurants - Consumer Discretionary|1|135.05|131.46
2024-12-18|F|Automobile Manufacturers - Consumer Discretionary|1|9.99|9.69
2024-12-18|GPN|Transaction & Payment Processing Services - Financials|5|114.7|110.97
2024-12-18|ZTS|Pharmaceuticals - Health Care|10|167.01|167.01
2024-12-18|ZBRA|Electronic Equipment & Instruments - Information Technology|1|383.47|383.47
2024-12-18|ZBH|Health Care Equipment - Health Care|11|105.86|105.86
2024-12-18|XEL|Multi-Utilities - Utilities|1|66.4|66.4
2024-12-18|WBD|Broadcasting - Communication Services|1|10.63|10.63
